:10000000C00A002095FC010099FC010099FC010048
:10001000AB1C020099FC010099FC010099FC010055
:1000200099FC010099FC010099FC010099FC010078
:1000300099FC010099FC0100F5ED010099FC01001B
:1000400099FC010099FC010099FC010099FC010058
:1000500099FC010099FC01001109020099FC0100C2
:1000600099FC010099FC010099FC010099FC010038
:100070000D81000099FC010099FC010099FC010030
:1000800099FC010099FC010099FC010099FC010018
:1000900099FC01003D6C000099FC010099FC0100F5
:1000A00099FC0100511E0000311E000099FC010066
:1000B00099FC010059CD010099FC010031D60100E5
:1000C0001BC6020017C60200A1CD010031C6020006
:1000D0001FC6020001D6010023C6020019E4010078
:1000E00055B4010011B6010071D6010099FC010060
:1000F00099FC010099FC010099FC010099FC0100A8
:1001000099FC010099FC010099FC010099FC010097
:1001100099FC010099FC010099FC010099FC010087
:1001200099FC010099FC010099FC010099FC010077
:1001300099FC010099FC0100C59800008B28020081
:1001400082B0BFF34F8FBFF36F8F30BF074BD3F831
:10015000F030DB0704D500230193019B052B01DD63
:1001600002B07047019B0133F6E700BF00ED00E0ED
:10017000F0B5114A114C124E00F00105E3695F071A
:1001800013D40DB9334213D103EA00078F4207D1CC
:100190000B4A1A40002A14BF6FF001000020F0BD86
:1001A000013AEBD16FF00200F9E74FF0FF30F6E7CC
:1001B0006FF00100F3E700BF809698000000035045
:1001C000020001000B4B70B5D96911F480310DD1DB
:1001D00001244FF48072084E084DF46020462C64D0
:1001E0001A61FFF7C5FF3464EC6070BD6FF0010069
:1001F000FBE700BF00000350001003500020035035
:100200004FF4003238B50F4B0F4C9A6641F67133FC
:100210000122E569E3630D4B0021DA60022360618E
:100220002120236105F48035FFF7A2FF10B92120BA
:10023000FFF79EFF0122064BDA600DB10023E36356
:1002400038BD00BF00900050000003500010035064
:100250000020035070B5134C6061E3695B071ED446
:100260000E4656F8043B8D18A361AE420BD1042311
:10027000002121202361FFF77BFF58B9BDE87040C2
:100280002120FFF775BF08210846FFF771FF10B165
:100290000423236170BD56F8043BA361E5E74FF0EA
:1002A000FF30F7E7000003502DE9F84316464FF4FE
:1002B0000032184B89469A6603F51C33DA69074603
:1002C00002F4803841F67132DA63012203F580537B
:1002D000114DDA6066B930460122104BDA60B8F190
:1002E000000F03D00022A3F50053DA63BDE8F883C2
:1002F00007F500542C40E41BB44228BF344649465D
:1003000022463846FFF7A6FF0028E5D12744A1443E
:10031000361BDFE70090005000E0FFFF0020035095
:100320002DE9F04F93B0CDE90A32DDE91C630E935D
:1003300053EC102BCDE90801104619468DED060B44
:100340001E9D0AF00FF880B1DDE906014FF0FF3283
:10035000C74B0AF02FF840B9DDE906014FF0FF3234
:100360006FF480130AF008F870B1DDE908019DED23
:10037000060B0E9B1E95CDE91C63DDE90A3213B016
:10038000BDE8F04F00F08CB90022DDE90601002342
:1003900009F0F2FF002800F03781DDE906A303F140
:1003A000004BCBF30A5015F48063A0F2FF3008BF76
:1003B00006260F9309F004FD9DA3D3E9002309F05D
:1003C00069FD9DA3D3E9002309F0AEFBCBF3130431
:1003D000894644F07F5180460022A64B504641F4A6
:1003E000401109F09FFB96A3D3E9002309F052FDC9
:1003F00002460B464046494609F096FB09F0E4FFE9
:10040000044609F0DDFC90A3D3E900238046894629
:1004100009F040FD0022984B09F086FB09F0D4FF5B
:100420008BA3D3E9002307464946404609F032FD35
:1004300080463846894609F0C3FC87A3D3E90023E8
:1004400009F028FD02460B464046494609F06AFB82
:1004500002460B46CDE90C2309F01CFDDDE90C2317
:10046000804689461046194609F05EFB0022CDE918
:100470001001824B4046494609F036FE0022804B6F
:1004800009F052FB02460B464046494609F02CFE55
:1004900000227C4B09F048FB02460B464046494689
:1004A00009F022FEDDE90C238046894600204FF04A
:1004B000804109F037FB02460B464046494609F0A9
:1004C00033FB02460B46DDE9100109F00DFE07F291
:1004D000FF3700226C4B09F027FB00223B0509F097
:1004E000D9FC52465B468046894609F063FF0028E6
:1004F00040F08D80CDE90C8904F16303C62B8CBFDD
:100500000527042729051FD555A3D3E90023504605
:10051000594609F045FF002800F0838052A3D3E933
:1005200000235046594609F027FF002879D0A642FB
:10053000D8BF00244FF00007C4BF341B04F1FF34C0
:1005400026463C4645F480650E9B9F422CBF4FF0EB
:100550000008A3EB070815F0020903D0002F18BF0D
:100560004FF000083CB1DDE90C235046594609F034
:10057000BBFD82468B46DDE906010022002309F01F
:10058000FBFE10B10BF100439B46DDE9080125F4A9
:100590000063CDE90183DDE90A324BEC10AB009634
:1005A00000F07EF802465FB3DDE9091315F0200F75
:1005B000089E00F101050CBF65204520B047DDE92C
:1005C00008010523002205930A23002CCDE90232FD
:1005D00007F1FF374FEAD473B8BF64422A4601934C
:1005E00004970A9B009421F0A2FC0246B9F1000F87
:1005F00006D00B9BC41A0B9B1A190E9BA34245D81D
:10060000104613B0BDE8F08FDDE906ABC9E6002265
:10061000404649461A4B09F067FD013CCDE90C0103
:100620006AE7002E90D00F9B002B8DD0013E8BE708
:10063000FB799F501344D33FB3C8608B288AC63FD1
:1006400061436F63A787D23F71A379094F930A4033
:100650001655B5BBB16B0240EF39FAFE422EE63FAC
:100660002D431CEBE2361A3F0000000080842E412F
:10067000FFFFEF7F0000F83F0000E03F00002C404C
:1006800000002440000018400000F03F2020DDE979
:100690000913089DA8470134ADE700BF0000000022
:1006A0002DE9F04F5BEC10AB97B0CDE90501DDE92A
:1006B0002048CDE90723504652465B465946229FC3
:1006C00009F050FE70B90323CDE902870193A44BD2
:1006D0000093DDE90501DDE9072321F05AFB17B09E
:1006E000BDE8F08F4FF0FF326FF48013504659464B
:1006F00009F042FE28B10423CDE902870193994B0A
:10070000E6E74FF0FF3250465946974B09F052FE4C
:1007100050B178074CBF04220322CDE902874CBFB9
:10072000924B934B0192D3E7504689A3D3E9002320
:10073000594609F03FFE38B987A3D3E90023504654
:10074000594609F019FE68B1DDE90723DDE9050125
:100750004BEC10ABCDE92187209417B0BDE8F04FEA
:10076000FFF7DEBD002200235046594609F004FE83
:10077000B8B15B4652460020002109F0D3F90123AD
:1007800082468B46099317F4806F08BF06243021F8
:1007900023460EAAA4F12009092B04D89946E41A8D
:1007A00007E00990EFE7013B4B4502F8011BF3D14D
:1007B00020245946504609F007FE6E4B054603EBD0
:1007C000C90393ED007B8DED0A7B09F0F9FA02462F
:1007D0000B465046594609F0A5F9DDE90A2309F010
:1007E00059FB02460B46CDE90C2309F015FE0646DF
:1007F00009F0D6FA02460B46DDE90C0109F092F940
:1008000002460B46CDE90C2300225B4B09F0D2FDDA
:10081000B8B10136304609F0C3FA02460B46DDE9AD
:100820000A0109F0B3FD08B100260135B9F1000F46
:1008300014D00A210EAB1A19202C40D13022A14429
:1008400050E00022DDE90C014B4B09F095FD00283A
:10085000ECD10EB1F107E9D50136E7E7284609F0FA
:10086000AFFA02460B465046594609F05BF90022A2
:10087000414B09F081FD10B9013525F001050A2130
:100880000EAB1A19202C0AD095FBF1F001FB105584
:10089000303502F8015B013405460028F2D107F03B
:1008A0000302012A38D1B8F1000F35D0099A12B9E4
:1008B00017F00C0F01D008F1FF38302223E0B6FB0F
:1008C000F1F001FB1063092E03F1300309F1FF3948
:1008D00004F1010402F8013BB0D90646ACE70EA9C9
:1008E0000A551C46202CCAD04C4504F10103F6D110
:1008F00004F158020DEB02042E2204F8202C1C46B1
:10090000BDE71A550134A04506D9202CF9D1CDE90F
:10091000028701940EABDBE6202CF8D0099B3BB19B
:100920002D2204F158036B4403F8202C0134EEE728
:100930007A0704D504F158032B226B44F4E73B07F4
:10094000E5D504F1580320226B44EDE7AFF30080B6
:100950000000000065CDCD410000000065CDCDC197
:100960005FEA020063EA0200FFFFEF7F56EA02003F
:100970005BEA0200F8F002000000E03F0348044B8D
:10098000834202D0034B03B118477047183100204F
:100990001831002000000000064B0749C91A8910D1
:1009A00048BF0131491003D0044B0BB1014818472F
:1009B000704700BF183100201831002000000000EF
:1009C00010B5064C237843B9FFF7D8FF044B13B199
:1009D0000448AFF300800123237010BDF62A0020E5
:1009E00000000000F038030008B5054B1BB10549B5
:1009F0000548AFF30080BDE80840FFF7CDBF00BF5A
:100A000000000000B80D0020F0380300A3F5803A84
:100A1000704700BF174B002B08BF134B9D46FFF7D5
:100A2000F5FF00218B460F461348144A121A21F095
:100A3000A5FF0E4B002B00D098470D4B002B00D08C
:100A400098470020002104000D000D48002802D026
:100A50000C48AFF300800AF02DF92000290021F0A6
:100A600016FF09F0B9FE00BF0000080000000000FA
:100A700000000000C00A0020C00A0020802C0020D6
:100A8000000000000000000037B504460CF04AFAF0
:100A900000283BD11E4B20766361A36843F480138A
:100AA000A36021F068F9A368A0801B030CD4B0F503
:100AB000FA7F09D92DF051FA0121054608462CF09C
:100AC00025FC28462DF044FA20460CF053FA054642
:100AD000C8B910480EF090FF23F03AFB24F04DFF08
:100AE00023F0B4F82A460121042023F006FB01A8D4
:100AF0008DF804500CF0F4FB042003210EF09CFC54
:100B000020461EF06DF9284603B030BD0025FAE7F7
:100B100005040300F030002008B50449044816F02D
:100B200041FCBDE8084016F06DBC00BF74E6020051
:100B30002CE702004FF08052014B5A60704700BF13
:100B400000ED00E0F8B50E460546D0B1C9B10E4B38
:100B50000E4F1968386802F037F9044678B9062351
:100B600032460B49386802F0F7F9044638B90123D8
:100B70002A460849386802F0EFF900B12C70204687
:100B8000F8BD2124FBE700BF742E0020942E002026
:100B90002C0004003C00040030B50368544A23F4E0
:100BA0007F4323F007039342044685B065D002F1EA
:100BB0000172934267D04F4A934262D101220225CB
:100BC00000211E200DF10D038DF80D50ADF80E2003
:100BD00011F08AFD044618B3474D4849286820F0B3
:100BE00028FC4749286820F024FC1EF0C2FF1EF0B4
:100BF000C1FF444B444A009344499E23286820F097
:100C000018FC43492346434A286820F012FC20463A
:100C100000F056FD4049286820F00BFC00BEFDE7BF
:100C20002A4601460DF10E03232011F05DFD054615
:100C300038B3314C3149206820F0FBFB3049206843
:100C400020F0F7FB1EF095FF1EF094FF2D4B2E4A6F
:100C500000932E49A423206820F0EBFB2C492B465F
:100C60002C4A206820F0E5FB284600F029FD2A499F
:100C7000206820F0DEFB00BEFDE78179808808F067
:100C80000BFC05B030BDB0F805301B2BF9D1C37992
:100C9000012B05D101890079C9B208F03DFCF0E7CC
:100CA000022B03D100791EF0C6F8EAE7124D134972
:100CB000286820F0BEFB1249286820F0BAFB1EF01D
:100CC00058FF1EF057FF154B0F4A00930F4985231D
:100CD000286820F0AEFB124A1249286820F0A9FBD0
:100CE000E2791149286820F0A4FB00BEFDE700BFAF
:100CF000A0000601A0000100840E0020E1EA02002D
:100D0000B8E702007CEE0200BDE7020060E80200E6
:100D10006FE802006CE8020084E8020094EE020032
:100D200095E802009BE80200B3E8020008B502F073
:100D3000ABFC28B9012002F0FBFC30B102F0D4FC7E
:100D400000231020044A137008BD044B044A1A60A3
:100D5000044B18600123F5E7F72A0020602E0020DD
:100D6000E0B1FFFFD00D0020124B70B51B78064696
:100D70000D46114C93B102F0F1FC4FF47A734343EA
:100D800023602B600D4A0E48116801F57A73834287
:100D900088BF002331600020136070BD44F62062DC
:100DA00023680B6003F57A739342C8BF054B236039
:100DB000E8E700BFF72A0020602E0020D00D0020B9
:100DC000A0860100E0B1FFFF08B503482DF0E8F967
:100DD000BDE8084021F006BD34F0020001482DF0C6
:100DE000DFB900BF34F0020010B50A46044619B15D
:100DF000024B00211B68984710BD00BFA8EE0200FF
:100E00000E4B0340B3F1607F06D1B1F5885F0CBF94
:100E100000206FF086007047B3F1707F0BD101F4B2
:100E2000E043B3F5005F06D111F4E06F14BF00207A
:100E30006FF0860070476FF0860070470000C07F3B
:100E40008A42F8B506460D4600F0CD806A4B22F482
:100E5000FF7121F00101994210D0684922F0FF038F
:100E60008B420BD022F47F7020F00300A1F570615B
:100E7000884203D001F5A0618B4227D15E4B25F457
:100E8000FF7121F00101994210D05C4925F0FF0368
:100E90008B420BD025F47F7020F00300A1F5706128
:100EA000884203D001F5A0618B420FD115F0FF00FD
:100EB0000BD0534B40F00070984240F0968082EA8D
:100EC0000500FF288CBF00200120F8BD05F0FE437F
:100ED000B3F1A06F11D102F0FE43B3F1A06F72D154
:100EE00082EA050333F47E136DD128046BD5C5F374
:100EF0000540C2F305429042E4E7B3F1407F62D17E
:100F000002F0FE43B3F1407F5DD182EA050030F488
:100F10007E1458D131462846FFF772FF002864D16D
:100F2000384912F47C1701EA020116D0B1F1607F52
:100F3000C2F3054336D1D1B241F0007101F17E41D7
:100F40000339102901D83048445C15F47C1F2FD197
:100F50009C4214BF00200120B7E7B1F1607F0AD1A5
:100F6000D3B243F0007303F17E43033B102B40D810
:100F70002649CB5CDFE7B1F1707F17D106F4E0437F
:100F8000B3F5005F33D10123C6F302218B4006F491
:100F9000E041B1F5005FD8D10120C6F3022600FA86
:100FA00006F4D2E7B1F1707FCFD1F0E73B46CCE752
:100FB0001FB9C5F30541A14215D0290403D5C5F3D6
:100FC000054098427EE725F47F03B3F1106F0CD102
:100FD00002F0FE43B3F1106F07D10D48104040F00E
:100FE0001060A842B5E701206FE700206DE73B469F
:100FF000CDE73B469FE700BF000200060013000656
:10100000FF0000020000C07FACEE0200ACEE020068
:101010000000FFF637B50D4D0C466B78022B12D150
:101020002B78072B0FD100230A460193014601AB11
:10103000281D1FF0FCFD20B9019BA34218BF6FF0D3
:10104000930003B030BD6FF08800FAE7D40D0020A4
:1010500038B500F0FE43B3F1407F04460D4602D0A0
:101060006FF0860038BDFFF7CBFE0028F8D114F4EE
:101070007C1F18D0C4F30543032B137022D9224AD6
:101080002240B2F1607F31D1E4B244F0007404F147
:101090007E44033C102CE3D81C4A125D9342DFD8F7
:1010A000142BDFD90EE0184B2340B3F1607F0FD132
:1010B000E3B243F0007303F17E43033B102B04D9EA
:1010C000002313706FF08500CCE71149CB5CD3E7A8
:1010D000B3F1707FF4D101F4E043B3F5005FEFD1D9
:1010E0000123C1F302218B40DBB2C5E7B2F1707F6F
:1010F000B6D105F4E042B2F5005FB1D10122C5F3EB
:101100000225AA40CAE700BF0000C07FACEE020083
:10111000ACEE02002DE9F843884617461C4600F065
:1011200003FA0546002844D1D8F80060B6F80090CC
:1011300009F4E043B3F5804FB36808BF27F0010717
:1011400037EA03032DD1A4B3244B24F4FF7222F019
:1011500001029A4210D0224A24F0FF0393420BD09E
:1011600024F47F7121F00301A2F57062914203D053
:1011700002F5A06293421FD114F0FF0304D0194A74
:1011800043F0007393421ED022464846F168FFF7B1
:1011900057FE074668B9224648463169FFF750FEB8
:1011A000D0B96FF0840500233046C8F800301EF037
:1011B0000BFC2846BDE8F88304F0FE43B3F1407F02
:1011C00004D12304E0D56FF08605ECE7B3F1A06FFE
:1011D000F7D0044B9C42D6E73D46EAE70002000602
:1011E00000130006FF0000022DE9F04F00249B468B
:1011F00001F0FE438FB0B3F1806F0F46DDE9186850
:101200009246DDF86890099472D10B464FF48072D3
:1012100009A9FFF77FFF054600286DD1099B1B88B0
:1012200003F4E042B2F5005F1CD113F4E06F19D073
:10123000364927F480728A420AD001F500718F4244
:1012400006D033498F4203D0A1F53F418A4209D1EC
:101250000124C3F302239C40102C0ED900266FF00A
:1012600083052EE042F20402934202D1294B9F42B1
:101270000DD0294B9F420CD10D24A0453ED32146D1
:101280000AA8FFF7C7FE054620B1002619E00C2486
:10129000F3E700240998D0E908123EB335194368F2
:1012A000A8EB040E5FEA132C23D10AABCDE903B5FA
:1012B0000093CDE905E93B46CDE9014A04F08EF9FA
:1012C000054609981EF080FB0746DDB9D8B924B160
:1012D000224630460AA921F078FBD9F800301C4498
:1012E0003846C9F800400FB0BDE8F08F3546D6E764
:1012F00026466FF08605E4E72646E2E700266FF013
:101300008905DEE72F460024EAE700BF0010C0048D
:1013100000FF4004000180040013C004002307B54F
:101320001A46009102491EF0BAF903B05DF804FBB9
:10133000C0EE020010B5114C2378580744BF03F0EB
:10134000FB032370990705D500F094F8237823F068
:101350000203237063781BB10023094A6360536062
:101360000023082106486370FFF73EFD2378DA0763
:1013700044BF23F00103237010BD00BFD40D002033
:10138000D80D002038B5184C62782378022A01D194
:10139000072B19D0DD0707D41FF047FC237805463B
:1013A00043F001032370E0B9980707D400F05AF81E
:1013B0002378054643F00203237090B962780AB996
:1013C000D90704D45A0708D50025284638BD07494F
:1013D00062604A6002226270F4E743F00403237003
:1013E000F2E7FFF7A7FFF0E7D40D0020D80D0020AB
:1013F00000F14043032B70B505460E460CD8282259
:10140000174C02FB0344237E022B02D16369834203
:101410001ED06FF08B0021E001211EF0AFFA70B1F9
:101420000F4B00221C46197E022902D15969A9429C
:101430000BD00132042A03F12803F4D1E9E76FF05D
:1014400087000BE06FF0960008E0282303FB0244BE
:1014500020461EF086FA0028F4D1346070BD00BF2B
:10146000E00D00200122024B002083F8A0207047ED
:10147000E00D00202DE9F0410A4C002526464FF0F2
:10148000010803272046C4F81C80277601351DF08B
:10149000D2FD042D04F12804F4D1002386F8A030F5
:1014A000BDE8F081E00D0020F8B51E4D064695F828
:1014B000A0300F4683B300242B462246197ED1B1BB
:1014C0003CB9022905D1D96919B91979002918BF80
:1014D0001C460132042A03F12803EFD114B96FF03E
:1014E0008C0006E020461EF03CFA20461DF0A3FDCD
:1014F00010B100240EE01C46237E83B9012323761D
:101500003EB1651BED1003F1CC335D4305F1804521
:10151000356000203C60F8BD6FF08800E9E76FF0AF
:101520009600E6E7E00D0020F7B50026294B0E6097
:1015300093F8A03007460D46002B48D0FFF758FF20
:1015400010F18C0F044627D129463046FFF7ACFF37
:10155000044608BB01232E68CDE9000069463046E9
:101560007761736001AA1EF0B2FA044628B9DDE97A
:10157000001230461DF0C4FC0446DDE900011EF0F7
:10158000A4FA28685CB11DF056FD14F18C0F08BF59
:101590006FF0870400232B60204603B0F0BD836802
:1015A000D90444BF43F4806383609A0444BF43F486
:1015B00000638360037E012B04BF022303761EF0C9
:1015C000D0F904460028E7D06FF09604E2E76FF008
:1015D0008804E1E7E00D002030B40D4D2C681C605C
:1015E0006C685C6000249C605468DC6014881C8219
:1015F00054885C8294685C61D4689C61126930BCD8
:10160000DA6119620A46014603F1240021F0DDB9CE
:10161000C4EE02002DE9F843232904460F46914603
:101620009846089E04D86FF098052846BDE8F883D0
:101630000822194921F079F905460028F3D1A36859
:10164000002BF0D1216A243F8F42C8F80010EAD362
:10165000B1F5005FE7D271B9C9F80000E3687360C3
:10166000238A3380638A73806369B360A369F360FC
:10167000E3693361D9E7012020F04EFAC9F8000090
:1016800030B1D8F8002004F1240121F09EF9E5E7FB
:101690006FF08C05C9E700BFC4EE020008B505F085
:1016A00073FB014B186008BD840E0020024B0349F8
:1016B00018681FF0BEBE00BF840E002000E90200C3
:1016C00070B50C4C0C49064620681FF0B2FE05F0C0
:1016D0005BFB0546206805F04BFB3046FFF7E6FF55
:1016E000284605F045FB20680449BDE870401FF01E
:1016F000A0BE00BF840E002002E9020004E902003F
:1017000038B505462CF032FC00230B4A14685CB156
:10171000AC4206D1A96A6BB199622CF022FC01207F
:1017200007E02346A46AF2E7002DF3D02CF019FC61
:10173000204638BD1160F0E7880E002010B5044641
:10174000B0B12CF09DF92046FFF7DAFF10B194F804
:101750002C300BB9002010BD064C2368002BF9D0AB
:101760002CF004FC2368013B23602CF0FAFBF1E72A
:101770002220F0E78C0E00202DE9F04385B00446CE
:10178000914698460E469DF8307009B9002F5CD1FD
:101790002046FFF7D3FF0546002858D184F82C00D7
:1017A000606306F071FC864233D92CF0F3F92946C8
:1017B000844640F2E7304FF47A720023E6FB0C01D6
:1017C00008F04AFE4FF0FF32002308F045FE2346A2
:1017D000E08611462046CDE900551E4A2CF093FEC6
:1017E000054690B9C4E9089884F82D7026632CF05A
:1017F000BDFB194A136833B31A469B6A002BFBD111
:1018000094620023A3622CF0ACFB284605B0BDE82F
:10181000F08347B1234631462046CDE900550D4AB5
:101820002CF03CFADCE7304603A92CF0B9F9054668
:101830000028EAD123462046CDE90077054A0399DE
:101840002CF039FECCE71460DBE72125DDE722250B
:10185000DBE700BF5D180000880E002091F82C30F7
:1018600013B50C4683B98B8ECA8E93420ED243B900
:10187000CDE9003320460B46124A4FF0FF312CF0E1
:10188000FCFDA38E0133A38602B010BD52B191F8C6
:101890002D3093B101230093D1E908232046096B31
:1018A000FFF76AFF012384F82C30074B1A680132D6
:1018B0001EBF1A6801321A60E6E708462CF0E0F80D
:1018C000F0E700BF5D1800008C0E00202DE9F0410C
:1018D000154E336833B34FF00008144F2CF046FB1D
:1018E00005463C6824B92846BDE8F0412CF039BBD8
:1018F00094F82C30A3B1336884F82C8013B133688A
:10190000013B336094F82D3013B92046FFF7F8FE01
:1019100028462CF026FBD4E9083120469847DDE71D
:10192000A46ADFE7BDE8F0818C0E0020880E00205D
:10193000034B1B68002B14BF04200120704700BF1D
:101940008C0E0020024B1868B0FA80F040097047F6
:101950008C0E002007B508201EF014FA0222064B58
:101960006846CDE900231EF006F9082003B05DF8B3
:1019700004EB1EF012BA00BF006A1810BFF34F8FBD
:101980000549064BCA6802F4E0621343CB60BFF31B
:101990004F8F00BFFDE700BF00ED00E00400FA0537
:1019A00070B5D0B1C9B10E4E431E013913F8014FC5
:1019B0002046325D02F00302012A11F8012F08BF10
:1019C00004F12000B55C05F00305012D08BF2032AD
:1019D000801A01D1002CE9D170BD0120FCE700BFC5
:1019E0005EF602000348044A0449121A92101EF0DF
:1019F00054B900BF4001000020030000802C0020EB
:101A000008B5154B83F30A8800F030F8FFF7EAFFBA
:101A1000124B13498B4212D30020124B12498B42B6
:101A200018D3FEF7F7FF186850F82240586840F8BE
:101A30002240013298688242F5D30C33EAE7002253
:101A4000F8E71C6844F8220001325C68A242F8D32F
:101A50000833E4E70022F8E700000020F83803002C
:101A60000439030004390300043903004FF4004132
:101A7000134B144A70B59A60D3F88820124D42F483
:101A80007002C3F88820114A05F5005491664FF0A2
:101A9000FF3222664FF6DF7262660222C3F8D02060
:101AA000BFF34F8FBFF36F8F4FF44036032005F025
:101AB00051F90320E66005F031F92E6170BD00BFD9
:101AC00000ED00E0000000000080004400900050A5
:101AD000014B1860704700BF682E0020054B18604E
:101AE000054B1B6F03F00703032B01D12BF0CEB87E
:101AF000704700BF702E00200080005030B5056890
:101B000087B0AB8804461848ADF80C302CF048FB81
:101B10000022012103A81EF04CF90DF10B0103A8CE
:101B20001EF07FF99DF80B3083F001032B70AB7929
:101B3000022B15D14FF0FF330022CDE9043304A965
:101B40000A4B009403A800F03BF9049B0094013376
:101B50000CBF04220122054B05A903A800F0CAF816
:101B6000002007B030BD00BF34F00200C9FC010006
:101B7000002307B5294801932CF012FB4FF4407362
:101B8000012204216846ADF800301EF012F901224E
:101B9000234B0520C3F8442401A92CF0FCFA0028AB
:101BA00039D1204BD3F8F02042F00102C3F8F020E5
:101BB000D3F8FC2042F08072C3F8FC201A4AA3F547
:101BC0005D431A60019B194A03F5D52303F2FC43D8
:101BD000B3FBF2F3164A013B13610223C2F8F03063
:101BE0004FF48073C2F804334FF06043114AC3F8D6
:101BF000B02F114AC3F8802ED3F8002E42F4807221
:101C0000C3F8002EFF2283F82020D3F8002E22F400
:101C10008072C3F8002E03B05DF804FB34F00200BC
:101C200000D0035000ED00E0FF030040F8590D0024
:101C3000000004E055CEACC5090001004FF0604340
:101C4000D3F8802E30B5D20715D501240B4D844032
:101C5000D5F8FC2042F08072C5F8FC20D3F8002EA5
:101C60002243C3F8002E53F82020002AF0D003F8B6
:101C70002010002030BD1120FCE700BF00ED00E087
:101C800070B5044601260C4D04B970BD94FAA4F059
:101C9000B0FA80F006FA00F224EA0204C200AA5860
:101CA0000F2805EBC001C8BF1038002AECD04968E6
:101CB000C0B29047E8E700BF900E002008B50C487E
:101CC0002CF06EFA192005F037F828B1192005F02C
:101CD00041F8192005F022F81A2005F02DF828B156
:101CE0001A2005F037F81A2005F018F8002008BD72
:101CF00034F002002DE9F0410D4690461F4604469F
:101D0000002836D0002934D02CF030F9237806464C
:101D1000FF2B05D042462046296803F027F82860AB
:101D20002868421C0BD12378FF2B1CD1124B607802
:101D3000D3F824141EF08BFE431C286013D00F49E7
:101D4000069B41F8307001EBC0014B602378FF2BFC
:101D500004D001230A4A8340C2F8243430462CF0D0
:101D600000F9002003E030462CF0FBF82D20BDE800
:101D7000F0812220FBE700BF00C00350900E00203E
:101D800000D003500F2838B5054613D82CF0EEF8D4
:101D900001230024084AAB40C2F82034C2F824349E
:101DA000064B43F8354003EBC5035C602CF0D9F8D3
:101DB000204638BD2120FCE700E00350900E0020B3
:101DC0002DE9F0410D4690461F46044650B349B3F5
:101DD0002CF0CCF823780646FF2B05D0424620464F
:101DE000296803F049F828602A68531C14D00E496A
:101DF000069B103241F8327001EBC2014B60237830
:101E0000FF2B04D001239340084AC2F82434304603
:101E10002CF0A7F8002003E030462CF0A2F82D208B
:101E2000BDE8F0812220FBE7900E002000D0035097
:101E300008B502F03BFF054B00F0553020F0502074
:101E4000C3F82004BDE80840FFF71ABF00E00350C4
:101E500008B502F02BFF054B00F0AA3020F0A020BF
:101E6000C3F82004BDE80840FFF70ABF00E00350B4
:101E70002DE9F04F144606460F4689B00393C36B15
:101E800001225B6904A960689847F36B01225B69D2
:101E900005A93846984704A81EF036FC054650B1FF
:101EA0000023A37563754FF0FF33A3600025284618
:101EB00009B0BDE8F08F05A81EF033FC0123A3751F
:101EC000237E04EBC303DF611D846368BB420ED134
:101ED000206005A81EF046FC4FF0FF332075A3607C
:101EE000237D043B022B26D80023A375DEE723685D
:101EF0001A1A53425341A37505A81EF033FC237DE3
:101F0000834218BFA57505A81EF00FFC804604A8E3
:101F10001EF00BFC804518BF002305A818BFA37551
:101F20001EF00AFC804604A81EF006FC80451CBF7B
:101F30000023A375D4E705A81EF0F7FB80B1F36B6F
:101F4000022238465B6906A9984706A81EF0FBFBEB
:101F50000346207D032839D8DFE800F0383804092B
:101F600005A8F3E7CC22237E04EBC3031A8401F017
:101F7000ADFA129B187005A894F818801EF0C9FBE2
:101F800004EBC80888F82200237E05A804EBC303ED
:101F9000B3F820A093F822801EF0C7FB814605A865
:101FA0001EF0CAFB8346B9F1000F14D0F36B022276
:101FB00038465B6906A9984706A81EF08AFB60753B
:101FC00068B90023A3754FF000093CE0227E04EBC2
:101FD000C2021384CBE705A81EF066FBEFE794F876
:101FE0001690B9F1000FEED0BAF1000F0DD1B8F193
:101FF000000F1DD00123E375637E002B3FD1B8F1A4
:10200000010F30D184F8198014E0736C07EB0B01D9
:102010005A4287EA010010421CBF0022A2755A1ED4
:102020000A409B1A9A45CCD8A37D002BDFD1CAE782
:10203000E37D43B94FF0000953465A4639463046CE
:102040001EF0A9F8A060A37D13B122695244226159
:102050001F49227E097891421AD901322276039AC9
:10206000CAB91D4623E796F834307BB9F36A0133C9
:10207000E2D1B8F1030FDFD10123A376DAE7B8F19B
:10208000010FE0D0B8F1030FD4D1F5E79946D3E7BB
:102090000023A3750BE7002B3FF409AFE57D002D6E
:1020A000DFD0B9F1000F11D1B8F1030F3FF4FFAE4B
:1020B000A1684B1C3FF4FBAE129B224600933046B6
:1020C0000123FFF7D5FE0546A075F0E64D46EEE686
:1020D000ECEE02002DE9F04F0E46984600238BB03F
:1020E00004464FF0FF31104617468DF8133001F0CB
:1020F000D7F9B6F5801F20D2314605AA04F10800B1
:102100001EF050FA451C014603D1237CBBB92D209B
:1021100010E0384601F0C4F90122394620460DF19D
:1021200013031EF08AF80028EFD09DF8133088F8CA
:10213000003000200BB0BDE8F08FB01CE5D1E56A9F
:10214000691C36D12046616A1DF06BFF0546B31C41
:1021500018BF0123DFF8CC900193636A626C02938D
:10216000236805A902FB053AE36B05225B6950462B
:10217000984705A81EF062FB1EF085FB50461EF036
:102180008DFB4FF0000B824601464B1C05D0636C63
:1021900081EA0A025B42134211D0294620461DF013
:1021A00040FF029BAB422CD0BBF1000F2CD1054667
:1021B000D3E72368ED1A636CB5FBF3F5C7E7484630
:1021C00001F06EF90DF1130349462046019A1EF005
:1021D00034F8034690B1B21C03D0D9F80020B242C3
:1021E0000CD19DF8132003930D4B88F8002049462D
:1021F0001A68384620F0E9FB039B9B46D9F8081083
:10220000C3E7BBF1000F82D0B6F5801F91D23146F3
:1022100098F800307A6804F1080001F06FF888E758
:10222000E8EE0200041600202DE9F34104461746AB
:1022300098460E46184D816AE36A8B4201D04B1CCA
:1022400002D102B0BDE8F081284601F029F901224F
:10225000294620460DF107031DF0EFFF38B1434634
:10226000294620469DF80720B8470028E9D0A968EC
:102270004A1C04D1696820461DF060FF0146012E0A
:10228000DAD16B6881EA0302636C5B421A4218BFC1
:102290004FF0FF31D0E700BFD81500202DE9F047FF
:1022A0004FF0FF334FF6FF720025044600F1080798
:1022B0008AB0C0E90923C3620562056338468846CF
:1022C0001EF041F920461DF02CFE60BB2046414621
:1022D0001DF0F7FE20461DF024FE60BB5E200AB014
:1022E000BDE8F0872368E26B606C566900FB05303F
:1022F000052205A9B04705A81EF0A0FA0128064648
:102300000CD1294620461DF0ADFE012E024600D11B
:102310000132294620461DF023FE03E01EF0B8FAE4
:102320000028EED10135E3699D42DBD320461DF044
:10233000F8FD0028CAD020461DF023FE4FF6FF729C
:10234000636A934200F0A680E26B666C206869467F
:1023500006FB030055690522A84768461EF045FAAA
:10236000626A2368606C4C4D00FB02301EF096FAE6
:102370004FF0FF33A062E3622A466FF0010120466E
:1023800005ABFFF7A7FE002846D1AD6829462046D9
:10239000E5621DF0A2FD206320B92046E16A1DF030
:1023A000CDFEE062294620461DF0C8FE0546A36A20
:1023B0009D4233D120461DF04EFD00268046B14699
:1023C000E36999453CD3B04559D92046616A1DF06F
:1023D00028FE0027054604F1400AB74212D3626C7A
:1023E0002368694602FB0539E36B05225B694846B1
:1023F000984768461EF0F9F9534602464946E06B95
:102400001EF04EFA294620461DF00BFE0137B84556
:102410000546E2D1642062E7A56AB7E7294620466F
:102420001DF05BFD236B29460344064623632046CB
:102430001DF084FE0546002EB9D1C4E90B06B6E7AF
:10244000636C2568052203FB0955E36B05A95B69ED
:102450002846984705A81EF0F1F91EF014FA58B165
:1024600028461EF01BFA014620461DF036FD636C1F
:10247000143B984208BF013609F10109A0E738462C
:102480001EF061F8002320461946044AFFF7CCFEEF
:10249000002024E7672022E73016002029020200EE
:1024A0002DE9F041036B9046826B90B09A4288BF51
:1024B0008363426C436A07680E4602FB0377C36B73
:1024C00001A905225B6904463846984701A81EF019
:1024D000B5F901280146307057D0656CE26B23686E
:1024E000606AD2F814C005FB0030052206A9E04757
:1024F00006A81EF0A3F901284FF0000523D0D4E967
:102500000A3201219342CDE90B458DF834800E95B6
:102510008DF83C102AD1194620461DF00FFE236B82
:10252000626C14339B1AE06223630C9B53B99DF8D1
:102530003C303BB1626A616C2368E06B01FB0231A5
:102540001EF034F90C9DE36B05225B6901A9384646
:10255000984701A81EF072F930702846236BA26BD1
:102560009A4288BFA36310B0BDE8F081237C33B9E1
:102570001C490BAA04F1080000F00EFFD5E7204625
:10258000194A0BABFFF750FECFE7237C23BB224653
:10259000164904F1080000F0FFFE616A20461DF0B4
:1025A00061FD616A421C20461DF0DAFC054620B937
:1025B000236B626C1344143B23632046A16A1DF015
:1025C000BDFD2368A062C01A636CB0FBF3F06062CB
:1025D00020461DF0F6FDB6E700232046044AFFF72B
:1025E00023FEDAE7152D0000912C0000C302020043
:1025F0005F02020073B50D46D11E4A421C461B7E87
:102600004A419A4226D129682368994222D36368B5
:1026100099421FD8114E0DF107033246FFF75AFDBC
:10262000C0B972686B689A4214D19DF80730DA1EFF
:1026300053425341227E93420CD16369013363615B
:10264000D4E90323934205D22968A26842F82310F3
:1026500001332361012002B070BD00BF301600209D
:102660002DE9F04F9A468BB09DF85030DFF850B10D
:102670000293DBF81030804653450D461646C0F0F5
:102680009880D146DBF804300193B9F1000F00F0D7
:102690008C80D8F83C3001225B6907A901989847E3
:1026A00007A81EF03EF8DBF80030984240F0848026
:1026B00007A81EF041F80428074614D107A81EF009
:1026C00042F8019B029A04463B44002A3ED18642CE
:1026D00012D91446361A404601991DF02FFDA9EB78
:1026E00004090190D1E7D8F83C3002225B690198D7
:1026F00008A9984708A8E2E7841B544528BF544618
:10270000032C03EB0607AAEB040A1DD9D8F83C30CA
:10271000294638465B69A208984724F0030304F071
:1027200003061F441D44002ED5D0D8F83C300122AA
:102730005B6908A9384698473246284608A93544B7
:1027400020F043F90026C6E72646ECE7074600F0EE
:102750000302039203442A1804920593049BDD1B91
:10276000059BD81B039B9F420FD1002FB3D0D8F8F5
:102770003C30012208A95B6998473A46284608A9D7
:1027800020F0D3F878B93D44A5E7D8F83C300122D1
:1027900008A95B6998470422284608A920F0C5F8D3
:1027A00008B9043FDAE74FF0360948460BB0BDE8F8
:1027B000F08F4FF06309F8E74FF06F09F5E700BFBE
:1027C0005C1600202DE9F0410F4616469846044657
:1027D00088B060B390F83450FDB101211DF096FB34
:1027E00000210E9BCDE90511CDE902379DF83C3063
:1027F000CDF804808DF81C30237C04968BB90D49EC
:1028000001AA04F1080000F0C7FDDDE90553E06B03
:10281000002E08BF1D461DF062FD284608B0BDE829
:10282000F0812046044A01ABFFF7FEFCEDE70546C8
:10283000F3E700BF8D020200F52500002DE9F04FFF
:1028400099B0CDE90B230E460A69416CD31D1439AA
:10285000B3FBF1F3013302EBC302036B0446934273
:10286000C0F00F820023DFF820940993E36A484602
:102870001946079300F014FED6E9033705930C9B25
:10288000022B1CD1CC2F40F074810B9B8BB13146B5
:1028900020461DF082FD656C14900B9B63B1E36BC9
:1028A00001225B69706816A9984716A81DF03DFFC4
:1028B0000CE0059B1B68149308230E930DE0782F02
:1028C000656CEAD80B9B002BE9D1F07D00280CBF8A
:1028D00004230823782F0E9328D901230025089379
:1028E00008230393336808990C98C9F80030C9F895
:1028F00010701DF03BFF00230F930D9306930A9376
:10290000039BDDF81CA09B0889F814001193616CEF
:1029100003984A1E0AEA02028B1AEFB10544AB4241
:102920001CD8236B5B1A1344236386E0079A6B1E43
:102930001340EB1A3A1D934207D257B1082BCCD85B
:102940000023042508930395CCE70025042308956C
:10295000C7E704250897F6E78342E2D3039AB8460F
:102960009B1A9F4228BF984652449F42049278D9AE
:102970000123D9F8102089F81730974276D1C9F889
:1029800004A0069399F81730002B71D099F81820FD
:102990000699D31C09EBC3030132C3F804A0A3F8C2
:1029A0000880997289F81820B8F1000F14D00C9B98
:1029B000022B60D10F9B7BB90D9B4344032B0BD99A
:1029C000E36B01229B69049814A9984705460028E7
:1029D00040F0D58001230F93069B16A80193089B16
:1029E000009399F814204346316800F00FFDE36B23
:1029F00050469B69119A16A99847051E099B18BF56
:102A00005346039A09935146434620461DF0C3FBA3
:102A1000236B039AC9F808009B1A08F1030222F0FD
:102A200003029B1A2363002D40F0A9800D9BDDF863
:102A300010A04344A7EB08070D93514620461DF014
:102A40007DFB00258246002F7FF461AF8E4A3168FE
:102A5000936804F10800E36252680C9B00F04EFC9E
:102A600089E0069B002B18BF03238AE7022388E72F
:102A7000C9F804A098E70B9B002B30D1059BB8F157
:102A8000030F03EB080B27D9DDE90401E36B4FEAE1
:102A900098029B6998470546002864D118F0030204
:102AA0005ED0059B28F003052B440593049B1D4431
:102AB0004FF0FF33059915A815931FF086FFE36BC0
:102AC000284601229B6915A998470546CDF814B000
:102AD000002D81D0049B94E74246049DE8E706F16F
:102AE0002003DDF810B01093F37D70689BB10023D4
:102AF000357E0A9AD9B2A94211D2109903F1010C7C
:102B000031F83310914225D90E9906EBC303D869E9
:102B10000A44104403E00E9B0A9A13441844E36BE2
:102B200001225B6915A99847159B012213930A9B03
:102B3000584604330A93E36B13A99B699847049B97
:102B400005464344A3EB0B03042B06D970B90BF1E4
:102B5000040BC9E76346521ACCE7CDF810B0B7E7CB
:102B6000CDF814B038E7CDF814B0B3E7CDF810B015
:102B7000B0E770252F46384619B0BDE8F08F3D2DDF
:102B8000F8D104F1080303932368079A606CD71AFD
:102B9000B7FBF0F700FB07301DF080FEE16A8246CC
:102BA00020461DF0CBFAA16AD4F830E08142626C75
:102BB00059D0D9F8083002F1FF3CAEEB020103EA2C
:102BC0000C030B44236309992368E062CB1AB3FB1F
:102BD000F2F847453BD1079BB3EB0A0711D0E36BF3
:102BE000BA0851469B6998478346E36A079A3B4473
:102BF000E362236B03989B1A534423631DF0A3FCE9
:102C00005F462368616CE06B01FB08311DF0BBFD82
:102C100020461DF086F920461DF0B3F9626A23684C
:102C2000606C00FB02301DF039FEA06220461DF0F2
:102C3000C8FA20636FB13269616CD31D1439B3FBDC
:102C4000F1F3013302EBC30290429DD292E70027D9
:102C5000D7E704F108001DF076FC3B4639462046D4
:102C60000A4AFFF7E1FA3269616CD31D1439B3FBEC
:102C7000F1F3013302EBC302236B9342BFF4F6ADD1
:102C800078E71C2777E700BF04160020290202001E
:102C9000032A2DE9F34106460D4617461C4606D188
:102CA000237A012B23D0012002B0BDE8F081DFF8A8
:102CB0006080096842460DF10703FFF70BFA606078
:102CC0000028EDD19DF80730032BE9D0D8F8042077
:102CD0006B689A42E4D1237A2969012BD4F80CC09D
:102CE00007D172690CEB0103934202D92074207C56
:102CF000DAE708316144E1603B460122294630466B
:102D0000FFF79CFD60600028CAD00020CCE700BF20
:102D1000301600202DE9F341032A1746089C06D1FE
:102D2000237A012B25D0012002B0BDE8F08126686E
:102D3000DFF89080304642460DF10703FFF7CAF9ED
:102D400060600028ECD12568D8F80400A96A6A6C94
:102D50004840534210EA030CE2D1237A012B0AD1F6
:102D6000E068D8F8103003447069834203D984F8CE
:102D700010C0207CD8E72868EB6A1B1A081AB3FB3E
:102D8000F2F3B0FBF2F083420BD1706CF36A421E97
:102D90001340326B121A1344284633631DF0CEF9E8
:102DA000E862D8F81020E36808321344E360012297
:102DB0003B4604492068FFF741FD60600028AFD022
:102DC0000020B1E7301600202DE9F0410025604BCE
:102DD0000E46D3F8008004461D6018B92125284608
:102DE000BDE8F08190F8347007B30A6803689A422E
:102DF00040F0A4804A6843689A4240F09F808A6805
:102E000083689A4240F09A80CA68C3689A4240F048
:102E100095800A6943699A4240F090808A69C36B41
:102E20009A4240F08B804B698361D8E7682239462B
:102E3000856B1FF0A3FDD6E90212336804F1080088
:102E400023607368A5636360336963617369A36119
:102E50001DF08BFBB36904F14000E3639B68984766
:102E600020B9676C17B16368B3FBF7F794F8433088
:102E7000E761002BB2D00023656C2366002D65D07E
:102E8000002F63D02368B3FBF5F205FB1233002B50
:102E900056D16668B6FBF5F305FB1363002B4FD1E3
:102EA00020461DF00AF8A369043303449E4249D327
:102EB00040F634726369CC3B934245D8B5F5805FE8
:102EC00044D3032120461DF021F8D4E90001E36B2F
:102ED0001B6898470546E36B0220DB689847D5B925
:102EE00041462046FFF7DAF96428054604D14146F9
:102EF0002046FFF7D3F905466DB9636C226A143B8F
:102F0000204602FB03F61CF0D8FFA36904330344F8
:102F10009E4238BF5A25002D0CBF0123002384F8A0
:102F2000343007D1D4E900010A4A13680133136031
:102F30001DF0B5FBE06B1DF0D2F950E75D254EE7C3
:102F400059254CE75A254AE75F2548E75B2546E7C0
:102F5000940F0020900F00202DE9FF410C461646EB
:102F60001F46054688B390F8343083B3B1F5801F0F
:102F70002FD2DFF8648001211CF0C8FF42462146B1
:102F800028460DF10F03FFF7A5F80246C8B99DF8D2
:102F90000F30012B10D1D8F81030BB4213D1009064
:102FA00031462846FFF75CFB0446E86B1DF097F9B5
:102FB000204604B0BDE8F081022B0CBF60242D2414
:102FC000F3E72D24F1E76324EFE72124F0E7112450
:102FD000EEE72924ECE700BF5C1600202DE9F04362
:102FE00085B00E4617461C460546DDF83080A0B376
:102FF00090F834309BB3B1F5801F32D2DFF868907F
:1030000001211CF083FF4A46314628460DF10F038B
:10301000FFF760F8E8B99DF80F30012B14D1D9F80B
:10302000102004EB08039A4215D322460090434631
:1030300039462846FFF714FB0446E86B1DF04FF9AC
:10304000204605B0BDE8F083022B0CBF60242D2480
:10305000F3E72D24F1E76324EFE72124F0E71124BF
:10306000EEE72924ECE700BF5C1600202DE9F341D0
:103070001E4600230C4617460546336050B390F8B1
:1030800034304BB3B1F5801F28D2DFF854800121D2
:103090001CF03CFF2146424628460DF10703FFF78E
:1030A00019F80446A0B99DF80730032B10D0022B65
:1030B00003BF01233B600423D8F8103018BF3860E9
:1030C0003360E86B1DF00BF9204602B0BDE8F081DB
:1030D0002D24F6E72124F7E71124F5E72924F3E767
:1030E0005C16002073B5044641691CF0CBFE626E8D
:1030F000236B024493422CBF00220122834294BFDF
:1031000000231B1A207C84F85020636584F8580043
:10311000A8B100230B4E1A461946204600961DF012
:1031200000FA002305461A461946204600961DF06F
:1031300001FAE3682844984294BF0020C01AE06571
:1031400002B070BDFFFF0F002DE9F3471E46436933
:103150000446B342884617469DF828904FD3002571
:103160008DF80750204661691CF08CFED4F830A021
:1031700082450AD2236AB5EB430F06D200222046CD
:103180000DF10701FFF78CF9B8B39DF80730012B5B
:1031900005D1002220460DF10701FFF781F9B9F1B1
:1031A000030F06D0314620461CF06CFE256B85428D
:1031B00027D3154D4FF0FF31284600F071F94B46EB
:1031C000294600222046C5E90376C5F80080FFF7AE
:1031D00035FB236E054663B12046FFF783FF94F865
:1031E000503013B994F858301BB1236E04F15000DD
:1031F0009847284602B0BDE8F0870135B2E762255E
:10320000F7E71C25F5E700BF301600202DE9FF4148
:103210000F4690461E46054698B390F8343093B357
:10322000B1F5801F31D21A4C02211CF06FFE2246EC
:10323000394628460DF10F03FEF74CFF024678B1E0
:10324000012342460093394633462846FFF77CFF68
:103250000446E86B1DF043F8204604B0BDE8F08159
:103260009DF80F30012BEBD12169B142E8D10093D9
:10327000414633462846FFF7F3F904460028DFD1DC
:10328000E7E72124E8E71124E6E72924E4E700BF83
:103290005C16002030B50C46054685B028B390F882
:1032A000343023B3B1F5801F23D202211CF02EFE4F
:1032B0000DF10F03214628460F4AFEF70BFF034688
:1032C00088B99DF80F20032A0DD0032221460092D1
:1032D00002462846FFF738FF0446E86B1CF0FFFF64
:1032E000204605B030BD2D24F7E72124F8E711244E
:1032F000F6E72924F4E700BF5C1600202DE9F0432F
:10330000466886B3056898464FF0000CA946AE465D
:1033100055F83C400CF1010CC4F31307013401D003
:10332000B94217D0B4450EF1080EF1D12F46002452
:1033300003E0B44207F1080712D055F834300134E5
:103340000133F6D1C1F3130141EA0851C7E9001274
:10335000BDE8F08341EA0851CEE90012BDE8F083F0
:10336000B8F1030F03D101230372BDE8F0830023FA
:1033700003E0B34209F10809F5D055F833400133B1
:10338000C4F30754032CF4D1C1F3130343EA0853E5
:10339000C9E90032BDE8F0832DE9F04106464068F6
:1033A00082B0B8B10F4690460024336853F83450C9
:1033B00003EBC403C5F30752C5F31301013506D06F
:1033C0005B683046CDF80080B84718B170680134AA
:1033D0008442EAD302B0BDE8F08100BF024B196815
:1033E000024B1868FFF7F0BC742E0020942E0020CA
:1033F00008B52AF0B2FD014B186008BD8816002000
:10340000014B18682AF0A4BD8816002073B5044645
:103410002248012A00EAC1119DF8185023F07C408F
:1034200007D9961E012E28D9073303F07F031943CD
:1034300008E09DF81C300A43DB0603F0C053134339
:1034400043F060410023C4E900108DF80730B5B1A6
:10345000202221460DF107001DF03CFA1A220DF141
:103460000700211D1DF036FA082063689DF807202B
:1034700043EA8263636002B070BD1143E2E71B223E
:103480000DF1070021461DF025FA23689DF807205D
:10349000042043EAC2632360EDE700BF80FFFF071B
:1034A00038B5094B0D461A68002104461FF066FA2C
:1034B00000234FF0FF322383C4E900252361A2607B
:1034C000E382A37638BD00BFE8EE02000138C0B247
:1034D00005289ABF014B185C01207047EDEE0200F1
:1034E0002DE9F0410746154600240E46596888B07C
:1034F000490A012922464FEA510104F10104F8D892
:10350000DC78997824031B88C90201F4006104F473
:1035100080540C43C3F30A035203234492B24FF086
:1035200000089C18274B6FEA0444039325F0784366
:10353000ED4302A90DF107001B2202938DF80780CD
:103540001DF0C8F99DF80720029B02A943EAC26357
:103550000DF107001B2225F07845049302958DF8A4
:1035600007801DF0B7F99DF80720029B6FEA14440D
:1035700043EAC26305934FF0FF330794069307A90C
:10358000BB69012206F110009847BB6905A90446F2
:10359000012206F108009847BB69404518BF044660
:1035A00004A90122301D98470122404518BF044656
:1035B000BB69304603A99847404508BF204608B07C
:1035C000BDE8F08101009AB20021F0B5284D0C460B
:1035D0002868284A0346166836B11E68002E3DD07A
:1035E00097889E88B74239D80134052C02F1080229
:1035F000F1D109B118462B6000241F4E25463168D1
:103600001E4A0B46176837B11F6857B3B2F804C09B
:103610009F88BC4525D30135052D02F10802F1D163
:103620000CB1194633600368F3B1154A8088936F73
:1036300060F3184393674FF050234FF000429A66AF
:103640000B689BB10E4A8988936F61F308039367F7
:103650004FF050234FF080429A66F0BD134601218F
:10366000C2E713460124D6E7064BE6E7054BF1E730
:1036700090160020C41600208C1600209C160020F6
:103680000040005000600050012208B50F4B00219F
:103690001A700F4828221FF071F9002128220D48C6
:1036A0001FF06CF90C4B0D4A062013600C4A136096
:1036B0004FF040420B4B5A669A6603F04BFB0620D4
:1036C00003F02CFBFFF780FF002008BDF92A002043
:1036D000C41600209C16002094160020901600208E
:1036E0008C1600200060005010B500240C4B062002
:1036F0001C7003F001FB062003F02CFB4FF040424E
:10370000084B21465A6608489A6628221FF036F967
:103710002822214605481FF031F9204610BD00BF80
:10372000F92A002000600050C41600209C160020DA
:1037300008B5084B1A78824203D0187018B1FFF709
:1037400043FF002008BD4FF04042034B5A669A6683
:10375000F7E700BFF82A00200060005008B501F02C
:1037600099F8B0EE407A9FED0F0AB4EEC07AF1EE10
:1037700010FA07D4DFED0C7AB4EEE77AF1EE10FA26
:1037800037FE870AF6EE007A30EE270ADFED077A79
:1037900030EE270ABDEEC00A10EE103AA3F1800009
:1037A00040B208BD000000C30000FE42000000431C
:1037B000154A38B5936E526E134013F0804212D002
:1037C000124B1B681D6835B100241C605C60FFF75C
:1037D000C5FF2146A8474FF080420D4B5A66BDE811
:1037E0003840FFF7F1BE002BF9DA0A4B1B681C6862
:1037F0002CB11A605A60FFF7B1FF0121A0474FF0CA
:103800000042034BEAE700BF004000508C16002046
:103810000060005090160020044BD3F88420D2069C
:10382000FBD4D3F88400C0F38110704700400050EF
:1038300038B5184B0546D3F824010C4600F00700B4
:10384000062823D8DFE800F0040A121A1E0E16001C
:10385000012305B1286004B1236038BD29F0F0F9D7
:103860000523F6E729F0ECF90623F2E729F028FA18
:103870000323EEE729F024FA0423EAE729F01CFAEF
:103880000223E6E729F022FA0723E2E7002318469D
:10389000DFE700BF0080005038B5104B0546D3F875
:1038A00000310C4603F00303022B0BD0032B0DD089
:1038B000012B0FD129F004FA032305B1286004B1CC
:1038C000236038BD29F006FA0823F6E729F0FEF94F
:1038D0000723F2E701230020EFE700BF008000503C
:1038E00038B5104B0546D3F820310C4603F00303DE
:1038F000022B0BD0032B0DD0012B0FD129F0A0F9F7
:10390000052305B1286004B1236038BD29F0D8F93A
:103910000323F6E729F0D0F90223F2E70123002080
:10392000EFE700BF0080005038B5104B0546D3F8D4
:1039300040310C4603F00303022B0BD0032B0DD0B8
:10394000012B0FD12AF018FB092305B1286004B11F
:10395000236038BD29F0BEF90823F6E72AF00FFBF3
:103960000B23F2E701230020EFE700BF00800050A7
:1039700038B5104B0546D3F860310C4603F003030D
:10398000022B0BD0032B0DD0012B0FD12AF0F4FA10
:10399000092305B1286004B1236038BD29F09AF9E4
:1039A0000823F6E72AF0EBFA0B23F2E701230020C5
:1039B000EFE700BF008000503C4B984272D02AD8FD
:1039C0003B4B98426BD014D83A4B984264D00AD8FB
:1039D000394B984243D0394B984240D0384B9842AB
:1039E0003DD000207047374B9842FAD1364B586E85
:1039F0007047364B984235D003F5371303F5D8633B
:103A0000984232D0A3F5B703A3F558639842E8D1A2
:103A10002D4B186F70472E4B984231D00FD82D4B3D
:103A2000984225D02C4B984226D0A3F53703A3F516
:103A3000D8539842D5D1244BD3F880007047274BF8
:103A4000984221D003F5740303F5105398421FD018
:103A5000234B9842C5D11C4BD3F8900070471A4BAA
:103A6000986D7047184B586F7047174B986F704799
:103A7000154BD3F884007047134BD3F88800704778
:103A8000114BD3F88C0070470F4BD3F8940070475C
:103A90000D4BD3F8980070470B4BD86D70470A4B0D
:103AA000986E7047084BD86F704700BF002D3101EA
:103AB00080969800404B4C0080841E0000093D0019
:103AC00040420F00C0CF6A000080E00F0024F400E5
:103AD000006CDC020048E80180D543020090D0036E
:103AE000007E560338B5104B0546D3F840320C46DD
:103AF00003F00303022B0BD0032B0DD0012B0FD1AE
:103B00002AF03AFA092305B1286004B1236038BDD0
:103B100029F0E0F80823F6E72AF031FA0B23F2E760
:103B200000231846EFE700BF0080005038B5144B63
:103B30000546D3F800020C4600F0070004281BD805
:103B4000DFE800F003090D111500012305B128601D
:103B500004B1236038BD2AF00FFA0923F6E729F0F3
:103B6000B9F80823F2E72AF00AFA0B23EEE729F066
:103B70008DF80E23800AE9E700231846E6E700BF28
:103B800000800050B0F5207F1FD009D8B0F5007F2D
:103B900015D003D868B1B0F5C07F0AD000200CE082
:103BA000B0F5607FFAD10B4BD3F88000C0F3011061
:103BB00003E0084B186FC0F3033001307047054B2A
:103BC000D3F89000C0F30460F7E7024B186FC0F31E
:103BD0008020F2E7008000504FF400320E4B014687
:103BE00010B500209A66FFF7CDFF484341F67132C9
:103BF0000A490B4B884294BF00200120DC69DA633C
:103C00009A6822F4401242EA00529A60E20344BFEA
:103C10000022DA6310BD00BF00900050005A62021B
:103C2000000003505F2898BF094B4FEA501294BF21
:103C300053F82230074B00F01F0029B103F58053E1
:103C4000012282401A60704703F50053F8E700BF75
:103C5000F4EE0200608200501FB50021B0F5807FB5
:103C60000446019100F0208100F29D80612800F25D
:103C700095801F2805D8002840F0928029F006F88A
:103C8000E5E0A0F12004412C00F28A8001A353F862
:103C900024F000BF7D3C0000533E00007D3C00004E
:103CA000533E0000733E0000733E0000733E000070
:103CB000733E0000533E0000533E00001B3E0000D8
:103CC000D53D00008F3E0000C93E0000D53D0000FC
:103CD000533E0000533E0000533E0000A13D000053
:103CE000A13D0000A13D0000A13D0000A13D00005C
:103CF000A13D00007D3E0000F73D0000533E000066
:103D0000533E0000533E0000DD3E0000D33E000065
:103D1000533E0000A13D0000A13D0000A13D000078
:103D2000A13D0000A13D0000A13D0000A13D00001B
:103D3000A13D0000A13D0000A13D0000A13D00000B
:103D4000A13D0000A13D00007D3C0000A13D000020
:103D50007D3C00007D3C00007D3C0000733E000087
:103D6000A13D0000A13D0000A13D0000A13D0000DB
:103D7000A13D0000A13D0000A13D0000A13D0000CB
:103D8000A13D0000A13D0000A13D0000A13D0000BB
:103D9000A13D00007D3C00007D3C0000802854D007
:103DA000019804B010BDB0F5A06F67D028D8B0F569
:103DB000607F59D019D8B0F5007F55D004D8B0F540
:103DC000C07F3FF45BAFEBE7B0F5207F41D0B0F5AB
:103DD000407FE5D128F05AFF02464FF42070FFF7EC
:103DE000D1FEB2FBF0F252083CE0B0F5806F40D05B
:103DF000B0F5906FD4D1002101A8FFF719FDCFE7EE
:103E0000B0F5E06F65D016D8B0F5C06F3FD0B0F513
:103E1000D06F59D0B0F5B06FC2D10021324B0391B1
:103E2000D3F8803103F00303012B35D0022B37D0B8
:103E3000039B0193B4E7B0F5F06F4FD0B0F5086F76
:103E4000AED101A8FFF728FDAAE728F0FFFE0190F8
:103E5000A6E728F01BFF02464FF42070FFF792FE02
:103E6000B2FBF0F201929BE728F0F0FE02462046FA
:103E7000F4E7002101A8FFF733FD91E71A4BD3F8CF
:103E8000203203F00303012BF3D0022B88D1002151
:103E900001A8FFF749FD83E703A8FFF721FDC7E766
:103EA00028F00AFF0390C3E74FF0E02302911B695B
:103EB0005B0704D528F0EAFE0290029BB9E703A94C
:103EC00002A8FFF731FDF8E7002101A8FFF72EFE59
:103ED00066E7002101A8FFF705FE61E7002101A8C0
:103EE000FFF746FD5CE700BF0080005008B580206A
:103EF000FFF7B2FE034B98429EBF4FF48032024B55
:103F00001A6708BD005A620200A000501FB50346A0
:103F10000020B3F5807F01907FD027D8382B00F0A8
:103F200092800BD8243B092B10D8092B0ED8DFE840
:103F300003F06F6F6F6F0D0D5A0D3685522B67D0E2
:103F400007D83D2B3AD03E2B00F08680019804B074
:103F500010BD802BFAD1434B1B6F03F00703013BCD
:103F6000032BF3D8DFE803F03D36393BB3F5D06FD0
:103F700064D019D8B3F5A06F65D00AD8B3F5806FB7
:103F800046D0B3F5906FE1D1002001A9FFF750FCB6
:103F9000DCE7B3F5B06F26D0B3F5C06FD6D1002003
:103FA00001A9FFF7C1FCD1E7B3F5006FECD00AD847
:103FB000B3F5E06F50D0B3F5F06FC7D1002001A981
:103FC000FFF7D6FCC2E7B3F5086FBFD101A9FFF731
:103FD00063FCBBE705230193B8E70323FBE7072353
:103FE000F9E70223F7E71F4BD3F8804104F00304FD
:103FF000012C04D0022C08D000240194A6E7002153
:1040000003A8FFF76DFC0F24F7E728F055FEF4E74F
:10401000002001A9FFF764FC98E74FF0E02302902D
:104020001B695B0705D528F031FE0C230393039B26
:10403000D1E703A902A8FFF777FCF8E7002001A960
:10404000FFF774FD82E7074BD3F8203203F0030338
:10405000012BDDD0022BA1E7002001A9FFF742FDD3
:1040600074E700BF008000504FF48032074B0849CE
:10407000586E03F580535A660B6A23F001030B62F6
:10408000C3035CBF034B5A66704700BF00800050FB
:1040900000C0075000A0005008B5FFF737FF082800
:1040A00011D00938012802D94FF6FF7008BD4FF42E
:1040B0000012064B5A6603F5D8335B6ADB07F3D56B
:1040C0004FF4FA70F2E7024B1888EFE700900050C7
:1040D0001230002008B5FFF719FF03280ABF024B72
:1040E0004FF6FF70188808BD1030002070B50446E8
:1040F0008020FFF70BFF032800F082804FF400229E
:10410000444B02215A6645F60E03434AC2F88030FA
:10411000424B9962012103F580539962936DD90353
:10412000FCD4D4E900131B0543EA0163E17B94F856
:1041300023500B43217B43EA0143617B43EA013374
:10414000A17B43EA811313619169D4E904031B063F
:1041500043EA806301F000410B43A17EE07E0B4304
:10416000217E43EA0143617E43EA01239361E169D1
:10417000136A002923F00D0343EA010314BF012150
:10418000002143EA800343EAC103136294F820301C
:1041900094F82200916A4FEA431332D194F82160D7
:1041A00021F0330143EA06130B4343F0010393620A
:1041B0001B49194B9A6D31EA0202FBD102221749C1
:1041C0008A621A659A6D5200FCD41A69A16822F4B9
:1041D000700242EA01521A614FF000420F4B9A619D
:1041E00018B9022203F580539A6215B901220D4BCA
:1041F0009A6294F824301BB1074B0B4AC3F8802015
:1042000070BD21F0330129430B4343EA400393621D
:10421000EFE700BF0090005000C0005000D00050F9
:104220000300014000E00050F1A7FFFF014B93F9AC
:1042300000007047FB2A00204FF480011B4A43789E
:1042400010B551664FF4D151022402F5B8325162D3
:1042500017494F2B4C604FF0010428BF4F2301F545
:1042600080514C601169C903FCD4017843EA0123F1
:104270005361D0E901131B0143EA0123417B0B4346
:10428000017B43EA41039360C37B817B1B0143EACB
:104290004113417C0B43017C43EA41035360837C1F
:1042A00013B16FF4D153536210BD00BF00900050A2
:1042B00000100250014B1880704700BF12300020E0
:1042C000014B1880704700BF103000204FF40012DF
:1042D00008B5184B5A660223174A5360936813F4C3
:1042E0008033FBD1012822D128F0EAFC134B9842FD
:1042F00015D003F5122303F5F863984213D0104B41
:1043000000EB8002400AB3FBF0F3520A0A49CA628A
:104310000B6301234B620022074B5A6008BD45F630
:104320007A13084AF2E745F61A03074AEEE75362A2
:10433000F1E700BF009000500040025000F0490239
:1043400064666666D8B80500BBCF0500B0F5207F6F
:1043500010B50C4642D008D8B0F5007F33D003D852
:1043600088B1B0F5C07F0ED010BDB0F5607FFBD135
:104370001F4A4C1ED2F8803023F0300343EA041366
:10438000C2F88030F0E71CF0C5FA1CF0D1FA4FF407
:104390008031184B164A1967136F013C23F47043A0
:1043A00043EA0433136728F071FC0446FFF734FA3C
:1043B000C0F1020120461CF0B5FA00F035F8BDE866
:1043C0001040FFF793BD0A4A4C1ED2F8903023F0FC
:1043D000F85343EA0463C2F89030C5E7044A4C1E20
:1043E000136F23F4806343EA84231367BCE700BFA1
:1043F000008000500090005008B50121022000F01C
:1044000051F94FF42070FFF7BDFB054B18701CF0FD
:1044100081FA1CF08DFA4FF48032024B1A6708BD06
:10442000FA2A00200090005008B54FF4C070FFF742
:1044300013FCBDE808400449884294BF01210221D1
:104440004FF42070FFF782BF80F0FA0238B50446BF
:1044500028F01CFC0546FFF7DFF9C0F102012846F1
:104460001CF060FA0121002000F05CF92CB1FFF78C
:10447000DBFFBDE83840FFF739BD034B4FF4207038
:104480001978FFF763FFF4E7FA2A00204FF4C022FF
:1044900070B50546FFF790FA2F4B04465A6603F5B0
:1044A00098335A68012A04D12C494A609A699207C4
:1044B000FCD18020FFF72AFD052807D11CF02AFA3D
:1044C0001CF036FA4FF48032234B1A67244B24F049
:1044D00040749D4235D0234B9D4235D028F0B0FB2F
:1044E0008542064603D90121284600F01BF91E4BE0
:1044F000DA6812F0060FFBD199689C609A686240F6
:1045000012F4F81F23D12846FDF7E2FA8020FFF7C6
:10451000FDFC05280DD128F0B9FB0446FFF77CF916
:10452000C0F1020120461CF0FDF9FFF77DFFFFF707
:10453000DDFCB5420ED8BDE870400121002000F03E
:10454000F1B844F00074C9E744F08074C6E735461A
:104550009960DBE770BD00BF0090005000E00150A3
:1045600040420F0080841E000000015010B5224B15
:1045700070B94FF40031214A1860516602F5983243
:104580005268012A03D11E4AD2F800211A6010BDD8
:104590001B68002BFBD01B4A5268012AF7D0184A2F
:1045A0008020C2F80031FFF7B1FC05281FD14FF47D
:1045B000C070FFF7E7FA0128044604D102214FF446
:1045C000C070FFF7C3FE07220F4B1A610122A3F54B
:1045D00080535A600B4A1369DB07FCD5012CD6D1F6
:1045E0002146BDE810404FF4C070FFF7AFBE012276
:1045F000064B5A60CBE700BFEC160020009000503D
:104600000080005000C0015000E0015000D0015077
:10461000044A4178536F23F4407343EA01235367FC
:10462000704700BF0040005010B5044610B1002094
:10463000FFF79CFF124A136943F00403136129F04A
:1046400025F91CF07AF90F4B5B6E5B0142BF0E4BF4
:104650000E4AC3F8202429F080FC2AF001F829F042
:1046600077FC1CF06BF903F097FC1CB9BDE8104017
:1046700028F00CBB0120BDE81040FFF777BF00BF5A
:1046800000ED00E00080005000E003500000FF0F4C
:10469000034A0179D36E23F030030B43D36670478E
:1046A00000400050F8B504461C4BD3F88420D106D6
:1046B000FBD4D3F88430C3F381139C422CD028F070
:1046C000C5FA012C064602D121461CF02BF929F02F
:1046D00044FC4FF00072124B07465A6620461CF00D
:1046E00034F94FF480630D4D621E93402B676B6E5F
:1046F0009A0103D4D5F884309B060AD5384629F0B0
:1047000027FC022C08D13046BDE8F84000211CF0FF
:1047100009B9D5F88430EAE7F8BD00BF0040005081
:104720000060005010B50C4608B928F08FFA074B0E
:1047300021461B783BB1064B984204D80120BDE8C6
:104740001040FFF7AFBF0220F9E700BFFC2A0020AE
:10475000005A62020278034B012100201A70FFF711
:10476000E1BF00BFFC2A00204FF0004238B5264BC5
:1047700026495A6601224A604AF6CD3103F50B23D9
:104780005D6C1964154030BB9968C9070BD40024CF
:1047900001221F4B5A6015B11E4B1F4A1A6427F0A5
:1047A0008BF9204638BD1A498A601C4AD96ACC0761
:1047B00005D4904201D10724EAE70130F6E79042A0
:1047C000E5D1F8E70132DC6A14F0080406D08A4229
:1047D000F8D10724DFE700221049F4E78A42F8D035
:1047E00020220B4B0B495A620122A3F580539A6099
:1047F00023460A4A486A800603D49342E9D001332B
:10480000F8E79342C7D1E4E7009000500050095008
:1048100000600950004009503254FFFF40420F0031
:104820004FF0004238B5174B174C5A66012203F57A
:104830000C235A604AF6CD33656C23644378934069
:104840001343124AD363C3788178A2689B0043EA7A
:10485000011322F074021343A3600279837943EABF
:10486000022323614279C37943EA0223636100781A
:10487000FFF77AFFEB0744BF054B236427F01CF9D1
:10488000012038BD00900050004009500040005009
:104890003254FFFF064BDFED077AD3F88830C3F3BD
:1048A0000A0300EE103ABAEECF0A30EE670A7047FC
:1048B000004000503393884310B504461CF04AF87A
:1048C000002341F202020849E360A360226104F57B
:1048D0000052E3616361A36123626362E362A364E4
:1048E0005164A36210BD00BF7F370C0138B5044688
:1048F000154639B91748844214BF08463820FFF7D7
:10490000ABF901466368A36803F0E003402B1BD0BA
:1049100014D8002B0CBF102308236B434901B1FBB3
:10492000F3F10D4A2039204602EAC10201211CF0B0
:104930000DF8A262BDE838401CF008B8602B05D025
:10494000802B05D10123E8E70623E6E70423E4E70B
:1049500038BD00BF0000035AF8FF7F00F8B5436878
:1049600004460D4616461BB140F2FF711BF0EEFFE8
:104970002046FFF7A1FFE9896B7B22690B43298A57
:1049800022F44C520B4322F0030213432361A2682A
:104990002B7B297E22F0804222F0E2020B4313435C
:1049A0006A691343AA68A3601AB9A36843F0004375
:1049B000A360EB6904F58051002B59D0987A1F7AD7
:1049C0004004D4F808C040EA87503B4F0CEA070780
:1049D00038439F8807F4C04738435F7840EA870030
:1049E0005F7B40EAC7009F7B40EA07109F7840EA60
:1049F0008720A060D4F80CC0D3E9040738432CF416
:104A0000D81727F4C06738439F7940EA8720DF79B9
:104A100040EA4720E060187800F0FD07012F08BF4A
:104A2000E768A0F1020004BF47F00407E76001282F
:104A30004FF0010094BF214F214FC7F8C000587AB2
:104A4000086218B1E06840F40060E060D87A48B1CC
:104A5000E0681C4F40F40040E060187B00F00F005D
:104A6000C7F88000E069DB7B20F003000343E361CB
:104A700026B196F8203093B101238B6101234B605E
:104A80001AB120466968FFF731FF204629781BF0EC
:104A90007EFF236CDB4313F4405FFAD1F8BD96F838
:104AA0002230606996F8216020F009003343034307
:104AB00043F001034B61E1E7E39BBDFF00D40350EA
:104AC00000E4035000900350F8B504460D461F461D
:104AD00016464AB101238B403021184A01FB0022BF
:104AE000EFB141F2100153503023072D4FF00F0169
:104AF00004FB03F316D8A80006FA00F28140104820
:104B000018441BF070FF4EB9012330210B4AAB4013
:104B100001FB042277B141F210015350F8BD42F27B
:104B20001001E0E7A5F10800800006FA00F28140DC
:104B30000448E5E742F21001EFE700BF00C0035070
:104B400004C003500CC003504FF40032054B9A666A
:104B500041F6713203F51C33DA63012203F5005389
:104B6000DA607047009000500B4B01219B6E9B0355
:104B70005EBF4FF40032094B9A6641F67132084B22
:104B8000DA63084AD1600022DA634FF40032A3F5F9
:104B900018339A66704700BF0080005000900050A4
:104BA0000000035000200350CB784A7810B55B0119
:104BB0000C7843EA82030A79234343EA02130C2266
:104BC000424302F1B0421363012C02BF8A78024BC8
:104BD00043F8202010BD00BFE880035008B54FF017
:104BE000B0435A6802B960B15B680BB11BF00AFFB1
:104BF0004FF0B04130B10120074B58601BF002FF6D
:104C0000C86008BD1BF0FEFE0223CB601BF0FAFE5D
:104C10000122024B5A60F4E70010005800200058AF
:104C20004FF0B0414B6810B50BB11BF0EBFE012209
:104C30000B4BC4785A608378934043EA84034478EA
:104C40002343047943EA0413447943EAC4038B60A1
:104C5000044B5A600378C3F10203CB6010BD00BF60
:104C600000200058001000584FF48032064B5A665E
:104C700003F5E6235B69C3F38512827003F03F02FC
:104C80001B0B42700370704700900050014B986CF2
:104C9000D96C70470080E00F0120034B9B680A33FA
:104CA00003F01F03984070470080E00F034BD3F8D8
:104CB0002424D3F820041040704700BF00C00350E4
:104CC000064BDA6E02F03002202A06D0DA6E22F0AD
:104CD000300208B142F01002DA667047004000501E
:104CE0002DE9F8431E4B0546D3F810334B1E0E2B0F
:104CF0000E46174690F8008044781BD9F9B14FF062
:104D000000092846C7B129F03DF93023072C03FBE1
:104D100008F316D80F21A400124809FA04F2A140A2
:104D200018441BF077FEC6B9284697B1BDE8F84392
:104D300029F028B98946E4E71BF07BFEE5E78946C0
:104D4000E3E70F21083CA400074809FA04F2A14058
:104D5000E6E7BDE8F8431BF06CBEBDE8F88300BF92
:104D600000C0035004C003500CC003502C4B2DE96D
:104D7000F0411746D3F810234A1C06460C4605D1CD
:104D8000D3F8241440781BF062FE0446002C2FDB7D
:104D9000072C4FF0030532782DDC4FEA840805FA22
:104DA00008F529461F4802FA08F21BF033FE29468F
:104DB00072781D4802F0030202FA08F21BF02AFE84
:104DC000012317F0050F194A18BF194903FA04F314
:104DD0000CBFC2F81034C1F8103417F0060F18BF1A
:104DE000134AC2F814340123104AA340C2F82034F5
:104DF0002046BDE8F081A4F108084FEA880805FACA
:104E000008F529460B4802FA08F21BF003FE7278F7
:104E1000294602F00302084802FA08F2CEE700BF72
:104E200000C0035000C4035008C4035000E0035006
:104E300000D0035004C403500CC4035038B50546D9
:104E40000C4C0140D4F8303423EA0003C4F8303469
:104E5000D4F830341943C4F83014D4F82C34034354
:104E6000C4F82C34012004F50054FFF729FFC4F8DE
:104E7000205438BD00C00350124B70B5D3F8103326
:104E800006461BF0F7FD0446481C154616D0621C6A
:104E90000FD08C420FD10321304685F00102FFF77D
:104EA0001FFF012004F1100305FA03F19840FFF7FA
:104EB000C5FF204670BD4FF0FF34FAE7631CEAD10E
:104EC000F7E700BF00C003502DE9F0411446012769
:104ED0000E46054698468F4029F048F82268184B40
:104EE00043F82620302202FB0656637B3366E27AC3
:104EF000A37A120542EA0342237B42EA435228F096
:104F00000303F26533672279A37943EA024305F587
:104F1000005293616379E27942EA034205F58053D6
:104F20009A61227A02B11F64627A02B19F6305F529
:104F3000005534352F60BDE8F04129F012B800BFAC
:104F4000004004500A4B1B68C3F30743012B0ED1EA
:104F5000084B04205A6E4FF480230749520358BF70
:104F6000064A4B6601F51041086258BF5366704708
:104F70000080E00F008000500090005000A0005022
:104F80004FF48032084B5A6603F5E6235B691A0B2F
:104F9000027003F03F0242704FF6FF72C3F38513B5
:104FA00042808380704700BF00900050014B986C96
:104FB000D96C70470080E00F06289ABF014B185C3F
:104FC0000020704700EF02004FF40052034B002016
:104FD0009A660322C3F86022704700BF0090005019
:104FE0004FF40052034B00209A660322C3F860225C
:104FF000704700BF00A0005000F01F02A0F506207F
:10500000A0F55060812810D8012309494009934038
:1050100051F820201A4341F82020064951F8202059
:1050200022EA030241F8202070474FF0FF3070471A
:1050300008170020F416002000F01F03A0F506203A
:10504000A0F55060812810B519D801210D4A4009FA
:10505000994052F820300B430B4942F82030D1E9F7
:10506000003423448C682344CC68096923445B18CA
:1050700004D1C2E90033C2E90233136110BD4FF01D
:10508000FF30FBE7F4160020081700202DE9F04F51
:10509000A7B003921D4604460822CDE90401414011
:1050A00021FA02F34B40980702F1080218BF9B0057
:1050B000202A1C44F4D18123B4FBF3F303EBC31384
:1050C000E41A784B04F506241B7804F55064002B91
:1050D00039D1FEF783F9064600286ED101464022F9
:1050E00006A81DF04BFC3146402216A81DF046FCD8
:1050F0006D4E6E4FB0461036B74228BF37466C48EB
:10510000013F009743461022006806A91BF009FAE8
:105110004FF0000B81460DF1180AD94540D1644883
:10512000009743461022006816A91BF003FA4FF0BF
:105130000008834616AFC34545D15E4B9E42D8D189
:105140000122584B1A7081270026DFF878A1DFF87A
:1051500078B16309A3F58643683B5AF8232004F02D
:105160001F01CA40D20744D45BF82330CB40DB0791
:1051700032D5002E08BF26468123A4F50624A4F6C6
:10518000FF44B4FBF3F303EBC313E41A04F5062462
:10519000013F04F55064DCD1039BFBB12EBB1DE045
:1051A0005AF8040BFFF728FF013009D100223D4BCC
:1051B0001A703C4B1B78002BC5D16FF091000FE0AB
:1051C0000BF1010BA9E757F8040BFFF735FF01308E
:1051D000EFD008F10108AEE7039B23B96FF08B0015
:1051E00027B0BDE8F08F06B92646329B00201E602E
:1051F000F6E7309B13B10023309A1360319B13B153
:105200000023319A13604FF01009DFF8A480CDF825
:10521000009000232A462146D8F80000FDF7DEFE64
:10522000002836D1309B0BB1C3F800902A68224B7E
:105230009A4217D02146D8F80000FEF72BF8002834
:10524000CCD1D5E90223DDE90410834208BF8A42AC
:1052500092D1039B002BC7D06B68012BC4D16FF098
:105260008400BDE7309B002BEBD0319B002BE8D0B6
:105270002146D8F8000016AAFDF7F8FE48B9319B80
:10528000309A1B681268934297D39B1A319A136025
:10529000D7E70A4B9842CDD06328CBD0084B984231
:1052A000CFD08AE7FD2A0020006D0800816D08003C
:1052B000942E0020906D0800105D175EFFDF00F057
:1052C000FEDF00F008170020F41600202DE9F04F53
:1052D00087B08246894698461646DDF840B02AB126
:1052E000002B51D040F26C739A4250D8BBF1010FA1
:1052F00050D8002406F110073946012005941CF00F
:105300000BFC0546002848D039461BF008FC05ABCD
:10531000CDE9014300942B46012250464946FFF750
:10532000B5FE044678B110F18C0F08BF6FF08D0404
:10533000284639461BF0F3FB284629F077F820462B
:1053400007B0BDE8F08F164BC5E902A92B60C5F880
:1053500004B02EB13246414605F110001DF035FB78
:10536000059E10483B462A4631460068FDF74EFF31
:1053700038B93046FFF740FE013008BF6FF08604B1
:10538000D6E76FF09104D3E76FF08604D7E76FF0AC
:105390009104D4E76FF08504D1E76FF08C04CEE779
:1053A000105D175E942E00202DE9F0438DB08146EC
:1053B000DDE914780E4615461C468BB1B8F1000F96
:1053C00005D16FF0860630460DB0BDE8F083B7F129
:1053D000005FF6D3C3F1005303F500439F42F0D8BA
:1053E0001022002108A81DF0C9FA002207AB029381
:1053F00005AB019306AB31460093484608ABCDE9B7
:105400000522FFF743FE06460028DCD1059BA4B128
:10541000AB4215D853EA0504D3D1069B0B48C8F814
:10542000004000943A46079900682B44FDF7D6FDEA
:10543000002818BF6FF09106C5E7AB42EDD2C0E778
:105440005B1B9C4228BF1C46E7E700BF942E002050
:1054500030B58DB00C4605461022002108A81DF07D
:105460008DFA002207AB029305AB019306AB2146F0
:105470000093284608ABCDE90522FFF707FE044656
:1054800008BB099B012B21D0079D134B29461868A7
:10549000FDF700FFE8B9A5F50623A3F55063812BBE
:1054A00005F01F020DD801210C485B09914050F80E
:1054B00023204A4040F823202846FFF7BDFD013055
:1054C00001D16FF0860420460DB030BD6FF084042A
:1054D000F9E76FF09104F6E7942E002008170020FA
:1054E0002DE9F04F89B00E4607461CF0E9FE044650
:1054F0001CF0DEFE04420CD1042501201DF055F9FC
:10550000002834D0013DF8D16FF0920009B0BDE819
:10551000F08F102200210DEB02001DF02FFA04A8DD
:105520001CF0D0FE049B002BE6D0059B002BE3D0A3
:10553000069B002BE0D0079B002BDDD00025DFF879
:10554000988008F10409B5421FD34FF48A751CF006
:10555000B5FE04461CF0A4FE2040062831D11CF004
:10556000A4FE044201D01CF0A5FE0020CEE71CF0F2
:10557000A5FE04461CF094FE204010F0FD0FF6D06E
:105580001CF090FE0442D9D0BCE71CF095FEA6EBBF
:10559000050A8400544528BF544699E803000023B7
:1055A0008DE80300CDE9054307EB050BCDF810B0FE
:1055B000029404AAD8F8003007CA1CF0F3FF25446F
:1055C000C1E71CF06DFE204008289DD825FA00F0A8
:1055D000C307BCD498E700BF1CEF02002DE9F043DD
:1055E0008BB01746DDE91545DDE913269C46DDE95C
:1055F0001738894621B96FF086000BB0BDE8F083FB
:10560000002FF8D00EB9002CF5D1129909B9002A53
:10561000F1D10DB9002BEED1B8F1000FEBD0244A37
:10562000944542D10288B2F5105F3ED14288B7EB73
:10563000D20FE0D322F04001802902D0B2F5807F62
:10564000D9D11CB90020C8F80040D6E7AE421CD220
:105650003219954219D29C42CDD83146224628466D
:105660001DF073F92E4614F00F03C4D1CDE9019754
:10567000CDE90336CDE90543CDE907540993FFF79A
:10568000A3FC38B16FF09200B7E79C42EBD96FF002
:105690008900B2E707AA04A901A803F0C9FA0546E0
:1056A000FFF79EFC0543CDD0ECE76FF08500A4E743
:1056B000004440042DE9F04FA9B0074614469B462C
:1056C0008946DDF8C8A0349D29B96FF086042046CC
:1056D00029B0BDE8F08F002AF7D0BAF1000FF4D05E
:1056E000002DF2D0369B002BEFD0434A0CAE0DF1CB
:1056F000600807CA86E807004022002140461DF0E6
:105700003DF9B9F80020B9F8021002F4E043B3F50E
:10571000804FDAD0394B3A483B4043F01063834224
:1057200064D1B1F5807F61D147F212139A425DD105
:105730000621344ABBF11F0FD3680B93136912681B
:1057400001FB03F3CDE90C234FF000030E93BCD90A
:10575000339B402BB9D9359B1F2B4AD90AF1010243
:105760000023202712924022CDE91073CDE91323A4
:1057700017939AF80030CDE91582042B0F94A4D129
:10578000FFF722FC04460028A1D10B9B15AACDE906
:10579000087305AB07CA83E8070002AB12AA07CA61
:1057A00083E80700DDE910018DE803000F9B96E810
:1057B000070003F017FB0446FFF712FC044384D1F3
:1057C00046462B4620AD324603CAAA4218605960AD
:1057D000164603F10803F6D14022002140461DF091
:1057E000CDF840232023369A136070E76FF08504CC
:1057F0006DE76FF089046AE74CF102000000FFF6E4
:105800000000020960F10200F0B50F461E468BB0A1
:10581000002855D0002953D0002A51D0002B4FD05A
:105820000488B0F802C0234604F44F41B1F5824F1A
:1058300018BF002423F0FF03B3F5E24FE4B203D016
:105840006FF085000BB0F0BD122C01D0172CF7D1F2
:105850000CF10703B2EBD30F35D31E4B04ADBCF5EF
:10586000807F93E8070085E80700E9D1122C07D173
:10587000194B1A691B681344CDE9043200230693BF
:10588000002307972027CDE90873FFF79DFB002829
:10589000D8D1124A02AB92E8030083E803000AABB6
:1058A00013E903008DE80300079B95E807001CF04F
:1058B000FEFD0446FFF794FB204307D13760C1E7A4
:1058C0006FF08600BEE76FF08900BBE76FF09200D3
:1058D000B8E700BF4CF1020060F1020014EF0200D3
:1058E000F0B591B01C46DDE916C6002868D0002945
:1058F00066D0002A64D0002B62D0BCF1000F5FD0CC
:10590000002E5DD00388408803F44F4EBEF5824FD1
:105910001F4618BF0023DDB227F0FF03B3F5824F07
:1059200002D0BEF5824F03D06FF0850011B0F0BDFC
:10593000122D01D0172DF7D1C71DB2EBD70F4FEAAB
:10594000D7033DD35B00013363453CD8B0F5807F7E
:10595000EAD1122DE8D11D4F621CFB682025CDE94C
:1059600009310D9200234022CDE90B53CDE90E23DE
:10597000FFF72AFB0028D9D1099B0AAACDE90553D4
:1059800002AB07CA83E8070010AB13E903000D9BC5
:105990008DE8030097E807001CF0A8FD0546FFF717
:1059A0001FFB35B1012DBFD0072D09D06FF092003C
:1059B000BCE70028BAD10423237041233360B5E744
:1059C0006FF08600B2E76FF08900AFE760F1020088
:1059D0002DE9F0418AB00E4614461F46DDF8488096
:1059E00020B96FF086000AB0BDE8F0810029F8D038
:1059F000002AF6D0B8F1000FF3D0038803F44F4229
:105A0000B2F5824F02D06FF08500ECE7DAB2122ACD
:105A100001D0172AF7D123F0FF03B3F5E24F38D1B5
:105A20004388C8F800307BBBE300C8F80030B3F50A
:105A3000807FE8D1122A09BF314B00221A681B6906
:105A400006EB040508BFD21800231846224415F8B7
:105A5000011D12F801CD0843B1EB0C0118BF002362
:105A6000AE4243EA0103F2D10028BAD0002BB8DAE3
:105A7000109B9C4241D82246314638461CF0A5FF77
:105A8000119B00201C60AEE7D91DB4EBD10FCED026
:105A9000A7E73378042BA4D1631EDB005B08B3F5C2
:105AA000807FC8F80030AED1122AACD1144D40220C
:105AB000EB680593731C07930023CDE90823FFF7D8
:105AC00083FA00288FD1059B0393D8F80030073361
:105AD000DB0802930AAB13E90300079B8DE8030080
:105AE00095E807001CF0ACFD0546FFF779FA0028A1
:105AF0007FF479AF002DBBD073E76FF0890072E7B8
:105B000060F102000388B3F5105F0ED14388DB0813
:105B1000103B102B0CD8084A22FA03F313F0010FA4
:105B20000CBF6FF08600002070476FF08500704753
:105B30006FF08600704700BF010101002DE9F04FB2
:105B40008FB00546DDE918A993461E46DDF868804A
:105B50001C9F11B308B3B8F1000F1ED0EFB1BAF11A
:105B6000000F02D1B9F1000F17D12B4B26F47E1292
:105B70009A424DD12846FFF7C5FF044600283CD184
:105B80006B88BBEBD30F4FEAD30206D316F47C1F0E
:105B9000C6F3054504D0102D03D96FF086042CE020
:105BA00010251B9B9D4230D80023CDE90112102205
:105BB0000AAECDE9033ACDE90593CDE9082307966E
:105BC000FFF702FA0446C0B907AA04A901A803F026
:105BD00043F88146FFF704FA0446B9F1000F10D1EB
:105BE00088B92A46314640461CF0EFFE10220021BB
:105BF00030463D601CF0C2FE102320460FB0BDE8C9
:105C0000F08F6FF092040025F0E76FF08904F4E75D
:105C10006FF08504F1E700BF0002C0032DE9F041F9
:105C2000069F0C461646054610B309B302B9FBB9E8
:105C30006288B3EBD20F4FEAD20819D34C2200216D
:105C400028461CF09BFE0D4B27F47E129A4212D17F
:105C50002046FFF757FF044638B942463146281D13
:105C60001CF0B3FEC5F824802F602046BDE8F0810B
:105C70006FF08604F9E76FF08504F6E70002C003D1
:105C80002DE9F0410E4614460546002840D0002973
:105C90003ED092B10368214823F47E1383423AD167
:105CA000AF6BF7B1C7F1100807F12800424528444F
:105CB00006D227441CF089FEAF630020BDE8F081C6
:105CC00042461CF082FE1022103C3C19AA63F4D01C
:105CD000284605F128011AF077FF0028EED1464446
:105CE000A863102C0CD9671E27F00F073A463146DF
:105CF00028461AF069FF0028E0D1E41BDDD03E44BD
:105D00002246314605F128001CF05FFEAC63D4E763
:105D10006FF08600D2E76FF08800CFE70002C00383
:105D20002DE9F04388461F4605468BB070B169B136
:105D300063B10368234923F47E1088423ED113F4F3
:105D40007C1FC3F3054604D0102E03D96FF08604E0
:105D50002AE0102696422BD8FFF736F9044618BBE6
:105D6000AB6B05F12802CDE901236B6A2A1DCDE951
:105D700004231023CDE9083007AB1A4603900690A0
:105D800005F13C0901A904A8CDF81C9002F088FF98
:105D90000546FFF725F904466DB928B9324649464C
:105DA00040461CF012FE3E6020460BB0BDE8F0837A
:105DB0006FF08904F8E76FF09204F5E76FF085045F
:105DC000F2E700BF0002C00310B54FF42F720021AC
:105DD00004461CF0D3FD8023C4F88C30054B04F13D
:105DE0009C00C4F88430012384F88830BDE810405A
:105DF00019F0FBBE18E9020010B5D0F8A0400A4621
:105E00008CB91BF0F0F8044610B90024204610BDF0
:105E10002D2896BF064B074953F82010064A07481D
:105E20001BF02AFAF2E7D0F8A4101046A047ECE7DE
:105E300028EF02001BE90200E1EA020048EA020042
:105E4000F8B590F88050044615B100252846F8BDF5
:105E50001AF001FF0028F8D1012384F8803094F86B
:105E6000883033B1D4F88410244884F888501BF06B
:105E700003FA4FF0FF37D4F8B402421C21D0C4F823
:105E8000B47210F0FF0629D020461AF0E1FE314628
:105E9000204600F09BFB0028EDD0002620461AF09B
:105EA000DCFE94F8883084F8B96233B1D4F88410F9
:105EB00012481BF0E1F984F88860002384F88030F0
:105EC000C4E71BF0BEF9431CDBD1D4F88C30D4F806
:105ED0009420013B9A4203DA0125EEE70125CAE747
:105EE00094F8B952002DE8D10125054A0549064824
:105EF0001BF0C2F984F8B952DFE700BF4AEA02009A
:105F0000E1EA020029E9020048EA0200F8B50B784C
:105F10000446302B0D46164604D14B7803F0DF03C0
:105F2000582B11D0284F6A1E12F8011F002934D1B6
:105F300028460A2204F082FF202C03460D4631D168
:105F4000B1FA81F040091AE04A1C1F4912F8013FDA
:105F50008BB928461CF046FD1C4B02382340032B0E
:105F600012D10134A41084420AD1A87837288CBFFA
:105F70000020012003E0CB5C13F04400E6D1F8BD23
:105F8000CCBF01200020FAE7002CB8BF0334B0EBEF
:105F9000A40FD4BF01200020F1E77B5C13F00400C4
:105FA000C2D1ECE726B1084302D0013B61F1000504
:105FB0000122A240013A1A40002D08BF9A420CBFAC
:105FC00001200020DBE700BF5EF602000300008036
:105FD000F0B5037801467B2B17D106460224002238
:105FE0000B4F16F8015F7D2D05D10B5D6BB9D243C8
:105FF00002F0010008E07B5D13F0440002D00132A2
:106000000134EEE7202DFBD0F0BD0020FCE700BFFF
:106010005EF6020070B506460D461CF0E3FC044631
:1060200030461BF029F9AC4200D370BD02481BF08A
:1060300023F90134F7E700BF05E902002DE9F0413B
:10604000044602214E48FFF7E5FF1E212068FFF7B6
:10605000E1FF636858681BF00FF94A481BF00CF920
:1060600067683B7BFD2B0CD8D7F808804FF0FF35D5
:1060700040461CF0B7FC06460C3717F8013BFF2BD7
:1060800001D1BDE8F081212B48D8212B66D8DFE86B
:1060900003F0677375114B4D4F5165656565656517
:1060A0006565535557595B5D5F61656565656565F8
:1060B00065656F63344C1EB1202B05F10105DCD002
:1060C00002212F48FFF7A6FF1E212D48FFF7A2FF50
:1060D0002E481BF0D1F82E4920461CF06CFC2D49AF
:1060E000002818BF21462C481BF0C6F83B78202B0F
:1060F00002D12B201BF0B4F828481BF0BDF84EB19C
:1061000018F805301F2B05D018F805001F2801D0FE
:10611000B54229DB1B481BF0AFF8AEE7204C214A03
:10612000FE2B08BF1446C6E71F4CC4E71F4CC2E74E
:106130001F4CC0E71F4CBEE71F4CBCE71F4CBAE723
:106140001F4CB8E71F4CB6E71F4CB4E71F4CB2E733
:106150001F4CB0E71F4CAEE70D4CACE7104CAAE764
:1061600006B101351C4CABE71BF07AF80135CBE7E3
:10617000002E82D0013580E7184C9CE7184C9AE736
:1061800034EE0200E1EA0200D3E9020038EA02003C
:10619000E8E90200D8E902004AEA0200BAE7020090
:1061A000DAE90200E2E902002BEA020032EA020028
:1061B00023EA02001FEA020016EA02000CEA0200CB
:1061C00002EA020017EA02000DEA020003EA0200F6
:1061D000F8E90200F1E90200D2E902002AEA02002D
:1061E00031EA02002DE9F04F93B005468B460024BA
:1061F000009203931CF0F6FB1C9F039B04901C6011
:1062000028463C600AAA09A91BF058F8064658B966
:106210000A981CF0E7FB3446B046039B1860D5F89B
:106220009C300293029B1BB9204613B0BDE8F08F4F
:10623000029BD3F80890B9F1000F6FD02E4416F8E6
:10624000013B202B11D000260C23734309EB030ADA
:1062500059F803300193002B5BD0099B434558DB71
:106260009AF808202AB1721C3EE03B6801333B607B
:10627000E5E73968D5F894200793039B521A1A6012
:1062800012AB03EB880151F8203C019918460593A5
:106290001CF07CFB06900028E5D101981CF0A2FBC5
:1062A000DDE906230146DAF80400D7F800A090F8EB
:1062B0000CC0BCF1FE0F19D103F1FF3EC64515D04D
:1062C000D0F80090059801921CF08CFB0AF1010AAD
:1062D0008244019AAA44AAEB05033B601AF8013BE9
:1062E000002BF8D008F101081646ADE7D5F8942048
:1062F0000591A2EB0A028A4220DC58461CF072FB90
:10630000059901447B290DD958461E4A009919F078
:10631000AEFC2B46049A2A4493422AD1029B1B6866
:1063200002937FE7DDE90012584619F0A0FC5846B9
:10633000154A0099013419F09AFC94E7BCF1FE0F5C
:1063400091D1013B43458ED1D0F8009059F80C2BE8
:1063500022B9049B3B60039B1A60DAE75846009918
:1063600019F085FC5846084A009919F080FC013460
:10637000ECE713F8011B0029CED14FF0200103F800
:10638000011CC9E73AEA020005E902002DE9F047DD
:10639000002486B0DDE90EA81C60064689468AF80E
:1063A00000401168154888F8004017461D468DF8D2
:1063B0001740FBF7F5FA18B901242B6801332B605D
:1063C0000020D6F89C6036B914B1012388F800305B
:1063D00006B0BDE8F087B06868B14B460021CDE952
:1063E00002A8CDE900750DF117021AF099FD9DF88C
:1063F0001730002BE8D13668E5E700BF3FEA02001E
:106400002DE9F04F0446ADF5477D06AE8022002110
:10641000304605AF0DF110081CF0B0FA3B46802263
:1064200031462046CDF80080FFF7DCFE012847D139
:1064300030461CF0D7FA3B68D8F8002005461A44CD
:1064400022441146C01A013B334400EB020EAEEB6E
:10645000010CBCF1000F1EDC002120EAE07399540E
:10646000D4F8903099463A68D8F80010114449455C
:1064700016DCD4F89410A81A014403441644C4F856
:106480009410C4F890303518AB1B002B13DC0DF5BD
:10649000477DBDE8F08F13F801CF01F801CBD6E7B7
:1064A000E05C1AF0DDFED4F8903009F10109013307
:1064B000C4F89030D7E716F8010B1AF0D1FEE3E7E5
:1064C000E5DD26AD8022002128460DF58C7B1CF0F1
:1064D00055FA00214FF4007258461CF04FFAB246AC
:1064E00031464FF00109002311F8012B002A3CD15D
:1064F000304603924BF829301CF074FA2946039A6F
:106500001AF801CB0DF58C7E5EF8043B834235D141
:106510000132914501F801CBF2DAD4F890903B6852
:106520004B4532DC23463146264A27481AF0A4FE62
:1065300028461CF057FA3A68D8F80030154413443E
:106540002344801A1A466E1E1F18B91A002929DC26
:10655000002120EAE072D1542C18631B002B96DD39
:1065600015F8010B1AF07CFEF7E7202A03F101036E
:1065700004BF4BF8293009F10109B5E733449B5CAE
:106580006345C1D00023AB54C7E7D4F8903009F17C
:106590000109E05C1AF064FED4F890300133C4F8CD
:1065A0009030BCE716F8011F02F8011BD4F89010D8
:1065B0000131C4F89010D4F894100131C4F894104B
:1065C000C3E700BF18E9020044EA02002DE9F843DE
:1065D000D0E9245604460F46002294F89830012B47
:1065E00007D10A2F07D1002384F898300020BDE896
:1065F000F88300F29F801B2F01D10223F4E70D2FB7
:106600000DD1012384F898300D201AF029FE0A20BC
:106610001AF026FE00230120C4E92433E7E74FF0F7
:106620000008082F84F8988034D1454530DDB54204
:106630000FD138461AF014FE20201AF011FE013D49
:1066400038461AF00DFE013E04F80580C4E92456D0
:10665000CCE7FBDA05F1FF3938461AF001FE04EB0E
:106660000903A6EB0902611918461CF06EF904F83B
:1066700006800146013E48481AF0FEFD35464D456C
:1066800001DC4D46E2E708201AF0EAFD013DF6E79D
:10669000ACD0DBE77F2F1CD1002EA7DDB542A5DAF9
:1066A0006319691C21441846721B1CF04EF904F84A
:1066B0000680014639481AF0DFFD0820013E1AF035
:1066C000CFFDB542F9D1D4F89430013BC4F89430F1
:1066D0008CE70A2F98D0092F03D12046FFF790FEB0
:1066E00084E7D4F88C30013BB3427FF77FAFB542EB
:1066F00004EB050805F101090CDB384688F8007049
:10670000D4F89430C4F890900133C4F894301AF05F
:10671000A7FD6BE74146721B04EB09001CF015F95D
:1067200040461AF0A9FD0820013E1AF099FDB54235
:10673000F9DDE2E7022B06D15B2F01D1032353E7FA
:1067400084F8982049E7032B7FF450AF413F84F849
:106750009820032F3FF64AAFDFE807F002070A163A
:10676000012120461AF029FD40E74FF0FF31F8E7FC
:10677000B542BFF63BAF605D1AF072FDD4F89030C1
:106780000133C4F8903031E7002D7FF72FAF013D82
:106790000820C4F89050BAE74DEA020052EA02001D
:1067A00070B504460D4627F0E1FB1D2C06461DD8AA
:1067B0000C2C0BD8082C2CD014D9092C2CD00C2C38
:1067C00014D14FF4C060FDF767FC16E00123174AAF
:1067D000A340134223D1122C25D00D2C06D14FF407
:1067E000F060F0E7BB23E340DB0703D40023212460
:1067F0002B8009E08020FDF76DFC4FF6FF73984277
:106800000CBF0E2400242880304627F0AAFB204627
:1068100070BD4FF48060EEE74FF49060EBE700232B
:106820000F242B80F0E74FF4E060CCE7008091204C
:1068300030B58BB06C466A4D0FCD0FC42B68694ADA
:106840002360FF238DF80130D2F84C3113F48023FC
:1068500040F0BA80D2F850218DF801309DF8013017
:106860006C46FF2B08BF192368465F4D8DF8013039
:10687000FDF7E2FC3220FDF71DFD0FCD0FC40FCD5B
:106880000FC495E8030084E80300564BD3F84C216D
:10689000120300F18380D3F85041E4B28DF819401F
:1068A000FDF7C4FC044484F3080450488DF81840F4
:1068B000FBF714F96846FDF719FC3220FDF700FDDF
:1068C0004B48FDF7E3FD4B4C4B4827F069FC00209B
:1068D000FDF7FCFCFDF790FD236F002023F007037C
:1068E00043F003032367FDF7B1FD236F434923F40E
:1068F00074432367424BD3F8FC2012F0807253D1CB
:10690000C1F880203B4BD3F8202122F0030242F053
:106910000202C3F82021D3F8242122F0070242F01A
:106920000202C3F82421D3F8802122F0030242F0AE
:106930000102C3F88021D3F8402122F0030242F083
:106940000202C3F84021D3F8602122F0030242F092
:106950000202C3F86021D3F8402222F0030242F081
:106960000202C3F84022D3F8002222F0070242F0CC
:106970000202C3F80022D3F8202222F0030242F0E0
:106980000102C3F82022FDF76FFB4FF0E022002048
:10699000136943F0040313610BB030BD194B1C881D
:1069A000FF2C88BF8C2479E7D3F8FC2022F080727A
:1069B000C3F8FC200022C1F88020D3F8FC2042F06C
:1069C0008072C3F8FC209DE74FF07E6393F89C2013
:1069D00093F99C30002BFFF641AF8DF801203DE785
:1069E000E0EF02000080E00FF4EF020000F0490247
:1069F00000B4C4040080005028F002000090005051
:106A000000ED00E00001E00F07B56B46054A106895
:106A1000516803C36846FDF703FF002003B05DF82B
:106A200004FB00BF1CF002002DE9F04704460E46AF
:106A300021B900F0FFF80646002868D0337D1F2BEF
:106A400067D827F093FA0746334B1B68183B13F1BE
:106A5000180F0FD1DFF8C480D8F80090ACBB4246C5
:106A600021461C2001F04AF80546C0B1384627F0FF
:106A700078FA05E0A34206D1384627F072FA1225CB
:106A80002846BDE8F0871A68B24201D09B69DDE76D
:106A90003846002CF1D027F064FA2325F0E74FF0B8
:106AA000010AD8F8004000220421307D04F11003CF
:106AB00001F02CF8054680B1BAF1000F02D0204653
:106AC00027F0B0FCC8F80090D0E7B9F1000F01D171
:106AD000C8F800404FF0000AE5E702460421307D87
:106AE00004F1140301F012F8054618B1206927F0EB
:106AF00099FCE1E7214660602073A060064841F8F8
:106B0000186B19F075F8304600F074F8AEE72D25D3
:106B1000B6E70F25B4E700BF2C1700202817002088
:106B200020B1034B1B680360002070472220704790
:106B30002817002038B50D46044608B90F4B1C68CD
:106B400027F014FAD4E900311A7D4FF0FF33934057
:106B50000B43DB4303D127F004FA1A2038BDB3FA04
:106B600083F30122C3F11F03DBB29A400A43626040
:106B70002B7027F0F6F90020F0E700BF281700205F
:106B800070B50E46044608B90D4B1C6823681B7D82
:106B9000B34212D927F0EAF9012200256368B24016
:106BA00023EA02036360236943F82650636943F8CC
:106BB000265027F0D6F9284670BD2120FCE700BFFB
:106BC0002817002070B50D461646044608B9084B34
:106BD0001C6823681B7DAB4208D927F0C7F92369DD
:106BE00043F8256027F0BDF9002070BD2120FCE7A7
:106BF0002817002013B50468806827F0D1FA0C48E4
:106C000027F0CEFA152000F0A5F8152000F086F840
:106C10001E23ADF804300023204601A98DF806306C
:106C200019F056FF012304F58054636002B010BDD3
:106C30002CF00200004870473CF00200F8B5134DFC
:106C40006B6D2A6D1340124A002B13659EB202DB56
:106C500001276EB9F8BD0123E9680E4AC1F304218A
:106C60008B40284642F82130BDE8F84026F00EBAA5
:106C7000B6FA86F4C4F11F04E4B22146284607FAA6
:106C800004F426F003FA26EA0406E2E700000450C2
:106C900000200450301700200028ACBF00F16040F5
:106CA000064B4FEA0111C9B2ABBF00F5614000F0DD
:106CB0000F0080F800131954704700BF14ED00E076
:106CC00008B527F053F90B4B1A7872B901221A70E4
:106CD00027F047F96FF0040210460132052152B245
:106CE000FFF7DAFF402AF7D108BDBDE8084027F0DA
:106CF00038B900BFFF2A002000280CDB012206491A
:106D0000430900F01F008240203341F82320BFF3E5
:106D10004F8FBFF36F8F704700E100E0002807DB63
:106D200001234109034A00F01F00834042F821304B
:106D3000704700BF00E100E0054B421153F82230DC
:106D400000F01F0023FA00F0C04300F0010070477C
:106D500000E100E0002808DB01224309034900F0BC
:106D60001F008240603341F82320704700E100E0BB
:106D700010B5044627F0FAF8024B1C6027F0F1F832
:106D8000002010BD5017002010B527F0EFF8034B7E
:106D90001C6827F0E6F8204610BD00BF5017002001
:106DA00038B50C461546014610B9FFF7EDFF014610
:106DB0002B462246034801F047FC0028D4BF372069
:106DC000002038BD2114020038B5104B05461B7851
:106DD000ABB1B0B1002029462860FFF7ABFE0446F6
:106DE00088B927F0C3F82B680125094A190102EB7D
:106DF00003131D73545027F0B4F8204638BD1124F6
:106E0000FBE72124F9E71A24F7E700BF002B002055
:106E10005818002010B527F0A9F80023084A147B61
:106E200054B90133082B02F11002F8D1054B1C7044
:106E300027F097F8204602E027F093F8042010BDD1
:106E400058180020002B00200D4B10B51B7804466D
:106E50008BB1072811D80B4BC1B21868FFF790FE11
:106E600027F084F8084B03EB041300241C7327F06D
:106E700078F8204610BD1120FCE72120FAE700BF7A
:106E8000002B0020541700205818002010B527F0C0
:106E90006DF8124B1C781CB127F063F8122010BD5E
:106EA00001221A7027F05DF80D4B0E481C731C77F9
:106EB00083F82C4083F83C4083F84C4083F85C40D6
:106EC00083F86C4083F87C4027F06AF9064827F085
:106ED00067F90648FFF724FE2046E0E7002B002074
:106EE0005818002030F002002CF002005417002047
:106EF000F8B504461648007820B3072C24D8154D61
:106F0000260105EB0410077B07B3AB510025069B58
:106F100085604360134610480A462146FDF7D4FFBA
:106F200001230E4AA34053650D4BE1B253F82420D0
:106F30000C4B1868FFF746FE0748214619F0DBFDA9
:106F40002846F8BD1120FCE72120FAE72520F8E7C4
:106F5000002B00205818002000000450001004509E
:106F60007CF00200541700202DE9F04F87B09846BE
:106F70009DF84030044600933D4B8B461B7891466C
:106F8000002B6FD007286FD8002A6DD0B8F1000F02
:106F90006AD0119BB3F5006F66D8DFF8F0A003014B
:106FA0000AEB0012127B0193002A5FD00021314DC1
:106FB000102205EB401647013046CDE9031105913B
:106FC0001BF0DCFC4FF444727280DDE900231AB937
:106FD000F27842F03002F270DBF80020E9190292F8
:106FE000119AC1E90189501E9DF84820C0F30A009A
:106FF00002F00302920642EA001CEA591E481040C1
:107000004CEA0002EA51139A52B38A78C2F3001292
:107010003D44A97862F30411A970002513990AEB85
:1070200003024AF80310149B95605360134BE1B2BE
:1070300053F82420124B1868FFF7C4FD334602AA08
:1070400021461048FDF740FF0E48214619F053FD38
:10705000012328460C4AA340536507B0BDE8F08FD2
:10706000139AD5E71120F8E72120F6E72520F4E769
:10707000002B0020581700200F80FFF37CF0020047
:10708000541700200000045000100450581800202D
:107090000A4B1B7863B107280CD8094B03EB00138C
:1070A0001B7B4BB10123074A8340136400207047C8
:1070B000112070472120704725207047002B0020A9
:1070C00058180020001004500A4B1B7863B10728A1
:1070D0000CD8094B03EB00131B7B4BB10123074A70
:1070E00083401364002070471120704721207047AF
:1070F00025207047002B0020581800200020045045
:1071000038B50446D0F8A4301D682B6C5906FCD560
:10711000002394F8AD101A4694F8AC00FDF7D4FCA7
:10712000002394F8AF101A4694F8AE00FDF7CCFC9B
:1071300094F8B430DA0707D5002394F8B1101A4652
:1071400094F8B000FDF7C0FC94F8B4309B0707D565
:10715000002394F8B3101A4694F8B200FDF7B4FC7B
:10716000012205F500539A64042200219A642846FE
:10717000094D19F00CFCD4F8A80027F014F82846A3
:1071800004F1B80118F047FD2B6813B9034800F06B
:10719000E5FD002038BD00BFD8180020DC18002015
:1071A000012910B502D9022913D010BD124B1C6859
:1071B000B83C14F1B80FF8D0D4F8A80026F0F0FFCE
:1071C000D4F8A4300521186819F0E1FBD4F8B840D0
:1071D000EEE7094B1C68B83C14F1B80FE5D094F801
:1071E000973033B994F895301BB9D4F8A80026F03D
:1071F000DAFFD4F8B840EEE7D81800202DE9F047C0
:107200001D4613688EB0D3F8009091F83130824655
:107210008846144606AE002B00F0DF80734F0FCF78
:107220000FC697E80F0086E80F0018220021684675
:107230001BF0A4FBA26803460892227B012A00F0FF
:10724000CE80022A0CBF4FF440720022ADF82620F7
:10725000627B0D93032A8CBF4FF480526449A37B59
:1072600098BF31F812200127ADF828205A1E022AB3
:1072700088BF00235F4A8DF80030D8F838308DF889
:1072800006701A605C4A29465A605C4A50469A6009
:107290005B4ADA60424600F00BFB0646002840F0ED
:1072A000988023695748C5F8A830E37D85F8AF304A
:1072B000A37D85F8AE30637D85F8AD30237D85F8FC
:1072C000AC30637E85F8B130237E85F8B030E37E44
:1072D00085F8B330A37E85F8B2302368C5F8A430B2
:1072E00026F05EFF3B460422617D207DFDF7ECFB2E
:1072F0003B46E17D0222A07DFDF7E6FB85F8B46008
:10730000206926F04DFF98F83130484606A9002B39
:1073100068D019F063FB95F8B43043F0040385F8A6
:10732000B4300222384BC3F8C020607D217D41EA91
:107330000041C3F8D010E07DA17D41EA0041C3F8CF
:10734000CC10A37B03F0FD03012B0AD195F8B430D8
:1073500043F0010385F8B430617E0023207EFDF701
:10736000B3FBA37B023B012B0BD895F8B43004226E
:1073700043F0020385F8B430E17E0023A07EFDF7E0
:10738000A3FB95F8B430DB070FD5637E227E42EA7B
:1073900003421E4BC3F8C4200122C3F8C020E17E83
:1073A000A27E42EA0142C3F8C820194B1B681BB9F0
:1073B0001849194800F0C0FC154805F1B80118F04B
:1073C00017FC164A09F50053052148465A6419F07E
:1073D000DEFA30460EB0BDE8F087114F1FE74FF4DC
:1073E000007233E719F0FDFA9BE700BFA4F002003A
:1073F0009CF002004D1402007F140200631402008E
:107400000171000034F0020000C4035000D40350A6
:10741000D8180020982E0020DC1800207F370C019F
:10742000C4F00200034B022218680023806819464A
:1074300003F0E4B9F02E0020302337B5007D0DF1C4
:107440000701434303F1A04303F58023DD6E1C6F66
:1074500025F082FE9DF8070040B9054B9D4203D1FF
:10746000C4F3400484F0010003B030BD0120FBE709
:10747000012B00203021037D02464B4303F1A04342
:1074800003F58023D86E07491B6F884208D113F09B
:10749000020006D0106A136D1B1A584258417047FB
:1074A00000207047012B002070B5044608B9012068
:1074B00070BD057D2846FFF7EBFD30236B4303F1DC
:1074C000A04303F580232846DE6EFFF7FDFD0A4B3F
:1074D0009E421CBF042384F8A13094F8953094F8A0
:1074E000A1002BB1022803D1012384F8A130DFE7EA
:1074F0000428DCD1F8E700BF012B00202DE9F04F74
:1075000004464FF444764FF030093F4D00F1380700
:107510001022002185B038461BF030FA6687C4E996
:107520000F55207DFFF7B4FD1022002138461BF0D7
:1075300025FA6687207D354EC4E90F5509FB0063A7
:10754000DB6EAB4204D105B0BDE8F04FFFF7BCBD28
:107550000DF10B0125F000FE9DF80B50002D4CD1D4
:10756000204619F0CDFF804603A9207D25F014FEAA
:10757000039B2946013B1FFA83FB04F118031D46B8
:1075800010221846D4F810A01BF0F8F9A169204A7F
:10759000CBF30A031B010A4043F040731343C4E9D1
:1075A000063A237DC4F8208009FB0366336F94F804
:1075B00024205B0863F3410284F82420326F94F89E
:1075C000243025F0030562F3000384F82430336F80
:1075D000626A9B0863F39F0245F00205626265647C
:1075E00000943A4621460B4B207DFFF781FC207D1D
:1075F000FFF76AFD05B0BDE8F08F94F8443023F042
:10760000020384F84430EBE7012B00200000045013
:107610000F80FFFC2D1502002DE9F7434469064653
:1076200094F8953063B194F898304BB1002384F806
:10763000953026F029FE236E012120469B6898474D
:10764000336904F17C07013B102200213846D6F84B
:107650000C90D4F874809DB21BF090F90B4BC5F3DD
:107660000A0543EA0513C4E91F39012394F8780099
:1076700084F88C30C4F884803A46054B009604F1B7
:107680006401FFF735FC03B0BDE8F0830000103063
:10769000E31502002DE9F04F0026044698468BB012
:1076A000089106921E60069BB3EB060900F09F80CE
:1076B000089B9E1900F09B80207DFFF7E9FC204687
:1076C000FFF7D8FE0746207DFFF7FEFC002F40F0B5
:1076D0008E80204619F014FF216D94F89AB08842EC
:1076E0009BBFD4E91253ED18451A6D1A4D4528BFBA
:1076F0004D46BBF1000F00F09F8026F037FCD4F818
:10770000509007902046FFF797FE4B46A9468246C9
:1077100058199842D4F89C2072D1D4E912130B4422
:107720009A42079808BFC4F89C1026F01AFCD3466A
:10773000207DFFF7ADFC2046FFF77EFE0646204683
:1077400019F0DEFE236D8246984240F28380A26CDF
:10775000AEB2934276D1099304F12807236910222F
:107760003846002107931BF009F93022079B013EA0
:10777000E362099BC6F30A062363237D3601534364
:1077800027F0030703F1A04346F0407647F00207D5
:1077900003F58023A6621F67236DD4E912122B44E0
:1077A0000A44934208BF0B469A45236505D101233D
:1077B000204684F85430FFF7A1FE207DFFF784FCBB
:1077C00094F89A303BB1BBF1000F04D0236E112125
:1077D00020465B689847D8F80060B9F1000F06D0E2
:1077E000069B4E449E42C8F80060FFF45CAFD8F898
:1077F0000030002B14BF00201B200BB0BDE8F08F21
:10780000934203F1010108BFC4F89C101B7808BF24
:107810005F4603F0FD0CBCF1110F03D006F8013BED
:107820000B4676E72FB1A3F111025342534184F87E
:10783000A03009F1FF39F3E72A4630461BF0C5F8BE
:10784000A94675E7238DC3F30A12164466F30E1397
:107850002385A1E7207D86B93023584300F1A0405D
:1078600000F58020426E436EC2F30A122A446FF381
:107870000E1343EA021343668EE70C4B0494039302
:107880000023CDE901530123009352462369214689
:10789000FFF76AFB3022237D534303F1A04303F536
:1078A00080235A6E22F480125A6675E72D15020065
:1078B000F0B50C4615460646A422002189B02046A4
:1078C0001BF05CF82746AC46BCE80F000FC7DCF89D
:1078D000003005F1140C3B6004F16407BCE80F00B4
:1078E0000FC7DCF80030EA6A3B60AB6AC4E91323D7
:1078F00095F83020A36484F8992095F83320C4F8D3
:107900009C30012384F89A2084F8A03084F8543005
:10791000AB6B236695F8343084F8943095F83130A9
:1079200084F898303E4B346073603E4BB3603E4BFE
:10793000F3603E4B73613E4BB3613E4B3361FFF7E7
:10794000A5FA08B112280CD107A8FFF73DFA40B9F3
:10795000079B07A82375FFF737FA28B1207DFFF7AB
:1079600073FA102009B0F0BD0127079B84F8783026
:10797000314B7362314B84F8A170F361304B95F851
:107980003210336284F8960084F89570204619F01E
:10799000CBFEAB6B93F91100FFF7DCF9AB6B93F9FE
:1079A0001100FFF7BBF9207DFFF772FB0028D8D14B
:1079B000244B0494CDE90203E36C2146CDE9007326
:1079C0002369A26C207DFFF7CFFA0028C9D13022AD
:1079D000237D4FF48011534342F2640203F1A0432C
:1079E00003F580239950AB6B93F91000FFF7B2F9C0
:1079F000AB6B93F91000FFF791F904F1900018F0C8
:107A0000F4F83046FFF7B4F92046FFF777FD207D04
:107A1000FFF75AFB003818BF01200001A2E700BFA2
:107A20000B1602009D15020095760000EF1402006F
:107A3000F514020091170200A97400002917020032
:107A4000FB1402002D15020070B50568144E2C7D44
:107A50002046FFF71DFB302303FB0463DA6E114B56
:107A60009A420FD12846FFF7E7FC80B126F07EFA54
:107A700001230D4AA3405365A2F5805293625363DC
:107A800026F06FFA2046BDE87040FFF71DBB284680
:107A9000FFF7F0FC0028F5D10123A340B364F1E720
:107AA00000000450012B00200020045013B50A4CA4
:107AB00023787BB900F040F8684600F035F8DDE93E
:107AC00000010222054B1AF0D2F808B901232370F5
:107AD00002B010BD1220FBE7022B0020E4180020AA
:107AE00007B5009313460A460146034819F0FFFE06
:107AF00003B05DF804FB00BFE418002013460A46FB
:107B00000146014819F0E2BFE418002007B50093D0
:107B100013460A460146034819F0E2FF03B05DF838
:107B200004FB00BFE4180020024AD2E90021C0E9AA
:107B3000002170470C1900200349044B044A5B1ACA
:107B400011605360704700BF183100200080002092
:107B50000C190020BFF35F8F074B5A6A22F4803262
:107B60005A62D3F8942022F00102C3F89420BFF3A4
:107B70004F8FBFF36F8F704700ED00E070B5FFF7D8
:107B8000E9FF234A234CD2F8C030234D23F0FF03F2
:107B900043F0A003AC422149C2F8C03028D025F000
:107BA0001F03203BB3F1005F23D21D4B0A68184826
:107BB00023F01F0343F00303C0F89820C0F89C3063
:107BC000184B0132C0F8A0300A60BFF35F8F052266
:107BD0000F4BC3F894205A6A42F480325A62BFF3C2
:107BE0004F8FBFF36F8FBFF34F8FBFF36F8F70BD9A
:107BF0000D4B08680D4EC2F8980043F001030130A8
:107C0000AC42C2F89C60C2F8A0300860DDD0CCE77E
:107C100000ED00E0602E0020802C002014190020D0
:107C20007F2E0020E17F0020008000200300002044
:107C30002DE9F0410E461146DFF8D480D8F8004017
:107C4000FF2C8CBF1A270027FFF784FF1F292AD992
:107C50000021C2061CBF20F01F0020302B4DF30670
:107C600018BF26F01F06CBB29C4231D8D5F8C030E1
:107C700040F0030423F47F4343F48073C5F8C0301D
:107C800026F074F9D8F8003046F00306C5F89830AD
:107C9000C5F89C40C5F8A06026F063F9D8F800301C
:107CA0000133C8F80030BFF35F8F0522174BC3F8CC
:107CB00094205A6A42F480325A62BFF34F8FBFF366
:107CC0006F8FBFF34F8FBFF36F8F3846BDE8F081E2
:107CD000C5F89830D5F89C30D5F8A02023F01F03C4
:107CE000984222F01F0201D196420BD0904201D857
:107CF0009E4209D2D5F89830013123F0FF03C5F830
:107D00009830B0E70027CEE72827CCE700ED00E069
:107D100014190020BFF34F8F0549064BCA6802F4BF
:107D2000E0621343CB60BFF34F8F00BFFDE700BF9E
:107D300000ED00E00400FA0538B54160044626F085
:107D40000CF905462146044817F052FF2846BDE8C5
:107D5000384026F0FDB800BF1819002038B5054698
:107D600026F0FBF804462946034817F054FF204646
:107D7000BDE8384026F0ECB818190020014817F08B
:107D800034BF00BF1819002070B526F0E6F8124D78
:107D90000446124826F004FA2E7886B9FFF7EEFF63
:107DA00026F0F4FB0E4B1E6025F0F4FE0D4B0E4A40
:107DB0001860536F43F00103536719F07AFF00F026
:107DC00073F819F08DFF094B1860012320462B70C2
:107DD00026F0BEF8002070BD0F2B002034F002000A
:107DE0001C190020441900200040005020190020D8
:107DF00038B5044626F0B1F80F4D02462B78FF2B1C
:107E000004D1B4B1BDE8384026F0A2B81BB9002CAB
:107E1000F8D0012103E0002C14BF0121FF210B4405
:107E2000DBB22B70B3FA83F304495B0910460B7085
:107E3000E8E71946F3E700BF0C2B00200B2B0020CE
:107E4000054B1B685843054B00F5742000F23F209A
:107E5000B0FBF3F0704700BF4419002040420F0010
:107E600073B50F4E04463378834211D000238DF84A
:107E70000430430001A88DF805300A4DFCF7C8FB1B
:107E800040203CB1FFF7DCFF2B68181A28603470E3
:107E900002B070BDFFF7D4FF2B681844F6E700BFAF
:107EA000013100207C19002073B5002401A88DF851
:107EB0000440FCF74FFC2046FFF7D2FF2C4B2D4A25
:107EC000D3F8003103F0030313604FF400222A4B70
:107ED0005A664FF400325A6625F0A8FB4FF4C8707A
:107EE000FFF7AEFF254B264A186026491368013478
:107EF000E4B20A2C41F8040BF9D1034400EBC000B2
:107F000003441360204B214D1B7813B3184BD3F857
:107F1000003103F00303022B23D0032B24D0012BC9
:107F200017D124F0CDFE024698B1194B194EDC68EA
:107F300000231946C4F30B04013404EB8404013814
:107F4000E4FB060102F088FAFFF77AFF2B6803448E
:107F50002B601F20FFF774FF2B6803442B6002B0D7
:107F600070BD24F0B7FEDEE724F0B0FEDBE700BF13
:107F7000008000508819002000900050481900200F
:107F80004C19002050190020132B00207C190020D0
:107F900000C0015040420F000122154B10B55A6736
:107FA000144B154C1B7813B3022026F0E0FAF0B105
:107FB00025F0B8FED8B1A36DD90302D5E36D9A07B9
:107FC00015D40D4B9B6DDB0711D401220B4B1A709E
:107FD00026F0C1FABDE81040094B0A4A1860136F39
:107FE00023F0070343F00303136724F04FBE10BDD3
:107FF00000D00050142B002000C00050112B002096
:1080000078190020008000500122014B1A7070473F
:10801000142B002070B525F0A9FF144E05463478C6
:10802000FCB9134B1C60134B1C60134B1C6000F01D
:1080300031F8012025F062FF25F054FF0F4B024676
:10804000186020B9284625F08CFF232070BD2346F8
:1080500040F2E7310A4802F0FFF90A4B18600123A9
:108060003370284625F07DFF0020EFE7172B002016
:108070009C19002098190020A4190020A0190020A4
:1080800018FCFFFF94190020014B1868704700BFCF
:108090009419002030B50024194B85B018689A88CF
:1080A0000290D3F806009B7A00901648ADF80C2099
:1080B0008DF8043026F074F802A88DF808408DF889
:1080C0000C40FCF7ADFD694601208DF80040FCF73F
:1080D0006BFD40F2FF320C4B9A615A614FF0B04297
:1080E000936A13F00803FBD113620120FCF776FDBD
:1080F0000C20FEF72FFE0C20FEF710FE05B030BD61
:10810000E7F0020024F002000020005810B525F02E
:108110002DFF4FF0B04304465B695A06074A03F04F
:10812000010003F0510348BF40F00200536125F005
:108130000FFE2046BDE8104025F013BF0020005878
:108140002DE9F04F9B4691B00B1E0A93B74B90461A
:1081500014BF8146994600251A9E9BF8000070B90D
:10816000454538BF2A4643464FF000000A9928BFCC
:1081700008F1FF32C847284611B0BDE8F08F252826
:108180000BF1010B06D02A4643460A996C1CC847DE
:108190002546E2E700230CE02D2A1FD0302A05D027
:1081A000A2F1300009280ED8002729E043F001038E
:1081B0008B46594611F8012B2B2A12D0ECD8202AD5
:1081C00012D0232A13D02A2A33D156F8047B8B46A7
:1081D000002FBCBF43F002037F4218E043F00203CC
:1081E000E6E743F00403E3E743F00803E0E743F086
:1081F0001003DDE70A208B4600FB0722A2F13007BF
:10820000594611F8012BA2F130000928F2D99BF848
:1082100000202E2A44D19BF801100BF10102A1F19C
:108220003000092843F4806331D800244FF00A0C51
:1082300006E00027EBE702460CFB0411A1F1300435
:10824000104610F8011BA1F1300EBEF1090FF2D952
:10825000114611F8010B6C282CD024D8682830D096
:108260006A2837D011468B461BF8010B67285DD86A
:10827000572832D8452807D085D9462800F0E8800D
:10828000472880D143F4006343F02003F4E02A2917
:1082900007D156F8044B0BF1020224EAE474D7E745
:1082A0005A460024D4E7742801D07A28DAD143F45E
:1082B0008073D8E750786C28F9D143F44073911C4F
:1082C000D1E75078682802D043F08003CBE743F031
:1082D000C003F4E743F40073C5E7A0F158020F2A86
:1082E0003FF651AF01A151F822F000BF8383000097
:1082F000878100008781000087810000878100005E
:10830000878100008781000087810000878100004D
:1083100087810000838300009D8400008383000028
:10832000758400005584000075840000A0F1690187
:10833000C9B20F293FF627AF012249F2410C8A400A
:1083400012EA0C0218D10A2900F0E48007297FF410
:108350001AAF43F0210305930823CDE9034310230B
:10836000CDE9012356F8043B2A460093484643468C
:108370000A9919F0DCFD7BE06F2840F02F8108227C
:108380000BE0582810D0622800F0268123F010035B
:1083900064284FF00A0200F0298123F00C0325E144
:1083A0007828F3D11022F8E743F02003FAE7D90543
:1083B00006F1040A01D5316803E058060DD596F997
:1083C0000010CDE90224CDE9047300294FEAD173EE
:1083D0000193B8BF4942009120E01906EBD5B6F9E8
:1083E0000010EEE779B1CDE907730023CDE904234E
:1083F00006F1070A2AF0070A06940293FAE8022314
:10840000CDE9002317E1D80506F1040A10D5CDE91E
:108410000473CDE9022401913368009343462A4650
:1084200048460A9919F083FD0BE100BF911D020037
:10843000590607D53178CDE904730023CDE902242C
:108440000193C8E7316813F0800F18BF89B2F2E7D3
:1084500043F02003CDE90173073626F007060094A8
:10846000B6EC020B43462A4648460A99F8F718F933
:10847000054672E667280ED0CDE90173073626F06F
:1084800007060094B6EC020B43462A4648460A9972
:10849000F7F746FFECE743F40063EDE713F002045F
:1084A00023D04FF0010A6B1C0B932A4643460A99CE
:1084B00016F8040BC8475CB354460B9A1EE04346BB
:1084C00020200A99C84705EB0A020AF1010A57451C
:1084D000F5D8002F07F1FF3308BF002307F1010A89
:1084E0001D4408BF4FF0020ADDE7A246EBE7551C2A
:1084F000434620200A99C8472A460134A742F6D8A5
:10850000A7EB0A03574538BF00230B9A1A440B9276
:108510000B9D22E63246002C52F8046B14BF214614
:108520004FF0FF310B9232463144107808B191423E
:1085300011D1A2EB060A13F480620D9202D0A2457B
:1085400028BFA24613F002030E931BD1AAEB05032A
:108550002A460C9308E00132E7E7531C0F932020D2
:1085600043460A99C8470F9A0C9B1344BB42F4D365
:10857000A7EB0A03574538BF00230AF1010202EBBB
:10858000030A1D44AB1B0C9304E01C4643462A46D9
:108590000A99C8470C9B9D1916F8010B28B10D9B31
:1085A000002BF3D0631E002CEFD10E9B93B12A4613
:1085B000AAEB050405E0561C434620200A99C8474B
:1085C0003246A3189F42F6D8A7EB0A03574538BF97
:1085D00000231D440B9EC0E50222DEE63FF6E0AE1E
:1085E000692823F010037FF4D3AE0A22590548BF4F
:1085F00023F00103692803F4007102D064287FF49A
:10860000F1AE00293FF4D3AE073626F00706B24696
:1086100070685AF8081BCDE9077300230593C30F50
:108620000028029306940B46049202DA4B4260EB58
:108630004000CDE9003043462A4648460A9919F0E1
:10864000B8FC0546564688E51FB5CDE90201009302
:1086500002A9134603484FF0FF32FFF771FD05B042
:108660005DF804FB5320020030B502298FB00546A7
:108670000C46ADF806200DD10B238DF80B300023EE
:1086800028461A460DF10B0123F0D3FA40B39DF8AA
:108690000B0026E003A923F033FA08BB9DF80C3049
:1086A0000CBB042B28BF042328468DF80B3023F085
:1086B00021FA0028E3D02422002105A81AF05EF94F
:1086C0000D4A0E4B2846002C08BF13460DF106013B
:1086D00006930DF10B0205AB0FF0A8FC0028CED0DD
:1086E0000D200FB030BD012CDED15A1FD2B2062AA8
:1086F00028BF0A23D8E700BF00180D8FC0CA8936EB
:1087000070B5044623F0F2F9064630B90FCC044D9B
:108710000FC594E8030085E80300304670BD00BF34
:10872000A819002047F6FF739A42F0B569D00229D4
:1087300069D8364B5B5C012B65D8354DDE0005EB07
:10874000C30415F83330A178012B13D10025E0784C
:10875000401AA84202D80844C0B2F0BD431B666864
:10876000A0EB530336F913609642D4BF1D4603F1C4
:10877000FF30EEE760680028EFD0B0F90040A24279
:1087800004DCB0F902409442B8BF144683883544F3
:10879000FF2B19BFC8232827B0F90630B0F908709D
:1087A000A3EB04030CBF0122002293FBF7F36E78C6
:1087B00013441BB29E4201DD002B01DA731E1BB273
:1087C0004FF47A7C00EBC305EA88AD685F1C14FBAC
:1087D00002521D4622EAE2723BB25C329E42B2FB7A
:1087E000FCF204DD00EBC307BF88BA42EAD900EB14
:1087F000C5039888904228BF1046884238BF084673
:10880000AAE7FF20A9E70020A7E700BF48F1020080
:10881000A819002008B50448FFF772FFBDE808401A
:10882000012023F065B900BFD8FA020011B902494E
:1088300023F04BB92120704714300020022870B576
:1088400034D81C4C245C012C30D81B4810F8345010
:10885000012D12D100EBC40046684EB3C478807875
:10886000844225D3241AB6F9005036F91440601B0F
:108870002828A8BF282000B20DE0BDB900EBC40035
:108880004068A8B18488B0F90250FF2C0BD1B0F930
:108890000640B0F9080001B10D8002B1148003B1A7
:1088A0001880002070BDB0F90040E0E72120F9E712
:1088B0000E20F7E748F10200A81900202DE9F04743
:1088C00014461D46124A8846DDF820900646FFF7FA
:1088D000CBFE21464B462A460746FFF7AFFF04462C
:1088E00098B995B1304623F005F970B147F6FF729B
:1088F00041463046FFF7B8FE874206D023462A4657
:108900002146BDE8F047FFF799BF2046BDE8F08754
:108910000080FFFF7FB50222084B0949CDE9012302
:108920004FF00073CDE90313052301A94FF0FF3089
:10893000059323F005F907B05DF804FB006A180001
:10894000000204001B0603F0706300F00F00090230
:10895000034301F47061120402F470220B431343C9
:10896000014A1360704700BF0020025C60B50546F5
:1089700019B10139B1F5806F0FD2094EF06810F4CA
:108980008030FBD143EA012312072B4302F08052CF
:10899000134343F00043736060BD0120FCE700BF58
:1089A0000020025C0122054B9A60DA68D203FCD4F5
:1089B000D86820F00F000004000C70470020025C13
:1089C000014B1868704700BF0040025C014B5868BB
:1089D000704700BF0010025C014B186B704700BF6E
:1089E0000010025C014B1868704700BF0010025C69
:1089F000014B9860704700BF0010025C014B186487
:108A0000704700BF0010025C014B5864704700BF04
:108A10000010025C014B5863704700BF0010025CFD
:108A20000022014B1A6070470010025C024A136872
:108A300043F00103136070470010025C024A1368A0
:108A400023F00103136070470010025C43F204023C
:108A5000014B1A60704700BF0010025C024A1368A5
:108A600043F03003136070470010025C044B1A6837
:108A700042F480721A601A6822F480721A60704799
:108A80000010025C024A136843F48063136070476D
:108A90000010025C034A136823F4702343EA004386
:108AA000136070470010025C044B1A6902605A6937
:108AB00042609A698260DB69C36070470010025CA3
:108AC0000268044B1A6142685A6182689A61C268FE
:108AD000DA6170470010025C024B1A6BD207FCD4BB
:108AE000186270470010025C0322024B1860196183
:108AF0005A6370470000025C82B01FB507930A9B5F
:108B000004AC8B4228BF0B4604E907001048D10093
:108B1000079948BF03330160099948BF23F0030355
:108B200023F0704301F0E041194341F000518160AE
:108B3000002102F0E042019C1A4342F00052C16061
:108B400004618261416304B0BDE8104002B0704727
:108B50000000025C3F22034B1A631022DA610322F9
:108B60009A6370470000025C024AD36B9B07FCD4F7
:108B7000704700BF0000025C044B986A00F02400BC
:108B8000003818BF01208000704700BF0000025C61
:108B900008B5FFF7F1FF064BDB6B23F47F4323F0AF
:108BA000EF0303431EBF0122024BC3F8FC2F08BD95
:108BB0000000025C00F0FF3F4368182B0AD0202B16
:108BC0001DD0102B2BD1174BD3F80434DB010AD462
:108BD00001207047134BD3F804349A01F8D50B6881
:108BE00043F008030B6003680F4A934210D10B68EF
:108BF00043F040030B600023436000207047094BA3
:108C0000D3F804345B01E3D50B6843F00403E9E7D0
:108C1000064A9342F1D10B6843F08003EAE707204C
:108C2000704700BF0000025C192B0020182B0020A9
:108C30000B4607B50749D1F80414C90708D5002128
:108C400000920246084600F05BF803B05DF804FBB2
:108C50000120FAE70000025C1346064AD2F8042419
:108C6000D20504D50A460146002019F016BC0120A1
:108C7000704700BF0000025C13B5084CD4F80444F0
:108C8000E40508D5009313460A460146002000F08B
:108C900061F802B010BD0120FBE700BF0000025CDC
:108CA00013B5084CD4F80444E40508D500931346E2
:108CB0000A460146002000F071F802B010BD012004
:108CC000FBE700BF0000025C70B504460D46164687
:108CD0008CB00A4A09AB07CA83E807001A46214646
:108CE000CDE90563CDE90333CDE9013300954FF4B8
:108CF000803019F0F9FA0CB070BD00BF4CF10200E1
:108D0000F0B51C465B6815468DB01A07129E1AD145
:108D1000CBB17268934216D10C4B0D4A53F82170B7
:108D200009AB07CA83E807001A462946CDE905338F
:108D3000CDE90333CDE90163009447F4807019F065
:108D4000D3FA0DB0F0BD0720FBE700BF58F10200D9
:108D50004CF10200F0B516465A688DB0102A0D4647
:108D6000129F15D17A68102A12D10A4A09AC07CA93
:108D700084E8070022462946CDE90547CDE90344AA
:108D8000CDE901440448009619F0AEFA0DB0F0BDEB
:108D90000720FBE74CF1020030000100F0B5164659
:108DA0005A688DB0102A0D46129F15D17A68102A84
:108DB00012D10A4A09AC07CA84E8070022462946AC
:108DC000CDE90574CDE90344CDE90144044800969A
:108DD00019F08AFA0DB0F0BD0720FBE74CF1020054
:108DE0001000010082B070B586B0149D03AE202D36
:108DF00086E807000B9359D805EB85038B4203D017
:108E000006236B438B4253D10C9BAB4250D10F9B3B
:108E1000B3EB450F4CD1129A934249D10122294616
:108E20002220159BFFF7A2FD044630BB0346062215
:108E30000E210C20FFF786FD0123CDE900332B46E0
:108E400096E8070019F0CFF90E230BAA009307CA82
:108E50002B4619F00EF90C23164C00930EAA2B4644
:108E600007CA19F03BF9636823F07F0343F0260338
:108E70006360FFF797FD30B10624204606B0BDE8D9
:108E8000704002B07047636823F07F0343F0220311
:108E90006360FFF787FD04460028EDD1062311AA81
:108EA000009307CA2B4619F04CF9E6E70124E4E7E2
:108EB0000724E2E70020025C70B598B0002843D098
:108EC0002C4C08AD0FCC0FC50FCC0FC50FCC0FC568
:108ED00094E80F0004AE85E80F0004F1100320347D
:108EE0000FCB8DE80F0094E80F0086E80F00FFF726
:108EF000BDFD0420FFF7CEFDFFF7A8FD30466D460F
:108F0000FFF7DEFD002408AE56F8040B0134FFF72E
:108F1000E3FD102CF8D1FFF759FD0328FBD90024FD
:108F2000FFF77EFD2646FFF74BFD55F8043B013663
:108F30005840042E44EA0004F5D12CB10122062049
:108F40000D4B1A7018B070BDFFF790FD0820FFF7A9
:108F50004FFD0020FFF752FD0720FFF755FD4FF4AE
:108F60000070FFF757FD0820FFF794FDFFF75EFD47
:108F70000020E7E734F202001B2B002008B5FFF7C2
:108F800075FD0122014B1A7008BD00BF1A2B00208D
:108F90001FB519F0FFFB044630B1012206240D4B2A
:108FA0001A70204604B010BDFFF70AFD0090FFF7CD
:108FB00007FD0190FFF704FD0290FFF701FD03900C
:108FC0006846FFF77DFDFFF7D9FFFFF747FDFFF785
:108FD00059FDE6E71B2B002030B52DED028B002359
:108FE00083B0694601A8CDE90033F7F7BDFE03461B
:108FF0002B4C112B206842D12A4918F01AFA16F08E
:10900000B8FD16F0B7FD2849206818F012FA274B72
:109010001B780BB1264B0093DDED007A9FED257A8E
:10902000F8EEE77A87EE878A1E49206818F001FA81
:1090300016F09FFD16F09EFD18EE100A00F0D2FE0D
:1090400002460B4620681C4918F0F3F91B4B00221E
:109050000099187815F0D5FE054660B118492068CA
:1090600018F0E7F916F085FD16F084FD2A4615493B
:10907000206818F0DEF903B0BDEC028B30BD002B88
:10908000C5D00F4918F0D5F916F073FD16F072FD32
:10909000DDE900320C49206818F0CBF9B7E700BFD2
:1090A000840E002068EA02006DEA02001C2B0020FA
:1090B000E0B1FFFF00007A44CDEA02001D2B002042
:1090C000AAEA0200E3EA0200AFEA020038B5F7F7C5
:1090D0002DFE0F4C054660B10E49206818F0A9F925
:1090E00016F047FD16F046FD2A460B49206818F099
:1090F000A0F90A49206818F09CF916F03AFD16F01C
:1091000039FD20680649BDE8384018F092B900BF23
:10911000840E0020AAEA020020EB020068EA0200A6
:109120006AEB020070B503689B4A23F47F4323F087
:109130000703934205468AB000F01E8102F1807257
:10914000934200F04F81954A934240F01381944C32
:109150009449206818F06DF916F00BFD16F00AFD21
:10916000D5F81230904901932B890093EB88AA8897
:10917000206818F05EF90DF11F0108A80DF014FE2B
:10918000054620680DB3894918F053F988492068CD
:1091900018F04FF916F0EDFC16F0ECFC854B864A02
:1091A000009386497523206818F043F984492B46BB
:1091B000844A206818F03DF92846F8F781FA824978
:1091C000206818F036F900BEFDE7764918F031F94D
:1091D00016F0CFFC16F0CEFC9DF820309DF81F1045
:1091E00004939DF82130794803939DF82230784A02
:1091F00002939DF82330774E01939DF82430002987
:1092000008BF0246009374499DF82530206818F085
:1092100010F930460DF066FD054610B3634920682D
:1092200018F007F96249206818F003F916F0A1FC5C
:1092300016F0A0FC5F4B604A0093604982232068CF
:1092400018F0F7F85E492B465E4A206818F0F1F8EE
:109250002846F8F735FA5C49206818F0EAF800BEAD
:10926000FDE7022130780DF077FD054610B34F4938
:10927000206818F0DEF84E49206818F0DAF816F089
:1092800078FC16F077FC4B4B4B4A00934B498723F5
:10929000206818F0CEF84A492B464A4A206818F050
:1092A000C8F82846F8F70CFA4749206818F0C1F8C2
:1092B00000BEFDE7A02200900346114630780DF075
:1092C0002BFD054610B33949206818F0B2F838492B
:1092D000206818F0AEF816F04CFC16F04BFC354B3D
:1092E000354A009335499023206818F0A2F8344994
:1092F0002B46344A206818F09CF82846F8F7E0F925
:109300003149206818F095F800BEFDE70221307859
:109310000DF036FD054620680DB3244918F089F894
:109320002349206818F085F816F023FC16F022FC7B
:10933000204B214A009321499523206818F079F8A1
:109340001F492B461F4A206818F073F82846F8F783
:10935000B7F91D49206818F06CF800BEFDE7114907
:1093600018F067F816F005FC16F004FC1B4920689D
:1093700018F05FF80AB070BD094C0A49206818F06F
:1093800058F816F0F6FB16F0F5FB154920680AB000
:10939000BDE8704018F04DB8A0000600A000010024
:1093A000840E002068EA0200A6EB0200E1EA020057
:1093B000B8E70200ECF20200CFEB020060E8020026
:1093C0006FE802006CE8020084E8020098EB0200FB
:1093D0008AEB02000331002016EC02004BEC020085
:1093E00060EC02001F4C2049206818F022F816F0AB
:1093F000C0FB16F0BFFB1D49206818F01AF81C4B83
:10940000022118780DF0BCFC054620680DB31949FF
:1094100018F00FF81849206818F00BF816F0A9FB9F
:1094200016F0A8FB154B164A00931649B123206885
:1094300017F0FFFF14492B46144A206817F0F9FF74
:109440002846F8F73DF91249206817F0F2FF00BEF0
:10945000FDE7054917F0EDFF16F08BFB16F08AFBD0
:109460000C4993E7840E002068EA020073EC0200C6
:1094700003310020E1EA0200B8E70200ECF202004A
:10948000CFEB020060E802006FE802006CE8020027
:1094900084E802004BEC020037B51548F8F74EF9A6
:1094A000054618B3134C1449206817F0C2FF13493E
:1094B000206817F0BEFF16F05CFB16F05BFB104B4C
:1094C000104A00931049CE23206817F0B2FF0F49CD
:1094D0002B460F4A206817F0ACFF2846F8F7F0F843
:1094E0000C49206817F0A5FF00BEFDE703B030BDB2
:1094F000C0190020840E0020E1EA0200B8E7020053
:10950000D1F20200CFEB020060E802006FE8020037
:109510006CE8020084E80200204B37B5187000297F
:1095200035D001234FF47A7100931D4A00231D4862
:10953000F8F722F9044618B31B4D1C49286817F0A8
:1095400078FF1B49286817F074FF16F012FB16F01D
:1095500011FB184B184A00931849E523286817F0A7
:1095600068FF17492346174A286817F062FF20460C
:10957000F8F7A6F81449286817F05BFF00BEFDE76E
:109580000146084803B0BDE83040FFF725BD054857
:1095900003B0BDE83040F8F7D1B800BF1D2B002064
:1095A000D98F0000C0190020840E0020E1EA0200DB
:1095B000B8E702009AF20200CFEB020060E8020076
:1095C0006FE802006CE8020084E8020010B504466F
:1095D00016F075FB012805D1054B9C4204BF054BD5
:1095E000187004E0204616F06AFB0028F4D010BD85
:1095F000FCF502001C2B002030B58BB00DF11F01D3
:1096000008A80DF0D1FB0546254C206815B3254967
:1096100017F00FFF2449206817F00BFF16F0A9FA86
:1096200016F0A8FA214B224A0093224940F239133E
:10963000206817F0FEFE20492B46204A206817F0CC
:10964000F8FE2846F8F73CF81D49206817F0F1FEAF
:1096500000BEFDE71B4917F0ECFE16F08AFA16F083
:1096600089FA9DF820309DF81F1004939DF8213051
:10967000154803939DF82230144A02939DF8233035
:10968000002908BF024601939DF824301049009339
:1096900020689DF8253017F0CCFE0BB030BD00BF20
:1096A000840E0020E1EA0200B8E7020094F2020012
:1096B000CFEB020060E802006FE802006CE80200F5
:1096C00084E8020068EA020098EB02008AEB0200DC
:1096D00016EC02000022014B1A807047B02A0020CD
:1096E00010B524F03AFC054A148814B1631E012415
:1096F000138024F02DFC204610BD00BFB02A0020AE
:1097000010B50B4CC2B00DF09FFC206801F09EFC20
:1097100060B119F065F848B14FF48271206801AA70
:1097200019F0BBFA10B901A819F04FF842B010BDFA
:10973000E82600201FB5094B094A1868094B01A902
:109740001860094B1360094A0192094A1268CDE971
:10975000022317F095FA05B05DF804FBAC2E00204B
:109760001C17002020170020A02E00208CEC0200E7
:10977000D01C0020014B186817F096BAAC2E0020C0
:1097800038B5FDF701FB0446064D2B68D3F8B0024F
:10979000FDF7EEFA286817F09AFA2046BDE838403F
:1097A000FDF7E6BAAC2E002001490248FDF73CB9AE
:1097B0003CF00200B41C0020064B1B681A7A022AF7
:1097C00001D81AB97047032A00D070471B68024AB3
:1097D00013607047B02E0020D01C002070B51F4DC4
:1097E000A0B00AAC0FCD0FC495E8070084E80700CD
:1097F00000246E461A4BCDE901441B680394009384
:1098000011AD0FCECDE9064408940FC5154B05AE3A
:109810002B60154B16AD1B6805930FCE0FC520228C
:10982000124B11A92B60124B12481B93124B1E9422
:10983000CDE91C23114B0AAA1F93114BFDF7DEFC47
:1098400004469DF877304FF4E130002B0CBF032124
:10985000002116F0BCF9204620B070BDE0F50200F2
:1098600078F002003400035A74F002003C00035AFE
:109870001E2B0020901D002000010100C42E00209E
:10988000D41C002029B9074B186803684BB1FEF7B8
:10989000DBB8012905D1034B186803680BB117F039
:1098A000B0BF7047D82E002008B504490448FEF721
:1098B00043FABDE80840FFF791BF00BFDC2E00204F
:1098C000B81D0020014817F0E2BD00BF901D002028
:1098D000014B5A6A18681047901D0020014816F085
:1098E000E9B900BFFCF5020030B503687E4A23F4F5
:1098F0007F4323F00703934289B040F0F3800622B0
:1099000000211620794B08F0EFFE044618B3784D7D
:109910007849286817F08DFD7749286817F089FD88
:1099200016F027F916F026F9744B754A009375491D
:109930006C23286817F07DFD73492346734A286815
:1099400017F077FD2046F7F7BBFE7149286817F03E
:1099500070FD00BEFDE70146082212206D4B08F0A5
:10996000C3FE044618B3624D6249286817F061FDD2
:109970006149286817F05DFD16F0FBF816F0FAF85B
:109980005E4B5F4A00935F497823286817F051FDCA
:109990005D4923465D4A286817F04BFD2046F7F7DE
:1099A0008FFE5B49286817F044FD00BEFDE70146C5
:1099B00003221420584B08F097FE054618B34C4C70
:1099C0004C49206817F035FD4B49206817F031FDF0
:1099D00016F0CFF816F0CEF8484B494A00934949A3
:1099E0008623206817F025FD47492B46474A206803
:1099F00017F01FFD2846F7F763FE4549206817F06A
:109A000018FD00BEFDE70DF10F0104A80DF0CCF923
:109A1000044618B3364D3749286817F00AFD364911
:109A2000286817F006FD16F0A4F816F0A3F8334BDB
:109A3000334A009333499523286817F0FAFC3249DA
:109A40002346324A286817F0F4FC2046F7F738FE20
:109A50002F49286817F0EDFC00BEFDE7BDF8143073
:109A600001465BBAADF818309DF8133008228DF826
:109A70001A30FF238DF81B30FE238DF81C309DF823
:109A8000123018208DF81D30BDF810305BBAADF8DB
:109A90001E3006AB08F028FE054618B3144C1549D5
:109AA000206817F0C6FC1449206817F0C2FC16F0B5
:109AB00060F816F05FF8114B114A00931149A52385
:109AC000206817F0B6FC10492B46104A206817F0A2
:109AD000B0FC2846F7F7F4FD0D49206817F0A9FC03
:109AE00000BEFDE709B030BDA000010056F602003F
:109AF000840E0020E1EA0200B8E7020014F602003A
:109B0000A6EC020060E802006FE802006CE80200C8
:109B100084E802004DF6020049F6020081F000419F
:109B200002E000BF83F0004330B54FEA41044FEA42
:109B3000430594EA050F08BF90EA020F1FBF54EADD
:109B4000000C55EA020C7FEA645C7FEA655C00F079
:109B5000E2804FEA5454D4EB5555B8BF6D420CDD4A
:109B60002C4480EA020281EA030382EA000083EACD
:109B7000010180EA020281EA0303362D88BF30BD6D
:109B800011F0004F4FEA01314FF4801C4CEA1131C3
:109B900002D0404261EB410113F0004F4FEA033322
:109BA0004CEA133302D0524263EB430394EA050FAD
:109BB00000F0A780A4F10104D5F1200E0DDB02FA1C
:109BC0000EFC22FA05F2801841F1000103FA0EF2B0
:109BD000801843FA05F359410EE0A5F120050EF176
:109BE000200E012A03FA0EFC28BF4CF0020C43FAA7
:109BF00005F3C01851EBE37101F0004507D54FF0B4
:109C0000000EDCF1000C7EEB00006EEB0101B1F503
:109C1000801F1BD3B1F5001F0CD349085FEA300049
:109C20004FEA3C0C04F101044FEA445212F5800F54
:109C300080F09A80BCF1004F08BF5FEA500C50F1F1
:109C4000000041EB045141EA050130BD5FEA4C0CD4
:109C5000404141EB0101013C28BFB1F5801FE9D231
:109C600091F0000F04BF01460020B1FA81F308BF54
:109C70002033A3F10B03B3F120020CDA0C3208DD20
:109C800002F1140CC2F10C0201FA0CF021FA02F1FB
:109C90000CE002F11402D8BFC2F1200C01FA02F16B
:109CA00020FA0CFCDCBF41EA0C019040E41AA2BF90
:109CB00001EB0451294330BD6FEA04041F3C1CDA58
:109CC0000C340EDC04F11404C4F1200220FA04F078
:109CD00001FA02F340EA030021FA04F345EA030122
:109CE00030BDC4F10C04C4F1200220FA02F001FAE4
:109CF00004F340EA0300294630BD21FA04F0294666
:109D000030BD94F0000F83F4801306BF81F48011FE
:109D10000134013D4EE77FEA645C18BF7FEA655C71
:109D200029D094EA050F08BF90EA020F05D054EA43
:109D3000000C04BF1946104630BD91EA030F1EBF48
:109D40000021002030BD5FEA545C05D1400049414C
:109D500028BF41F0004130BD14F580043CBF01F53F
:109D6000801130BD01F0004545F0FE4141F4700125
:109D70004FF0000030BD7FEA645C1ABF1946104600
:109D80007FEA655C1CBF0B46024650EA013406BF01
:109D900052EA033591EA030F41F4002130BD00BFC0
:109DA00090F0000F04BF0021704730B54FF480647D
:109DB00004F132044FF000054FF0000150E700BFFE
:109DC00090F0000F04BF0021704730B54FF480645D
:109DD00004F1320410F0004548BF40424FF000014A
:109DE0003EE700BF42004FEAE2014FEA31014FEA8D
:109DF00002701FBF12F07F4393F07F4F81F06051DC
:109E0000704732F07F4208BF704793F07F4F04BF26
:109E100041F40021704730B54FF4607401F0004503
:109E200021F000411CE700BF50EA010208BF704763
:109E300030B54FF000050AE050EA010208BF704754
:109E400030B511F0004502D5404261EB41014FF4BD
:109E5000806404F132045FEA915C3FF4D8AE4FF0C5
:109E600003025FEADC0C18BF03325FEADC0C18BFA8
:109E7000033202EBDC02C2F1200300FA03FC20FAF9
:109E800002F001FA03FE40EA0E0021FA02F1144446
:109E9000BDE600BF70B54FF0FF0C4CF4E06C1CEA5F
:109EA00011541DBF1CEA135594EA0C0F95EA0C0FD0
:109EB00000F0DEF82C4481EA030621EA4C5123EA43
:109EC0004C5350EA013518BF52EA033541F4801172
:109ED00043F4801338D0A0FB02CE4FF00005E1FB25
:109EE00002E506F00042E0FB03E54FF00006E1FB6F
:109EF00003569CF0000F18BF4EF0010EA4F1FF04B2
:109F0000B6F5007F64F5407404D25FEA4E0E6D41F1
:109F100046EB060642EAC62141EA55514FEAC52002
:109F200040EA5E504FEACE2EB4F1FD0C88BFBCF57E
:109F3000E06F1ED8BEF1004F08BF5FEA500E50F12F
:109F4000000041EB045170BD06F0004646EA0101F5
:109F500040EA020081EA0301B4EB5C04C2BFD4EB27
:109F60000C0541EA045170BD41F480114FF0000E20
:109F7000013C00F3AB8014F1360FDEBF002001F08E
:109F8000004170BDC4F10004203C35DA0C341BDC08
:109F900004F11404C4F1200500FA05F320FA04F0DA
:109FA00001FA05F240EA020001F0004221F000410E
:109FB00010EBD37021FA04F642EB06015EEA430E81
:109FC00008BF20EAD37070BDC4F10C04C4F12005B1
:109FD00000FA04F320FA05F001FA04F240EA020064
:109FE00001F0004110EBD37041F100015EEA430E35
:109FF00008BF20EAD37070BDC4F1200500FA05F255
:10A000004EEA020E20FA04F301FA05F243EA0203D3
:10A0100021FA04F001F0004121FA04F220EA0200E2
:10A0200000EBD3705EEA430E08BF20EAD37070BD28
:10A0300094F0000F0FD101F00046400041EB010108
:10A0400011F4801F08BF013CF7D041EA060195F0EA
:10A05000000F18BF704703F00046520043EB0303A4
:10A0600013F4801F08BF013DF7D043EA0603704791
:10A0700094EA0C0F0CEA135518BF95EA0C0F0CD09C
:10A0800050EA410618BF52EA4306D1D181EA0301E2
:10A0900001F000414FF0000070BD50EA410606BFDC
:10A0A0001046194652EA430619D094EA0C0F02D121
:10A0B00050EA013613D195EA0C0F05D152EA033666
:10A0C0001CBF104619460AD181EA030101F0004184
:10A0D00041F0FE4141F470014FF0000070BD41F0CD
:10A0E000FE4141F4780170BD70B54FF0FF0C4CF4A7
:10A0F000E06C1CEA11541DBF1CEA135594EA0C0FC6
:10A1000095EA0C0F00F0A7F8A4EB050481EA030E12
:10A1100052EA03354FEA013100F088804FEA0333F9
:10A120004FF0805545EA131343EA12634FEA0222C7
:10A1300045EA111545EA10654FEA00260EF0004188
:10A140009D4208BF964244F1FD0404F5407402D2DA
:10A150005B084FEA3202B61A65EB03055B084FEA6B
:10A1600032024FF480104FF4002CB6EB020E75EB68
:10A17000030E22BFB61A754640EA0C005B084FEA90
:10A180003202B6EB020E75EB030E22BFB61A75460D
:10A1900040EA5C005B084FEA3202B6EB020E75EB58
:10A1A000030E22BFB61A754640EA9C005B084FEAD0
:10A1B0003202B6EB020E75EB030E22BFB61A7546DD
:10A1C00040EADC0055EA060E18D04FEA051545EACC
:10A1D00016754FEA06164FEAC30343EA52734FEA75
:10A1E000C2025FEA1C1CC0D111F4801F0BD141EAEE
:10A1F00000014FF000004FF0004CB6E711F4801F53
:10A2000004BF01430020B4F1FD0C88BFBCF5E06F32
:10A210003FF6AFAEB5EB030C04BFB6EB020C5FEA42
:10A22000500C50F1000041EB045170BD0EF0004E97
:10A230004EEA113114EB5C04C2BFD4EB0C0541EAC9
:10A24000045170BD41F480114FF0000E013C90E6C6
:10A2500045EA060E8DE60CEA135594EA0C0F08BF8A
:10A2600095EA0C0F3FF43BAF94EA0C0F0AD150EA89
:10A2700001347FF434AF95EA0C0F7FF425AF10461C
:10A2800019462CE795EA0C0F06D152EA03353FF444
:10A29000FDAE1046194622E750EA410618BF52EAC1
:10A2A00043067FF4C5AE50EA41047FF40DAF52EA95
:10A2B00043057FF4EBAE12E74FF0FF3C06E000BF32
:10A2C0004FF0010C02E000BF4FF0010C4DF804CD3F
:10A2D0004FEA410C7FEA6C5C4FEA430C18BF7FEAFF
:10A2E0006C5C1BD001B050EA410C0CBF52EA430C2D
:10A2F00091EA030F02BF90EA020F0020704710F1AD
:10A30000000F91EA030F58BF994208BF90422CBF3B
:10A31000D8176FEAE37040F0010070474FEA410C34
:10A320007FEA6C5C02D150EA013C07D14FEA430C52
:10A330007FEA6C5CD6D152EA033CD3D05DF8040BC3
:10A34000704700BF8446104662468C4619466346F5
:10A3500000E000BF01B5FFF7B7FF002848BF10F1CC
:10A36000000F01BD4DF808EDFFF7F4FF0CBF012011
:10A3700000205DF808FB00BF4DF808EDFFF7EAFF8D
:10A3800034BF012000205DF808FB00BF4DF808ED48
:10A39000FFF7E0FF94BF012000205DF808FB00BF3D
:10A3A0004DF808EDFFF7CEFF94BF012000205DF8C7
:10A3B00008FB00BF4DF808EDFFF7C4FF34BF0120D4
:10A3C00000205DF808FB00BF4FEA410212F50012C1
:10A3D00015D211D56FF47873B3EB625212D94FEAEC
:10A3E000C12343F0004343EA505311F0004F23FAD6
:10A3F00002F018BF404270474FF00000704750EA2B
:10A40000013005D111F0004008BF6FF000407047E7
:10A410004FF00000704700BF4A0011D212F5001241
:10A4200011D20DD56FF47873B3EB62520ED44FEAAC
:10A43000C12343F0004343EA505323FA02F070472C
:10A440004FF00000704750EA013002D14FF0FF306A
:10A4500070474FF00000704753B94AB9002908BF50
:10A4600000281CBF4FF0FF314FF0FF3000F0B2B9B1
:10A47000ADF1080C6DE904CE00F006F8DDF804E05B
:10A48000DDE9022304B070472DE9F04F8C46099EA8
:10A4900004460F46002B48D18A4215465ED9B2FACF
:10A4A00082F33BB1C3F120029F409D409C4020FAC3
:10A4B00002F217434FEA154E1FFA85FC220CB7FB38
:10A4C000FEF10EFB117701FB0CF042EA07429042CD
:10A4D00007D9AA1801F1FF3702D2904200F2588141
:10A4E0003946121AA4B2B2FBFEF00EFB102200FB9A
:10A4F0000CFC44EA0244A4450BD92C1900F1FF32AC
:10A500002CBF01270027A44502D9002F00F043816A
:10A51000104640EA0140A4EB0C0400211EB1DC40CF
:10A520000023C6E90043BDE8F08F8B4206D90EB187
:10A53000C6E9000100210846BDE8F08FB3FA83F1B7
:10A54000002951D16345C0F01681824240F2138147
:10A550000846002EE7D0C6E90047E4E7002A00F0ED
:10A56000AF80B2FA82F3002B40F0C2808A1A4FEA21
:10A57000154EAFB20121200CB2FBFEFC0EFB1C22DB
:10A5800040EA024207FB0CF090420ED9AA180CF1E7
:10A59000FF382CBF4FF001094FF00009904203D95A
:10A5A000B9F1000F00F0F080C446121AA4B2B2FB59
:10A5B000FEF00EFB102200FB07F744EA0244A7421C
:10A5C0000ED92C1900F1FF322CBF4FF0010E4FF0C5
:10A5D000000EA74203D9BEF1000F00F0D280104652
:10A5E000E41B40EA0C4099E7C1F120058B400CFACE
:10A5F00001F400FA01F922FA05F72CFA05FC8A4069
:10A600001F4320FA05F3380C23431FFA87FE1C0C66
:10A61000BCFBF0F800FB18CC44EA0C4408FB0EFC31
:10A62000A4450ED93C1908F1FF3A2CBF4FF0010B9D
:10A630004FF0000BA44503D9BBF1000F00F0B88028
:10A64000D046A4EB0C041FFA83FCB4FBF0F300FB30
:10A65000134403FB0EFE4CEA0444A6450ED93C19F4
:10A6600003F1FF302CBF4FF0010C4FF0000CA6455A
:10A6700003D9BCF1000F00F09F80034643EA084075
:10A68000A4EB0E04A0FB02EC64457346E04602D343
:10A6900007D1F14505D2BEEB02036CEB070C013884
:10A6A000E0465EB1B9EB030264EB080404FA05F579
:10A6B00022FA01F3CC401D43C6E90054002132E7E1
:10A6C00042082F464B08AC4642EAC172AE46C40768
:10A6D000110C92B241EA034142EA0142B1FBF5F1A9
:10A6E000B3FBF5F01F23A2EB0C0241EA004142E765
:10A6F0009D40C3F1200299409C402CFA02FC4FEA95
:10A70000154E20FA02F2AFB2BCFBFEF80A430EFB74
:10A7100018CC110C41EA0C4108FB07FC8C4550D9C0
:10A72000691808F1FF302CBF4FF001094FF0000904
:10A730008C4502D9B9F1000F30D0A1EB0C01B1FB6F
:10A74000FEF808FB07FC0EFB181192B242EA014228
:10A75000624534D2AA1808F1FF312CBF4FF001092D
:10A760004FF000096245BED2B9F1000FBBD1A8F18C
:10A7700002012A44B7E7841A6CEB03020120174652
:10A78000E7E62C4402382BE7ACF1020C2A440CE734
:10A7900002392A44A5E62C440238BAE6A5EB0C0C93
:10A7A000A8F102006144B1FBFEF808FB07FCCAE710
:10A7B000A8F102083C4444E7023B3C445EE74146C2
:10A7C00091E7A1EB0C014046B1FBFEF808FB07FC4A
:10A7D000B9E700BF704700BF08B5064B044613B188
:10A7E0000021AFF30080044B1B6803B1984720465B
:10A7F00016F060FE00000000F81E00202DE9F7436F
:10A800001D46574B04460E461F68904627B13B6ACB
:10A8100013B9384600F034F9B8F1020F06D0B8F198
:10A82000010F00F29980002DC0F29680636ED90767
:10A8300005D4A3899A0502D4A06D18F0BAF8214670
:10A84000384618F0D7F8616B41B104F144039942DE
:10A8500002D0384617F06DF9002363630023A3612B
:10A860006360A3891B0603D52169384617F061F997
:10A87000A389B8F1020F23F44A6323F00303A381F1
:10A8800060D001AB6A462146384618F02AF8A38901
:10A890001843A0812DBB009D284600F0D9FA06463A
:10A8A000002851D1DDF80090A9453FD14FF0FF3588
:10A8B000B4F90C3043F00202A2810022A26004F13C
:10A8C00047022260226101226261626ED60704D4CF
:10A8D000980502D4A06D18F06DF8284603B0BDE8C5
:10A8E000F083002ED8D03B6A13B9384600F0C8F880
:10A8F000B8F1010F266002BFA38943F00103A381D1
:10A90000B4F90C3013F00802C4E904651ED0D9076D
:10A9100045BF00226D42A560A26048BFA561626E7E
:10A92000D20701D49B0513D50025D6E7484600F091
:10A930008FFA06460028B9D0A3894D4643F080031C
:10A94000A381D0E70025B3E7A946F5E7A260E6E7D3
:10A95000A06D18F02FF8E7E74FF0FF35BDE700BF17
:10A96000F02E0020002310B5044683608181194633
:10A970004366C28108228361C0E90033C0E9043321
:10A980005C3017F0FBFF0D4B246263620C4BA3623B
:10A990000C4BE3620C4B23630C4B9C4206D003F13F
:10A9A0006802944202D0D0339C4205D104F1580091
:10A9B000BDE8104017F0FCBF10BD00BF452A0200E3
:10A9C000672A02009F2A0200C52A0200C01D00203B
:10A9D000024A0349034817F066BF00BFE42E002077
:10A9E000F5290200F42E002041680C4B994210B565
:10A9F000044601D017F0FEFFA168094B994202D02E
:10AA0000204617F0F7FFE168064B994204D0204634
:10AA1000BDE8104017F0EEBF10BD00BFC01D002004
:10AA2000281E0020901E00200C4B04210C4A0D48CB
:10AA300010B51A600022FFF795FF0A4B0122092189
:10AA40001C4603F16800FFF78DFF022204F1D000DD
:10AA50001221BDE81040FFF785BF00BFF81E00209F
:10AA6000D1A90000C01D0020014817F0A2BF00BFFF
:10AA70003E2B0020014817F09DBF00BF3E2B002059
:10AA800010B50446FFF7F0FF236A1BB1BDE8104084
:10AA9000FFF7F0BF044B2362044B1B68002BF5D17A
:10AAA000FFF7C2FFF2E700BFE9A90000F81E00208F
:10AAB000242B2DE9F0478646904601D8012B06D17C
:10AAC00000F0F2F8162303600020BDE8F0870D4681
:10AAD00033482A4615F8014B065D16F00806F8D1F2
:10AAE0002D2C10D12C780126951C33F0100215D195
:10AAF000302C0DD12A7802F0DF02582A08D16C7868
:10AB0000023510230AE02B2C04BF2C78951CECE7AF
:10AB1000002BF6D1302C14BF0A23082306F1004C79
:10AB200000220CF1FF3C1046BCFBF3F903FB19CAF1
:10AB3000A4F13007092F0FD83C46A3421BDD571C58
:10AB400007D0814514D301D1A24511DB00FB03409E
:10AB5000012215F8014BEBE7A4F14107192F01D8A9
:10AB6000373CEAE7A4F16107192F04D8573CE4E722
:10AB70004FF0FF32EDE7531C08D122236046CEF898
:10AB80000030B8F1000FA0D0691E06E006B14042C7
:10AB9000B8F1000F99D0002AF6D1C8F8001094E758
:10ABA0005EF6020013460A46014602480068FFF7B7
:10ABB0007FBF00BFF02E00202DE9F04386460D46F2
:10ABC000334E284615F8014B375D17F00807F8D1CA
:10ABD0002D2C10D12C780127851C33F0100015D1B5
:10ABE000302C0DD1287800F0DF00582808D16C787F
:10ABF000023510230AE02B2C04BF2C78851CECE7CF
:10AC0000002BF6D1302C14BF0A2308234FF0FF3855
:10AC10000026B8FBF3F803FB08F930466FEA090990
:10AC2000A4F1300CBCF1090F10D86446A3421EDD1C
:10AC3000B6F1FF3F07D0804516D301D1A14513DB04
:10AC400000FB0340012615F8014BE9E7A4F1410C94
:10AC5000BCF1190F01D8373CE8E7A4F1610CBCF155
:10AC6000190F04D8573CE1E74FF0FF36EBE7731CB0
:10AC700006D122233046CEF8003032B9BDE8F08349
:10AC800007B14042002AF9D006B1691E1160F5E70C
:10AC90005EF6020013460A46014602480068FFF7C6
:10ACA0008BBF00BFF02E0020014B1868704700BF1B
:10ACB000F02E002070B50D4B00260D4D5B1B9C1037
:10ACC000A64209D10B4D23F0BBFC0B4B00265B1BAE
:10ACD0009C10A64205D170BD55F8043B013698473B
:10ACE000EEE755F8043B01369847F2E710310020B3
:10ACF00010310020103100201431002038B500231D
:10AD0000064D0446084611462B6016F0D4FB431C42
:10AD100002D12B6803B1236038BD00BFFC1E0020A8
:10AD20002DE9F04F904685B089461E460D46424AB1
:10AD300002902B4615F8014B175D17F00807F8D164
:10AD40002D2C10D12C7801279D1C36F0100315D125
:10AD5000302C0DD12B7803F0DF03582B08D16C7801
:10AD6000023510260AE02B2C04BF2C789D1CECE742
:10AD7000002EF6D1302C14BF0A26082607F1004A0F
:10AD800007F1FF3BF31732460AF1FF3A58460393A7
:10AD90005146FFF761FB019200228E468446114620
:10ADA0001046A4F13003092B05D9A4F14103192B56
:10ADB0001ED8A4F137039E4224DD541C15D08445CF
:10ADC0007EEB01021BD38E4508BF844502D1019A58
:10ADD0009A4214DB039A714300FB0211A6FB0002A6
:10ADE0000A44181842EBE371012215F8014BD8E729
:10ADF000A4F16103192B05D8A4F15703DBE74FF049
:10AE0000FF32F2E7531C0AD12223029A58465146D8
:10AE10001360B8F1000F0AD105B0BDE8F08F17B18B
:10AE2000404261EB4101B8F1000FF5D00AB105F1E4
:10AE3000FF39C8F80090EFE75EF6020013460A46B5
:10AE4000014602480068FFF76BBF00BFF02E0020EC
:10AE5000024B0146186816F069BE00BFF02E0020B4
:10AE6000B1F90C202DE9F041160705460C4651D4E6
:10AE70004B68002B02DC0B6C002B49DDE66A002ED0
:10AE800046D0002312F480522F682B6031D0626DBF
:10AE9000A389590705D56368D21A636B0BB1236C7C
:10AEA000D21A0023E66A216A2846B047421CB4F948
:10AEB0000C3006D129681D2945D8284ACA40D60732
:10AEC00041D50022D90462602269226004D5421C67
:10AED00001D12B6803B96065616B2F60C1B104F1CA
:10AEE0004403994202D0284616F023FE00236363F0
:10AEF0000EE00123216A2846B0470246501CC7D104
:10AF00002B68002BC4D01D2B01D0162B19D12F601C
:10AF100000201DE00F69002FFAD093070E680F6024
:10AF20000CBF4B690023A6EB07088B60B8F1000F3C
:10AF3000EEDD43463A46216A2846A66AB047002815
:10AF400008DCB4F90C3043F040034FF0FF30A3812C
:10AF5000BDE8F0810744A8EB0008E7E701004020C6
:10AF600038B50446064D0846114600222A601A46A6
:10AF700016F0A6FA431C02D12B6803B1236038BD3A
:10AF8000FC1E002038B50446064D08461146002236
:10AF90002A601A4616F096FA431C02D12B6803B1B8
:10AFA000236038BDFC1E002038B50446064D084617
:10AFB000114600222A601A4616F092FA431C02D16A
:10AFC0002B6803B1236038BDFC1E002038B5002378
:10AFD000054D044608462B6016F06AFA431C02D160
:10AFE0002B6803B1236038BDFC1E002030B5837987
:10AFF00085B001901844C0680D4600F0380013F089
:10B000006FFB044628B901A817F02FFF022005B0F6
:10B0100030BD2946019817F032FF46220A490DF14A
:10B020000F0017F071FE019904F10C0017F0B7FF43
:10B03000482205490DF10F0017F067FE204620F069
:10B040001BFC0020E3E700BF15ED020013B504462A
:10B0500078B1DC2208490DF1070017F055FEE068D1
:10B0600017F03EFFDE22044603490DF1070017F0FA
:10B070004CFE204602B010BD15ED020013B504468B
:10B0800090B140F29E220A490DF1070017F03CFEF4
:10B0900004F10C0017F008FF4FF42872044604492D
:10B0A0000DF1070017F031FE204602B010BD00BFC1
:10B0B00015ED0200054B10B553F8204004B910BD42
:10B0C0002046636898472468F8E700BF181F0020EF
:10B0D0000020134B10B51870124B134CC3E900003D
:10B0E000124B206018706060A06000F043FA80B2DC
:10B0F000A0F10E036380A0F11403013060810C49BC
:10B10000201DE38016F0A5FB20460A4916F0A1FB9E
:10B1100004F108000849BDE8104016F09ABB00BFD2
:10B12000402B0020181F0020B22A00203F2B0020B7
:10B1300061ED02006AED020074ED020070B5044694
:10B1400048B322F013FF002363712379054613F0FF
:10B15000100605D010232371BDE8704022F001BF16
:10B160000D4903F0030331F823203046013A21F85A
:10B1700023202146094C00F0EFF923781BB130461B
:10B18000FFF798FF2670064B5B6813B10120FFF7AD
:10B1900091FF2846E0E770BDB22A0020402B002036
:10B1A000181F002038B50446057A22F0DFFE054B53
:10B1B00053F82520226043F82540BDE8384022F0AE
:10B1C000D0BE00BF181F002010B5064B00F0E000F5
:10B1D0001A78541C1C70044B03F8320003EBC203B2
:10B1E000596010BD3F2B0020001F00200023F0B548
:10B1F0000E4D0F492C789C420FD951F833705E1CCC
:10B2000087424FEAC3020ED10A490A440133A342DE
:10B2100002F1080202D3013C2C70F0BD92E8030059
:10B2200002E90300F2E73346E5E700BF3F2B0020C9
:10B23000041F0020001F00202DE9F04F04468BB0B2
:10B240000592420748BF00F0F704029122F08EFEFB
:10B25000DFF894A104F003060AEB86033AF82620EF
:10B260005B8880469A4204F0EF094FEA860739D29C
:10B27000002000F053F90546A0B33AF82630013318
:10B280002AF82630404622F06CFE002D40F08280E5
:10B2900023071DD51F2C1BD904F0E003574403934B
:10B2A00022F064FE3AF82620AA467B88DFF838812F
:10B2B0009A422CBF4FF0000B4FF0010B464F22F08B
:10B2C00050FE08EB86030693444B1B789A450ED339
:10B2D000C4F3800080F00100494600F0010000F056
:10B2E0009FF86EE001223E4B00251A70CAE73B78BA
:10B2F000039A1A4204D07B680193019B1B681BB917
:10B300000AF1010A0837DFE709935A79D00709D50E
:10B310001A79510706D5BBF1000F0CD189EA020258
:10B32000920708D001931B68002BEED1E5E70121BD
:10B330002B4A117026E0019817F0B6FD90F804B082
:10B34000099009A817F091FD5946002000F068F80F
:10B3500022F00CFE069B38F826205B8804909A4267
:10B3600034BF4FF0010B4FF0000B03D2002000F070
:10B37000D5F80990099B002BD9D038F82620013246
:10B3800028F826200498079322F0EBFD079B002B5A
:10B39000B3D01D46284617F0D3FE029B029AAB712C
:10B3A000059B85F804901344EB710E4B5B6843B129
:10B3B00022F0DCFD04460120FFF77CFE204622F04F
:10B3C000D0FD0948452200EB8600294616F046FAD2
:10B3D00028460BB0BDE8F08F001F00203F2B002057
:10B3E000402B0020181F0020B22A00200022014B11
:10B3F0001A607047201F002010B5044622F0B6FDE9
:10B40000064B1A682AB91C602260BDE8104022F081
:10B41000A8BD1B68A342F4D110BD00BF201F0020AF
:10B4200070B505460E46054B1C6804B970BD6368CF
:10B430003146284698472468F7E700BF201F0020C0
:10B440002DE9F0474FF6FC7700251646DFF87480AB
:10B4500003311A4B08EB00140F404FEA001A1B6827
:10B460006280814628F80A7002FB07F0E560984781
:10B4700017FB06F39BB2024660602381E0B11049DE
:10B48000204651F8291016F0E6F92946228960680D
:10B4900017F074FA29462B469E4205DC0020D04462
:10B4A000A8F80260BDE8F0876268E068551850505F
:10B4B0000133E5603944EFE71A20F3E7241F002049
:10B4C00060F702002C1F002010B5094C04EB00149B
:10B4D00063682BB1204616F0C0F9606817F0CFFF03
:10B4E0002046BDE810401022002117F047BA00BFE7
:10B4F0002C1F0020034B0201C3E900100021024869
:10B5000017F03CBA241F00202C1F00200022024B01
:10B51000C3E90022704700BF241F002038B5094B43
:10B52000020103EB0014E568204629469A5A16F0FA
:10B5300095F925B12B68E3606388013B6380284659
:10B5400038BD00BF2C1F0020024B03EB001398787E
:10B55000704700BF2C1F0020054B03EB0010C36891
:10B560000B604388C1600133438016F078B900BF97
:10B570002C1F0020044A010102EB0013505A10B1A5
:10B580001B89B3FBF0F070472C1F002038B5124D1B
:10B590002B78FBB9114B002808BF1846046804B982
:10B5A0001C680D200E49FFF7A5FF5423B4FBF3F2EE
:10B5B00000235121184692B2FFF742FF044620B102
:10B5C000FFF7A4FF1924204638BDFFF781FD0123B2
:10B5D0002B70F8E71224F6E7412B002070E60200FA
:10B5E000F1B500000149084616F033B994F702009E
:10B5F000012838BF012038B5C41C24F003042046BC
:10B6000016F058FA054601462246084816F026F973
:10B610002DB921460220FFF703FF284638BD2246F8
:10B620000021284617F0AAF9F7E700BF94F70200B7
:10B6300030B5427E037E0446B2EB931F4FF0000507
:10B6400089B03CD25200214821491341CDE904017F
:10B6500003F00303E17D253304A88DF81930CDF8FC
:10B660001A50ADF81E508DF8181000F015FD627ECE
:10B67000CDE90155A38A03950AB9DA071CD5012241
:10B6800023F001039BB2A3828DF8082003F00C0382
:10B69000003B18BF0123A27D5B0001A88DF80A3092
:10B6A0008DF8092018F049F9206A1AF085FA637EAE
:10B6B0000133637609B030BD22680192E6E7457731
:10B6C000312009B0BDE8304003F0D0BFD6BE898E2E
:10B6D00055555500212810B50C460ED18B8A9B0775
:10B6E00007D4084803F05CFF2046BDE81040FFF790
:10B6F0009FBFBDE8104004F053BCBDE8104017F0F8
:10B70000FDBE00BF09B70000F0B553280C4685B058
:10B710000FD0552874D0512878D18B8A03F00C03B0
:10B72000002B6DD00120897D05B0BDE8F04000F010
:10B7300067BA0027204603A9039717F0A2FE054623
:10B7400000285BD0037803F00F03032B2BD1206A72
:10B750001AF02DFAA18A0646C1F3800128461AF094
:10B76000D7FA00284AD129468023324620461AF0CB
:10B7700099FA0546002841D1274803F011FF2946D0
:10B7800004F124001AF02FF90646A17D284600F0A6
:10B7900021FA30461AF010FA2046039905B0BDE8A8
:10B7A000F04017F09EBE052B28D1206A1AF0FFF951
:10B7B000A18A04F148030193C1F380130646009364
:10B7C000C1F300123B462846C1F3C0011AF0A8FAA3
:10B7D000A0B929464FF48073324620461AF062FA27
:10B7E000054658B903981AF02EF900F083FB312072
:10B7F000657705B0BDE8F04003F038BF00F07AFB94
:10B80000204605B0BDE8F040FFF712BF05B0BDE827
:10B81000F04017F073BE00BF1DB80000512810B5EE
:10B820000C4607D1054803F0BBFE2046BDE810409A
:10B83000FFF7FEBEBDE8104017F060BE09B700007C
:10B840000120014903F09ABED5B6000021281FB59A
:10B850000C4634D11C4803F0A3FE04F1100000F0A4
:10B860001BFC94F824001AF097F894F820306268D2
:10B8700013F0010394F8221012D00023CDE9023313
:10B88000A368684613440193012300928DF80A309F
:10B890008DF80B108DF80C3000F0D4F904B010BD09
:10B8A000CDE901330223684600928DF805108DF82A
:10B8B000063018F042F8204617F0A5FEEEE704B077
:10B8C000BDE8104017F022BE733602000320014984
:10B8D00003F054BE4DB8000037B5174D0446EB6970
:10B8E00093F87D2012B9002003B030BD01281AD092
:10B8F00002280CBF022201228DF8042001228DF8BB
:10B9000005209A6F286922F044029A6701A920F065
:10B9100077F80028E8D1012C07D1EA69936F43F04A
:10B9200040039367DFE70422E6E7022CDBD1EA69F4
:10B93000936F43F00403F4E7280B002037B5184D4C
:10B940000446EA6992F87D3013B9002003B030BD97
:10B9500001281CD002280CBF022301238DF80430DB
:10B9600001238DF80530936F286923F4805323F069
:10B970000203936701A920F059F80028E6D1012CB1
:10B9800007D1EA69936F43F002039367DDE704236D
:10B99000E4E7022CD9D1EA69936F43F48053F4E7CA
:10B9A000280B00200422F0B51D4E0546F36985B032
:10B9B00083F87C20407917F0AEFF2C79074694B1CC
:10B9C000A879FFF789FF044638BB01466A79012050
:10B9D00017F07FFF3B4622467179306905B0BDE81C
:10B9E000F0401FF0B1BF2B6868790394029317F001
:10B9F00092FF009022467179306902AB1FF0A6FFDA
:10BA0000044650B9A879FFF767FF044628B90246F3
:10BA100001216B79286817F05DFF204605B0F0BD65
:10BA2000280B0020014B186920F008B9280B0020D2
:10BA3000014B186920F004B9280B0020F8B522F05A
:10BA400095FA0646164FFB6993F86F4093F86E30EF
:10BA50000434E41AE4B20CB9042507E0012017F01D
:10BA600079FB014688B9C4F10405EDB2304622F0F5
:10BA700078FA44B1FA694FF00060936F43F0100315
:10BA8000936703F00FFF2846F8BD064817F091FAB8
:10BA9000FA69013C92F86E30013382F86E30D9E7D2
:10BAA000280B00203C0B00202DE9F843DFF86C80C8
:10BAB0000546D8F81C3093F86E4093F86F30E41ABE
:10BAC000E4B298B122F052FA2E460746306820B10F
:10BAD000042C0ED1304617F0C8F929680E4817F02B
:10BAE0005EFA384622F03DFA00232B602046BDE87E
:10BAF000F883D0F8009017F023FB3368D8F81C20A7
:10BB0000C3F8009092F86E30013401333668E4B225
:10BB100082F86E30DAE700BF3C0B0020280B0020D3
:10BB20002DE9F0414FF0000882B00546CDF80480C1
:10BB300038B3154F01AC0AE023601B687B612368B2
:10BB4000C3F800802668453D002D344610DD7B6932
:10BB5000002BF1D1012017F0FDFA064620600028E5
:10BB6000F1D101A8FFF7A0FF304602B0BDE8F08197
:10BB7000019E3046737943F00103737102B0BDE852
:10BB8000F0810646F5E700BF280B002008B504F059
:10BB900031F8024B1030D86108BD00BF280B0020DF
:10BBA00038B504460A4DFFF7F1FFEB692A689A673A
:10BBB00064B1A08803F078FC03F092FC0122EB69E9
:10BBC00083F87C20FFF73AFF002038BD0120F3E71F
:10BBD000280B0020042238B5084B0D46DB6983F89A
:10BBE0007C20FFF779FE044608B100F0B7FB2A4637
:10BBF0000021012017F06DFE204638BD280B0020E3
:10BC0000022238B5094B0D46DB6983F87C20FFF72B
:10BC100095FE044608B100F0A1FB2A460021012050
:10BC200017F057FE17F074FE204638BD280B002091
:10BC3000034A136823F40043136000F065BD00BF9E
:10BC4000280B00207FB52D4E0446F569102295F88B
:10BC50007C300021022B14BF02230823684685F89C
:10BC60007C3016F08BFE237A002B3DD001238DF81B
:10BC7000043063680293A37A53B195F87D0003F012
:10BC8000FDFB029B02881344029301238DF80D30C3
:10BC9000637A207B8DF80E30FFF750FE0546C0B961
:10BCA000E07A17F038FE6A460346717930691FF072
:10BCB0004FFE054668B9F369227AB3F87A10E37A41
:10BCC00001F001019AB11A46012017F002FE17F0A7
:10BCD0001FFEF269936F23F48033936715B12846F2
:10BCE00000F03CFB04B070BD23680093C1E70A4636
:10BCF0002068012117F0EEFDE9E700BF280B0020C6
:10BD0000F0B51B4B87B0DD6995F86C4004EBC404BB
:10BD1000A600AF5905EB840417B1204607B0F0BD6B
:10BD20001A79A7736273032101AA1869A7601FF02B
:10BD3000EBFEA8512046039A049B1036AA513544C5
:10BD4000BDF808209DF804106B60BDF80630072987
:10BD5000A3EB0203638308BFA368228308BF43F0F9
:10BD60000103A783276208BFA36007B0F0BD00BF2F
:10BD7000280B002083689B0700D5704730B5154D10
:10BD800087B0044601686A4628691FF0BFFE50B9B3
:10BD9000238B628B6946134403332869ADF8043062
:10BDA0001FF0B6FE08B107B030BD009B9DF90E0034
:10BDB000636000F099FC2073EB699DF8111093F813
:10BDC0007D0003F04FFBA368A07343F00203A36060
:10BDD00007B030BD280B0020F8B54FF6FF741E46A3
:10BDE000A142038BB0F81AC008BF818B9C4418BFD6
:10BDF00081836145054636DA4FF6FF708242ACEB2F
:10BE0000010C02D09445A8BF94468B421FFA8CF4D3
:10BE100007D80027A74216D3AB8B38463B44AB83E9
:10BE2000F8BD5B1AA342A8BF23462A6930461144D5
:10BE30009AB2174617F096FA80B2B84218D1298BF9
:10BE4000A7420B46E8D23046C91AE61B6B69B6B268
:10BE5000324613FA81F117F085FA80B2361AB6B27B
:10BE600026B92746D8E700273846F8BD384480B2BF
:10BE70000746AB8B1844A8833846F8BDF8B524268E
:10BE80000F4FFC6994F86D3006FB0344214617F010
:10BE90005DFD054622F06AF80022F969226291F8F8
:10BEA0006D305E438A5103220133B3FBF2F202EBA1
:10BEB00042029B1A81F86D3022F053F82846F8BDF3
:10BEC000280B00202421044BDB6993F86C2001FB34
:10BED000023117F03BBD00BF280B0020044BDA698C
:10BEE000926F920503D5002118691FF027BE704795
:10BEF000280B002010B5154CE36993F87C30012B1A
:10BF000008D000221146104617F0E3FC0122E36935
:10BF100083F87C200122032120691FF010FD0022FC
:10BF2000012120691FF0F6FDFFF7D8FF002017F070
:10BF3000F6FC17F0F6FC002017F0F4FCE269936FB2
:10BF400023F4847343F4C043936710BD280B00208F
:10BF500010B522F00BF80446FFF7CCFF074B562034
:10BF6000DA69B2F876300133A2F8763003F0C6FB16
:10BF70002046BDE8104021F0F4BF00BF280B002090
:10BF800010B5114CE269936F190704D523F008032B
:10BF90009367FFF7DDFFE269936FD80604D523F0BE
:10BFA00010039367FFF74AFDE269936F990609D57D
:10BFB00023F02003936704F029F818B1BDE810407E
:10BFC000FFF7C6BF10BD00BF280B002008B5FFF764
:10BFD00091FF00F099FB094A1368D16923F40043EB
:10BFE000136053690022501C23B981F86E2081F838
:10BFF0006F3008BD02461B68F5E700BF280B002024
:10C00000014B18691FF0AABD280B0020002208B5BB
:10C010001046114617F05DFC034B18690BF026FC27
:10C0200017F07CFC08BD00BF280B0020024B58789D
:10C03000C0F38000704700BF280B002038B5154CB6
:10C040000546E36993F87D3083420ED0431E042BEE
:10C0500008D8DFE803F0030B0F14160020690CF07A
:10C060001FF810B9E36983F87D5038BD206917F0D7
:10C070005BFCF6E70021206917F058FCF1E702218C
:10C08000F9E7FFF7D3FF0028ECD0206917F050FC48
:10C09000E7E700BF280B00207FB50446114E407A29
:10C0A0000025307117F0F6FB7071207AFFF7C6FF9C
:10C0B000636869460093236830690193637A8DF859
:10C0C0000A50ADF80830ADF80C501FF00BFE2A46B0
:10C0D0002946284617F01BFC206817F021FC04B005
:10C0E00070BD00BF280B002038B50B4C05462368F7
:10C0F000206923F4806323601FF0A4FD38B10DB9DB
:10C10000002038BD236843F480632360F8E7002DE6
:10C11000F6D00C20F5E700BF280B0020F0B53B4C13
:10C120000746216889B011F0010165D1202220461F
:10C1300016F024FC36481FF015FC064610B11020FE
:10C1400009B0F0BD334D344B01A82B6003F056FD10
:10C15000029B2046AB82019B32462B622F4B294625
:10C160001B886B822E4B1B68EB612E4B1B882B822E
:10C170002D4B1B68AB614FF0FF3340F8103F0BF0C5
:10C1800019FB0028DBD1BB68DB0237D4012000F0AB
:10C19000F1FA0028D3D102224FF0FF3120691FF0BD
:10C1A00074FC0028CBD10120FFF79EFF20691FF00F
:10C1B0006EFD0028C3D11D4E01AD0FCE0FC596E810
:10C1C000070085E80700206901A90BF0F7FB0028AC
:10C1D000B5D1012120690BF053FB0028AFD1144ADF
:10C1E0001449206917F077FB00F002FA0028A6D165
:10C1F000236843F0010323600020A1E70E49206972
:10C200000BF016FB0028C1D099E700BF280B0020D7
:10C21000690345ECFC1F002085C30000B8FB020049
:10C22000BCFB0200BAFB0200C0FB0200A4F7020044
:10C2300091380200BF3802009EF7020070B5054633
:10C240000E4614460AB117F064FB044823463246F2
:10C250002946BDE8704000691FF054BC280B00203F
:10C26000024BDB6993F87D00704700BF280B00206C
:10C27000044BDA69936F034393674FF0006019F042
:10C2800056BC00BF280B002038B500F003FE324C2E
:10C2900028B3857D25BBE36993F87C20022A10D161
:10C2A000B3F8722053200132A3F8722003F026FA6B
:10C2B000012017F037FB2421E26992F86C304B43E0
:10C2C000D550E26992F86E3092F86F209B1ADBB27B
:10C2D000032B40D8BDE838401020FFF7C9BFFF2529
:10C2E000284603F053F9002831D0E36993F87C2005
:10C2F000022AE6D1B3F8722053200132A3F872204B
:10C3000003F0FCF9012017F00DFB23681D0407D58D
:10C31000E36993F87C30012B02D0522003F0EEF950
:10C320002422E16991F86C305A4388188068C0F380
:10C330008005400741BF03220133B3FBF2F202EB59
:10C34000420246BF9B1A81F86C308D50B9E732200B
:10C3500003F0D4F9B5E738BD280B002038B5054601
:10C3600021F0FBFD0446064B0820DB6983F87E5074
:10C37000FFF77EFF2046BDE8384021F0E9BD00BF51
:10C38000280B0020F8B515461C46064619461046EF
:10C3900017F0C3FA2A462346304617F01FFB4E4ECD
:10C3A000D6E9022300EA020401EA03050D2C75F127
:10C3B00000034DD20D2C75F1000318D3474B2340D9
:10C3C0002BB124F0011323F4A0432B4376D004F1C6
:10C3D0007F432B4365D0610152D5F369996FCA053C
:10C3E0004ED521F4807193F87C20996726E00C2CBF
:10C3F000E4D801A353F824F04FC40000BDC30000EB
:10C40000BDC30000BDC300009DC40000BDC300004B
:10C41000BDC30000BDC3000033C40000BDC30000A5
:10C42000BDC30000BDC300002DC40000002017F0F4
:10C4300079FAFFF729FFF36993F87C20082A04BFF3
:10C44000022283F87C202046294617F045FAF8BDE1
:10C45000A4F58043083B2B43B0D1FFF715FFF369E8
:10C4600093F87C20022AE9D140F60201986F8143BB
:10C4700018BF0122552083F87C2003F03FF9DAE74A
:10C4800021F06BFD64220746F369082083F87E20C3
:10C49000FFF7EEFE384621F05BFDCCE717F043FADC
:10C4A000C9E7F2695120B2F870300133A2F8703058
:10C4B00003F024F9012017F035FABCE7F36993F88B
:10C4C0007C20012ABFD040F60202996F8A4314BF34
:10C4D00001220222CEE700BF280B002001500100FC
:10C4E00030B50C460021054685B009480091006929
:10C4F00003AB0DF10E02FCF7E1F915B1BDF80E30FA
:10C500002B8014B1BDF80C30238005B030BD00BFC6
:10C51000280B002013B504460DF106010020FFF79B
:10C52000DFFFBDF90600074BC828A8BFC820A042FE
:10C53000A8BF2046B3F904209042B8BF10465880E7
:10C5400002B010BDBE2A002070B586B0ADF80C2038
:10C55000ADF80E304FF0C8124FF08213ADF808005E
:10C56000ADF80A1000200DF10601CDE90423FFF714
:10C57000B7FF02A804220346BDF9066004ACB0F977
:10C58000001034F9025BB142A8BF3146A942A8BFEE
:10C590002946013A12F0FF0220F8021BEFD103CB2B
:10C5A000034AC2F80600C2F80A1006B070BD00BF08
:10C5B000BE2A002013B5044600210DF10600FFF746
:10C5C0008FFFBDF90600084A084B9042B8BF1046DD
:10C5D000A042B8BF2046B3F902209042A8BF10463F
:10C5E000988002B010BD00BFD4FEFFFFBE2A00201D
:10C5F00038B5144B00211869FCF718F90446E8B95E
:10C6000047F6FF7310498D1E086048608860881CDB
:10C6100021F8023CFFF764FFB5F90420B5F90230B8
:10C620009A420DDCC820FFF775FF0848FFF7C2FFEC
:10C6300064231A4619461846FFF786FF204638BD80
:10C640001024FBE7280B0020C02A0020D4FEFFFFA7
:10C65000084B10B5B3F9024030B903EB4103B3F90D
:10C6600004309C42A8BF1C46A242A8BF22461046E6
:10C6700010BD00BFBE2A00200346044AB2F90400E0
:10C680001BB1034B1B8BC01A00B27047BE2A00209F
:10C69000280B0020C82838B50EDC084B084D1A8B33
:10C6A000801AB5F9002004B2A24205D021461869CB
:10C6B0000BF0E4FA00B92C8038BD00BF280B002035
:10C6C000BE2A00208BB200294FF00A01B4BF053BFF
:10C6D00005339BB21BB293FBF1F3024A10835383E1
:10C6E000704700BF280B0020024B5B8BC01A40B282
:10C6F000704700BF280B0020024B1B8BC01A00B2F2
:10C70000704700BF280B00200022044BDB691A6031
:10C710005A629A64A3F86C20704700BF280B00206F
:10C720000A4B418BDA6992F86E3092F86F209B1AAF
:10C730005BB203EB031203EB8203028B50180A3047
:10C74000834234BF00200120704700BF280B002027
:10C75000074B418BDA69038B0B4445214E33B3FB06
:10C76000F1F392F86F100B4482F86F30704700BFFE
:10C77000280B002007B50A490A4AD1E902030243FF
:10C7800043F02003C1E90223CDE900234FF0FF323B
:10C790004FF0FF3308691FF04BF903B05DF804FB5D
:10C7A000280B00200DD50155054A08B59268824234
:10C7B00005D0427942F0030242710AF03DFD08BD06
:10C7C0002020002010B5074816F04FFB054B1C46F3
:10C7D000181D16F04AFB04F10800BDE8104016F0E1
:10C7E00044BB00BF2020002010B5022016F0B2FC90
:10C7F000034C6060022016F0ADFCA06010BD00BFCD
:10C800002020002008B5FFF7DDFF0022024BDA6090
:10C81000BDE80840FFF7E8BF20200020014B586822
:10C82000704700BF20200020014B9868704700BF70
:10C830002020002038B5104DEB681BB1EB689847FD
:10C840000023EB602B688BB10B4816F02DFB0446E0
:10C8500060B12B681BB14FF0004019F068F9204619
:10C8600017F029F918B1204617F027F938BD2046EE
:10C870001AF073FDFAE700BF2020002010B5084C25
:10C88000E0604FF0004019F052F900BF00BF00BF58
:10C8900000BFE3681BB1E36898470023E36010BD65
:10C8A0002020002038B5827943790244527B044627
:10C8B00012F0300F06BF23F0020343F0010303F030
:10C8C000FC03437121F052FB05462146054816F052
:10C8D00066FB4FF0004019F02AF92846BDE83840C1
:10C8E00021F03FBB202000202DE9F041244E002103
:10C8F0007468FE20A57900F09DFC074617F0A9F8A2
:10C9000050B141F20C00C2B20023B06842F20501FE
:10C91000BDE8F04117F0D2B817F09DF80028F0D12B
:10C920000C352C44237AE51C9B09022BE9D0012B02
:10C9300018D9237AA11C03F03F02073443F0C00347
:10C9400011F8010F8C4242EA000203EA0003F7D11A
:10C95000002AD6D0FF2BD4D057B9284619F08FF82B
:10C960000020D0E7294619F09DF80028E1D0C8E75B
:10C970002946384617F0C1FD0028EED0C3E700BFB6
:10C980002020002010B5084C6068837918440F30CF
:10C9900002F0DCFE0023A0681A46BDE810404FF606
:10C9A000284117F08BB800BF20200020F8B50746BB
:10C9B0000D4616461C4623B9012016F0CBFB044653
:10C9C000C8B106220C21204617F093F8691EC9B29F
:10C9D000032988BF0022A37998BF074A03F10C03FB
:10C9E00098BF525C234420469F80DE70DA719A71B2
:10C9F000FFF7DAFE0120F8BDC0F70200F8B5FFF737
:10CA00000DFF83791844B0F80F60B0B201F006FC56
:10CA10000446C0B118F041FD0138C0B2032814D853
:10CA200000270B4B1C5CFFF7FFFE054604233A462C
:10CA300042F2300117F042F8AB790C33E818C680A7
:10CA400004724472F8BD0227EDE700242746EAE7A6
:10CA5000C0F702002DE9F0411D46134307460C467E
:10CA60001646BDF8188006D12046BDE8F0411A46AA
:10CA7000194617F09CB9414620461AF07BFD78B163
:10CA80002146384618F07BFA40238674C574214647
:10CA9000069338464346BDE8F041024A1AF090BD7D
:10CAA000BDE8F0818B3E0200F7B50E46054618F052
:10CAB000F1FCB37900780C3333445F789B7800EA5B
:10CAC00010101F40384017F03AF9044668B928465C
:10CAD00017F03EF9384017F032F9044628B92846D5
:10CAE00018F0DBFC02F0B4FC04462846002118F0E4
:10CAF00064FB172130461AF019FD30461AF007FD85
:10CB000031464470847028461AF0F6FC032128460A
:10CB100018F08CFA40220346009229460020024A6F
:10CB20001AF04EFD03B0F0BD3F3E020010B5074CB9
:10CB30002368DA0607D523F01003236018B9022012
:10CB4000A16816F0CAFE0023A36010BD30200020AB
:10CB5000F8B50023027D0446950703600CD550F814
:10CB6000081FC90C01F4FC7141F005011AF0A6F888
:10CB7000227D02F0FD022275A06817F05CFA0546DE
:10CB8000100703D5FFF73CFA28446060194F62682C
:10CB90003E4656F8041FAD1A79B921603460BB686F
:10CBA000E3B1607D597D884219D2217D09070FD5F7
:10CBB000BDE8F8400020FFF7B9BF886817F03BFADE
:10CBC0004B682B441B1A002BE7DA0E460968E3E793
:10CBD00059681B690B449B1A002BE9DAF8BDD3E9AD
:10CBE000011017F028FAE3681A44521AC242F5D528
:10CBF000DEE700BF30200020014610B504460320C8
:10CC000016F06BFE054B1B68D90305D4237D5A072C
:10CC10005CBF43F00203237510BD00BF302000202D
:10CC2000014BD868DC3870473020002018220021E2
:10CC3000014815F0A3BE00BF30200020034B1B6845
:10CC400003EA0040003818BF012070473020002060
:10CC500030B5B8B14468ACB1104D2B691A4692B9E1
:10CC600043B19A688A1A41BF5242B2FBF4F202FB06
:10CC7000044409190A4C81604BB9036020602B7D84
:10CC800001332B7530BD8242FCD01268E7E79A6809
:10CC9000521A002AF1DA1C461B68EDE7302000200A
:10CCA0004020002040B1436833B1084B1A7D013A5F
:10CCB0001A7553F8102F02B970471A68904202D1C2
:10CCC00002681A60704713461268F4E730200020AB
:10CCD00038B50446094D0846AB68A34201D1FFF7B9
:10CCE00025FF6A68064B22B11A68A24202D1226867
:10CCF0001A6038BD13461268F5E700BF30200020E7
:10CD0000342000202DE9F3475C4E33685A0700F1C8
:10CD1000B280B368002B40F0AE8056E8003F43F08D
:10CD2000040346E80032002AF7D17468B4B1FFF773
:10CD300067F901AA074601462046256917F083F9DD
:10CD400008B9204621E0019BA5EB03082568ADB991
:10CD5000636808F1DC084344C6E9024356E8003F33
:10CD600023F0040346E80032002AF7D1B468002C0F
:10CD70004DD102B0BDE8F047FFF748B93946284623
:10CD800001AA17F060F918B92846FFF735FFCCE77C
:10CD9000D5E901A017F04FF92B7DAAEB0000DB07C6
:10CDA00005D4019A2B699B1AEA689B1A1844626899
:10CDB00002EB08031B1A002B25DD984504D9E36814
:10CDC000801ADC3383421DD994F8149019F0010FB6
:10CDD0000DD1A06817F02FF92369E9681A44A2EB76
:10CDE0000A02E368521A121ADC339A420DDC6A7D99
:10CDF000637D9A4207D219F0080FA2D0D5F80C80B3
:10CE00002C4600E080462D68A1E78846F8E7A36835
:10CE100013F4601FC3F3C24526D1002533682146B1
:10CE200043F010030120336016F057FD1DB3A368D3
:10CE300004F1080513F4601F4FEAD341C3F3C24461
:10CE400007D0013CE4B201F4FC712846214319F0FB
:10CE500035FF0321284603F09BFC64B9284602B045
:10CE6000BDE8F04703F07ABC04F1080003F02EFCA3
:10CE70000028D2D1D2E702B0BDE8F08730200020F0
:10CE800008B5034B996809B116F027FD08BD00BF2E
:10CE900030200020014B9868704700BF30200020F0
:10CEA0000C4B70B59C68844212D12146022016F0CA
:10CEB00014FDD4E9016017F0BEF80546FFF7A0F8AD
:10CEC000801BE84221464CBF0120032016F005FDDF
:10CED00070BD00BF30200020114B70B59D682C69DB
:10CEE0002E6816B96868204470BD727D6B7D9A42C9
:10CEF0000FD8B06817F09FF86FF0DB036A687168AD
:10CF00009B1A0B4429691B1A8B42D4BFD0185018A6
:10CF1000EAE7304617F0E4F80028EAD13668E0E79F
:10CF200030200020014B1878704700BF422B0020B2
:10CF3000437D0F4A1B01DBB282F81F3382F8203396
:10CF400082F8223382F8213382F8233382F82433A3
:10CF500082F8253382F8263382F82A3382F8273381
:10CF6000037E23B9037D1B01DBB282F8223C7047AC
:10CF700000E100E037B5054602F0B6FC044698B97A
:10CF80002846FFF7D5FF2B8A0DF10601ADF80430D6
:10CF90006B8A01A8ADF8063017F0B1F80122034BF7
:10CFA0001A70204603B030BD0224FAE7422B00205D
:10CFB000982238B50546164B00211C6B2D0202FB4A
:10CFC0000044204615F0DAFC124B45F001051B68C1
:10CFD00004F10800DB7800216375E58219F068FE32
:10CFE0004FF0082363651323A4F858304FF60773F6
:10CFF000A4F86030FF23084A84F86230074B2046CB
:10D00000C4E91E32C4E92232BDE8384017F05CBEE4
:10D0100048200020D420002055555500D6BE898ECA
:10D0200010B50A4B98241A6B93F834000023803A09
:10D03000D9B2884201D8002010BD013304FB03F1AE
:10D0400051580029F4D00120F6E700BF4820002005
:10D05000034B1B6BC01A034BC0105843C0B2704740
:10D06000482000201BCA6B28F8B580F85E200022FB
:10D070001E1E0D460CBF4FF48C718C2180F85F2072
:10D08000026A00F1080722F480720262C268044654
:10D09000026101F26311384619F00AFE0120FFF720
:10D0A000CDFD28B9237D5A075CBF43F002032375E9
:10D0B000A1683846C1F3C84141F0A00119F0FEFD56
:10D0C0005DB140F27123B4F85620C2EB05125A4309
:10D0D000236A626243F4807323621EB1236A43F4BD
:10D0E000002323620C4B1B68DB78637520F03EFF46
:10D0F000237D064643F00803237525B1FEF780FF24
:10D10000636A03446362204616F0C2FF304620F093
:10D1100028FF0020F8BD00BFD4200020F8B51F462E
:10D1200083690446164613B1C9B1002515E00029EC
:10D13000FBD017F0FBF9054678B9B4F858309B07D7
:10D1400010D5E36B73B916F005F8E06350B92946C2
:10D15000204617F04EFD41F207052846F8BD17F0AE
:10D1600048FDE2E7044B3A46A361314601232046DD
:10D17000FFF77AFFD9E700BF55DE000038B5044657
:10D1800000284CD0083003F0E9FA0025FF2304F111
:10D19000380084F86130A56115F067FE04F14000A5
:10D1A00015F063FE04F1340015F05FFE04F12C006D
:10D1B00015F05BFE04F13C0015F057FE04F1300061
:10D1C00015F053FE04F1440015F04FFE154B186B9B
:10D1D000154B201AC0105843C0B216F08FFB014601
:10D1E000284616F086FBA06C10B101F0D9FAA564B0
:10D1F000E06C18B116F01BFC0023E364206D16F000
:10D2000058FC00232365FFF70BFF08B1002038BD51
:10D21000064815F02AFE064815F027FEF6E741F20B
:10D220004200F4E7482000201BCA6B286C20002035
:10D2300070200020F0B5104B02461E6B93F834C0EE
:10D2400035464FF0FF3400239C4508DC91B1631C48
:10D2500010D0982303FB046080F86120F0BD95F89E
:10D26000617028469742F9D0FF2F08BF1C469835B9
:10D270000133E9E70020F1E748200020014BD86A9C
:10D28000704700BF4820002070B500249826074D45
:10D2900095F83430A34201DC002070BD286B06FBFA
:10D2A0000400FFF76BFF0134F2E700BF48200020C5
:10D2B00038B50A4DFFF7E8FFEB6A13B100221A6098
:10D2C000DA8019F001FD002495F83430A34200DC27
:10D2D00038BD2046FFF76CFE0134F5E748200020FA
:10D2E000F8B5054600249827074E96F83420E3B297
:10D2F0009A4201D80020F8BD306B297807FB030063
:10D3000017F030F90134F0E74820002070B52D4CBB
:10D310000646E06A18B1FDF711FF0023E36200251D
:10D32000294815F0A2FDA562FFF7C2FF284616F0B6
:10D33000E9FA7EB90025032084F834602563E58688
:10D34000FEF7C2F8AE4217DC94F8340016F0DAFAB1
:10D3500030B970BD022015F0FDFEE0620028E9D171
:10D360000025E06A84F83450256338BB002016F0AD
:10D37000C9FA41F20700ECE706EBC60106EB4101F2
:10D38000C9002B460122032089B2FEF759F8054651
:10D390000028E5D10320FEF7C1F820630028DFD084
:10D3A00098222946724315F0E9FA94F83430AB42DA
:10D3B000CADD2846FFF7FCFD0135F6E7FDF7BEFEA6
:10D3C000E562D3E748200020702000202DE9F043DB
:10D3D00000268BB0DFF8E08008AF98F83430B34215
:10D3E00002DC0BB0BDE8F0839823D8F8304003FB93
:10D3F000064494F86130FF2B0DD0236A980306D5BC
:10D4000004F14409484615F0B7FD054628B9226ADB
:10D4100012F4A02F1DD10136DFE7AB7939460C336A
:10D420002B44D8689A7A1B8AC2F38012BB800023EF
:10D430008DF81F2038601A460DF11F0016F018FBFA
:10D440003B4628469DF81F2094F8611016F095FB86
:10D45000D8E7B4F8583003F01D031D2B17D13C2337
:10D46000FF210020CDE90431CDE902000121CDE901
:10D47000000004F16903C2F3800219F009FEA8B9A3
:10D480004FF080500BB0BDE8F04302F00BBA12F43D
:10D49000803F08BF3C214FF0000218BF432194F8A1
:10D4A0005F3094F8610019F0BFFCE8E7236A23F4C9
:10D4B000A0232362AFE700BF482000202DE9F74FEB
:10D4C00099465A4B88461B681646019305469DF8B7
:10D4D00030B00D9CFFF7BCFD16F010FA98F8007004
:10D4E00082461EBB00260021384602F055FFC7F3D6
:10D4F0008002C2EBC202024493B216FA82F2FF2A01
:10D500001CD9C3F1FC039EB247F0100716F0C0F916
:10D510002523B0FBF3F202FB13010020C9B202F095
:10D52000EBFF4FF0010985F891000CE0304615F053
:10D530002BFD4845D6D9A0EB0906D4E7FB06B6B2C9
:10D54000C7F30019E2D4BBF1000F01D095F858B031
:10D5500000235A463946204618F09AFC204618F017
:10D56000CCFC2946204618F0D5FC5146204618F040
:10D57000FAFC204605F1730118F050FDB9F1000FD7
:10D5800048D095F8902095F89110204602F0DAFEE8
:10D590002946204618F051FD90B1019B6968DB686F
:10D5A000E2791944A379286DD21A0C3353FA82F226
:10D5B0002244A0B316F075FA0146204615F02CFC63
:10D5C000B9F1000F2FD0B5F99410204618F038FDAE
:10D5D0005146204618F009FD2946204618F02DFD39
:10D5E00020B1286D10B1214616F05EFA3146204672
:10D5F00018F03AFDB9F1000F06D0284616F0FDFFED
:10D600000146204602F0E6FE304688F8007003B07E
:10D61000BDE8F08F95F8802095F88110B5E7E86CAB
:10D6200016F0FEF9C8E7B5F98410CEE718210020FE
:10D630002DE9F04F01280C468DB007D0312800F0BD
:10D640009E810DB0BDE8F04F00F004BCDFF8E88229
:10D6500000264046B74B40F8246B1D6815F005FCCA
:10D66000D8F8283003B1DE80204600F0FDFA218D85
:10D670002046276A16F0F3FF84F86F00204600F07A
:10D680000BFAAB8A204643F00203AB8294F8903049
:10D6900005F12409AB76FF23EB76FFF7D9FCA877D9
:10D6A000B4F85A30204603F5FA73AB6016F0A5FFC4
:10D6B0002B7EAA689B09534303F59673EB602861A0
:10D6C000204617F01EFB002194F8810018F09FFE01
:10D6D00018F06CFA484618F06DF9FFF7CFFD94F892
:10D6E0006F100646204616F0D0FF0123009300235A
:10D6F0004FF0000A1A468DF8200008A9204601962E
:10D70000FFF7DCFEB07921460C30304418F068FD9C
:10D710003046C6F800A018F04EFAB4F85830286227
:10D72000D807C7F3405726D5236AD8F828009904AC
:10D73000C3F34032C3F3400658BF1146CDE900267B
:10D740004FF0000248BF04F16301C3F30033CDE999
:10D750000213114608ABCDF820A0ADF824A018F0B4
:10D76000E6FD0023D8F82800036018F024FA0146EB
:10D77000484618F029F9636B214693F806A00593F3
:10D780000AF10C0A03EB0A06304618F029FD204680
:10D79000D4F804B0D5F80C8017F063F808B3059BF3
:10D7A00013F80A3003F00F03072B1AD1B3789A0647
:10D7B00017D0002108AAB01C18F028FD9DF82930C8
:10D7C0007BB1089A206DD84402EB030A002875D07B
:10D7D00016F065F9002871D052464146206D16F0CA
:10D7E00060F9206D28B316F05AF910B3B37803F03E
:10D7F0003F03012B1DD90121F07802F0CDFDB37854
:10D800000138ADF81C003221F01C03F03F0307AAD9
:10D8100018F0D5FB064660B10378092B09D1206DBD
:10D8200008A916F040F908AB03CBC6F80200C6F809
:10D830000610002F4FD02046FFF70AFC16F05EF8C6
:10D84000804600234FF0250BB4F858A00893CAF384
:10D85000800A606B08A915F0E2FD064600283CD15D
:10D86000B4F858309B0714D507A9204616F0ACFE33
:10D870004FF0250A8046E06B214683790C3318442B
:10D8800018F0AEFC0896E06B08A915F0C8FD00285A
:10D8900054D1AB8AC3F3C0032B772FB1A87F16F006
:10D8A0002DF88388013383802120237D43F00103F9
:10D8B00023750DB0BDE8F04F01F0D8BEE06C002834
:10D8C0008FD016F0AFF800288BD052464146E06C5E
:10D8D00016F0A6F885E7B846B3E7089EB3790C338F
:10D8E0001E44BAF1000F03D02146304618F0FAFC6E
:10D8F00015F0CEFFB0FBFBF303FB1B010020C9B208
:10D9000002F0FAFD0146304618F0E9FBB8F1000FCD
:10D9100008D04146304618F0D6FC3046B8F804101E
:10D9200018F0B4FB089818F046F90146484618F07C
:10D930004BF88EE71821002048200020089EB3797C
:10D940000C331E44B8F1000F03D0304607A918F07D
:10D95000DAFB15F09DFFB0FBFAF303FB1A01002080
:10D96000C9B202F0C9FD0146304618F0B8FB08986C
:10D9700018F021F90146484618F026F883E7194BBC
:10D9800008461D680B7D23F008030B7500F03CFA78
:10D9900020B3154B687F1A68637DD17A28B99278D5
:10D9A0000B44934205DCDAB203E0D2785B1A93426F
:10D9B000F9DA2046218D627516F036FE20B100217D
:10D9C00094F8910018F023FD697F2046B1FA81F1A7
:10D9D00049090DB0BDE8F04F17F0BEB90DB0BDE874
:10D9E000F08F00BF18210020D42000202DE9F04343
:10D9F000002685B00E6000284AD089460546CDE94C
:10DA00000166284602A915F00AFD00283DD00298BB
:10DA10008379034493F80E80039608F03F0808F1D9
:10DA200003070CE0A7422AD201983944E41BD0B185
:10DA3000224615F097FCA04223D10027029803A9A3
:10DA400015F0FBFC0028DCD003998B79CC7903F12D
:10DA50000C02E41AE4B21144002FE3D1002CECD004
:10DA600001980028E4D10A462346014615F0B5FC8A
:10DA700001900028E1D1192005B0BDE8F0833F1BDB
:10DA8000DCE701A815F0F1F9F5E7019BC9F80030D2
:10DA9000002005B0BDE8F08338B50546B0F8582041
:10DAA0001F4BD1071C68C2F340034FEA830348BFF2
:10DAB00043F00803A382530742BFA38A43F0100335
:10DAC000A382036AD80642BFA28A42F02002A28241
:10DAD000590742BFA28A42F04002A2829A0642BF80
:10DAE000A28A42F08002A2825B0642BFA38A43F46C
:10DAF0008073A38295F88030E37595F8600017F085
:10DB00007FF90023207663766B682360FF232377F9
:10DB1000D5F86930A364B5F86D30A4F84C3038BD41
:10DB20001821002000232DE9F347054601A80193A1
:10DB3000FEF7A4F968B9019F97F8069009F10C095E
:10DB400007EB0906B37A03F00F03032B04D0052B70
:10DB500010D002B0BDE8F08705F14400394615F059
:10DB60001EFA2B6A4FF0805043F400332B6217F0FB
:10DB7000DEFFEEE7DFF89480012241460DF103005D
:10DB800015F085FFAB6CA8F1100448F8103CB5F80F
:10DB900058308246C3F3001384F821303189F0797C
:10DBA00057F8099018F01CF9174B48441B68A060FF
:10DBB0005B7906F118026B750123E260237106F1AF
:10DBC0000C03BAF1000F14D09DF80330C4F818808C
:10DBD000237794F8212095F86130637701236AB99F
:10DBE000A37795F89030E3777379676284F82030F3
:10DBF000AFE7A361B37AC3F38013E9E7B27AC2F364
:10DC00004012A277EFE700BFD42000205820002068
:10DC100037B5134605466A460C46124908684968F6
:10DC200003C295F8602008326A4412F8081CB5F85F
:10DC30005820D00607D4224628461AF09EFB00F54D
:10DC4000FA7003B030BD920704F10A044FEAC4042D
:10DC50001CBF03F50C73E418E823481E584304FB6B
:10DC60000100ECE7C4F702002DE9F041044620F082
:10DC70007DF9236A5B4A0646134203D1BDE8F041B1
:10DC800020F06FB99F05C3F3402572D5E06A15F007
:10DC90007BF9002704F134082085404615F0E5F8AB
:10DCA000A56BA76365634DB104F12C0015F0DDF899
:10DCB000E762236A23F40023236205E0B4F85830B6
:10DCC000D806C3F3001747D40027236A590560D448
:10DCD0003D46B4F85830C3F30017DB061BD5E36AA2
:10DCE0005BB104F1340015F0C0F80023E06AE36290
:10DCF000606315F049F93D462085236B5BB104F163
:10DD0000400015F0B2F80023206B2363206415F067
:10DD10003BF93D466085236A304623F4002323F413
:10DD2000C063236220F01DF9204616F0CDFF8DB1AF
:10DD300094F8742094F8733002F00F0143EA012341
:10DD4000013384F8733022F00F02C3F303231A4324
:10DD500084F87420BDE8F081E36A002BB4D040461B
:10DD600015F083F8E06AE562606315F00DF920852F
:10DD7000ABE7A36B002BA7D004F1340015F075F8C6
:10DD8000A36B04F12C00C4E90D3515F06EF8E562C3
:10DD90008FE7206B15F0F8F8B4F858306085DA0694
:10DDA000C3F300150ED5236B002B91D004F1400076
:10DDB00015F05BF80023206B2363206415F0E4F872
:10DDC000608586E704F13C0015F04FF8236CC4E948
:10DDD0000F35002B3FF47CAF04F1300015F045F80F
:10DDE000256375E700060800064B1B68D97ADA78C8
:10DDF000437D5B1A9342A8BFDAB20021427516F048
:10DE0000ABBF00BFD420002070B50F4E0546B36AEB
:10DE10000BB10022DA803368A3B10C4B1B685C7F26
:10DE200074B9094800F02AFD01212846AC6416F0B7
:10DE3000E0FE00230648336015F017F8204670BD59
:10DE40000124F6E70124F9E74820002018210020EA
:10DE50006C20002003282DE9F7430C4600F01981BF
:10DE600007D8012810D0022800F0FC8003B0BDE8DC
:10DE7000F083312800F0FC803228F7D1084603B047
:10DE8000BDE8F043FFF74EBE4FF000098E4B8F48C0
:10DE90001E6840F8249B14F0E8FF2046FFF7FCFDC5
:10DEA00006F124072046FFF7DFFE17F07FFE384615
:10DEB00017F080FDFFF7E2F90622037BB4F8288013
:10DEC00003F04F03A0F806900373B4F858300546EA
:10DED000103BC0F8009042730D2B31D8DFE803F0FF
:10DEE0005C305807300C303030303030300C037B31
:10DEF00023F00F032B7323E00123027B04F169015C
:10DF000063F3030202730C224273206A05F11402C8
:10DF100010F0080F0CD001924FF0FF32C0F38000D8
:10DF200000921A4615F0ABFD2B7B43F08003E1E72E
:10DF3000D4F869306B618B889380236A5B07F3D4D4
:10DF4000B4F858202B7B05F10E0162F345132B73B7
:10DF5000204618F01CF92B7B697B60F38613023195
:10DF60002B732846C9B214F057FFB4F8583003F0A9
:10DF70001403142B13D0B8F1000F13D06B7B434460
:10DF80006B73002342462846616B15F08CF909E05B
:10DF9000037B62F30303ADE70222037BF9E7B8F1E9
:10DFA000000FEED1284617F006FEB38A30625807FC
:10DFB00030D54FF00009E56BB4F82A8008212846D7
:10DFC000C5F80090A5F8069014F026FF0623297BDB
:10DFD0006B7301F0400141F004012973204605F103
:10DFE0000E0118F0D4F82B7B60F386132B7308F125
:10DFF00006036B73B8F1000F05D0D4E90F014B464F
:10E00000424615F050F9E06B17F0D5FD0146384651
:10E0100017F0DAFC40F27121B4F85430B4F856200D
:10E020002046D21AE36803F59C53083301FB023300
:10E03000236116F066FE237D2120190742BFB38AB3
:10E0400043F00103B38201F011FB236A1A037FF549
:10E050000DAF204623F40023236203B0BDE8F04354
:10E0600016F032BE084603B0BDE8F04316F0B5BD69
:10E070000B7D084623F008030B75FFF7C5FE00284B
:10E080003FF4F4AE104B1B685B7F43B1012B7FF470
:10E09000EDAE204603B0BDE8F043FFF7A5BE0C4B44
:10E0A000617D1A68D37A92780B449342D8BFDAB272
:10E0B000A3696275002B3FF4D9AE0121204603B05D
:10E0C000BDE8F04316F048BE18210020482000208B
:10E0D000D420002038B50446D0F8A400D0B194F87C
:10E0E000305114F0FDFE81B20631284617F078FE5B
:10E0F00083B240F271200849B4F87C20098C424375
:10E1000041438A42B8BF0A4603F548709042B8BFFF
:10E11000104638BD0346ECE78020002030B5174B91
:10E12000826A1B68D206597926D5828F1C79836B47
:10E130001203B2FBF3F2631AB2FBF3F2B0F8A030B1
:10E1400003B1013BD0F8A45005B15B101B02B3FB37
:10E15000F2F35B180CD090F899200F2A08D9120915
:10E16000B3EB820FB8BF00234FEA8201A8BF5B1A4E
:10E170009C42A8BF1C46E1B2417530BDD4200020AE
:10E1800010B50446FEF786FEA0420AD1054B1B6877
:10E1900093F8203080F83430BDE81040222001F0A0
:10E1A00065BA10BD182100202DE9F0411A4C064631
:10E1B0002368A3B92EB100254FF4A478EFB2B7427B
:10E1C00011DB0020BDE8F0812068013507FB03006A
:10E1D00015F087FBA27BEBB29A42F5D8EAE700255F
:10E1E0004FF4A477F6E72068013508FB070015F027
:10E1F00076FB0028E2D000254FF4A476EBB2BB42B8
:10E2000002D341F20700DDE7206806FB050015F0A8
:10E2100068FB0135F2E700BF802000200A4B9A7BA3
:10E2200082420ED94FF4A4721B6802FB0030836A4D
:10E230005B0707D490F8383113F0100F08BF0020A7
:10E2400070470020704700BF80200020084A09491D
:10E250001368C31AD810002B01FB00F005DB937B79
:10E260008342D8BF4FF0FF3070474FF0FF30704708
:10E2700080200020199C8FC170B504460E461FF007
:10E2800075FE054604F1300252E8003F334342E890
:10E2900000310029F8D12046FFF7D8FF01230B4AAF
:10E2A00003FA00F002F11C0353E8003F034302F1BC
:10E2B0001C0444E800310029F4D14FF4807017F0B9
:10E2C00036FC2846BDE870401FF04BBE8020002081
:10E2D00070B505460C46C2B90126204616F00EFE62
:10E2E000B5F84010441C284619F016FA14FB06F441
:10E2F0000028A4B207DD844205DB84B2012C1CBFD8
:10E3000004F1FF34A4B2204670BD836ADE07E3D572
:10E31000C28F002AE0D0D906DED5DA05DCD4D0F8E9
:10E32000A430002BD8D10C4B1B6893F8213013F08C
:10E330000C0FD1D103F01202122ACDD15B06CBD53E
:10E34000FFF784FF80B216F0DBFD0028C4D1EE8F0A
:10E350000136B6B2C1E700BF182100202DE9F04711
:10E3600089466D490446CB8A63B9826812F4601FFE
:10E370004FEAD24301BFC3F3C40303EB830302EBB1
:10E380008302CA82B9F1000F02D1204616F0F5FDD2
:10E39000B4F8A050002D40F0B280A36A082113F019
:10E3A000100F0CBF3E230823204684F87B3002F078
:10E3B00033FC2046FFF7B2FEFFF748FF86B2074660
:10E3C000304616F0A5FD8246304616F09FFD30B16E
:10E3D000304616F091FD0021304616F096FD236B75
:10E3E000590409D54FF4804104F1300016F047FD7F
:10E3F00000212046FFF740FFFFB24A46394620463B
:10E40000B4F84080FFF764FFB4F84030A4F880000F
:10E410001844A4F840005DB1204615F022FB2046C8
:10E4200015F060FA2046B4F8401019F02AF80546B5
:10E43000304616F06DFD504510D0A36ADA070DD4B2
:10E440004A4639462046A4F84080FFF741FFB4F819
:10E450004030A4F880001844A4F84000B4F84030DC
:10E46000434502D2304616F04FFD304616F045FDCA
:10E47000B4F88020B4F8A03094F874109B1AA4F873
:10E48000A03094F87330204602FB01332522B3FB01
:10E49000F2F102FB1133202184F8733002F0BCFB4F
:10E4A0007DB3A36ADB0714D5A26BB4F88030204695
:10E4B000534340F2712204F14401534394F8422043
:10E4C00002F020FB606C85082046FFF703FE28441D
:10E4D000E06040F27125A16B20460139694316F0D6
:10E4E000D7FCA36BB4F8802020465A43636801210F
:10E4F00005FB02336360BDE8F04715F0E6BD01257A
:10E5000057E720460221FFF7B7FE29462046BDE81F
:10E51000F04715F0C9BD00BF8020002008B501F00C
:10E520005DFAFB220F4B10F0020FDA7344F29022D7
:10E530001A820CBF012203224107197B48BF42F017
:10E54000040262F303011973197B62F307110322BA
:10E5500019731A760421002219755A82DA61DA8257
:10E5600008BD00BF802000202DE9F843564C054629
:10E57000A06818B1FCF7E2FD0023A360EEB23046BC
:10E5800018F069F88046002841D1304616F0C9FCE1
:10E5900000283CD1FFF708FE07460220FCF794FF55
:10E5A00075B105EB850105EBC101C90043460122A8
:10E5B000022089B2FCF744FF074638B141F2070751
:10E5C0000023C4E90033A373EFB120E002204FF42D
:10E5D000A479A673FCF7A2FF394609FB05F2206077
:10E5E00014F0CCF92368681EF9B2814209FB01F2EC
:10E5F00007F101072DDB0021284699506360FFF7E2
:10E60000D3FD0028DAD1304616F072FC30B3002575
:10E61000002018F020F8002016F083FC0020FFF7FF
:10E62000C3FD0220FCF750FF2846C4E90055A5733E
:10E6300016F05EFC284615F012FA284616F055FC36
:10E64000284615F05DF90220FCF73EFF4FF0070861
:10E6500037E002F5A47119449950C5E7304615F02A
:10E66000FEF90028D3D1284615F04AF90028CED16A
:10E67000304616F03AFC0028C9D1304616F04BFC63
:10E6800006460028C3D1002D1BDD022014F062FDD8
:10E690000221A060C68014F0BFFBA06831468379D8
:10E6A000C279D21A0C33D2B2184414F067F901219E
:10E6B000A3689A7913441A7B61F301021A73FFF776
:10E6C0002DFF4046BDE8F88380200020014B987B59
:10E6D000704700BF8020002030B50A4B4FF4A4756E
:10E6E0001A689C7B002318462832D9B28C4200D885
:10E6F00030BD05FB03F151580133C1F3401108440B
:10E70000C0B2F2E780200020F8B51FF02FFC234DA7
:10E7100006466C685CB123684FF4A4720021204661
:10E72000E7696B6014F02AF92023E761A3623046A1
:10E730001FF017FC84B30123237584F83031A3F153
:10E740000113E367EB7BAA8984F842312B8A00210D
:10E75000A4F84031072384F889304FF4A473A4F857
:10E760008A3003F1A473C4F88C3003F1CE5303F55F
:10E770009813C4F8903041F61B33A4F894301B234F
:10E7800004F10800A4F8442184F8963018F090FAB7
:10E790001021204602F040FA2046F8BD80200020DB
:10E7A00070B5044616F068FC04F1080001F0D6FFCD
:10E7B0001FF0DCFB4FF4A472054600212046E669F9
:10E7C00014F0DCF8064BE66153F8042F2AB928460A
:10E7D0001C60BDE870401FF0C4BB1B681A68F5E7F9
:10E7E000802000202DE9F04106464FF480400F467E
:10E7F00001F068F8044630B90E4B1D6893F80E809E
:10E800007535A04502D80020BDE8F08155F84D3C93
:10E810005A0709D5C3F34003BB4205D10622294656
:10E82000304614F082F818B1013405F5A475E8E714
:10E830000B20E9E78020002010B5044610B9084BF2
:10E84000198410BDA0F87C10A0F87E20FFF742FCD0
:10E850002169E0602046BDE8104016F019BB00BFFA
:10E8600080200020014BD87319827047802000203F
:10E87000014BD87B704700BF802000202DE9F04F6E
:10E88000D0E9029590F9201087B0027F029190F8AC
:10E8900021100192046807798369427F90F81EA0D5
:10E8A00090F81F80002940F0FD80A8F103010129A4
:10E8B00094BF032602260393B5F808B084F89F207E
:10E8C0002A4652F8101BBAF1000018BF0120C4F804
:10E8D000281104F1480101F0CBFD204618F005FE97
:10E8E000204616F020FB17F098FD414602462046D0
:10E8F00017F0C0FEC8220DF116012046ADF8162013
:10E9000016F00BFB43F6FF7104F5947015F069F8EF
:10E91000AA88039BA4F82C21AA7984F82E211A68CE
:10E92000C4F875209B88A4F87930019B1BB1A36AB9
:10E9300043F00203A362BAF1000F03D0A36A43F4C9
:10E940000073A3624FF4607000F0BCFFC0F3C01A04
:10E95000C3054FEA8A1A48BF4AF0800A810548BFBA
:10E960004AF4807A1FF002FBA36A43F00403A36217
:10E97000E36A43EA0A03E3621FF0F3FA94F83430DF
:10E9800043F0100384F83430BB1E012B00F28C805E
:10E99000A36A43F48043A36201212046FFF76CFC85
:10E9A0000421204602F038F96B7D2046C3F30403AE
:10E9B00084F874306A8907F0FD075200A263697B0E
:10E9C0002A7B42EA0122E287E97BAA7B42EA012212
:10E9D000A2876A7D84F87330C2F3421284F8422021
:10E9E00000220523A4F840200122A4F8A030A4F8B6
:10E9F0008020029916F09CFA00F0EAFF20F40060F3
:10EA0000C4E908012046FFF789FB424BB3F816A082
:10EA1000BAF1000F05D1002F40F2C71A18BF4FF40A
:10EA2000D77A2046FFF712FCC0B23B4B000240F001
:10EA30000300E082C4F80490A361002F3AD120467D
:10EA4000FFF748FBB8F1010FE06005D041462046D2
:10EA500084F8308116F0B1FB04F1080630465146C7
:10EA600018F026F90120FEF7E9F828B9237D5A07A6
:10EA70005CBF43F002032375A1683046C1F3C8416F
:10EA800041F0880118F01AF940F271216B89204693
:10EA9000013B594316F0FCF9204615F0F9FA07B08E
:10EAA000BDE8F08F012606E7012F7FF475AF40F235
:10EAB000014172E740F27127760006EB4B067E4378
:10EAC00009EB06036360A36A04F1440943F0010300
:10EAD000A36294F83430494643F00103204684F899
:10EAE000343018F08BFC33464946204694F84220D7
:10EAF00002F008F8EB7901225B00494620467B438F
:10EB000018F082FC636C20469E08FFF7E3FA30445D
:10EB100098E700BF8020002031F0000010B4C46AE4
:10EB200014F0080F11D144F0080423F41053C46208
:10EB300023F01003064C1B0414401B0CC0E90843CF
:10EB400040215DF8044BFFF797BB5DF8044B70471D
:10EB50002FCF87F700232DE9F341ADF804304B792F
:10EB60009DF804209E074EBF032303F001030133E9
:10EB700063F30102054608468DF804200C4614F0A4
:10EB8000B2FE064616F01F0318BF01239DF80420AD
:10EB900018BF4FF0030863F34512EB6A08BF4FF04C
:10EBA000020898058DF8042004D521462846019ACC
:10EBB00017F0DFFC204614F0E7F9074641462046EF
:10EBC00014F09DF9A3798DF80570BDF804100C338D
:10EBD000E152E2189DF80430990648BF96706379B7
:10EBE00043F0010363711FF0C1F92146074605F1A7
:10EBF000A40014F0D4F995F84631013385F8463174
:10EC0000AB6ADA070ED52846FFF720FB80B216F074
:10EC100071F930B34388B5F880209A4202D928466A
:10EC200016F03EFCFEF736F9854214D10E4B204615
:10EC30001E6816F0C0FF2C360146304616F0C4FEA2
:10EC4000AB6ADB0707D4304616F0B7FE022802D8BD
:10EC5000232000F00BFD384602B0BDE8F0411FF064
:10EC600080B90123D7E700BF182100202DE9F04F1C
:10EC700085B004460191084661B34B799A071AD4CE
:10EC800014F082F9019A60B9537901A8DB0742BFF9
:10EC9000A36A43F40063A36214F0E7F805B0BDE88B
:10ECA000F08FA36A1F0506D523F40063A36253798E
:10ECB00043F001035371019E1FF058F973793146F7
:10ECC0009E0705461ED504F1AC0014F077F92846DE
:10ECD0001FF047F9DFF89C911FF048F9A36A8046BE
:10ECE0005D0614D5D4F8AC3043B19A7913441B7B3C
:10ECF0003A2B03D829FA03F3D80711D440461FF062
:10ED000030F9CBE704F1A80014F049F9DFE794F9F2
:10ED10004631022BF2DCD4E92A6376B9002BEDD020
:10ED200004F1AC0014F0C0F8054640461FF019F994
:10ED300029462046FFF70EFFCEE7002BF0D194F8CE
:10ED40009670039304F1A80B96F807A0B379AAEB89
:10ED5000030A5FFA8AFABA4527DC584614F00CF920
:10ED60000546A7EB0A076B79294623F008036B7168
:10ED700003A814F014F9D4F8A86036B17379DA074F
:10ED800003D49B0701D4002FDED1039B002BB5D009
:10ED90009B79022B46D8002014F0DCF9039980BB44
:10EDA00004F1A80014F00AF9A8E7002014F0D2F941
:10EDB000054630B9039904F1A80014F0FFF8039553
:10EDC0009CE78079B1790C300C313A463144FFB27E
:10EDD000284413F0FAFD3946284614F01DF8B3799B
:10EDE00072791F44B7716B79D1074CBF43F00103AF
:10EDF00003F0FE036B717379002723F00103737135
:10EE0000B1E74A794379D5074CBF43F0010303F0DA
:10EE1000FE0343714B7923F001034B71014603A8B4
:10EE200014F0C7F8E36A9A0513D5039803460068FF
:10EE30000028FBD1DB79C3F14503DBB2032B08D8F3
:10EE400014F088F9014608B90399A9E703A814F05A
:10EE5000A6F8D4F8A83013B15B79DB0704D5039A80
:10EE6000537943F00803537140461FF07AF8039931
:10EE70005FE700BF7C2C020000232DE9F0411B4E10
:10EE800006F11C0252E8007F42E80034002CF7D162
:10EE90004FF001088FB934B306F11C0353E8003F6B
:10EEA000234306F11C0141E80032002AF4D1BDE8F9
:10EEB000F0414FF4807000F0F5BC97FAA7F080B1F4
:10EEC000B0FA80F308FA03F5184627EA0507FFF7BA
:10EED000A5F90028DED016F01EFB0028DAD12C435D
:10EEE000D8E72023EEE7BDE8F08100BF80200020B6
:10EEF0002DE9F74F04460190002867D04FF0000934
:10EF0000C5794E460C3505441FF030F84F46DFF802
:10EF1000C080009098F80E205FFA89FA52451AD9FD
:10EF20004FF4A47303FB0AFBD8F800105944886A15
:10EF3000430748D5B1F89810C1F30B01002942D01E
:10EF4000E179C1F14501C9B2032916D8022014F0B4
:10EF500001F9044648B900230098A8F812301FF0C0
:10EF600000F8304603B0BDE8F08F0027014601A845
:10EF700014F015F8E5790C3525440123002039B249
:10EF800003EB810305F821A0E854D8F8003005EB25
:10EF9000810C5B44B3F8983001378CF802300323BE
:10EFA00003EB8103E854D8F8003004215B44B3F844
:10EFB0009820013660F30B02A3F89820204613F046
:10EFC0002BFFFFB2F6B209F10109A3E70646C8E735
:10EFD00080200020F7B5684601F03EFA00254FF486
:10EFE000A477124EB37BAB4201DC03B0F0BD3468B2
:10EFF00007FB0544A36A03F00503042B13D1052284
:10F00000694604F1490013F090FC60B101212046EB
:10F0100018F02BFC38B9012014F09CF8014610B10F
:10F02000204602F0ADF90135DCE700BF802000206A
:10F030002DE9F04F31280C4685B000F091810AD8B7
:10F04000022800F0E280032800F0E580012847D084
:10F0500005B0BDE8F08F322800F0ED803328F7D1FD
:10F0600001F1A40013F020FF94F846310390013B16
:10F0700084F8463143799D0722D4180720D5B4F887
:10F08000983004205A1C62F30B03A4F8983000F067
:10F0900019FCA8B12046FFF7D9F880B215F02AFF75
:10F0A000002800F055814188AA4A937C0B44DBB2CA
:10F0B0009374127D9A4203D84FF0806016F037FDAA
:10F0C00003A813F0D2FED4F8A8301BB9D4F8AC30A2
:10F0D000002BBDD04FF480512046FFF7CDF8B7E7A5
:10F0E00091F89930084623F0F00381F8993015F033
:10F0F000EBFE84F83101204617F014FBB4F934011B
:10F10000FDF7C8FA944B20461D68FFF79FF885F875
:10F11000240094F834304FF4003085F82030002378
:10F1200085F8213085F8233063686B60A36ADA07BD
:10F1300042BF636C9B08AB6000F0C4FB002859D051
:10F14000FDF7CAFED4F82831E8602B6194F831311C
:10F15000804E6B76D4F82C3105F12C076B6194F856
:10F1600030312B76637D85F8223094F8953085F820
:10F170002530E26A02F4C062B2F5C06F04BF043306
:10F1800085F8253016F012FD384616F013FCB068ED
:10F1900016F011FD0023A8620393D4F8A40003A97C
:10F1A00014F03DF948BB212000F060FAD4F8A830F3
:10F1B00013B9D4F8AC3023B14FF480512046FFF797
:10F1C0005BF8042000F07EFB00283FF441AFB37CE5
:10F1D000002B3FF43DAFF37C327E0133DBB29A4229
:10F1E000F3743FF635AF4FF0806005B0BDE8F04FE7
:10F1F00016F09DBCFDF714FDA4E7039816F0DBFCA8
:10F200000146384616F0E0FBC7E7084605B0BDE802
:10F21000F04FFEF7B5BF91F89930C3F303120132F6
:10F2200062F3071381F899300021204605B0BDE84C
:10F23000F04FFFF793B8002603A80396FCF71EFED5
:10F240002046FFF703F8C0B214F054FB05462046F1
:10F25000FEF7FCFF039B29460193B4F8403082B2CD
:10F2600000930220334614F041FB03998B7903F19C
:10F270000C050D44AA7A0A3312F0200F14BF0322A2
:10F28000022213448B71E36A5B050FD5AB7AEA7AED
:10F29000204643EA022217F085F938B903A813F093
:10F2A000E4FD3D21204616F027FBD1E6A26AAB7AA9
:10F2B0001706039903F0030312D5032BEED18B79C4
:10F2C0000B441A7B3A2AE9D8244BD340DE07E5D514
:10F2D0004B79204643F002034B7101F06BFDB7E61A
:10F2E000032B4A79F4D022F002034B71084695F8BB
:10F2F000068095F9059095F80AB013F045FE0621B1
:10F300000646039813F0FBFD2046FEF79FFF039D82
:10F310000BF0030B95F806A0C0F303230AF10C0AC7
:10F3200005EB0A0743EA0B13FB702B46F6B2B870E5
:10F33000BE8005F80A9087F801805A7922F002020F
:10F340005A711B68002BF8D1284614F051FC7FE657
:10F350000121A9E680200020182100207C2C020039
:10F36000344B8E8F1D68360195F8203081F834308B
:10F370008B6BE08FB6FBF3F6B1F8A010B3B21B1A9B
:10F38000994295F821204CDCD1064CBF0021022186
:10F3900094F8310117F03BF895F82130DB071BD5C5
:10F3A000A36ADF0706D52B682046636004F1440199
:10F3B00018F024F895F82130D80602D4A36AD906AB
:10F3C00006D4A4F8A060204695F9271015F0B0FDEA
:10F3D000A36A43F01003A36295F82020E36A920623
:10F3E0004CBF43F0010323F00103E36295F82130A1
:10F3F0009B0606D52046FEF729FF012180B215F0B5
:10F4000084FD95F82130204603F01203122B0ED113
:10F4100015F0B4FD95F82610204615F0ADFD01213C
:10F4200003E79207B8D5032194F83101B2E715F04C
:10F43000A4FDEFE718210020012838BF0120012991
:10F4400038BF0121014B18751976704780200020C4
:10F450000138C0B203289ABF014B185C00207047E6
:10F46000CFF70200431E012B05D9022902D8024B17
:10F47000585C704700207047CCF70200431E042BF5
:10F48000054A07D8052808BF03200621431E01FBB3
:10F490000320704710467047F8F70200014B53F8FD
:10F4A00020007047D4F7020010B560B10022074C6D
:10F4B000D3B2013354F823101346814202F1010202
:10F4C000F6D2D8B210BD0120FCE700BFD4F702008D
:10F4D000024BDB6993F87F00704700BF280B0020C8
:10F4E000024BDB6983F87F00704700BF280B0020C8
:10F4F00070B51646028B04468A420D461DD2438BD8
:10F5000023B90EB1D5B23570206970BD0C4B21699D
:10F51000184613F05AFA0346208B61692D1A1844D5
:10F52000638B9D42A8BF1D46EAB213F04EFA16B196
:10F53000238B1D443570024870BD002EE3D1E3E7F4
:10F54000432B00200022024BC3E90022704700BF7A
:10F55000C820002010B524220021064813F00EFA1E
:10F560000623044C2384044BE36100F043FB9430F6
:10F57000206010BDA4200020815B0200024B03EB41
:10F5800080035960704700BFA4200020034B03EBA9
:10F5900080035868003818BF01207047A42000205D
:10F5A00010B504461EF0D9FC0022044BDC61044B6C
:10F5B000BDE810405A601EF0CBBC00BFA420002064
:10F5C000C820002070B5C6B2212E0446144D10D1BB
:10F5D000FCF72EFB230CC4F3074405EB84042B84B7
:10F5E0006368EB61EB69CBB130462968BDE87040D8
:10F5F0001847222EF6D11EF0B9FCEB69044633B150
:10F600000020FFF7CDFFFF232B84FCF7DFFC00F089
:10F6100025FA2046BDE870401EF0A3BC70BD00BFB7
:10F62000A420002038B5104B04461A7812B10022ED
:10F630001A7038BDC5B2FDF72DFC68B1C38AB3EBB3
:10F64000144F0BD1312D02D1012014F0E7F92846D7
:10F65000BDE83840FDF714BCFF23F0E72846BDE8BD
:10F66000384016F06CBA00BFC820002038B5A0F1B1
:10F6700021030E2B044612D8FDF70CFC68B3C58A93
:10F68000FF2D2AD0212C02D1002014F0C7F9222C02
:10F6900044EA054025D1BDE8384016F063BAA0F130
:10F6A00031031E2B0ED8134B188C44EA004000F097
:10F6B00073FA312C11D10020FFF772FFBDE83840FA
:10F6C00014F03AB9A0F111030E2B06D8132C40F414
:10F6D000C02003D009D9142C03D038BD0122064B19
:10F6E0001A70BDE8384000F03BBABDE8384000F081
:10F6F00053BA00BFA4200020C82000200B4A10B538
:10F70000D36904461BB11168BDE810401847084B87
:10F710005B6813B1BDE810401847FDF7BBFB01461D
:10F7200018B183690BB12046EEE710BDA42000207C
:10F73000C820002008B500F05DFA034B1A6802608B
:10F740009B88838008BD00BF862B002037B5054607
:10F7500000F050FA044600F055F90D4B002808BFA0
:10F760001C462DB12B682360AB88A38003B030BD4D
:10F7700014F0E0F80322CDE900010DF105010DEBD5
:10F78000020013F0E2F80098BDF804302060ECE7C6
:10F79000862B0020024B186908B107F0F5BC7047B2
:10F7A000480B00200D4B37B51C6804B10C340C4BD2
:10F7B00068461D6800232B6000F020FA009B20465D
:10F7C0006B60FCF7EDF9FFF7B5FF044813F04DFB54
:10F7D0000122044B83F8202003B030BDD02000204C
:10F7E00018210020480B0020002310B52C4A02F1FC
:10F7F000100151E8001F02F1100C4CE80034002CFD
:10F80000F5D140EA0104A00201D5FDF77BFA210100
:10F8100001D5FCF7B5FBE20301D500F055F9002C4A
:10F8200001DAFDF707F8630001D514F016F9E000DE
:10F8300001D5FDF7CBFD610101D516F002F8A2015B
:10F8400007D516F0E3FDFFF7C5FB14F02EF914F011
:10F85000F0F8E30101D514F005F9600201D502F0DA
:10F8600019FA210201D514F043F8E20201D515F08E
:10F870003EFBA30501D501F041FAE00501D5FFF7F4
:10F88000FBFA610503D514F0D6F814F0D5F822057B
:10F8900001D514F0DEF9A30301D514F0CEF810BDA4
:10F8A000480B0020064A02F1100353E8003F0343CF
:10F8B00002F1100C4CE800310029F4D1704700BF70
:10F8C000480B0020014B1B6818407047480B002074
:10F8D00010B5044BD3E9064204430A43C3E9064288
:10F8E00010BD00BF480B002038B50546FDF79EF956
:10F8F00000212822334813F041F84CF20C0000217B
:10F90000FFF7E6FFCDB1AB682E4A00201360E98A0D
:10F910004FF6FF72FEF790FF022013F01BFC2A4BFC
:10F92000186000284BD02B460C3005F11C0253F810
:10F93000041B934240F8041BF9D1224A234B101DAB
:10F94000936000231373FBF72DFC00F09BFE284609
:10F95000FCF7E4FB044668BBFCF764F820B14FF405
:10F9600080700021FFF7B4FFFCF762F820B14FF47C
:10F9700000600021FFF7ACFF2DB1B5F90E10B5F90D
:10F980000C00FCF79FFE16F04CFD0020FFF7DEFE9A
:10F9900000F0A8FC02F01EF8044658B9FCF732FF4C
:10F9A000FFF7D0FD00F078F830B900F07BF804469E
:10F9B00016F0FCF8204638BDFFF7F4FEF8E7012406
:10F9C000F8E700BF480B0020D020002095F700008A
:10F9D000014BD3E906017047480B0020054B9B699A
:10F9E000DA054CBF032001201B0548BF40F004008E
:10F9F000704700BF480B0020014B1860704700BFE4
:10FA0000D4200020014B93F820007047480B0020C1
:10FA10002022034BC3E900229A6000221A76704725
:10FA2000FC20002010B50024094B1C222146094867
:10FA3000C3E9004412F0A2FFFFF7EAFF3023054AB2
:10FA4000C2E90333536154760122034B1A7010BD8F
:10FA5000D8200020FC2000200431002008B51EF032
:10FA600085FAFFF7D5FF3023084A0949D3601361AF
:10FA70005361CB600B614B610023537601224B76BF
:10FA8000044B1A70BDE808401EF06BBAE02000205D
:10FA9000FC20002004310020014B1878704700BF83
:10FAA0008C2B002010B5044C23781BB916F05CF8A1
:10FAB00001232370002010BD8C2B0020014B1868FF
:10FAC000704700BFD82000202DE9F0411EF04EFA0B
:10FAD000DFF88880074698F8003043B94FF480304B
:10FAE00016F025F83846BDE8F0411EF03ABA184E37
:10FAF000184C35460FCD0FC495E8070084E8070081
:10FB0000FFF786FF3023C6E90333736100233846CD
:10FB1000737688F8003003251EF023FA0E4E103C51
:10FB2000E068302804D07368C6E90030FFF77AFD3A
:10FB300054F8040B202801D0FFF744FD013D15F0D7
:10FB4000FF05EDD1012388F80030BDE8F08100BF4A
:10FB5000FC200020E0200020D820002004310020DC
:10FB600038B50C4C0546237E022B12D854F82330AE
:10FB7000202B0ED11EF0FAF9237E44F823500133D6
:10FB800023761EF0EEF9BDE838404FF4803015F0D2
:10FB9000CEBF38BDFC20002038B50D4C0546637E35
:10FBA000022B14D804EB8303DB68302B0FD11EF03B
:10FBB000DDF9637E04EB83020133D56063761EF0CA
:10FBC000D0F9BDE838404FF4803015F0B0BF38BDF3
:10FBD000FC2000204FF482720021014812F0CEBEBA
:10FBE0001C210020014B024A1A6070471821002096
:10FBF000B0210020004870471C210020024A02600A
:10FC00004FF40072426070472022002070B5044615
:10FC10000025314A314B88B0CDE90423438B04A839
:10FC2000CDF81A50ADF81E50ADF81830FCF734FA84
:10FC3000E2682368CDE9025513440193A37D01A82E
:10FC40008DF80930A38A13F00C020FBF1346C3F3DB
:10FC5000802383F001035B0018BFDBB28DF80A300C
:10FC600013F06BFE217F04F1240015F0BCFE064664
:10FC700015F09DFF054615F0B7FFA38A28B3D4E918
:10FC800003210A44E260027843F40063C2F30502F0
:10FC9000E276A3822B7803F00F03072B19D1A97802
:10FCA00011F03F0100D0E9782046C1F3800118F03F
:10FCB0006DFB304615F080FFA38A43F48063A38276
:10FCC000237F0133237708B070BD23F400639BB218
:10FCD000DFE70021E8E700BFD6BE898E5555550005
:10FCE00070B5427E037E0446B2EB931F88B05BD2B0
:10FCF00000255200344835491341CDE9040103F091
:10FD00000303E17D253304A88DF818108DF8193010
:10FD1000CDF81A50ADF81E50FCF7BEF918F02FFBC5
:10FD2000627EA1682368206A01FB02330193A37DF0
:10FD3000CDE902558DF8093015F039FF15F054FF63
:10FD4000A28A68B3D4E90263617E06FB11332049BD
:10FD50008B4293BF1E214FF496710125B3FBF1F343
:10FD600088BFB3FBF1F30178437065F3C711857861
:10FD7000C3F3042325F01F0501702B4301F03F015D
:10FD80008370E17642F40063A38201A813F0D5FDED
:10FD9000206A15F011FF637E0133637608B070BDF1
:10FDA00022F400639BB2EFE7838AC3F3C0211B05F3
:10FDB00004D508B0BDE87040FFF728BF08B0BDE823
:10FDC000704013F097BB00BFD6BE898E55555500C5
:10FDD000C3BF030053282DE9FF410C4619D0552815
:10FDE00000F0CE80512840F0D1808B8A13F00C0FA8
:10FDF00000F0C6805B0540F1C3800B7F013B012B07
:10FE000000F2BE800120897D04B0BDE8F041FBF71F
:10FE1000F7BE0023204603A9039313F032FB0546E7
:10FE2000002800F0A780037803F00F03032B59D1BB
:10FE3000A18A04F12408C1F3C001404615F0D3FDA6
:10FE400015F0B5FEA18A0646C1F38001284615F0DB
:10FE50005FFF002840F08E808023324629462046EE
:10FE600015F020FF002840F085804B48FFF798FBF5
:10FE700001214046039F15F0B6FD01232377054677
:10FE800015F095FE15F0B0FE06463846FBF772FFFA
:10FE90000E21B87B15F0C1FDA28AFEB17B6842F449
:10FEA00000623178A2822269963313442268C1F33A
:10FEB00005019B1A0344E176E360237FA17D0133B2
:10FEC00023770020FBF786FE284615F075FE2046B6
:10FED000039913F006FB04B0BDE8F08122F4006240
:10FEE000A282EAE7052B45D1A18A04F12407C1F3D8
:10FEF000C001384615F077FD15F059FEA18A04F1CE
:10FF000048030193C1F3801306460093C1F3001226
:10FF100001232846C1F3C00115F002FF50BB324651
:10FF20004FF480732946204615F0BCFE064608BBF8
:10FF30001A48FFF735FB3146384615F054FD0746A1
:10FF400015F035FED5F802300278C0F80A30EB889B
:10FF5000C3812B78C3F3801363F3C7120270A17DB2
:10FF60003046FBF737FE384615F026FE039813F0AF
:10FF7000BFFAB0E7FBF7BEFF2046FFF7B1FEAAE7E6
:10FF8000204604B0BDE8F041FFF7AABE04B0BDE8CA
:10FF9000F04113F0B3BA00BF3B5C02001B5C0200EF
:10FFA000212810B50C4607D10548FFF7F9FA20467D
:10FFB000BDE81040FFF794BEBDE8104013F09EBAB4
:10FFC000D5FD0000034637B50C4C6A462068A5886D
:10FFD0000090A079ADF804508DF8060013B9481CC4
:10FFE00003B030BD0220D90748BF117802F10102E9
:10FFF00044BF401880B25B08F5D1F1E72DEE020056
:020000021000EC
:10000000014B186E80B2704700C001B80B4BD86826
:1000100000F07060B0F1106F0ED008D8B0F1E06F52
:1000200018BFB0F1006F0CBF01200020704700F135
:10003000744358425841704701207047000002B88D
:100040002DE9F04F89B0074691469A46ADF8141055
:1000500012F09AFF051E46DD1DF088FF9DF814B0D2
:1000600003900BF023030493002F3FD03C464FF046
:100070000008254EA079E27900F10C01121A5FFA0E
:1000800082FB214406EB08005A4612F09EFC2468CD
:10009000D844002CEED1049B1C480093C0F8089073
:1000A0000DF11C0953462A461749CDF80490A24683
:1000B0001EF05FF83C46A379E57903F10C00ED1AD8
:1000C000EDB206EB0A0120442A4612F07EFC2468B9
:1000D000AA44002CEFD103981DF043FF04224946A7
:1000E000384613F03FF909B0BDE8F08F0748009398
:1000F000C0F808900DF11C0953462A460249CDF874
:1001000004901EF036F8E6E720240020402F00205F
:100110002DE9F04784B0904699460390ADF8081059
:1001200012F032FF071F002F25DD039D002D40D068
:100130004FF0000A204EAB79EC7903F10C01E41A80
:10014000E4B2294406EB0A00224612F03EFC2D6878
:10015000A244002DEFD11948F119C0F8088001918F
:100160009DF808104B4601F0230100913A461249D0
:100170001DF0F3FF18B1002004B0BDE8F087039D27
:100180007DB10746AB79EC7903F10C00E41AE4B2D7
:10019000F1192844224612F018FC2D682744002D3E
:1001A000F0D103A8042112F03AFF012004B0BDE809
:1001B000F087014ECFE700BF20240020402F002011
:1001C00030B514460D460246064883B0019580219D
:1001D0008360234600941DF0D8FFB0FA80F04009F8
:1001E00003B030BD402F0020002370B50D46D1680C
:1001F0008AB009BA0291C17890F800C061F3070390
:10020000817802AE61F30F23417806AC61F31743A6
:100210006CF31F630993936851681BBA0393836857
:1002200009BA1BBA0793136842681BBA05930F4BB0
:1002300012BA9E60C36804911BBA089206932346C3
:1002400080220120094900941DF0A2FF0028F6D168
:10025000DDE90810DDE9063200BA09BA12BA1BBAA4
:1002600028606960AA60EB600AB070BD402F002072
:100270002DE9F84FDFF868808246D8F800B00F46C5
:100280001646BBF1000F28D0002498F804904C4586
:1002900007D1347098F80400A04214BF0120022056
:1002A00017E004EB09056910C1EBC10159448879D5
:1002B000C5F3470500F00100381A03D10622504665
:1002C00012F033FB002806DB02D06C1CE4B2DEE740
:1002D0003570BDE8F88FA946D9E70320F9E700BFDC
:1002E000302500200022024B1A7116F0ECBC00BF32
:1002F00030250020F8B505461DF038FE104C85F37A
:10030000070563790646AB4205D1002430461DF04F
:1003100028FE2046F8BD002720686571277110B1BE
:1003200013F0ADF827606379002BEED0C5EBC50064
:10033000FBF75EF920600028E7D160710724E5E74C
:10034000302500207FB50E4610210546144615F0D5
:1003500092FDE8B10F4B01A918681B7902908DF846
:100360000C300023ADF8043066F305038DF804303B
:1003700004F110030DEB03044FF0000314F8082CF4
:10038000284662F3471303228DF8063012F050FD21
:1003900004B070BD10F80200034637B50C4C6A4635
:1003A0002068A5880090A079ADF804508DF806006B
:1003B00013B9481C03B030BD0220D90748BF1178DB
:1003C00002F1010248BF40185B08F6D1F2E700BF16
:1003D0002DEE020038B583790C460C33C518C35C8A
:1003E00003F00F03072B25D1AB789A0622D0E878CB
:1003F000C3061FD5012100F00F00FFF7CDFF0E4B04
:1004000002359C4295BF1E234FF4967300210121B3
:1004100094BFB4FBF3F4B4FBF3F42B5C2A1861F340
:10042000C7132B549378547023F01F03C4F3042490
:100430002343937038BD00BFC3BF030048407047DB
:1004400000EB0010084480B2704700BF90FAA0F0A3
:1004500000BA80B2704700BF044BD3F8012002609D
:100460005B7903F01F030371704700BF8D2B0020E1
:10047000204BF0B5002914BF0C461C46002506464B
:10048000174613688BB0C4F8013013792570637177
:10049000EAB21146384615F0AEFF38B1237803F1C1
:1004A00028016944013301F8282C23700135252DDA
:1004B000EED122782EB16946A01D12F086FA0BB05B
:1004C000F0BD002AFBD00534F5B22946384615F0B8
:1004D00092FF40B9B5FBF2F302FB13550AAB53FA96
:1004E00085F515F8285C0136252E04F8015FEBD15F
:1004F000E5E700BF8D2B0020034B002818BF034603
:100500000B449879704700BF8D2B002070B50E46C4
:1005100082EA124294B2214603463046FFF78EFF2C
:10052000FFF794FFFFF78CFFFFF790FFFFF788FFBF
:10053000FFF78CFFFFF784FF174D002B14BF1E46FB
:100540002E460546FFF77AFF0246144B701CA3FBAC
:100550000213D11A03EB51035B0903EBC30103EB55
:100560008103D21AD2B2114615F045FF40B9337853
:100570006C40A4B204FB03F306EB1346B07970BDE4
:10058000731D2A3601E09E4204D013F8010F824207
:10059000F9D1F4E7104670BD8D2B00204D91CFBAF4
:1005A00070B504461DF0E2FC0B4E0546306818B1EC
:1005B00012F065FF002333602CB12220604312F05B
:1005C0005CFF30B13060002428461DF0CAFC204694
:1005D00070BD1A24F8E700BF3825002008B5FDF7E4
:1005E00035FE431C1BBF2222034B00201B6818BF93
:1005F00002FB003008BD00BF382500202DE9F04186
:100600000F46164614F0D8FC002239464FFA80F8FF
:100610000446174815F0DEFF054601223946144806
:1006200015F0D8FF454501DB804512DA054405EB9E
:10063000D575C4EB650040B20E4A92F90030834292
:1006400009DAC01A00EBD07003EB600358B2BDE8C2
:10065000F0810020F0E792F901308342F7DDB2F932
:100660000230B342DCBF00EBD07040F34700EEE74E
:10067000B82B0020CC2A0020014B1878704700BF0F
:10068000C12B0020104B1A7842F0F0021A701A7C2D
:1006900042F0F0021A7493F8202042F0F00283F83E
:1006A000202093F8302042F0F00283F8302093F8B5
:1006B000402042F0F00283F8402093F8502042F0AE
:1006C000F00283F8502070473C2500204288F8B59E
:1006D00002F00702072A05461E4F2AD11DF046FCEC
:1006E000002211017B5C07EB021C1B090F2B0AD0B7
:1006F0000132062AF5D1184A1388013313801DF000
:1007000030FC1920F8BD2B681446ACF802301123D8
:100710007B5496B21DF025FCFBF772FC07EB04132B
:10072000D8602B68002023F4E02343EA06432B60C3
:10073000E8E71301F95C1446C1F30312013202F039
:100740000F02052A28BF002262F307112646F9543A
:10075000E2E700BF3C250020D02A002038B54488BD
:10076000054604F00704072C0FD01DF0FFFB074AD5
:100770002401135D43F0F00313552B6843F4E02389
:100780002B60BDE838401DF0ECBB38BD3C25002097
:100790002DE9F047B0F80280074608F00708B8F1E5
:1007A000070F894632D01A4D4FEA08142E5DFBF729
:1007B00027FC05EB081ADAF80C30360906EBC806F8
:1007C000C01A05EB460670802B5D03F00F02042A69
:1007D0009EBF013262F303032B55B9F1030F12D10F
:1007E000295D0234281901F00F0117F026FB044699
:1007F0001DF0BCFB3A68074B134023433B60BDE848
:10080000F0471DF0AEBB4FF6FF74F1E7BDE8F0878F
:100810003C2500200000FF7F242816D80F2805D88B
:1008200002280CD8B0FA80F040097047084B103805
:1008300080B2C34003F0010383F001007047053824
:10084000012894BF0020012070470120704700BF9D
:100850002D2011002DE9F04F95B0FBF7DFFF42F29C
:100860003603867905460C3630F80680841998459B
:100870000ED1FBF7D3FF022112F0CEFA7F22A3782C
:100880000233A370AA550023202223776270637776
:100890000121E078FCF7CEFC00230546ADF8463098
:1008A000002800F0C280CDE91233237AE2888DF867
:1008B0004A30E37AADF848208DF84E30E378B4F84A
:1008C0000920FE2BA388ADF84C2003F01C014FF645
:1008D000FF7208BF4FF480421C2922D0DDE91201CB
:1008E000884201D81F281AD841F21105FBF79CFF56
:1008F0000446EAB20123414613F0E0F8A3791C4410
:10090000BDF94630002BACBF05226FF00402134442
:100910000A2293FBF2F3A37415B0BDE8F08F914265
:10092000E2D813F01003E67D677E04D0012E0AD0D2
:1009300041F21205DAE706F0FD02012AD4D17A1E4F
:10094000D2B2022AD0D8227B013A062ACCD87BB96F
:10095000FFF744F8032E08BF04260640F6B2002E27
:10096000C2D0032F08BF04273840C0B20028BBD034
:10097000E07817F0E2FC20B1A088FFF74DFF0028D7
:10098000D6D02B4A237F1278002A47D0042BCFD809
:10099000677F042FCCD8E07D94F91620032808BF88
:1009A00004207F2A08BFC822667B1CBF02EB82029C
:1009B00052000E96A67B18BF92B2B4F804C0E1882C
:1009C00094F80C9094F815A094F818B00F96ADF820
:1009D0004620667EB4F80920CDE90B37E37E032E6E
:1009E00008BF0426003B18BF01230A93A37E04F12D
:1009F0000F0ECDE908630DF14603CDE904A30F9B6B
:100A0000CDE9060B01930E9B284600935FFA8CF309
:100A1000CDE902E913F09EFB054667E7002B7FF462
:100A200063AF677F002FB6D05EE741F207055DE751
:100A3000C22B00202DE9F047FBF7F0FE83790C3341
:100A4000C4182679E7787EB14FF000080534B04528
:100A50002FDB0025FBF7E8FEEAB20023BDE8F047F4
:100A600042F2390113F02AB8012F42D035464FF037
:100A70009809DFF88C8098F834309D42E4DAD8F891
:100A8000300009FB050090F86130FF2B0AD0B0F868
:100A90005820C2F30013D20606D500231A46194681
:100AA000FCF73CFB0135E6E71A46194600F0CEFF9D
:100AB000F8E72078B4F80150A0F1FE0359425941FB
:100AC00094F803900434FCF7B5FBA8B1B0F85830A3
:100AD0002A4613F0100F39464B4607D0FCF71EFB91
:100AE00005460028B6D108F10108B0E700F0AEFFD6
:100AF000F6E741F21205ADE741F24205AAE700BF71
:100B0000482000202DE9F0411D4690460E4607463C
:100B1000FEF7DEFCFEF7C2FC04464046FEF7BEFCD4
:100B2000194B04449D4225D9184B9D4215D9184BA9
:100B3000013D93FBF4F3002BB8BF03339A1005EB90
:100B4000A305B5FBF2F379683268A1EB930102EBE0
:100B5000430279603260BDE8F0810E4B0E4AA3FB80
:100B600005535B0904FB03F303F6C313A2FB032342
:100B7000DB0AE8E704FB05F3084A03F574338F3317
:100B8000A2FB03231B0CDEE74C6210001366660613
:100B900040420F001F85EB515917B7D183DE1B432D
:100BA0003A289ABF014B185CFF20704715F80200E5
:100BB000024B1A6818600260704700BFA025002031
:100BC0000022024B1A601A71704700BFA025002056
:100BD00070B5064615460C461DF0C8F9337B23EA6E
:100BE000050344EA030131730A4C1DB92379194303
:100BF000217106E000231946226823712AB9002BCF
:100C0000F6D1BDE870401DF0ACB9137B12681943F2
:100C10000123F3E7A025002070B50E4B06461B7993
:100C200001EA0304994313D194B11DF09FF90546DD
:100C3000304614F0BEF930B103781C4304704FF411
:100C4000007014F074FF2846BDE870401DF089B9AB
:100C500070BD00BFA02500202DE9F047074614F025
:100C6000A8F9044600283DD045784DB91DF07EF91D
:100C7000237825706370204B1B6863601DF071F949
:100C80004FF00108DFF87090667836B923784BB3DF
:100C90004FF4007014F04BFF24E096FAA6F5B5FA75
:100CA00085F508FA05F55FFA85FA636833B9D9F86E
:100CB000003026EA050565706360E5E79A68A2B131
:100CC0001B7B3AEA030310D1BAF1000F0DD0514655
:100CD0003846904748B102280BD0012805D16368F7
:100CE0001B6863600120BDE8F08763681B68636070
:100CF000DBE70020F7E700BFA025002070B5002546
:100D00000E4EFDF7E3FCA84200D870BD3068FDF739
:100D100085FA40B1FFF7A0FF28B94FF40070BDE895
:100D20007040FEF7BFBD3468FDF7D0FC0134B4FB62
:100D3000F0F303FB104401353460E2E79C2500200A
:100D4000F8B506460C4617461D4614F027F910F074
:100D5000080003D00221304614F089FD4FF0290C21
:100D6000134BC5F12001A5F12002EB400CFA01F173
:100D70000B432CFA02F21343DB0700D470B11121AC
:100D8000204616F0D3FB204616F0C1FB4570877055
:100D900021463046BDE8F84016F0AEBB0D21204696
:100DA00016F0C4FB204616F0B2FB4770F0E700BF18
:100DB000000040842DE9F34105460C46009114F0F3
:100DC000E7F8030705D5684612F04FF802B0BDE812
:100DD000F081009F97F8068008F10C0817F80800CA
:100DE000FFF7DEFEFF2806460ED10021009B01A87A
:100DF0001A681960019212F038F8284617F808208E
:100E0000009916F0A5FBE1E7384612F0BDF801386D
:100E1000B042EAD10B4B1E684EB921462846A37951
:100E200023441A7B02B0BDE8F04116F091BB736811
:100E30000BB93668F0E72146284698470028F8D0D5
:100E4000C4E700BFA025002037B504460D460821A1
:100E5000FFF7E2FE2046082114F09CF829462046C0
:100E600014F0E1F82146012016F019FC214600207B
:100E700016F015FC012000232146034A009016F0CD
:100E80009FFB03B030BD00BF7174020037B504464C
:100E900016F082FD0321204614F0C8F80025034611
:100EA00021460120034A009516F08AFB284603B02C
:100EB00030BD00BF7F7802002DE9F74F80460F4616
:100EC00014F06CF810F4801450D1022012F042F9A2
:100ED000064600284CD0BB7921460C333B44B3F87E
:100EE0000490B3F806B0B3F808A016F01FFB304624
:100EF00016F00DFB02210546404614F097F8A5F8C0
:100F000004906881A5F806B0A5F808A012F0C0FC0E
:100F100009F10109B0FBF9F303FB19000223688012
:100F20006B70B3793146BB71FB71F2793846D21AD6
:100F3000D2B2234612F0B7F94146012014F01FF84F
:100F40001022C7606B89414601200092094A16F0C1
:100F500037FB4FF48031404614F022F840463146CA
:100F600016F0CAFA204603B0BDE8F08F2320FAE756
:100F70000720F8E7D57902002DE9F34104460D4634
:100F80000146012013F0FBFF01210746284616F019
:100F9000CDFA284616F0BBFA064600F10108404695
:100FA000FFF75AFAD6F801300221C7F812307379E8
:100FB0002046BB7514F03AF829460746F0802046D3
:100FC00016F09AFA20232146009301203B46034A5B
:100FD00016F0F6FA002002B0BDE8F0816579020053
:100FE0007FB504460D4613F0D3FFC2073BD520461C
:100FF00013F0D4FF430715D5002320461A460DF100
:101000000F0114F030FA9DF80F30062B0AD828464D
:10101000FAF794F8012200232046FDF77FFD002017
:1010200004B070BD0E21284616F080FA284616F04E
:101030006EFA0646FEF7CCFCC6F80510FEF7C8FCB3
:101040002946C6F80100204616F056FA032120462C
:1010500013F0ECFF00220346009221460120034AD0
:1010600016F0AEFADBE70821DDE700BF8378020067
:1010700008B5074A0749084816F0F1FB0648FFF78C
:1010800097FDBDE80840002204210348FFF7A0BDFA
:10109000537A020001120100A82500202DE9F04139
:1010A00091F806800F4686B008F10C0803910446BB
:1010B00001EB08060146012013F061FF17F8083024
:1010C0000546023B0F2B00F29280DFE803F0089008
:1010D00090909067907190903160909090511CF03A
:1010E00045FF71780546204613F09DFF08212046F4
:1010F00013F050FF2146012016F0D1FA21460020BE
:1011000016F0CDFA0123009300233A4A18462146EF
:1011100016F056FA08212046FFF77EFD03A811F0CD
:10112000A4FE28461CF01DFF012006B0BDE8F0819A
:10113000B38820467288717814F080F9204613F045
:101140002DFF830708D42046039916F025FC0121C2
:101150002046FFF761FDE7E7AA68274B9A4203D1D3
:101160002146012016F06BFA03A811F07EFEEEE78F
:10117000836843B103AA0492B27803218DF8142046
:1011800004AA2046984703A811F06FFECCE78368B5
:10119000002BF8D003AA04927278EEE78368002B44
:1011A000F1D00022059203AA0492042104AAE8E7E0
:1011B000039D21460120AE7913F0E1FE0F4B8268BA
:1011C0009A4203D02846F9F7B9FFADE7AB19D3F837
:1011D0000D202046D3F81130FDF7A0FC2846F9F782
:1011E000ADFF2146012016F02AFA0221B0E70020C7
:1011F0009BE700BF8D7902007F78020083780200B0
:10120000F7B50D46044613F0C3FEAB790C33EF5C23
:10121000EE18C3076DD5012F48D0082F41D0002FFD
:101220005AD17189204616F0B9F9B1887278092926
:101230000B4638BF0923013B9BB29A4209D87388F9
:101240008B428CBF00230123002A08BF002300EA41
:1012500003072046FCF7FAFF80B213F04BFE70B193
:101260004088B188F38832890090084616F0D6F895
:1012700038B92846F9F762FF012003B0F0BD01201C
:10128000EFE7002FF5D02146002013F078FE102262
:10129000C560738900921A4A2146002016F090F921
:1012A000EAE72946204616F00FFBE5E72046F188DD
:1012B00016F074F90746701C15F0C1F80028D8D054
:1012C000002FD6D02146002013F059FE2022C56001
:1012D000F38800920B4ADFE72946204612F099FE78
:1012E0000028C9D12946204603B0BDE8F040FFF7E9
:1012F000D5BE0E2FD5D02946204612F079FEEFE755
:10130000D57902001D79020038B504460D4613F068
:1013100045FE42070FD4204613F040FE83070AD44F
:101320002046022113F03CFE29462046BDE8384005
:10133000034A16F029BA2846F9F700FF002038BD05
:101340008D0E010038B504460D4613F021FE00F065
:10135000050004280CD1204613F020FE10F4C02F05
:1013600006D129462046BDE83840044A16F00CBA9A
:101370002846F9F7E3FE0C2038BD00BFB90E010086
:10138000014A16F001BA00BF790F010070B5054699
:101390000C460146012013F0F2FD0646284613F0E4
:1013A000FDFD010704D52046F9F7C8FE002070BDF9
:1013B00033685A05F7D4284613F0EAFDC30708D569
:1013C00021462846FFF7A0FF18B911F0C3FE0446D6
:1013D00070B156E8003F43F4806346E80032002ACB
:1013E000F7D121462846BDE87040024A16F0CCB934
:1013F0000720DCE7E10F010073B504460E4613F049
:10140000C7FD00F00C0004284FF0020035D111F0A8
:10141000A1FE054698B34379022143F002034371CC
:1014200016F084F8284616F072F8294646702046D1
:1014300016F062F81621204613F0F5FD082120462B
:1014400013F0A8FD2146012016F029F921460020BD
:1014500016F025F9204616F0CCF90121204613F0AC
:10146000E5FD034601202146064A009016F0A8F843
:1014700020460821FFF7D0FB002002B070BD0720F6
:10148000FBE700BFAD780200F0B50D4689B0044619
:1014900013F07EFDAB7910F0010003F10C0305EBB6
:1014A0000302EB5C00F09E80033B082B00F23181CD
:1014B000DFE813F009002F012F0182002F012F0117
:1014C0002F015C007C00D2F80100D2F8051003ABBC
:1014D000B2F8097003C302F1130301210B32204655
:1014E00014F0C0FF0421284616F020F8284616F014
:1014F0000EF806460C2105A800F080FA05AB03CBD8
:101500003346C6F80100C6F80510079A002143F8D3
:10151000092F2046721C14F0A5FF2146002013F06D
:101520002EFD034603AA478303CAC3F81200C3F87B
:10153000161020460821FCF79FFE8021204613F05C
:1015400029FD204614F0AAFF2946204615F0D4FFB5
:101550000321204613F06AFD0346002021466E4A0F
:10156000009016F02DF8012009B0F0BD0B2128469F
:1015700015F0DCFF284615F0CAFF2946204615F075
:10158000BBFF1CF0F3FC0546C021204613F002FD12
:101590004FF48051204613F003FD28461CF0E1FC77
:1015A0004FF48061204613F0FFFCDCE72846F9F792
:1015B000C5FD4FF40071F5E70621284615F0B6FF8A
:1015C000284615F0A4FF204613F05FFF2946204669
:1015D00015F092FF204614F086FF2146002016F0F9
:1015E0002EF8C0E7043B072BBED801A252F823F027
:1015F000111601003516010097160100691501004A
:10160000691501006915010069150100AD16010099
:101610002046802113F0BEFCAA7920460C322A44D1
:1016200002F109030021013214F01CFF2846F9F7EA
:1016300085FD98E74FF48060FEF744F9B0B10027CC
:101640004FF40061204613F0ABFC2046CDE905774E
:10165000FCF7FCFD0646204613F098FC394603468D
:10166000009505AAB0B215F0FDFD7CE721460120EA
:1016700013F085FC00F11201204614F049FF062109
:10168000284615F053FF284615F041FF294620460D
:1016900015F032FF67E72846F9F750FD2146012093
:1016A00015F0FDFF204614F01EFF5CE71CF05EFC09
:1016B00006468021204613F06DFC4FF480512046F1
:1016C00013F06EFC30461CF04CFC4FF4C061204619
:1016D00013F06AFC2946204615F00EFF2146012032
:1016E00013F04DFCC268054682B1937901210C3399
:1016F0001A4402F1130320460B3214F0B3FE2046C5
:1017000014F0CCFE2046E96815F0F6FE0023EB60ED
:1017100029E7002028E700BF8D7A020008B50749B5
:101720000022074816F09BF80548FFF741FABDE88C
:10173000084001200021FEF7CBB800BF891401004A
:10174000B825002038B50C468B7905460C33194472
:10175000E35C142B03D0152B0FD0002038BD0131D2
:1017600016F06AFA15212846224616F0AFFA2146ED
:10177000284615F0C1FE0120F0E70146012013F0D4
:10178000FEFB0B4B82689A4203D02046F9F7D6FC49
:10179000F1E7A179284621440D3116F04DFA204693
:1017A000F9F7CCFC2946012015F049FFE3E700BF1B
:1017B000217D020037B504460D460A46142116F075
:1017C00085FA2946204615F097FE0321204613F09E
:1017D0002DFC30220346009221460120024A15F0DA
:1017E000EFFE002003B030BD217D020008B5094A9C
:1017F00009490A4816F033F80848FFF7D9F90221D9
:1018000006480022FFF7E4F9BDE808402020002147
:10181000FEF75EB8257D020045170100C8250020AF
:1018200073B51E46ADF800208DF80230009B0446CB
:1018300001A801930D46114616F0E8F99DF806300F
:10184000B34203D1BDF804308B4205D02846F9F7E6
:1018500075FC122002B070BD204613F0ACFC9DF860
:101860000230827A9A4209D18288BDF800309A42C9
:1018700004D12846F9F762FC0020EBE769462046D0
:1018800014F063F829462046014A15F07DFFE1E790
:10189000B517010037B5044615F02EFE032120468A
:1018A00013F0C4FB0025034621460120034A00959E
:1018B00015F086FE284603B030BD00BF7F7D0200D4
:1018C0002DE9F0478846212104461746994613F032
:1018D000CEFF88B3204613F061FB10F4103F2ED1E9
:1018E000022011F037FC054658B34FF00A0A2321B5
:1018F00015F01CFE284615F00AFE012397FBFAF7A7
:1019000008F1FF3293404370064687704846FAF765
:10191000F3FE90FBFAF04FF48041F070204613F094
:101920003FFB4146204614F0ACFF29462046BDE867
:10193000F047054A15F028BF1120BDE8F0872320A5
:10194000FBE70720F9E700BF95180100F0B507464F
:101950000E46144685B00C4B6946384603F110021A
:10196000FEF72EFC0028F6D0102C254628BF1025A7
:1019700030462A46694611F028F8641B2F442E444D
:10198000E9D105B0F0BD00BFC32B002030B589B050
:1019900020226946FFF7DAFF6A460C4D04AB144675
:1019A00003CC9C4228606960224605F10805F6D107
:1019B000074C1A4603CA616008A98A422060134690
:1019C00004F10804F5D109B030BD00BFC32B0020DD
:1019D000D32B002010B588B0694620200DF072F995
:1019E000044630B96846FFF7D1FF0122024B83F865
:1019F0002020204608B010BDC32B002070B5124B2C
:101A0000054693F820300C468CB00BB9FFF7E2FF87
:101A100010220021684610F0B1FF4CB92022214667
:101A200004A810F0ABFF04A8FFF7B0FF0CB070BD26
:101A3000102C264628BF1026294632466846FFF756
:101A400085FF3544A41BE8E7C32B00202DE9F341B3
:101A50001E46836904460D4617462BB171B3002517
:101A6000284602B0BDE8F0810029F8D0B0F858301F
:101A7000990703D5438D002B00F00481204612F016
:101A800055FD05460028EBD12046628D218DFCF7DF
:101A9000BFF8012E27D040F27123B4F854205A43E6
:101AA000904220D9B4F856205A43904215D929467D
:101AB000204613F09EF841F24505D1E71CF056FA96
:101AC00006462946206D11F0E9FF2046294613F00D
:101AD00090F830461CF045FAC1E700F51C70B0FBE9
:101AE000F3F0A4F85400636BABBBD4F83880B8F1C2
:101AF000000F0DD1204612F00DFF054640B14146C2
:101B0000204613F076F8192DAAD141F20705A7E770
:101B1000A26B42B1236A13F4007104D1C4E90D2110
:101B200023F400232362B4F858309A0742D52046A4
:101B300016F0FDFAA0B3204616F014FB0546002867
:101B400000F084802046002113F053F804F1400097
:101B500011F08BF9D7E7204601A916F074FA002896
:101B6000E1D02046019916F0ACFA054640B1204676
:101B7000002113F03EF804F1380011F076F96FE718
:101B8000A36B002BCFD0236A13F40075CBD104F1E3
:101B9000340011F06AF9A36BC4E90D35236ABFE77D
:101BA000E36B3BB9D4F84080B8F1000F3ED0226C13
:101BB000002A4FD1B4F85830DB0755D4334B3246A6
:101BC000A361394600232046FBF74EFA054600285C
:101BD0007FF446AF206D012111F060FF206D11F000
:101BE0005EFF00283FF43BAF616B29B9A16B002970
:101BF0003FF435AFC4E90D15204616F062FA0546EC
:101C000000283FF42DAF1CF0B1F906460021206DED
:101C100011F044FF2046002112F0EBFF236A30460A
:101C200023F4002323621CF09CF919E7204612F0EC
:101C3000E2FE054650B14146204612F0DAFF04F1BB
:101C4000340011F012F904F1380081E7E36B002B46
:101C5000B0D1ACE7236A13F4806102BF23F4002300
:101C6000C4E90F212362A5E7094DA86A0028A5D180
:101C700011F070FA0146A86200289FD1204612F0A8
:101C8000B8FF42E741F20C05EAE600BF31D600009A
:101C90004820002070B5002498260C4D95F834306B
:101CA000A34200DC70BD2B6B06FB043393F861206C
:101CB000FF2A03D0186D18B111F0FCFE0134EDE7D6
:101CC000D86C0028FAD011F0AAFEF7E748200020CF
:101CD00030B51546102289B00C4601460DEB0200C6
:101CE00016F0AAFC4FF4105380221021CDE90132E6
:101CF000084B224600930DEB010005F5807316F0AA
:101D000088FB102104460DEB010016F09FFC2046D5
:101D100009B030BD004440041FB502464FF41053D3
:101D20008020CDE90130054B009301F5807300213F
:101D3000084616F06EFB05B05DF804FB0044400455
:101D4000102210B588B00C4601460DEB020016F0CB
:101D500073FC4FF4105380221021CDE90132094B5E
:101D6000224600930DEB01004FF4806316F051FB07
:101D7000102104460DEB010016F068FC204608B067
:101D800010BD00BF0002C003002370B510250C4633
:101D900016468AB00146102206A8059316F04CFCA0
:101DA00005AB06AA029330462B46CDE9004508490B
:101DB000EFF71AFA0646294606A816F047FC3346FE
:101DC00029462046059A16F00DFB0AB070BD00BFEB
:101DD0000044400430B51C460023102587B005930D
:101DE00005AB0293CDE9004513460A4605490DF0BF
:101DF000D2FB29460346059A204616F0F3FA07B0AF
:101E000030BD00BF0002C003F7B500270546032020
:101E10000E460197F3F7D0F80122014601AB1046B8
:101E2000F5F774FE044618B12F60204603B0F0BDEC
:101E30003146094A01980DF05CFB0646019846B10F
:101E40001CF0F0FA2C60304616F0C1FA40F207445C
:101E5000EBE72860E9E700BF0002C0032DE9F0418D
:101E600047F2121380460F464FF48070002196B05F
:101E70001160CDE901301F4B084600934FF48043B9
:101E8000164616F0C6FA0446F8B9049041223068A6
:101E900004AB05A90DF0AEF9054640B9049D412DEE
:101EA00003D19DF81430042B13D06FF0830541212A
:101EB00005A816F0CBFB30680DF0DAF800232846B1
:101EC000336016F084FA40F20744204616B0BDE8AD
:101ED000F08140460DF11501202216F0ADFB384689
:101EE0000DF13501202216F0A7FB294605A816F0B2
:101EF000ADFBEAE70000020910B58CB00C462022C9
:101F0000014604A816F098FB00234FF4807223606A
:101F100047F21213CDE90132084B224600932021EB
:101F20004FF4804304A816F074FA0446202104A854
:101F300016F08CFB20460CB010BD00BF000002095B
:101F400030B504230D4697B01446014620220DF10A
:101F500015008DF8143016F06FFB29460DF1350091
:101F6000202216F069FB00234FF48072236044F2B4
:101F70001213CDE90132084B2246009341214FF460
:101F8000804305A816F045FA0446412105A816F03D
:101F90005DFB204617B030BD0000020970B51C463D
:101FA0000E46042396B01546014620220DF1150079
:101FB0008DF8143016F040FB31460DF1350020222B
:101FC00016F03AFB00232026049304AB05AA294609
:101FD0000293CDE90046412307480DF0EFFA05468C
:101FE000412105A816F032FB2B4631462046049AC3
:101FF00016F0F8F916B070BD00000209074A13790F
:10200000834208D9012303FA00F01368184000380E
:1020100018BF012070470020704700BFD82500205E
:10202000054A03461068002208B91A60704700F09C
:1020300001010A444008F7E7D8250020014B187930
:10204000704700BFD8250020102A2DE9FF4706461B
:102050008846154621D800244FF0010ADFF8449045
:102060000F4FD9F800200AFA04F3134212D046EABF
:10207000042038436A46E9B280B205F015F948B940
:102080002A464146684610F050FC18B9E0B204B048
:10209000BDE8F0870134202CE3D1FF20F7E700BF33
:1020A0000080FFFFD825002070B506460D46FFF7DB
:1020B000A5FF40B1054C44EA0624204616F01BFA61
:1020C00000B92C6070BD40F20640FBE706800400BA
:1020D000F7B5044619F0D2FBFF2C4DD100F0B8FD46
:1020E0000024594E3379A34221D84FF400410024F3
:1020F000084605F03BF92022FF215448346010F0D7
:102100003DFC204600F008FEFF260446504D0CBB67
:1021100000F0E2FB0C214C4A43F6FF7005F0A8F8F2
:1021200020213820494A05F0A3F800202AE0E5B232
:102130002846FFF763FF58B10521284616F08EFAAE
:102140000321284616F08AFA0621284616F086FA58
:102150000134C7E794F87530FF2B05D02B7843B9CD
:102160001321204617F069F8204600F0D5FD0446FB
:10217000CDE784F87560F7E72046FFF73FFF18B911
:1021800040F2064003B0F0BD6B4606220021204617
:1021900016F0B0FA00283FD049238DF8063020020F
:1021A0004FF47F4140F4004005F0E0F8052120465F
:1021B00016F054FA0321204616F050FA0621204664
:1021C00016F04CFA0122204DA2402B68204623EA4B
:1021D00002032B6000F030FD00211C4B2A790846D9
:1021E0001D46013A8A4221DCFF260020AE5400F051
:1021F00093FD0546164F002D8CD095F87530A342FF
:1022000005D13B78E3B91321284617F016F8284684
:1022100000F082FD0546EEE76B46062201212046CE
:1022200016F068FA0028BAD07223B6E71E78A642E4
:1022300000D010B158781870012001310133D1E776
:1022400085F87560E3E700BFD8250020E62B002065
:10225000E42B00202DE9FF41334C064601A8FFF78F
:10226000DFFE019A237993421ED86379012B3CD17A
:1022700000274FF0FF383D4610E02368EB40DB07B6
:102280000BD5082202AB1146E8B216F033FA20B1A2
:10229000039B43453CBF2F469846013523799D4219
:1022A000EBD3F8B2FFF714FF00250122236802FAEE
:1022B00005F73B4233D13B432360A3680C21013334
:1022C00043F6FF70184A7361A36004F0D1FF98B120
:1022D000236823EA07032360A368013BA3607361BB
:1022E000FF25284604B0BDE8F081022BF8D10F4B42
:1022F000134413F8010CD5E723790C4A013B52FA39
:1023000083F3934207D1EDB215702021074A38209C
:1023100004F0AEFFE5E713F8011D5970F1E7013550
:10232000202DC4D1DCE700BFD8250020E62B0020FB
:102330002DE9F04F00258BB0754C04213F2003AAF6
:10234000257004F0B1FF00B10395039E002E63D009
:102350000027721E56425641002525706D4C0C21F7
:10236000224643F6FF7004F09FFFC0B10D23A38007
:10237000039B2560032BA56011D805AD2A461421C7
:1023800043F6FF7004F090FF48B995E8070084E831
:10239000070022460C2143F6FF7004F069FF039BFF
:1023A000042B05D004213F2003AA039104F060FF11
:1023B00020213820584A04F077FF20B12022FF2145
:1023C000554810F0DBFA0322237900255B00B3FBAC
:1023D000F2F3524A137000F03BFC23799D421ED366
:1023E000002F58D01021372005AA04F05DFF78B9DE
:1023F000102105A800F004FB0546102105A816F0E1
:1024000025F9372004F06CFF15B1FF20FFF760FEBF
:102410004FF00008424F3BE001273E469CE723680F
:10242000EB40DB070BD508225FFA85F811464046E2
:1024300005AB16F05FF910B94046FFF749FE0135CC
:10244000CBE75FFA88F94846FFF7D8FDF0B14FF0C7
:10245000000ADFF8D0B01BF8015B1022294648467D
:1024600005AB16F047F9102827D105AA2946019097
:10247000484616F0F9F8019B0090194605A816F099
:10248000E5F8009A9AB14846FFF722FE08F10108E4
:1024900023799845D5D336B13D2004F021FF00259E
:1024A00023799D420FD300200BB0BDE8F08F45EAA1
:1024B0000820384380B204F013FF0AF1010ABAF190
:1024C000030FC8D1E2E7EEB23046FFF797FDE8B15F
:1024D00004220C21304604AB16F00CF904280AD172
:1024E000049B0122C3F300238DF814300C213046E5
:1024F00005AB16F0CCF81022002105A810F03EFA2A
:1025000010220D21304605AB16F0C1F80135C7E7A2
:10251000E42B0020D8250020E62B0020E52B00200E
:102520000080FFFF50F80200F0B4114B114A1D79F2
:1025300014460023D9B28D4204D914F8017B5E1CE5
:10254000874205D10C4C24788C4203D9F0BC7047EB
:102550003346EFE71344934206D110702021F0BCBC
:102560003820044A04F084BE13F8011D5970F2E7C4
:10257000D8250020E62B0020E52B0020002110B5F7
:10258000821D83880446084610F027FF024648B1A2
:102590006188208817F0D9FE044603481AF024F910
:1025A000848010BD1A24F8E720020A170023802235
:1025B00013B5CDE90032421DB0F80330B0F8011078
:1025C000007816F0ACF8044602481AF00DF9848041
:1025D00002B010BD20020A1A40F2055320F000405C
:1025E00098422DE9F0410BD840F20153984209D8A6
:1025F00040F2014398420DD040F20A43984214D071
:10260000BDE8F081A0F20350022816D8DFE800F000
:1026100024495C000D784C882D4810F0C8FA002839
:10262000EED00571A0F80540EAE72A480C7810F0D2
:10263000BEFA0028E4D00471E2E727480F784E88FC
:102640000D79CC8810F0B3FA0028D9D00771A0F822
:102650000560C5710481D3E78C684E880D790F78C9
:1026600084B1B1F8068001F108021C48002110F085
:10267000D9FA0028C4D00771A0F80560C571A0F888
:102680000880BDE7234622462146144810F0A0FAF0
:102690000028B5D00771A0F80560C57104724472B6
:1026A000AEE70F4891F800804F880E79CD880C89ED
:1026B00010F07DFA0028A3D080F80480A0F80570FF
:1026C000C671058144819BE70D784C680548A4E7F5
:1026D00078F8020064F8020074F8020070F8020052
:1026E0006CF8020068F8020030B587B005460C4669
:1026F00000930749134603A802220BF059FF28B99B
:10270000049B03A89D80DC8019F0D5FF07B030BD85
:1027100084F8020030B587B005460C46009308499E
:10272000134603A802220BF043FF30B9049B03A811
:102730001D71A3F8054019F0BEFF07B030BD00BF02
:102740007CF802004FF0FF30014670B5084A9368EC
:10275000127B03EBC202934200D170BDD3E9005457
:10276000854274EB01063CBF284621460833F2E758
:10277000E42500204EF6602337B50B4A15795479CD
:102780005D435C43A5420BD004210DEB010015F025
:1027900032FF28B9019B641B0134A3FB04342C4491
:1027A000204603B030BD00BFE425002038B5FFF758
:1027B000C9FFB1F1FF3F08BFB0F1FF3F04460D462E
:1027C0000CD019F08FF8064BA042A94134BF211A52
:1027D00000211869BDE8384004F08EBE38BD00BF46
:1027E000E42500202DE9F84F1E4DAB79DB0736D5E7
:1027F00019F078F84FF0000906460F464FF0FF3AFF
:102800004FF0FF3B2B7B5FFA89F4A34203D8BDE86E
:10281000F84FFFF7CBBFAB684FEAC40853F834203A
:1028200003EBC4014B68964277EB030308D32046C1
:1028300016F090FA0A2806D1AB684344C3E900AB0E
:1028400009F10109DEE7FFF795FFAB6880199844AD
:1028500047F1000243F83400C8F80420F0E7BDE86F
:10286000F88F00BFE425002008B518220021024897
:1028700010F084F8002008BDE425002038B5047865
:10288000C4B10022082120460B4BF5F73FF990B95F
:10289000024610210120094BF5F738F958B9084DC7
:1028A000FF21A868E2002C7310F068F80549286938
:1028B00019F00EF8002038BDEC250020F42500208A
:1028C000E4250020E5270100024B987900F0010083
:1028D000704700BFE425002010B5094C206830B9CE
:1028E00015F0D3FE0138C0B2012802D8054815F012
:1028F000F4FD00232360A37923F00203A37110BD2C
:10290000E42500203700040070B586B0FFF7E4FF2F
:1029100015F0BBFE431EDBB2012B154B88BF002315
:10292000144E05460121684633600093FFF7F4F921
:10293000044638B90098032D306006D0B37943F0CF
:102940000203B371204606B070BD102201AB02A98C
:1029500015F0F4FD054618B9102102A816F08CF800
:10296000102102A815F072FE002DE7D02C46E9E7F1
:1029700037000400E425002038B5104CA3799B07EC
:1029800009D5206815F0B7FDB0B12D2815D1BDE8E7
:102990003840FFF7B9BF15F078FE0138C0B2012802
:1029A000F5D8074D284615F0A6FD0028EDD1A379EE
:1029B000256043F00203A371002038BDE425002008
:1029C0003700040073B50E460546A8B1102913D18F
:1029D000FFF7D2FF044660B908483246294600682E
:1029E00001AB15F0ABFD044618B13146284615F091
:1029F0002DFE204602B070BD2124FAE7E425002018
:102A000037B505460C4616F099FB10B1022003B00D
:102A100030BD16F0BAF90028F8D124B903B0BDE8EA
:102A20003040FFF771BFE5B1102C1AD1FFF754FF0A
:102A300015F02BFE431EDBB2012B0B4B88BF00238E
:102A40000A4C0122284601A923600193FFF740F9AF
:102A50000028DCD1019B2360A37943F00203A3711A
:102A6000D5E72120D3E700BF37000400E42500208C
:102A700073B5044616F080FCE51C0321284615F0CA
:102A8000BAFD30BBE2786379E2B922791A43F4D017
:102A900003F07F0343F040036371FFF76DFF78B9E4
:102AA0000D4B01AE3246294618681AF090F838B935
:102AB0009DF80630BDF80420A37053232280A37133
:102AC00002B070BDFF2AE3D122791A40FF2AD4D088
:102AD000DEE740F20740F3E7E42500202DE9F0416E
:102AE000154F0446BB79DB0723D53B7B834220D9B6
:102AF000BB684FEAC00803EBC00153F830204B68B5
:102B0000B3F1FF3F08BFB2F1FF3F12D118F0EAFE68
:102B100006460D46FFF72EFEBB688019984445F126
:102B2000000543F83400C8F80450BDE8F041FFF751
:102B30003DBEBDE8F08100BFE425002010B5144C77
:102B4000237B834222D9A26802EBC00352F83010E3
:102B50005A68B2F1FF3F08BFB1F1FF3F16D04FF006
:102B6000FF304FF0FF31C3E90001FFF7EBFDB1F19A
:102B7000FF3F08BFB0F1FF3F04D12069BDE810401E
:102B800004F010BDBDE81040FFF710BE10BD00BF3F
:102B9000E4250020FF232DE9F74F264E0B70054654
:102BA00088460622014630460FF0BFFE044690B12B
:102BB000FFF744FA4FF0000A814605F1030B5FFA74
:102BC0008AF7B94510D82B683360AB88B380FF23F0
:102BD000B3712D2404E0B379FF2BFAD088F80030CC
:102BE000204603B0BDE8F08F3846FFF707FAF0B192
:102BF000384601A9FFF758FA2D28044617D00028B7
:102C0000EED16A465946019819F0E1FF04460028C2
:102C1000E6D10322294668460FF087FE38B92B68B3
:102C20003360AB88B771B38088F80070D8E70AF1D9
:102C3000010AC4E7062C0020044B9A79824204D191
:102C400000221A609A80FF229A717047062C002099
:102C50000022034B1A609A80FF229A71704700BFCE
:102C6000062C002070B504460D461B4A13686BB352
:102C700093F87D1011F004012AD1586810608C225D
:102C8000184693F870600FF079FE034680F8706084
:102C90002268C0F85A20A288A0F85E20A27980F8A5
:102CA00060202868D864AA79A98883F85220FF2276
:102CB00083F8752083F8762040F6FF72A3F86E2023
:102CC000064AA3F85010116813605960184670BD89
:102CD0001A1D5B68CBE700BF00260020FC25002002
:102CE000054A0346106800B97047B0F86E209A4252
:102CF000FAD04068F7E700BFFC250020054A0346EC
:102D0000106800B9704790F870209A42FAD0406875
:102D1000F7E700BFFC25002010B9024B1868704788
:102D200040687047FC2500200023114A2DE9F0413E
:102D30008C211360804602460120F8F781FB04468F
:102D400020B905460B4E3060454502D32046BDE80C
:102D5000F0810120F8F7E2FB07468C2200210135C3
:102D60000FF00CFE87F8705037603E1DECE700BF97
:102D7000FC25002000260020012310B58B4090F890
:102D80007110044621EA030149B280F8711000294C
:102D900049D118F06FFD204617F002FE102104F112
:102DA000180015F053FC204601F0D6FE04F138005F
:102DB00010F05BF8204617F0A7FD224A13681BB1FC
:102DC0009C4231D163681360A36859050BD51A057D
:102DD00009D443F40063A18994F87000A36004F15E
:102DE000780203F063FE00232046636019F097FD2C
:102DF00015F0CEFC4FF48072B2FBF0F2424394F82F
:102E000070300344B3FBF2F102FB1133DBB2591E05
:102E1000C9B2FD29F5D884F87030002363600A4BED
:102E20001A6852B91C6010BD1A465B68002BCBD0E3
:102E30009C42F9D163685360C6E71A68131D526853
:102E4000EFE700BFFC2500200026002090F874303A
:102E500003F00B03013BDBB20A2B9ABF014AD05CA3
:102E6000002070478CF802001FB5014690F87030C2
:102E70008DF80430FFF7EAFFB1F862308DF80C00EE
:102E8000ADF80630B1F8643001AAADF80A30B1F8F7
:102E90006630054840F20311ADF8083019F053FDD3
:102EA00005B05DF804FB00BF4426002007B590F88C
:102EB00070308DF8051001AA40F2072103488DF803
:102EC000043019F040FD03B05DF804FB44260020F7
:102ED00038B50A4B04461B680D462BB143699B0766
:102EE00002D516F07DFA30B12A4620680421BDE8EB
:102EF000384017F0B7BCA3699D6138BD0426002097
:102F0000024B1868003818BF0120704704260020C3
:102F100013B50446019120B901A80FF0A6FF2120A6
:102F200012E008460029FAD010F02EF880B20028EE
:102F3000F2D0094B20461B6801994BB1984728B93C
:102F40002046019900F0D4FF02B010BD0020FBE73D
:102F500001F00CFCF3E700BF04260020436A73B5C0
:102F60009904044625D4FFF7AFFC636A03F4804359
:102F700008B3A26AD2041ED4D4F80100002BB4F81E
:102F80000520E37904F10105009029460CBF532088
:102F90001420ADF804208DF8063016F0CCF940B9B5
:102FA0006946284600F0D6FB18B9636A43F0080367
:102FB000636202B070BD002BFBD1084D661C294630
:102FC000304600F0C7FB0028F3D12B68C4F801306D
:102FD000AB88A4F80530AB79E371E6E7532600200F
:102FE0002DE9F0411E4E3071C0B333460022482116
:102FF000F4F78CFD38B905464FF048080746337999
:10300000AB4202DC0020BDE8F0813468002108FBFF
:1030100005441422A76104F134000FF0AFFCA02294
:103020004FF4A073C4E90723072304F1100084F8C8
:103030003130E773E7710FF018FF04F114000FF05F
:1030400014FF204615F01CFD40F20113E3857F2399
:10305000A76284F8323067620135D0E73060D1E78B
:1030600008260020074A03461179814208D91068D2
:1030700038B1482202FB0300406A00F001007047AB
:10308000002070470826002038B505460C46FFF79B
:10309000E9FF034638B148220020044B1B6802FBBD
:1030A0000533236038BD2120FBE700BF0826002040
:1030B0002DE9F04F0446364A93B0106851680FABC3
:1030C00003C3906812AA1860E37B02EB4303626AB1
:1030D00033F80C5C170548D40127B84645F01005B5
:1030E000A67BC2F30043C6F3C006920348BF43F079
:1030F000020386F00106B8F1010FD4E9072194F824
:10310000009094F831A004F1080B0B9194F932402F
:10311000F6B209D0B8F1020F06D0B8F1040F14BF0F
:103120004FF000084FF00308012F05D0022F03D005
:10313000042F14BF002703274846CDE90C2315F0C0
:103140003FFD0D9BCDE90770CDE903B3012329466F
:10315000CDE900A3DDE90B324846CDE905480296EA
:1031600001F03AFD13B0BDE8F08FA36A94F82E8009
:103170009E0648BF45F02005580648BF45F040056B
:10318000110494F82F7048BF45F00405A8E700BF6C
:1031900098F8020037B5044648B104782046FFF796
:1031A00061FF10B9002003B030BD0134E4B2074D17
:1031B0002B79A342F6D9204601A9FFF765FF08B98C
:1031C0000198F0E70134E4B2F2E700BF08260020DE
:1031D00070B5144B0546197918680023994201DC33
:1031E0001A201AE0426AD60718D490F839406407CA
:1031F00014D4DCB203460C4903F8014BD1F80B6040
:1032000042F00902C0F80160B1F80F60497C9E806D
:1032100099714262FFF74CFF2C7070BD013348304A
:10322000DCE700BF082600204826002073B505799A
:10323000C67801A92846FFF727FF00BB019C284656
:10324000636A23F010036362FFF778FC76B92946BE
:10325000A069621C0F4B00F0E1F8222231460D48B4
:10326000A66102B0BDE870400FF088BB204615F0A3
:1032700007FC636A5A0604D523F04003636202B078
:1032800070BD284604F1340102B0BDE8704003F07F
:1032900099B900BF6C26002010B500F0F3F9044680
:1032A000FFF712FB28B11248837A13F0180F14D0DD
:1032B000104C2146104800F04DFAB8B9A3792046C9
:1032C0001B0710D501F0D8FA60B922680A4B1A60C2
:1032D000A2889A80A2799A7104E00430FFF7C8FBB3
:1032E0000028E5D010BD01F0ABFAEDE70020F9E7CA
:1032F000482600204C2600200D2C002010B5044646
:1033000020B9064816F038F8204610BD012802D131
:10331000024816F031F8FFF7BFFFF6E74C26002011
:1033200037B504460D4615F00DFF6988204615F0A7
:1033300024FA6A7E2B7E204643EA0223A4F86230F8
:103340006A7F2B7F43EA0223A4F86430EA7EAB7ED7
:1033500043EA0223A4F866301B23A4F86C302D4BFB
:103360005A8B9B8BA4F86820A4F86A30022384F857
:10337000723018F07EFA204617F0E6FA94F87330AF
:10338000022B15D101F052FE70B194F87530FF2B6D
:103390000AD105212046A36843F48053A36003B0FB
:1033A000BDE8304015F049BF0021204615F0E8F98E
:1033B0000021204600F048FA4FF6FF73288C98420F
:1033C00025D000F0F3F9009400F0DCF96A46ADF87E
:1033D000040040F20621104819F0B5FA002240F22C
:1033E0000221204619F06BFA2046FFF73DFD2046EA
:1033F00017F0BDFA204601F027FBA368012123F452
:1034000080432046A36015F01CFF03B030BD0020B0
:10341000D9E700BF4826002044260020F7B504461F
:103420000F46164668465A79991D1D4600F070F9F8
:103430002CB969463046FFF715FC0446A0B140F2AE
:10344000032384F87670A4F8723033682946C4F8F0
:103450005A30B3882046A4F85E30B37984F86030DF
:10346000FFF75EFF03B0F0BD032140F2064017F006
:10347000B9F96B88A0F803300D2343710148F9F7BF
:10348000FDF9EFE7076F0200A0F11B03E02B10B579
:10349000044618D8042142F2240017F0A3F96FF073
:1034A0006F0343714223A0F8034083710748F9F783
:1034B000E5F917F09AF9407920B117F096F94079BB
:1034C00040F4805010BD2120FCE700BF23700200B3
:1034D00007B590F870304FF4887101AA03488DF851
:1034E000043019F030FA03B05DF804FB44260020E4
:1034F000F7B5C67805463C2E00F1020404D103B0AE
:10350000BDE8F04015F0F9BD87792FBB234A156A55
:103510001762D6B12146284646F4805615F012FEB1
:1035200040F201216A462846EE6085F87270CDE9C6
:10353000005619F008FAAB68394643F48063284610
:10354000AB60FFF719FC03B0F0BD2146284603B07D
:10355000BDE8F040FFF7E4BE4FF6FF73408C9842A1
:103560000DD000F023F950B100F090F82346024648
:10357000FF21002003B0BDE8F040FFF74FBF234616
:10358000074A2235144618685968083303C4AB4209
:103590002246F7D11B882380D5E700BF48260020AC
:1035A0006C2600201FB50446B0F80300FFF798FB17
:1035B00008B3B4F8053090F87020A0F86C308DF89E
:1035C0000420ADF80630227AE37940F2091143EA8B
:1035D0000223ADF80830A27A637A084843EA02234E
:1035E000ADF80A30227BE37A43EA022301AAADF860
:1035F0000C3019F0A8F904B010BD00BF442600201B
:103600001FB504468088FFF76BFB80B190F87030DF
:103610000E218DF80430D4F806300648CDF8053078
:10362000D4F80A3001AACDF8093019F08CF904B0A9
:1036300010BD00BF4426002013B504468088FFF764
:103640004FFBD8B190F870306A468DF80030E378BF
:103650004FF403718DF80130A37909488DF80230D9
:10366000E3798DF80330237A8DF80430637A8DF88E
:103670000530A37A8DF8063019F065F902B010BD57
:1036800044260020004870475326002008B5FFF765
:103690001BF9044B1A460733002808BF1A46104688
:1036A00008BD00BF4C26002010B58379044613F0F6
:1036B000280F21D00268114BC3F80B208288A3F891
:1036C0000F20827900205A74FFF764FD20B9BDE80D
:1036D00010400320FFF712BE436A13F4C04FF3D12A
:1036E000226843F00803C0F80120A288A0F8052052
:1036F000A2794362C271E7E7212010BD482600206D
:103700004379024A9B09D05C704700BFB4F80200BD
:103710000B6810B503608B88FF2A0446838002D1B2
:103720000723A37109E0032A08D8054B9B5C072BEC
:10373000837102D1FFF7E4FFA07110BD0023F0E711
:10374000B8F802008379024A03F00703D05C70479F
:10375000ACF8020010B58B798279094C02F00702AF
:1037600003F00703A25CE35C9A4206D106220FF045
:10377000DCF8B0FA80F0400910BD0020FCE700BF83
:10378000A4F8020060B11422074B1B68C31AB3FBF4
:10379000F2F3007CDBB240EA032000B280B2704753
:1037A0004FF0FF30FAE700BF542F002010B502465B
:1037B000142408490B7A0968FF2B01D1002010BDA1
:1037C0006343C818CB5AC3F30B039342F7D0437C2F
:1037D000F2E700BF542F0020F722014B1A807047F8
:1037E000E630002010B5044658B30068836CA3424D
:1037F0001FD1636883642246124919F070F804F1FE
:103800000C0019F08CF804F144000FF02EFBA069B5
:1038100048B114300FF029FBA06918300FF025FBD8
:10382000A0690FF02CFE2046BDE810400FF027BE27
:103830001346002BDFD05A68A242F9D162685A6061
:10384000D9E710BD7194020070B5054648200E46B8
:103850000FF013FE044650B1FFF752FB60B11C207D
:103860000FF00BFEA06128B920460FF008FE0024DF
:10387000204670BD002303700321284614F080FF0A
:10388000AB6C22466360AC641723268100266381FB
:10389000144928462560267766640BF05DF902F02E
:1038A0005BFF3246014604F10C000BF055F9022390
:1038B0002374FFF725FB18B90B4B1B78002BD7D0CF
:1038C0000A4B19881729D3D9204614F0EBFF00289A
:1038D000CED11321204615F090FD636943F0020319
:1038E0006361C5E771940200142C0020E6300020CB
:1038F000F8B5054610B34C1C20D0114C2468247E2A
:103900008C421BDD3F2919DC032701F0030600EB85
:10391000A10191F831407600B74002F0030224EA99
:103920000704B240224381F8312013B1002115F081
:103930001DFE2846BDE8F84015F077BEF8BD00BF73
:103940001826002070B5164600221A7032800A7AB6
:103950000D46072A4DD8DFE802F004090D111A1EA2
:10396000304AE86830F8023B338043E0EB68981D4A
:103970005B88F9E7EB68981D9B88F5E7697B15F094
:1039800042FE02221C4B18801846328032E002238D
:103990001A4833802EE01A4C2B7BE88923702B8841
:1039A000E11C013363702B8801331B12A37000F0FC
:1039B000A7F90330308020461CE0124CA889EB891F
:1039C000020AA3701B0A20706270E37000F00EFA06
:1039D00058B1C3681A88022A07D19A782271DB7815
:1039E000637106230748338004E00423FAE780224A
:1039F0001A70002070BD00BF2E2C0020BCF8020001
:103A00001B2C0020152C0020054A064B186013685B
:103A100043F001031360828B034B1A80704700BF91
:103A20001026002018260020D22A002010222DE97E
:103A3000F04FDFF858818FB0002105460DEB0200F2
:103A40000EF09CFFD8F8001011F008040AD04D4B7E
:103A500003F1100253F8041B934245F8041BF9D1FB
:103A600000242CE02146102228460EF087FF02A9F0
:103A700004A80294FEF764F9044600BB039002997F
:103A800003A8FEF7C1F90446B0B982463E4BA2B284
:103A90001B68D988914216D8294603A814F071FDF5
:103AA0000446029814F019FD002C5AD0102200216F
:103AB00028460EF063FF02E0029814F00EFD204647
:103AC0000FB0BDE8F08FD3F800B0A7B24FEA0719E6
:103AD0000BEB07173846ADF806A016F095F9064629
:103AE000384600F053F9002839D0A6F520539BB290
:103AF000032B02D9B6F5245F23D13BF809303946B0
:103B0000ADF820300DF1060200200DF10503ADF8EF
:103B10002260FFF717FFBDF806600146324609A88C
:103B20000EF053FF321D039808A914F021FD06463C
:103B3000A8B103A814F045FD029814F0CEFC344659
:103B4000BDE706F55643FF339BB2042B07D83BF87D
:103B50000930ADF82260ADF820300026E2E70134EC
:103B600094E7084B05F1100255F8041B954243F801
:103B7000041BF9D1D8F8003043F00803C8F800302E
:103B80006EE700BF302C00201826002010260020F1
:103B9000134B01461B6870B513F0040306D00022D6
:103BA000104B1C68E38990B2834209D80E4A14680E
:103BB0000022E58990B2854209D84FF6FF7005E0F2
:103BC000A56835F8125001328D42ECD170BDA6685F
:103BD00036F8126001328E42ECD1034498B2F5E718
:103BE000102600201426002018260020094B1B68F0
:103BF0005B070AD5084B1A68D389834203D99368B7
:103C000033F810007047C01A80B2044B1B689B68E1
:103C1000F6E700BF102600201426002018260020FA
:103C200038B5046805460C22204608490EF07DFE92
:103C300050B90222064904F10E000EF076FE18B9C2
:103C400002200C342C6038BD1020FCE7BFF80200C5
:103C5000CDF802002DE9F7431028019146D101A8C3
:103C6000FFF7DEFF022806D1019B1888FFF790FFBF
:103C700003B0BDE8F0831F4B019F1E6816F00406D9
:103C800008D000241C4BD3F80080B8F81660A5B209
:103C9000AE420BD80025194BD3F80080B8F8169027
:103CA000ACB24C4510D34FF6FF70E1E7D8F81000E6
:103CB000102200EB041039460EF037FE01340028C4
:103CC000E5D145F40040D3E7D8F81000102200EB0E
:103CD000051039460EF029FE01350028E0D1A01963
:103CE0006FEA40406FEA504080B2C1E70228DAD163
:103CF000BAE700BF10260020142600201826002056
:103D0000020408B51DD5124BC0F30E001B685B07FB
:103D100013D5104B1A68D38A98420CD2136903EB5F
:103D2000001000F1100350F8042B984241F8042BC6
:103D3000F9D1102008BDC01A80B2074B1B681B695F
:103D4000EDE7FFF753FF0870000A48700220F1E723
:103D500010260020142600201826002038B504461E
:103D6000094B1B681D68A54209D2204621B916F0EF
:103D700055F830B1103402E016F059F808B1204679
:103D800038BD103CEFE700BF18260020437ADA0761
:103D900002D5C3F380007047034BC0881B881840CE
:103DA000003818BF01207047D22A00200C4B024671
:103DB000186810F001000AD03AB10A4B1B68DB8882
:103DC000934234BF002001207047104670472AB14B
:103DD000054B1B88934294BF00200120704700BF11
:103DE0001026002018260020D42A002070B5014695
:103DF000FFF7DCFFE8B10F4B1A68D5888D4209D375
:103E000001F1805013680138040103EB00101B5BC3
:103E10008B420ED0002398B2854201D8002008E0E2
:103E200016681C01345B06EB03108C4203F101039E
:103E3000F1D170BD182600202DE9F34100250E4672
:103E4000A846174F01903A68ABB2D18899421DD964
:103E50001468ABB204EB0314B4F90430002B1CDA81
:103E60002046FFF793FFC0B1E1680B889E4214D152
:103E70003246019802310FF075FAE36882B21B886E
:103E8000934207D0114601A80FF0C9F8404602B08E
:103E9000BDE8F08143441FFA83F80135D3E700BF42
:103EA000182600207FB5114B0E46054604460393A5
:103EB00020B9204615F013FB0446A0B1204615F0AA
:103EC0003FFB024668B93146204615F083FC0228C4
:103ED00007D18023314600932046042303AA15F01E
:103EE000CBFF002DE5D004B070BD00BF0100FFFF87
:103EF0002DE9F04F97B08346099115F067FA0998BC
:103F000083790C33C45CC5180FF03EF8202C0646AC
:103F1000099F17D8012C05D9C44BA21ED2B2D34099
:103F2000DB0713D42146062300225846009714F0DD
:103F3000CAFC41F20614584615F04DFA204617B057
:103F4000BDE8F08F04F07F03522BEBD1384697F891
:103F500006800FF019F8BBF80A2083B29A4214D2F7
:103F600014F0010240F08F8004F07F03522B00F028
:103F70008A801E2C00F08780099B214600935846BA
:103F8000042314F0A0FC2124D5E747443A7B013BED
:103F9000202A9BB246D8012AE2D9023A1E2ADFD84B
:103FA00001A151F822F000BF41400100613F010032
:103FB00045400100613F01003B400100613F0100BD
:103FC00031400100613F010041400100613F0100BB
:103FD00045400100613F010049400100613F01008F
:103FE00031400100613F010073400100613F010069
:103FF000613F0100613F010077400100613F010026
:104000007B400100613F0100613F0100613F010011
:10401000613F0100613F01007F400100613F0100FD
:1040200049400100522A24D0D22A99D10D2B05E013
:10403000062B0DD0142B93D10AE0052B90D907E065
:10404000022BF8E7042BF6E7032B89D9DF0787D487
:10405000022C00F00B81DBF800309B68980516D429
:104060000BF144000EF001FF099BCBF84430002413
:1040700061E7012BE2E7032BE0E7012BDBE7002BF5
:104080007FF46EAFE4E709A80EF0EFFE7BE71E2C8D
:1040900000F03683584615F053FA0746002840F0E2
:1040A0008280584615F047FA00287CD004F07F0340
:1040B000522B00F0CC80082C68D1B6B2152E14BF5C
:1040C00002201020691D15F021FA00285ED0DBF8CF
:1040D00014305846D9074BBF23F0010343F00103C6
:1040E000394601214CBFCBF81430CBF8143015F011
:1040F0003DFA09980D9014F051FB0446B0F8018088
:10410000B0F803900D980EF03FFF152814BF02255C
:104110001025053421462846FFF79CFD21460390D3
:10412000284615F0F3F90D9A0490B8F1000F00F04D
:104130004F81C84500F24C810221092014F04FFB49
:10414000BBF80A708246023FBFB23E4640464FF07F
:10415000FF354946039A15F0DDFC0446002800F0BF
:10416000788115F0BFFA002800F0908101222146E5
:10417000584615F048FB03468DF82E00002800F045
:104180002B810D9A009222460821B0E0DBF8143012
:1041900013F001064CD023F0010300215846CBF860
:1041A000143015F0E3F9202C55D8231F1C2B57D8B9
:1041B00001A252F823F000BFA344010061420100B4
:1041C0009B45010061420100F34001006142010092
:1041D0008546010061420100A346010061420100E1
:1041E000B946010061420100A342010061420100A1
:1041F000D1460100614201006142010061420100BB
:10420000ED46010061420100F746010061420100F4
:10421000614201006142010061420100614201000E
:104220000147010061420100C74601005555515048
:1042300043F0010301215846CBF8143015F096F9EC
:104240001223324621465846009614F03CFB09A83A
:104250000EF00BFE0BE7522C00F04182D22CF6D070
:10426000099B002200932146062340E0099DB94C9A
:10427000284614F093FA2188B0F801602A4658467F
:1042800014F036FB2388BBF80A10B34228BF33462C
:10429000172BB8BF17235846ABF80A3015F082F831
:1042A000E5E6099F384614F079FA0546B0F8018032
:1042B000B0F803A038460EF067FE15280CBF204664
:1042C0000220691DFFF7C6FC0590B8F1000F0AD067
:1042D000D04508D8B5F80530049315F077FD50B9EE
:1042E0001023009701E00123009742461021584611
:1042F00014F0E9FABBE63A460221112014F06FFAF5
:1043000044464FF0FF35BBF80A3006909E1E0393DB
:10431000063B9BB2B6B2089351462046059A15F06B
:10432000F9FB814668B35146049A15F040FC0446F7
:10433000484615F0D7F940B94FF6FF739C4201D0BB
:104340000134A4B25445E7D91BE04FF000030DAA95
:10435000ADF8343049460CAB584615F0E9FA039AEB
:10436000BDF83430053A9A42089A0790D8BF1346F0
:10437000002DADF8343009DB9D4202D1EB1CB34275
:1043800008DB6A1C1CD10A230097AEE7351F9D424B
:10439000A8BF1D46042211A93846ADF84490ADF8D7
:1043A00046400EF0DFFF2A46384607990EF0DAFF46
:1043B0004FF6FF73043E761B9C42B6B2C0D1E0E7D5
:1043C0003946069B04355D705846FEF781FD4EE682
:1043D000012300924246D7E6049B13B1204615F014
:1043E0006AF9204615F096F9D8B1002D54DC0DA8D5
:1043F0000EF03BFD082358468BF81C3050F80C2B70
:1044000040F2025192F870208DF8483000238DF868
:10441000442011AAADF84640ADF84A3018F093FA9E
:1044200025E6ADF844000DF12E032146584611AAA9
:1044300015F07EFABDF844300590BB4228BF3B46DC
:10444000002DADF844300ADB9D4202D16B1CB34213
:1044500009DB6B1C20D10D9B00930A23BAE7B51E24
:104460009D42A8BF1D4602220CA90D98ADF8304010
:104470000EF078FF2A4605990D980EF073FF4FF65F
:10448000FF73023E761B9C42B6B2E2D0601C80B243
:104490008145BFF45EAEDCE702350D998AF8015024
:1044A00092E7DDF82490484614F078F9B0F80180DE
:1044B000B8F1000F47D0B0F803309845049342D8C4
:1044C0004FF6FF774A460221052014F088F9454649
:1044D000BA46BBF80A400590023CA4B229465846A9
:1044E00015F0FAFB504506464FD04FF400622946BE
:1044F000584615F088F9002842D1304615F082FC64
:1045000000280CBF022310235745039324D03046C4
:1045100015F078FC0690384615F074FC069B834233
:1045200006D1039B022B0CBF03231123A34214DBF0
:10453000384615F067FC059B0130194658705846FF
:1045400014F0AAF993E50123CDF800904246042126
:10455000CDE600BFE630002037460DF1460130467B
:10456000ADF84450FFF7CCFB039B48469A1C11A9B9
:104570000EF0F8FE039B023CE41A5545A4B2D7D0D6
:10458000049B0135ADB2AB42A8D24FF6FF739F42F8
:10459000CED10A23CDF80090D8E7DDF8249000248E
:1045A000484614F0FBF8B0F80530B0F803A0B0F8B6
:1045B00001600746484603930EF0E6FCC51FADB206
:1045C000102D0C945AD82A46F91D0DA80EF0FDF9AD
:1045D000002E55D0564553D84A460121072014F0E5
:1045E000FEF8A046074633460A249A45049307D9A5
:1045F0003946BBF80A0014F0D5F80328049B04D808
:10460000B8F1000F1CD0394699E7ADF84430039B50
:104610005846ADF848300DAB139300230BAA009316
:1046200011A90DF12E03ADF846A0ADF8505015F0CC
:10463000EAFA0A280446E3D0BDF82C3030B11E4611
:10464000234632460621CDF8009050E6ADF83030D2
:10465000BDF82E300CAAADF8323039460423BBF831
:104660000A0014F0AAF84FF6FF72BDF82E309342FC
:10467000C9D001334FF001089BB2B6E70424DFE74D
:104680000124DDE70A23099C8BF81C30204614F036
:1046900085F823460022B0F80110584615F0BCFCFE
:1046A000E5E4099C204614F079F80C238BF81C30C3
:1046B000B0F803202346EEE75A460F210E20099B4F
:1046C00015F002FDD3E45A4621212020099BF7E78B
:1046D0005846099AB5F8011015F07CFEC7E4584613
:1046E000099AB5F8011015F0CBFEC0E458460999B7
:1046F00015F005FFBBE45846697815F06EFFA6E596
:10470000584615F08AFFA2E57FB5174A064613689A
:1047100042F6052023F00803136015F036FA05462B
:1047200050B16846FFF782F9002014F0D8FE044625
:1047300020B92946FFF7B6FB04B070BD10226846C9
:1047400004F121010EF0F1F838B10121204614F0F6
:104750000DFF636923F0010363611EB131462046FA
:1047600015F0EBFA2046E0E71026002037B58B79EC
:104770000A460C33CD180191C95C044611F00103BF
:1047800029D01D290AD101211E2014F028F8014644
:10479000204614F081F8012003B030BD032916D162
:1047A0000E4BB5F801201B884189934228BF134660
:1047B000172BB8BF1723438114F0F4FD636940F24F
:1047C000094123F002032046636114F013FE01A89F
:1047D0000EF04BFBDFE71846DEE700BFE6300020B7
:1047E0000022024BC3E900229A6070472026002075
:1047F000014B1860704700BF1C26002013B500F065
:10480000C9F978B1019083790C33C418204602F0BD
:1048100023FF034610B1204601A9984701A80EF0D6
:1048200024FB08E000F0C2F9019020B1034B1B68A3
:10483000002BF3D0984702B010BD00BF1C2600200B
:1048400010B50446062142F2050015F0CBFF23689F
:10485000C0F80330A388A0F807300648F8F70EF830
:1048600015F0C3FF407918B1BDE8104015F083BFC3
:1048700010BD00BFE9C8000010B5044606214FF680
:10488000284015F0AFFF2368C0F80330A388A0F8D4
:1048900007300648F7F7F2FF15F0A7FF407918B187
:1048A000BDE8104015F067BF10BD00BF85C900000E
:1048B00038B505460C4669B9022142F21B0015F0D5
:1048C00091FFB5F86E30A0F803300D48BDE83840D0
:1048D000F7F7D4BF122142F21A0015F083FF2146E8
:1048E000B5F86E30053020F8023C04F1100351F8A1
:1048F000042B994240F8042BF9D10248E6E700BFA7
:10490000856E0200C16E020008B5002142F20E0061
:1049100015F068FFBDE808400148F7F7AFBF00BFDA
:10492000F36F020038B590F872300446032B154639
:1049300006D1FFF7E9FF0123002084F8723019E067
:10494000C9B9012B2DD9032140F2064015F04AFFC9
:10495000B4F86E304571A0F803301348F7F78EFFB6
:1049600015F043FF8378002BE5D015F03EFF8078EB
:1049700040F4805038BDA3B102214FF6044015F039
:1049800031FFB4F86E30A0F803300848F7F776FF2F
:1049900015F02BFF4379002BCDD015F026FF407981
:1049A000E6E70220E6E700BF076F02003D6F020066
:1049B000F8B507460E4642F213000E2115461C4676
:1049C00015F010FFB7F86E30A0F80560A0F80330BE
:1049D000BDF81830A0F80750A0F80B30BDF81C3017
:1049E000A0F80940A0F80D30BDF82030A0F80F3035
:1049F0000648F7F743FF15F0F8FE807820B115F070
:104A0000F4FE807840F48050F8BD00BF7F6F020054
:104A100070B506460D4642F27A000421144615F0A0
:104A2000E1FEA0F80360457184710648F7F726FFA0
:104A300015F0DBFE407918B1BDE8704015F0A2BE5C
:104A400070BD00BF9B73020010B50446022142F204
:104A5000300015F0C7FEB4F86E30A0F803300B48F4
:104A6000F7F70CFF15F0C1FE43792BB915F0BDFE29
:104A7000017A2046FEF71AFA15F0B7FE407920B108
:104A800015F0B3FE407940F4805010BDFDC9000020
:104A900001480EF009BA00BF2426002040F6FF733B
:104AA0002DE9F3410D46B0F86E100192994205D1FF
:104AB00001A80EF0DAF902B0BDE8F0811146144603
:104AC0000122002C38D123480EF069FAFFF7E0FFED
:104AD00004460028EFD00EF057FA94F8058087B20C
:104AE00028F00103637104212046A6680EF036FB0E
:104AF0000446437918F0010F14BF43F0010303F09B
:104B0000FE0343718179B6F86E200C3103F0010386
:104B1000866083F001036254C2F30322084442EA30
:104B200003124270478022463046294616F0A3FE03
:104B30002046F7F7B7FEC9E76379A0603AB143F0C2
:104B4000010323F00203637100222468B9E703F034
:104B5000FE03F6E724260020F8B50024094F054699
:104B6000786800B9F8BD836806689D4207D1F6F7FA
:104B7000E5FA14B126603046F3E77E60FBE70446B1
:104B8000F9E700BF20260020014601480EF007BAD1
:104B90002826002001480EF087B900BF28260020F3
:104BA000014601480EF0FBB92026002003480368A7
:104BB0000BB10EF079B91846704700BF20260020CF
:104BC000044B1A6822B99868003818BF0120704752
:104BD00001207047202600202DE9F04115460646A9
:104BE0000F4642F2360019211C46DDF8248015F0EC
:104BF000F9FD2B0AC371230A83729DF81830857161
:104C000003739DF81C30447243739DF820302D0CC3
:104C1000240CC67087800572C4728373D8F8003084
:104C2000C0F80F30B8F804308676A0F813309DF83D
:104C3000283043759DF92C3083759DF83030C3754D
:104C4000002303769DF8343043769DF83830C376E0
:104C50000648F7F713FE15F0C8FD407920B115F0AE
:104C6000C4FD407940F48050BDE8F0815508010052
:104C700038B505460C464FF61940052115F0B2FD32
:104C8000C57044600548F7F7F9FD15F0AEFD4079B1
:104C900018B1BDE8384015F0AFBD38BDC96D020090
:104CA00038B505460C464FF61A40052115F09AFD19
:104CB000C57044600548F7F7E1FD15F096FD4079B1
:104CC00018B1BDE8384015F097BD38BDF96D020048
:104CD00070B50D4606460121DAB1FFF7C9FF04465B
:104CE000A8B9072142F2350015F07CFDC6702B688B
:104CF0004360AB8803810848F7F7C0FD15F075FDE8
:104D0000437923B115F071FD447944F48054204671
:104D100070BDFFF7C5FFE2E7CB6C02000A4610B595
:104D20000421044642F2370015F033FD03230371DA
:104D30000023C470437183710548F7F79FFD15F098
:104D400054FD407918B1BDE8104015F055BD10BDB7
:104D5000036D02000A4610B50421044642F23800F1
:104D600015F017FD032303710023C4704371837191
:104D70000548F7F783FD15F038FD407918B1BDE817
:104D8000104015F039BD10BD676D0200F8B506463C
:104D90000F4642F23900062114461D4615F022FD49
:104DA00001238471240A0371C7704671C4710572AE
:104DB0000548F7F763FD15F018FD407918B1BDE817
:104DC000F84015F019BDF8BD350A01000148FFF79C
:104DD0000FBD00BFD94D01002DE9F04F867987B096
:104DE0000C3605900546805BC0F30B00FDF778FF9D
:104DF000044618B905A80EF038F84EE090F8723065
:104E0000022BF7D1AB5B059AC3F30B0103F44053BC
:104E1000B3F5805F9060A95342D1537923F0010329
:104E20005371836B002BE5D0042105A804F13806EB
:104E30000EF0CEF8304605990EF0B1F8A06B0023C5
:104E400001465A1CA9BBDBB2012B01D90EF018F99F
:104E5000A06B0EF099F803281FD9D4F83890484673
:104E600099F806700EF090F80C3709EB070539F841
:104E70000770A0F104084745D4F8389020D9514F65
:104E800007F1100A57F804BB4B4642462946204614
:104E9000D847574510D00028F4D007B0BDE8F08FB0
:104EA00038300DF0E2FF059A537943F00103537156
:104EB000BAE713460968C4E70028EED130469AE7FE
:104EC00048460EF061F804378742F7D36988A1F1AC
:104ED00040033F2B0BD8042130460EF079F82046D2
:104EE000A26B698815F008FD0023A363D5E70529A7
:104EF0000BD0062961D00429E0D130460EF068F8C5
:104F0000A16BA06CFEF704F8EEE72946204615F0E9
:104F1000F1FC02460028D1D12B79122B06D0132B9D
:104F200036D02046697915F0BDFCC7E794F8733098
:104F3000022BF6D040F67A4029898B1F9BB2834220
:104F400024D86A89931F9BB283421FD891421DD8EF
:104F5000AB89B3F5FA7F19D240F6764CEF89A7F109
:104F60000A0080B2604511D8B4F86A000290B4F823
:104F70006800CDE900702046FFF71AFD021E18BF39
:104F800001222046697915F049FC97E70122F8E7EC
:104F900094F87330012B03D12046697915F082FC17
:104FA000A3681A048AD523F40043A3602B89012B3C
:104FB00084D12046FEF78CFA80E72046A16B15F0DD
:104FC000C1FC91E7D0F802000C4B01461A7892B967
:104FD0005B689B070FD490F87520FF3A18BF012239
:104FE00091F8523013F040001EBF91F86000C0F3FA
:104FF0008010104070470122F2E700BF2C260020ED
:10500000024B586800F00200704700BF2C260020B9
:10501000024B586800F00800704700BF2C260020A3
:10502000014B1B68184700BF602F002008B513F024
:105030002CFB012809BF034B0020586800F010002A
:1050400008BD00BF2C26002007B5024605290846EA
:1050500034BF0846032012F0010101D0032811D00B
:10506000094B5A6002F08003019302F04003009361
:1050700002F0200302F0040200F076F9002003B0F1
:105080005DF804FB2120FAE72C260020094B0A4A90
:1050900010B51A60094A5A60094A9A6000F0C6F9C8
:1050A000032104460020FFF7CFFF0022054B2046D6
:1050B0001A7010BD602F00205D530100A95301003C
:1050C000715D01002C26002038B505460320F6F757
:1050D0008FFA0446C8B195F87030037095F87530B2
:1050E00043702846FDF7B2FE2246A07040F20261EE
:1050F000064817F0E4FB064B28469B6801219847B9
:10510000BDE83840FF20FDF797BD38BD442600209C
:10511000602F002070B5054608200E46F6F768FAA5
:10512000044680B195F8703000210370064B46604C
:105130009B68284698472246BDE8704040F20161CE
:10514000024817F0BCBB70BD602F00204426002031
:1051500038B5054608200C46F6F74AFA024638B13B
:10516000C0E90054BDE838400D21024817F0A7BB44
:1051700038BD00BF4426002038B5054608200C463F
:10518000F6F736FA024650B195F8703040F20561F4
:10519000037044600248BDE8384017F090BB38BD4A
:1051A000442600201FB504460191C2B104210DEB35
:1051B000010013F020FA58B14FF0FF3345F2180206
:1051C00003930021204603AB15F009FD04B010BD88
:1051D000019B0F4AB3FBF2F102FB1133019345F23D
:1051E0001802002101AB204615F0F9FC0820F6F763
:1051F000FFF902460028E9D094F8703040F20461CB
:105200000370019B4360034817F059FBDEE700BFC2
:1052100040420F004426002010B504460120F6F756
:10522000E7F9024648B194F8703040F20361037028
:10523000BDE81040014817F042BB10BD44260020D5
:1052400038B5054608200C46F6F7D2F9024650B1AB
:1052500095F8703040F20761037044600248BDE881
:10526000384017F02CBB38BD4426002010B50F4C39
:105270002368D3B10022D3F8A0001A7783F83D2029
:1052800083F85E2013F029F920684421603013F080
:10529000DDF9206821211D3013F0D8F92068212183
:1052A000BDE810403E3013F0D1B910BD34260020C7
:1052B00070B50C46064615462046202214490DF0CE
:1052C00034FB60B92022284612490DF02EFB30B97C
:1052D000114B1B681B7DC3B140F2034070BD366C9F
:1052E0002022204606F151010DF01FFB38B9202283
:1052F000284606F171010DF018FB0028ECD0294674
:10530000204613F06AF90028E6D10020E6E700BF46
:105310006CF902004CF902003426002000F0C003B2
:10532000402B07D1094B1B6873B100F03F0053F8C5
:1053300020007047802B01D1054BF4E7054A064851
:10534000C02B18BF10467047024870473C2600200B
:105350003826002019550100B3B30200014B1B6829
:10536000187A704734260020003918BF0121003B0D
:1053700018BF012310B50B4C003A246818BF012256
:10538000A3749DF808302070003B18BF0123E3741C
:105390009DF80C302174003B18BF01236274237503
:1053A00010BD00BF3426002001280AD002280ED0EC
:1053B00098B90B4B1A68936943F00103002093617D
:1053C0007047074B1A68936943F00203F6E7044BF2
:1053D0001A68936943F00403F0E72120704700BF87
:1053E0003426002038B5094D2C685CB9A4200EF095
:1053F00044F8286040B12246BDE8384004490548D9
:1054000009F0AABB002038BD1A20FCE73426002092
:1054100027AA020040260020024B034A00201A60FF
:10542000704700BF3826002014F9020010B50C4C5C
:10543000FFF71CFF2068A42113F008F9032223685A
:1054400000201A704FF0FF32DA601022187783F8CC
:105450003D0083F85E00188298741A72986110BD3E
:1054600034260020F8B594461A46274B06461D6898
:1054700008462B7F022B19D10F4605F1600405F178
:10548000800354F8041B9C4247F8041BF9D1604682
:1054900005F1A00354F8041B9C4240F8041BF9D109
:1054A000D5F8A030136046BB0020F8BDAB69DB0720
:1054B0001FD5164C04F1200354F8041B9C4240F8FD
:1054C000041BF9D16546124C04F1200354F8041B67
:1054D0009C4245F8041BF9D111460E48FCF70CFD1F
:1054E0000028E0D016B1304615F0D9FC4FF0FF305F
:1054F000DBE76146FCF7B2FCF2E7002245F2160159
:10550000304615F05CFBCFE73426002035EE020074
:1055100056EE02008CF9020045F20603994210B5DE
:1055200004463ED00DD840F2032399421CD045F2E8
:105530000203994246D040F20123994214D04820F8
:105540002EE045F21703994240D045F21A039942E2
:105550001ED045F20C039942F1D115F005FB41280C
:105560001DD0052120462EE0194894F8701017F040
:105570007DF994F873304FF4A041012B14BF8020C3
:105580004020FFF7CBFE0022034620469847D6E78F
:10559000C02115F0F9FA07212046FFF7BBFD0020D6
:1055A00010BD93791A44517C41F49051FFF7B2FD3C
:1055B00094F873302046012B14BF8021402115F050
:1055C000E3FAECE7052115F048FCE8E70220E7E7FD
:1055D00040260020B1F5A04F2DE9F04105461746C1
:1055E00000F0E680A1F5A043DC1F042C00F2E78068
:1055F0009279083B0C321744026C92F85061032BED
:1056000003D8DFE803F03A718CC416F0010600F00D
:10561000C2807E1D102231466B480DF086F90028AD
:105620005CD013F032F803462A6C012B92F85E012D
:105630000AD13246032113F017F8044610213046F0
:1056400013F004F8002634E033461022032113F04F
:105650001EF895F873300446012BEFD1334605F15F
:105660001802153753F8041BBB4242F8041BF9D14A
:10567000AB6843F48073AB60E0E716F0010600F01E
:105680008A8013F002F8012816D0286C07F105086B
:1056900043460A22022190F85E0112F0F8FF044608
:1056A000D7F80530AB62D7F80930EB62B7F80D30A8
:1056B0002B86002C6FD00AE02B6C93F85E01434BD5
:1056C00043EA002012F017FF04460028DDD02046F0
:1056D0000021FFF73DFD284615F0E1FB284615F0B7
:1056E000DEFB40F2034061E016F0020653D012F0F8
:1056F000CCFF03462A6C012B92F85E0107F10507E7
:1057000007D13A46062112F0AFFF04461021384671
:1057100096E73B461022062112F0B9FFF5E716F096
:10572000020638D012F0B1FF01280FD07979C9B143
:1057300000394FF0060218BF0121286CBB1D90F8FC
:105740005E0112F0A4FF02260446B2E72B6C93F828
:105750005E011F4B43EA002012F0CDFE04460028F4
:10576000E4D0B4E70A467B1D13F8010F0028DFD10F
:105770000132062AF8D195F85210286CC1F3C00105
:1057800081F0010105F14C0301F00101D7E7C6F3F7
:105790008006B600F6B22A6C92F8503123EA06036E
:1057A00082F85031284615F0B2FB0020BDE8F081A8
:1057B00015F046F900222B6C83F85C21F2E7BDE876
:1057C000F041FFF7A9BE00BF3CF9020003800400CE
:1057D00006800400F0B545F20E06B14204461546B7
:1057E0008DB00ED045F21306B1425BD0B1F5A04F9B
:1057F00040F0BD8015F024F9236CD3F85831190717
:1058000056D5236CD3F8582112070CD4AA7903F586
:1058100084730C3215446A1D153552F8041BAA42D4
:1058200043F8041BF9D10021256C08AF102238463B
:1058300085F85C110DF0A2F895F85D31042B2AD1A2
:105840004D4B1B6893F83D205AB1BC4603F11D0235
:105850002D33664610685168083203C69A42B44632
:10586000F7D105F5A073069304F15A03059304F1EB
:10587000530304932B7905F1C80203936B790293C8
:10588000AB79CDE9007305F1B803204605F1F801C5
:1058900015F0E0FC0CE0013B022B9CBFD5F82C314D
:1058A0000893DEE7056C95F85C3123B1012B55D0E8
:1058B00000200DB0F0BD102205F5A07105F5847033
:1058C0000DF033F820B10B21204615F0C6FAEFE7B2
:1058D000D5F8583108AF9B0748BF94F874304FF0A3
:1058E000100244BF43F0020384F874300123002106
:1058F00085F85C3138460DF041F895F85D31042BA0
:1059000025D11D4B1B6893F85E205AB1BC4603F1AC
:105910003E024E33664610685168083203C69A420A
:10592000B446F7D105F58C73069304F15303059340
:1059300004F15A030493EB7A05F1B80203932B7B2D
:1059400002936B7BCDE9007305F1C8039DE7013B32
:10595000022B9CBFD5F82C310893E3E705F58C7139
:1059600015F08AF88821204615F00EF9A0E70DB051
:10597000BDE8F040FFF7D0BD3426002037B545F232
:105980001405A942044633D00CD8B1F5A04F13D06A
:1059900045F20E0399423AD0204603B0BDE83040AC
:1059A000FFF7BABD45F219039942F5D1137853BBFD
:1059B0000C2115F052FA13E015F042F8206C00F5B6
:1059C000947300F1C802009300F1510100F1B80393
:1059D000113017F0D9F8024628B1204615F05FFAC9
:1059E000002003B030BD2946204615F0E8F8F7E75F
:1059F000036CD3F82821114BB2FBF3F103FB112107
:105A0000FFF7BAFBECE7872115F0BEF8E8E79179DC
:105A1000036C0C310A44511D03F58473153251F89F
:105A2000040B914243F8040BF9D1226CD2F858319F
:105A300043F00803C2F85831D2E700BF40420F00DC
:105A400045F2100330B59942044685B000F09E80BF
:105A50000CD8B1F5A04F27D045F20503994227D0C5
:105A6000204605B0BDE83040FFF756BD45F21103B2
:105A7000994200F0A88045F212039942F0D1016CDE
:105A800091F85D3113B1043B012B03D82046B831A6
:105A900015F00EF8236C93F85D31042B40F2D98099
:105AA000052B03D186218AE014F0CAFF002049E0CB
:105AB0009179036C0C310A44511DC833153251F8E9
:105AC000040B914243F8040BF9D1216CD1F8583101
:105AD00013F004034DD091F85D31042B18D0216CE4
:105AE00091F85D3101F1C80273BB01F1F803039332
:105AF00001F59873029304F15A03019304F15303DF
:105B0000009301F1B8032046D83115F0CBFBCDE767
:105B1000514B1B6893F85E2062B101F1110201F54F
:105B2000A07101910021009111463E33204615F0ED
:105B3000B9F9BBE72046B83115F0DAFB0028CED022
:105B400040F2074005B030BD043B012BCDD901F533
:105B5000A073019391F85C01D1F82C31C34003F09C
:105B6000010343F080030093134601F15102113108
:105B7000DCE781F85C3101F1C8020093204601F5B1
:105B8000A07301F5987115F0C0FB8FE7056C10222A
:105B900005F1980105F5A0700CF0C7FE20B10421B5
:105BA000204615F05AF981E78821D5F858319B072E
:105BB00042BF94F8743043F0020384F874302046F6
:105BC00014F0E2FF72E7056C95F85D3105F5A07001
:105BD000042B20D1204B102219684E310CF0A5FE69
:105BE0000028DCD1204605F1B80115F081FB002822
:105BF000A6D1216C01F1F803039301F59873029388
:105C000004F15A03019304F15303009301F1C80214
:105C100001F1B80377E70146102205F198000CF076
:105C200084FE0028BBD105F1B801204614F040FFE6
:105C3000216C91F85C310133DBB2142B81F85C31BB
:105C4000D8D0D1F8583123F00103C1F8583184215C
:105C5000B5E78721B3E700BF3426002070B545F2D1
:105C60001505A942044658D00BD8B1F5A04F1CD059
:105C700045F20D0399421CD02046BDE87040FFF765
:105C80004BBC45F216039942F6D1006CD0F8942033
:105C900000F1D80300F131011130FCF77FF9024621
:105CA000B0B3204615F0FBF801E014F0C9FE002067
:105CB00070BD93790C331A44551D02F12506324606
:105CC0002946FFF7F5FA30B120460B2115F0C5F84B
:105CD00040F20340ECE72946236C113351F8042BC2
:105CE000B14243F8042BF9D1236C01F12002313386
:105CF00051F8040B914243F8040BF9D1216C204672
:105D000001F1940301F171025131FFF7ABFBCEE7D2
:105D10002946204614F053FFC9E714F001FF236C15
:105D200093F85D31052BC2D8DFE803F01903111198
:105D30001E192046822114F027FF0C4B20461B68B9
:105D4000D9684B1C5A425A41FFF72CFAAFE720465C
:105D5000822114F019FF2046FFF75EFAA7E783219E
:105D6000204614F011FFA2E78521F9E73426002030
:105D70001F4B10B51B6804469B6913F0040310D138
:105D800041B180F8773090F87010BDE810401948A4
:105D900016F06CBD90F87330012B03D1836858075F
:105DA00005D410BD022B02D183685907F9D494F9A8
:105DB000772094F87730002AF3DB1BB9012384F8AD
:105DC0007730EEE75A064FF47A725EBF5B00DBB2C3
:105DD00084F877305B08534394F87010002205482C
:105DE00008F098FE94F8773063F07F03E7E700BF90
:105DF000342600204026002045F21E0399422DE95A
:105E0000F7430446154611D845F21603994214D8B3
:105E100045F20103994200F03F8345F202039942A3
:105E200000F0A480B1F5A04F00F03C832A46204644
:105E300003B0BDE8F043FFF76FBBA1F5A043173BEC
:105E4000072BF3D801A252F823F000BF6D5E0100CA
:105E50002D5E01002D5E01002D5E010055640100E4
:105E60002D5E010041600100016001008C4E33682D
:105E70001A7F022A11D1DA7C7AB193F85E3063B9C5
:105E800041F20221FFF746F920460121FFF770FF9A
:105E900041F2022003B0BDE8F083A36813F00405CB
:105EA00001D00220F6E72046FFF78EF8326800386E
:105EB000167818BF0120032E2DD0136903F0FF13AD
:105EC000003B18BF01239B0040EA030194F87430A3
:105ED0000D469B0723D54F0721D4032E1DD141F238
:105EE00003212046FFF716F9A368224643F0040376
:105EF000A3606C49204608F02FFE0221204612F0D4
:105F00003FFC47F23053002245F21A01204608F0C8
:105F100001FE0020BEE72B46D6E741F00405936959
:105F20009E0704D4137F012B18BF45F00805537C4E
:105F30000BB12807D3D502210B2014F091FD0246A6
:105F40000028D1D0837903445D7394F87530FF2B1A
:105F500003D094F87430D90703D5A36843F0020343
:105F6000A3600621204614F07DFCBDE783685A0734
:105F700003D490F97730002B05DB236C53B1D3F8B1
:105F80005831DB0606D52046092114F066FF41F2A0
:105F900009207FE7204614F025FD20B9204614F0A3
:105FA0007EFF212076E7226CD2F8583143F01003AF
:105FB000C2F85831AB790C332B445968C2F803103E
:105FC0001989A2F807109B7A53720122236CDA70A8
:105FD000A26812F0040610D122463249204608F089
:105FE000BBFD0221204612F0CBFB47F23053324674
:105FF00045F21A01204608F08DFDA3689F0588D55B
:10600000236C002B85D0D3F85831DE0681D5FEF7FE
:10601000FFFF94F8751030B1A368980703D42046A9
:10602000FFF70EF975E70846FBF7E8FF40B194F873
:106030007430D90704D40521204614F00EFFB0E7D0
:10604000236C002B3FF42DAFD3F85831DA067FF5DF
:1060500028AF9F063FF525AFFEF7DAFF48B1A368EA
:106060009E0706D42B7823B90521204614F0F5FEAF
:106070004FE7A368256C23F00203A360D5F85831DD
:10608000074F43F02003C5F858313B68EA791B7A83
:10609000934202D8A37C934206D90621CCE700BFE5
:1060A00034260020DFAB020094F9521094F85230ED
:1060B0000029B2BF0123C3F3C00383F00103102AF8
:1060C00028BF10226B7094F860302046C3F3C003E1
:1060D00083F00103AB70A27495F8068008F00D06FA
:1060E000FEF772FF002800F0928018F0010F00F018
:1060F0008E8094F87530D4F84090FF2B7CD089F8CE
:106100005E313B6899691A7F880703D4012A01D060
:10611000310701D406F0F7061978032900F0E88169
:106120001B6913F0FF1F01D046F00406072102206F
:1061300014F096FC019000285BD090F806E03A68D5
:106140000EF10C0E137800EB0E0C8CF80130137F5F
:10615000012B06D0022B5DD192F85E30003B18BFB8
:1061600001238CF8023010238CF8036016F001062E
:1061700007BF324631462A7A697A8CF80430236C9C
:106180001DBF02F0030201F003018CF805208CF81A
:1061900005608CF8061083F8511183F8502150F8EF
:1061A0000E20C3F80A20BCF80420DA819CF80620EF
:1061B0001A748EB3206C90F8501111F002062BD196
:1061C00094F852100622C1F3C00181F0010190F849
:1061D0005E0104F14C0301F0010112F058FAD8B14C
:1061E0003146FEF7B5FF204614F059FE01A80CF029
:1061F0003CFE40F203404DE62046FCF72BF889F8C0
:106200005E01236C93F85E31FF2B7FF47AAF08F0C8
:106210000C0676E70023A4E7019E002EE9D0FEF7E6
:10622000EFFE95F806C018B994F87530FF2B0FD023
:106230001CF0010F04D0236C93F85E31FF2B07D1C3
:106240000521204614F009FE3046F4F777FFA8E652
:106250003B680CF00802597C29B112B16A7B120725
:1062600003D40321EDE7002A5BD0697B080758D5EA
:10627000D5F8582142F00402C5F85821B5F850214C
:1062800022F4807222F00102A5F85021187F6A7969
:1062900002280FD092B941EA0C0149074DD52A795D
:1062A0001978052A28BF0322944801EB8101014493
:1062B0008A5C11E022B993F85E1011B90221C0E79F
:1062C0000122D97C83F83D2029B1002AF6D093F829
:1062D0005E20002AF2D0042285F85D211B7C1BB9C8
:1062E00094F87430980701D5002ABAD094F9133085
:1062F000022B03D1D5F858315907B2D512F0C5F9A0
:1063000001282BD194F87500FF2827D001A9FBF7AD
:10631000CBFE18BB236C93F85021920718D40A21A6
:106320008FE71A7F012A02D16A79002AD3D11CF0A3
:10633000040F04D16A7B520701D40022CCE72A79EA
:106340001978052A28BF03226D4801EB8101AEE7C9
:1063500093F851319B0701D40A216DE694F875003A
:10636000FF2818D0226C0821D2F8583143F040039E
:10637000C2F8583112F09FF9052194F8750012F017
:106380006DF9032194F8750012F068F9062194F86C
:10639000750012F063F932460621204614F062FAC5
:1063A00095F85D31206C042B00F598701BD13B688B
:1063B00003F11D022D3352F8041B9A4240F8041BCE
:1063C000F9D195F85D31D5F858118BB921F0020259
:1063D0001946C5F858215507E1741CD5812120467E
:1063E00014F0D2FB95E5102200210CF0C7FAE8E783
:1063F00041F002024E07C5F858210AD5A17C0F29A9
:1064000007D994F8741041F0080184F8741002213F
:10641000E1E70121DFE7042B3FF67BADDFE803F086
:106420001803101018002046822114F0ADFB3B68C1
:10643000D968481C424242412046FEF7B3FE68E557
:106440002046822114F0A0FB2046FEF7E5FE60E521
:106450008421C4E790F87430D90706D4802114F061
:1064600093FB29462046FEF755FEA3685A077FF5A1
:1064700050AD45F21A01204616F0F8F922462046A2
:10648000204916F02CFAA36823F00403A36002212C
:106490002046FCF771FC3CE502461A491A4808F010
:1064A0005BFB36E545F21A0116F0E0F9A36823F02C
:1064B0003E03A360236C6BB193F85E01FF2809D003
:1064C00094F87520FF2A03D0D3F858315B0601D524
:1064D000FBF7FEFD224620460A4916F000FA224646
:1064E0000849094816F0FBF9204614F0BAFBCEE73C
:1064F000002A7FF41BAE06F0FB0617E6E0F8020068
:10650000F9F80200DFAB0200442600200138C0B2D7
:106510000A289ABF014B185C00207047ACF90200B2
:1065200010230748282243826423C0E905234FF63D
:10653000FF738383002340F8043B12F01DBF00BFAC
:106540004826002038B5FDF79DF80446FDF7FAF817
:106550000546064816F048F9002303714371236885
:10656000C0F80630A3880573438138BD20090205B1
:1065700013B5C37A0093B0F80930D0F80520D0F8ED
:106580000110007812F023FD0446034816F02CF9A0
:10659000848002B010BD00BF20020403FF2337B582
:1065A0000DF107008DF80730FCF712FE0446044891
:1065B0009DF8075016F018F98480857103B030BD3E
:1065C0002003040137B54B7905465B070C460CD414
:1065D00020461421064A0CF0B7FA01A801940CF0E9
:1065E000DFFA10B9A3791C44257403B030BD00BF95
:1065F000DCF90200024B1B6803B11847704700BF6B
:106600009026002070B5064608460C46FDF79AF81D
:10661000054606480CF0CBFA38B106712268C0F87E
:106620000520A288C572A0F8092070BDD8F9020023
:1066300010B500210446007815F0FDF848B16178E6
:10664000207812F0B1FC0446034816F0CDF884809F
:1066500010BD0224F8E700BF2002560110B54178B2
:10666000007812F024FD0446024816F0BDF884803C
:1066700010BD00BF2002560210461946F8B522F0A0
:10668000004340F20A4293420ED8B3F5806F13D90B
:106690006FF480621344092B0ED8DFE803F0520F29
:1066A0001E2F4F4F4F4F0D5240F20152934233D0A5
:1066B000A3F20253032B44D900200DE00D784C685F
:1066C0008A6901F10803204800210CF081FA10B119
:1066D0000571C0F805400120F8BD0E784D880C7991
:1066E0008A6901F10803194800210CF071FA0028A9
:1066F000F1D00671A0F80550C471ECE70D784C8814
:106700004A690B1D124800210CF062FA0028E2D001
:106710000571A0F80540DEE70F784E880D79CC882A
:1067200001F108020B4800210CF07CFA0028D2D0BD
:106730000771A0F80560C5710481CCE715F09FF8DA
:10674000C9E7FBF749FFC6E7FCF90200F8F90200C8
:10675000F4F90200F0F90200004870477966010080
:10676000014B186816F031B8E826002030B5124BFE
:106770000D469942144689B01BD1930011D505A945
:1067800006A808F075FA062300220393059BE1B2E0
:106790000293069B2846CDE9003241F0005116F0E5
:1067A0006FF806480CF003FA00B10471012009B03B
:1067B00030BD0020FBE700BF9426002020FA020035
:1067C00022F00042B2F1A04F08B504D103480CF00A
:1067D000EEF9012008BD0020FCE700BF24FA02000A
:1067E00010B5047ED4B1102C28BF102416F0C2F8C6
:1067F000621C81B200230620D2B2F4F721FE0446C7
:1068000050B90749074816F066F80748074916F0D7
:1068100062F80748F4F7F0FD204610BD0424E5E7D0
:10682000742F00209826002094260020842F00201A
:106830006C2F002070B504460D461646FFF790FFFA
:1068400038B133462A46002102480CF0C1F900B1A4
:10685000848070BD28FA020022F00042B2F5887FE1
:106860002DE9F0471C4600F0E2800ED840F20313F9
:106870009A423CD040F209139A4200F0C2800E2A9C
:1068800000F0B3800020BDE8F08740F207239A4271
:1068900047D0B2F5037F56D040F206239A42F1D199
:1068A00020684C30FCF74EFF25680746644895F891
:1068B000736095F870A095F8759095F87680A48827
:1068C0000CF075F90028DDD0EB6C4360B5F8503062
:1068D00087720381731E5E425E41C67280F80CA00F
:1068E00080F80D9080F80E80A0F80F40CAE720785D
:1068F000FCF704FA0028C5D0524894F80080678855
:10690000A688E588247A0CF052F90028BAD080F8DD
:106910000480A0F80570A0F80760A0F80950C472C0
:10692000B0E72078FCF7EAF90028ABD0607825784A
:10693000FFF7ECFD044644480CF039F90028A1D0DB
:10694000057144719EE7A578012D1ED0022D2DD032
:10695000CDB9E37894F80080023BDBB2022B8CBF08
:1069600001253A4A94F90470667998BFD55C94F988
:10697000064037480CF01BF928B180F804804571B7
:106980008771C671047201207DE7E37894F8008076
:10699000023BDBB2022B98BF2C4A94F90470667953
:1069A00098BFD55C94F906402A48E3E7E3782A4883
:1069B000023BDBB2022B94BF244A012594F80180EC
:1069C000277898BFD55C94F90490667994F90640CD
:1069D0000CF0EDF80028D6D0A0F804808771C571BE
:1069E00080F8089046728472CDE723460822002181
:1069F00013F8014B19480CF0EBF80028C3D00471D0
:106A0000C1E7174894F800806788A688E58824893C
:106A10000CF0CDF80028B6D080F80480A0F80570FE
:106A2000A0F80760A0F80950A0F80B40ABE70D48AC
:106A30001C780CF0BCF800283FF424AF047121E767
:106A400064FA020060FA020058FA02002CFA02000E
:106A500050FA02004CFA020054FA020048FA02000E
:106A600044FA02005CFA02000022084B10B51A60DA
:106A70009A8002681A60187812F0DDFB044618B993
:106A80000349044815F027FF204610BDD62A0020F0
:106A9000942F00204426002008B5034B5888FCF7AB
:106AA000F3FC002008BD00BFD62A002073B51446B1
:106AB00006460D4620461421094A0CF045F801A867
:106AC00001940CF06DF848B9A3790C331C44054BC4
:106AD000A6711B79A5800BB114F0C7FE02B070BD82
:106AE00040FA0200D62A002022F000420D2A73B597
:106AF0001C460ED06FF4C0631A440B2A12D80B2A1E
:106B000010D8DFE802F03B12242C370F46505F8488
:106B1000878E0422002153F8044B44480CF058F8A7
:106B200000B18480002002B070BD2078FCF7E6F848
:106B30000028F7D03E48267894F90150A4780CF04C
:106B400036F80028EED0067145718471EAE72478A2
:106B500038480CF02CF80028E4D00471E2E72578DE
:106B6000354864680CF023F80028DBD00571C0F8C4
:106B70000540D7E7257831486468F3E73048257841
:106B800064680CF014F80028CCD00571A0F805401A
:106B9000C8E72C48257864680CF009F80028C1D0B3
:106BA00005714471BEE7637827480D2B96BF274ACD
:106BB0000125D55C24780BF0FAFF0028B2D00471CF
:106BC0004571AFE7637800210D2B98BF1F4A20481D
:106BD00098BFD55C6368A27888BF012526780BF042
:106BE000F7FF08B1067145716378012B9AD88DF8CB
:106BF00007300122002116480DF1070324780BF01D
:106C0000E7FF00288ED00123047143718AE72478BE
:106C100010489EE70021636822780F480BF0D8FFE8
:106C200080E70E480BF0C3FF7CE700BFA8FA020024
:106C300094FA02009CFA0200A0FA020098FA0200FC
:106C400090FA02008CFA020088FA020068FA020048
:106C500084FA020080FA020078FA02007CFA02004C
:106C600073B5064617F082F91C4C054663795B073D
:106C70000ED4204614211A4A0BF066FF01A8019495
:106C80000BF08EFF20B1284617F06BF902B070BDF3
:106C9000A3790C332344032E08D8DFE806F0020D55
:106CA00013191A79FF2A01D001321A71284602B04D
:106CB000BDE8704017F055B95A79FF2AF6D0013275
:106CC0005A71F3E79A79FF2AF0D001329A71EDE711
:106CD000DA79FF2A1CBF0132DA71E7E79C2600202F
:106CE000A4FA020030B585B005460A4901A807F0AC
:106CF0003FFC044650B901A807F0A8FC044615B1B2
:106D0000029B9B792B7001A815F0D1FC204605B0A1
:106D100030BD00BFB4FA02002DE9FF4180460F46A6
:106D200001A80C4916461D4607F022FC70B9029CCA
:106D30009DF8283084F80480C4F80570C4F8096010
:106D4000A4F80D50E37301A815F0B5FC04B0BDE83C
:106D5000F08100BFACFA020030B585B005460C46A4
:106D600001A8064907F004FC28B9029B01A81D717F
:106D70005C7115F0A0FC05B030BD00BFC4FA020084
:106D800030B585B005460C4601A8064907F0F0FB72
:106D900028B9029B01A81D715C7115F08CFC05B02F
:106DA00030BD00BFBCFA02007FB505460E4601A803
:106DB0000C4907F0DDFB044680B901A807F046FC4A
:106DC000029B044625B1D3F806202A605A89AA807E
:106DD0000EB11B7B337001A815F069FC204604B08E
:106DE00070BD00BFCCFA020008B507F017FD08B16E
:106DF000012008BD07F0CCFE0020002107F016FDA1
:106E00000028F5D10BF03DFF0028F1D1014B187897
:106E1000C0B2EEE7412C002010B5204C88B02060B5
:106E2000F4F7E4FA1C22002101A824680BF0A6FD67
:106E30000AF0A1FF628BA368ADF81020A28B43F487
:106E40008063ADF81220226AADF8080005926268EE
:106E50000393019214F00BFD18B1039B43F004035C
:106E60000393039B01A843F48032039222689205A6
:106E700044BF43F4102303930DF036F9044650B990
:106E80000A20074A074907F027FE044618B907F009
:106E90004FFCFFF745FB204608B010BDD826002068
:106EA00081B8020061DB020070B58EB007F0A8FF68
:106EB000002302AE31460DF107008DF80E308DF83B
:106EC0000730E9F73FFE002840F09380304614F089
:106ED00096FC002800F08D80302800F08A809DF814
:106EE0000730012B17D172238DF80E30EEF75EF8C4
:106EF000CDE90601030C8DF81230BDF81D30ADF858
:106F00001000ADF813309DF81F308DF8153049236F
:106F10008DF816300AE049238DF80E3096E803000C
:106F2000ADF81410090C04908DF816109DF80E3071
:106F300013F0280F07D1DDE90401ADF80C10090C9E
:106F400002908DF80E103A4D2B68D868002856D163
:106F50002B681A690AB9374A126837490A605A69B0
:106F60000AB9364A126836490A609A7FD1074ED468
:106F700004A814F09FFC0446002845D11C220146B9
:106F800006A82D680BF0FAFC0AF0F5FE6A8BAB68D8
:106F9000ADF82420AA8BADF81C00ADF826202A6A93
:106FA00043F480630A926A680893069214F05FFCC7
:106FB00018B1089B43F004030893089B06A843F408
:106FC000803208922A68920544BF43F41023089344
:106FD000E9F75AFD0446B8B9BDF92A0014F0EDFBF3
:106FE00014F06DFC3046FCF75FFB164807F06EFDB1
:106FF0000AE09DF80E3018077FF578AF8EE713F0A2
:10700000B2FB04460028A3D020460EB070BDDA7F44
:1070100000234FF0FF3006A9CDE906338DF81A2082
:1070200014F008FD0028A3D040F20C44ECE700BFA8
:10703000D8260020B4E70200B4260020B0E7020002
:10704000B0260020B970010037B5154D286815F03D
:10705000C1FB10BB134B1B780BB100F0BDFA07F05E
:1070600097FD14F099FB07F09DFB0446286815F086
:10707000ACFB20B92868F4F701F8019048B90BF08F
:1070800000FE08B9002CECD103B0BDE8304014F08C
:10709000EDBB01A80BF0E9FEECE703B030BD00BF8B
:1070A000E8260020412C0020024B1B6803B1184742
:1070B000704700BFB026002050EA010337B50446F0
:1070C0000D4604D103B0BDE83040FFF7EDBFB1F18C
:1070D000FF3F08BFB0F1FF3F13D016F041FD22186B
:1070E00045EB010308490948C1E9002300239D42FB
:1070F0000CBF21464FF0FF31CDE90033044A17F0B1
:107100009EF903B030BD00BF700B0020B8260020F0
:1071100015710100D3B516F029FF044616F020FDC5
:107120000B46104AD2E90067B04273EB070107D360
:10713000FFF7BAFF204602B0BDE8D04016F011BFFD
:10714000D2E900670022311A67EB03039342CDE9CD
:107150000022134618BF4FF0FF31034A034817F0CF
:107160006EF9E7E7700B002015710100B8260020CA
:107170000023044A52E8000F42E800310029F9D107
:10718000F8F732BBDC260020054A52E8003F0343F3
:1071900042E800310029F8D1024B1B68184700BFB4
:1071A000DC260020B426002013B51C68E10705D5B5
:1071B00014F0E9FA1549164815F08DFBA20722D5FF
:1071C000FDF7FEFCC8B9019016F0D0FE0446114848
:1071D0000BF06AFE0190204616F0C3FE019890B1B4
:1071E00043799B070CD401A802210BF0F1FE019812
:1071F000FDF7D6FCFDF702FBE6E7FDF7FFFADFE758
:10720000FDF7C2FCF6E7002002B010BDA42F00205D
:1072100044260020E026002008B5054807F094FA2F
:10722000044B01211870BDE8084007F09DBA00BF6B
:10723000B42F0020402C002038B5044648B116F089
:1072400095FE0546214608480BF0A9FE284616F093
:1072500088FE064B022193F9000007F085FABDE88D
:107260003840FFF721BF00BFE0260020402C00205F
:107270002DE9F0410A4B0B4F04460E463868196859
:107280001546EBF7A1FD40B933462A46386844F469
:107290008021BDE8F041EBF7B9BFBDE8F08100BF48
:1072A000742E0020942E00202DE9F0410A4B0B4F44
:1072B00004460E46386819681546EBF785FD40B957
:1072C00033462A46386844F48021BDE8F041EBF7A4
:1072D00043BEBDE8F08100BF742E0020942E002034
:1072E00038B5084D084B044619682868EBF76CFD63
:1072F00030B9286844F48021BDE83840EBF7CABFB4
:1073000038BD00BF942E0020742E00202DE9F047D8
:10731000144B0F461968144B06468CB018689046FB
:10732000EBF752FD044680B93B460A223046CDF8C1
:10733000008002A909F0F5F84FF0000905460DF1AB
:10734000080A4D4505D1002DEED120460CB0BDE810
:10735000F08730465AF8041BEBF79CFF09F101094E
:10736000EFE700BF742E0020942E0020F8B50B4BE1
:107370000B4F06460C4638681968EBF725FD0546A5
:1073800048B9E24316FA82F2386842F4802246F4A1
:107390008021FFF7BBFF2846F8BD00BF742E0020F8
:1073A000942E0020F8B50E46054618B311B3134FBE
:1073B0003B680BBB00F03EF90446B0B9F4F712F994
:1073C00007F054F96D6A002D08BF4FF48075284608
:1073D00007F0A6F8044640B932462021384607F0A7
:1073E00051F9044618B107F0B3F82046F8BD044B34
:1073F0001D60FAE72124F8E72E24F6E7E8260020AE
:10740000E4260020014B186815F0A0B9E8260020FA
:10741000064B10B5186815F0ADF9044618B900F020
:1074200043F911F02AFB204610BD00BFE8260020DA
:10743000014610B50446064808F0EDFB00234FF066
:10744000FF3223604FF0FF33C4E9022310BD00BFB9
:107450000C2700201A4B37B51D6845B9194C237805
:10746000C3B1194816F00CFB257003B030BDD5E947
:10747000024516F075FBA04271EB05020B460BD3DB
:107480000022104B1A700122104B1A70104B186812
:1074900014F0F2F90020E8E7211A65EB0305002358
:1074A0009D4218BF4FF0FF31CDE90033094A06482D
:1074B00016F0C5FF0028D8D10122024B1A70D4E77C
:1074C0000C270020432C0020EC260020412C00201B
:1074D000E8260020D97401000022044B1A70012212
:1074E000034B1A70034B186814F0C6B9432C0020E4
:1074F000412C0020E8260020264BF7B504461868EA
:107500000D4615F067F930B9284601A916F048FB79
:1075100018B114F0D8F903B0F0BDD4E90223B3F1E7
:10752000FF3F08BFB2F1FF3F02D02046FFF780FFC8
:1075300016F016FB019B1818174B41F100011D783E
:107540004DB1164AD2E90032834272EB010602D3F2
:10755000581C42F10001124AC4E9020113687BB9C8
:1075600023601460002DD6D1FFF774FF0546002874
:10757000D1D02046FFF75CFFFFF76CFF2846C8E735
:10758000D3E90276B84271EB0606E9D31A461B68C6
:10759000E5E700BFE8260020422C0020780B002001
:1075A0000C27002008B598B1D0E90223B3F1FF3FC2
:1075B00008BFB2F1FF3F0BD0FFF73AFF054B1B7836
:1075C00033B9FFF747FF18B1BDE8084014F07BB9A5
:1075D00008BD00BF422C00200022F8B5114B124D0F
:1075E0001A7016F0BDFA0123104EC5E90001104FC4
:1075F00033703C6834B1D4E90212D5E90003884203
:10760000934108D200233370FFF724FF48B1BDE84F
:10761000F84014F058B92046FFF70AFF636898470E
:10762000E7E7F8BD412C0020780B0020422C002019
:107630000C270020074BDA69D20407D51B6A40F2F9
:10764000044013F0010F18BF0020704740F20440BF
:10765000704700BF0080E00F10B503783E2B0AD1C1
:10766000837843F478530D4A0D49107800229042F4
:1076700008D800200DE0FF2B0ABF83781B0243F4DB
:107680007F43F0E731F8024BA34203D1054B53F897
:10769000220010BDEDD30132E9E700BF5AE7020036
:1076A00094E702005CE7020030B5002485B002A830
:1076B000EDF766FC01A8BDF80850019407F09CFBAB
:1076C00000B101940E48019C0BF071FAB0B1002397
:1076D0004371C371037243728372C3726FF05703B5
:1076E000837449230B22C374112302710375012291
:1076F0006FF001038271C4600582437505B030BD2F
:10770000D4FA02001046044A1368591E033102D805
:107710000021116018477047C42F0020034B1868E0
:10772000034B002808BF1846704700BF10270020F1
:1077300084FB0200014814F036BA00BF182700206D
:1077400013B50B4C0229226005D10A4814F02BFA1C
:10775000002002B010BD0A4600930146064B0548C2
:1077600014F002FA003818BF01204000F1E700BF12
:10777000C42F00201827002005770100014814F0CD
:1077800023BA00BF182700200021014814F03EBA98
:107790001827002008B5064B1B68013305D0FFF7FA
:1077A000EDFF80F00100C0B208BD0020FCE700BF83
:1077B000C42F00202DE9F843DFF860900646D9F881
:1077C000008008461746B8F1000F03D00E2420466B
:1077D000BDE8F88306B3336801331DD1E1B100F091
:1077E00075F805460028F1D0C9F8000000F0D4F87B
:1077F000284614F0BEF8044640B14046C9F800805F
:1078000000F0CAF8284614F0AFF8E0E73560002F22
:10781000DDD02846B847DAE72124D8E7142700202E
:10782000024B1868003818BF012070471427002049
:1078300038B50C4601F08CFAA3780B4A13705A1E27
:1078400055425541A8420CD0012B04D02846BDE832
:10785000384001F05FBA204601F02EFA0028F5D03A
:1078600038BD0020FCE700BF442C0020002108B5F3
:10787000024B08465B689847002008BDE42F0020B3
:1078800010B5FFF74BFF0D4B0C461A1A53425341EC
:107890008B4201D1002010BD094B1B683BB9094A3E
:1078A000064B002C08BF1346074A1360F2E714F09A
:1078B0008CFA0028F3D00220EDE700BF5CFB020049
:1078C0001427002084FB020010270020F8B504468E
:1078D00016F043FB002607460E4B1B6893B19E68CB
:1078E000AEB196F82420D20711D435460FCC0FC57F
:1078F0000FCC0FC523682B6096F8243043F00103AA
:1079000086F82430384616F023FB3046F8BD1B6855
:10791000E4E700BFD42F0020431E033306D8044BF6
:10792000984228BF1846642838BF6420704700BFBB
:1079300040420F0038B505460C4641B10B6833B1E3
:107940001B68013303D0CB680BB18B6843B902F0DD
:1079500047FC00209122412100F0C6F9212038BDCA
:10796000084602F0ADFC0023094A85F83C31C5E920
:107970003A4313605360636943B1064A4221106879
:10798000B322C31A5842584100F0AEF90020E6E78E
:10799000C82F00208C29002010B5044618B9054BCB
:1079A000054A136010BD00F01DFCD4F8F430002B24
:1079B000F6D1F4E73BBA0200D82F002008B5024602
:1079C0000868FFF7A9FF08604868FFF7A5FF48604F
:1079D0008868FFF7A1FF8860C868FFF79DFF0B6903
:1079E000C860581C03D00B48834228BF03460B6174
:1079F0004B69581C03D00748834228BF0346886957
:107A00004B61FFF789FFBDE808408861104601F02F
:107A1000D5B800BF40420F00D0F8EC302DE9F0415E
:107A200005460C4613B1838D8B424ED0D5F8E83015
:107A3000002B4DD09E68002E4AD0D868002847D031
:107A4000013800B200281DDB002107E0128A0CF18A
:107A50000101A24219D209B2884213DB0B1803EBD1
:107A6000D3735B1003EBC30206EB8202B2F80EE0A5
:107A70001FFA83FCA6450CF1FF3EE7D90FFA8EF002
:107A80008842EBDA2120BDE8F0814FF6FF72944581
:107A9000F8D09BB203EBC30306EB83062846B6F986
:107AA000122095F83011D5F8FC80F0F73BFE074620
:107AB000B8F1000F04D00023324628461946C047CB
:107AC000AC85C5F8EC6085F839710020BDE8F0811F
:107AD0000E20BDE8F08100BF2DE9F04782B00446DA
:107AE0000E46904601F03AF900286FD1504D2F68AC
:107AF000D4F8E8A0D4F8EC9017B1574579D0002716
:107B0000AE6001F08BFD0128064604D00121002261
:107B1000084613F05DFF2B68DAF80010D9F8002052
:107B200013B1186888426ED0204614F044FBB7B1F8
:107B3000B8F1000F13D1204601F070FB0546D4F8D0
:107B40009430002B3BD1012E05D025B1394B0021BB
:107B500003205B689847284602B0BDE8F087364BA3
:107B6000C5F800A01A78C5F804908DF807808ABB84
:107B7000D4F8FC50002D4DD0114620460DF10703DE
:107B8000A847204601F04AFB054617B1B8F1000F9F
:107B9000D5D0B5FA85F040F205423321400900F016
:107BA000A3F84146204601F057FC244B49461B6888
:107BB000054620469847D4F89430002BC3D00022C5
:107BC0004FF40073204600F01DFBBCE70023184D66
:107BD0006B608CE7D4F8EC30B4F9441023B1B3F9FE
:107BE00012309942A8BF19464246204601F08CFA4D
:107BF000C7E76F68002F83D04F4580D1AB68B34291
:107C000014D001277CE7696811B1096891428ED0D0
:107C1000596889E794F8281094F839314246994216
:107C200028BF1946204601F03DFAAAE7002592E751
:107C3000C82F0020E42F00204BF10200D82F002095
:107C4000F8B505460E4616F088F93146074628462F
:107C5000FFF7E2FE044620B1384616F079F92046D7
:107C6000F8BD01F0B3FC224631462846FFF734FF49
:107C70000446384616F06CF92046F8BD70B50D463E
:107C8000044614F019FA02F0F9FA094B1B784BB9C3
:107C9000D4F8FC6036B129462046B446BDE87040B1
:107CA0001A46604729462046BDE8704014F009BADC
:107CB0004BF10200024B1860024B1960FEE700BF57
:107CC00030290020DC2F002038B5044D044C054B32
:107CD000286021601A60FFF7EDFF38BD30290020D1
:107CE000DC2F00203429002010B550B90548064B80
:107CF0000160064802601868054B18601868FFF7B5
:107D0000E3FF10BDDC2F00201427002034290020C1
:107D100030290020054B1B680BB918467047834279
:107D200001D01B69F8E70120704700BF3C29002003
:107D300018B10A4B1A680AB9104670471A6882428D
:107D400007D1026901201A60054A1368013B1360DC
:107D5000704702F110031269EDE700BF3C290020D3
:107D6000382900202DE9F74F064616F0FFF8DFF816
:107D70002081012398F800B0DFF818910190BBF141
:107D8000000F06D089F8003003B0BDE8F04F16F0C0
:107D9000E8B83D4F88F8003089F800B013F075FF5F
:107DA00008B113F070FF3D6838495DB9DFF8E8A00D
:107DB000DAF800200024AA423B682ED84FF0FF31A9
:107DC000324838E06B7D8BB12B68B34202D09A1BEE
:107DD0008A420BD96A6813442B60AB68003A18BF1B
:107DE0000122003B18BF01236A75AB752D69DCE7E2
:107DF000907D20B1107D88429CBF014614461269D7
:107E0000002AF5D1002CD9D094E80B00A275411AB4
:107E1000E268204698470135CAE71A46FF21EFE796
:107E20005A7D3AB11A68B24228D0921B824225D8B4
:107E3000914226D21B69002BF2D15CB12046FFF79C
:107E400077FF38B13B683C602361DAF800300133DA
:107E5000CAF800303B685C7D1CB1186800F0DEF8A1
:107E6000044613F00EFF0646002C95D199F8003019
:107E7000002B91D1019888F8004085E71C4600212D
:107E8000D8E711461C46D5E73C290020FCFFFFBF80
:107E9000462C0020452C00203829002038B5054606
:107EA00010B3182200210AF069FD16F05FF80246AF
:107EB0002846FFF72FFF20B1104616F052F8022097
:107EC00038BD0A4B1C6854B909491D600B6810463F
:107ED00001332C610B6016F044F82046F0E7196876
:107EE0000C6901F11003EEE72120E9E73C290020AD
:107EF0003829002038B50446FFF70CFF16F036F895
:107F000005462046FFF706FF637D23B9284616F095
:107F100028F80E2038BD00236375064B1B68A3426A
:107F200003D113F0AEFEFFF71DFF284616F019F837
:107F30000020EFE73C2900202DE9F84FDDF82890DC
:107F4000984604460D469246FFF7E4FEDDF830B051
:107F500016F00CF8074613F094FE06462046FFF78D
:107F6000D9FE637D23B12046FFF7C4FF0023A3752C
:107F7000BAF1010F21D175B9B8F1000F1FD1B9F1D4
:107F8000000F03D05A4631462046C847384615F000
:107F9000E8FF002017E035440C4BAA1B9A420ED88C
:107FA000012363759DF82C30304684E82003237547
:107FB000C4F80CB0FFF7D6FEE8E7AE42ECD1384685
:107FC00015F0CFFF2120BDE8F88F00BFFCFFFFBFF9
:107FD0002DE9F04107468846FFF79CFE15F0C6FFE5
:107FE0003D68064613F04DFE7B7D7BB185420DD08A
:107FF000094B2C1A9C4209D8304615F0B2FFB8F153
:10800000010F08BF25462846BDE8F081304615F02F
:10801000A8FF0025F7E700BFFCFFFFBF0023024ACF
:10802000194600F0B1B900BF4DBC02000D232DE987
:10803000F74F06460F46144600254FF00609DFF8B5
:108040005C801370EBB209FB03F3D8F80010CA1878
:108050005079012806D923780D2B1DD0002003B0BC
:10806000BDE8F08F31F903B01379B2F902A08DF8B1
:108070000730002330461A460DF1070113F0D9FDF1
:1080800040B19DF807302370B7F900305B4501DB44
:108090005345E3DD0135D5E72120E0E7E02F00205F
:1080A000024B0022196814F09FB800BF482C03004F
:1080B000024B0122196814F097B800BF682900200C
:1080C00090F82530FF2B0FD0012904D9023901295E
:1080D00006D9212070470222044B196814F084B895
:1080E000034B03221968F9E702207047402C030074
:1080F0003C2C0300024B0422196814F075B800BF31
:10810000382C030038B5094B5A68094B9A420AD1FA
:1081100015F023FF054606F013F90446284615F02E
:1081200017FF204638BD0024FBE700BFE42F0020E6
:10813000FDBC0200024BD868C0F30360704700BF6B
:10814000000002B810B5054C237823B103F08CFB76
:108150000020207010BD0E20FCE700BF482C00203E
:1081600008B503F04FFB0122014B00201A7008BD37
:10817000482C0020F8B504460F46164615F0EDFED3
:108180000546A047044620B1284615F0E1FE2046EA
:10819000F8BD05F071FD04220549D1F8EC3E23EA53
:1081A00007033343C1F8EC3E024B1A64ECE700BF0F
:1081B000003000B0002002B800F01803182B0AD0DD
:1081C00003070AD410F0100F40F2011308BF002378
:1081D000034A936770470023FAE70123F8E700BFDB
:1081E000003F00B038B10368044A002B08BF1346B3
:1081F000034A13607047014BFAE700BF05BD020058
:10820000F02F002010B4D0E9524122400B4052EA36
:10821000030104D003495DF8044B096808475DF881
:10822000044B7047F02F00200F2938B505460C4647
:108230000ED801F0F3F901280CD1074A2846536EF5
:1082400023F00F032343536613F0C4FF002038BD0F
:108250002120FCE70220FAE7003F00B008B50E4BF2
:108260001A6C12F0A00F13D15B6C5B0712D40B4B8E
:10827000D3F8EC3E23F07F4323F0FF0353B1FFF725
:1082800059FF6FF4905343FA00F000F0010008BD6D
:108290000020FCE70120FAE7000002B8003000B03F
:1082A00070B50D46064620B91A4B1B68EBB10E207F
:1082B0001AE001F0B3F9012827D1174BD6F8F000E6
:1082C00093F9004013F0FBFE0022C4F12704241AA6
:1082D000641BC4F11C03002BB8BF5B42232B16DCCC
:1082E0003AB10D4B1D70002070BD0122C1F1270471
:1082F000EFE786F8265015F030FE054660B200F034
:108300002DFE284615F024FEEDE70220ECE72120A3
:10831000EAE700BF14270020472C002008B513F01F
:10832000F2FC8022024B5867024B1A6108BD00BF65
:10833000003F00B0000002B8014B1868704700BF52
:108340005429002037B515F008FE0123002200242F
:1083500000930023054619461046019405F05EFA85
:10836000022002F07DFB064B21461C60054B0220DB
:108370005B689847284615F0EBFD204603B030BDFA
:108380005C290020E42F00202DE9FF4102290C4642
:1083900015469846039005D1FFF7D4FF002004B09E
:1083A000BDE8F08115F0D9FD1E4E0746336853B184
:1083B000AB4208D00024384615F0CAFD002CEDD1A0
:1083C00021203460EBE7184B0022C3F800803560B1
:1083D000002301254FF0000810461946019500952D
:1083E00005F01CFA114B022083F8008002F038FBE4
:1083F00022464346022003A902F050FB0C4B039A8D
:1084000004461A600028D5D0DFF82880D8F800305C
:1084100098472128CFD12946D8F804300220984720
:10842000C9E700BF5C290020582900204A2C002001
:1084300054290020E42F0020034B5B6E5B055ABFDC
:10844000024B18780120704700C001B84A2C002068
:1084500090F82530023B022B05D84B7C2BB1012B29
:1084600005D0022B05D013F0C9BC03487047034860
:1084700070470348704700BF20A1070048E801008B
:1084800040420F000A78022A11D0101F4242424196
:1084900052004B781201022B0BD0191F4B424B415B
:1084A0005B000549054842EA8312FFF763BE0122DB
:1084B000EFE70123F5E700BFF0FFFF00659601003D
:1084C0000B78022B10D0181F434243415B004A78BF
:1084D000022A0BD0111F4A424A4152000F21044880
:1084E00043EA8202FFF746BE0123F0E70122F5E7E7
:1084F00091960100D0F8B03010B5994204460ED0E4
:10850000C0F8B01001F092FF0649A4F8340101232D
:10851000054AD1F8FC1004F5827004F09BF80020A5
:1085200010BD00BF004F00B0A43F00B02DE9F74FD1
:1085300004468B4615461E46FFF790FE28B3A38AD5
:108540001BB3204613F0F2FA78B91EB10E2003B027
:10855000BDE8F08F6B4BD3F8EC3E03F03002102AED
:10856000F4D003F0C003402BF0D0674F03F0B6FF08
:108570007B69DE07EAD515F0F0FC0646032002F021
:108580007BFB20B1304615F0E3FC0220DFE77A697F
:1085900012F0060AF6D1304615F0DAFC594B4FF4CA
:1085A00000612046D3F8EC9ED3F8CC8E05F0D4FCC5
:1085B00048B14FF400760121544F524608463E64BC
:1085C00013F006FA3E6459462046FFF739FB4D4B3F
:1085D000C3F8EC9EC3F8CC8E0028B8D194F82430B0
:1085E000980601D4002D4DD0C5F3400004F036FBB1
:1085F000022315F4807F1FBF454A002113644FF00A
:108600003A420BBF414A91611364536305F034FB56
:108610004FF4806315F0040F14BF3E4A3E4A3B4EB0
:108620005362042328463364FFF7C6FD204613F047
:108630000DFC38B14FF4807315F0010F16BF344AAA
:1086400033641364A90647D54FF6FF72E38F934254
:108650000FD0324A3249526E100CC2F3011201326D
:10866000B3FBF2F308802B4A2B492E481B044866C3
:108670005366003D18BF012594F8243065F3451377
:1086800084F82430204613F0A2FDF0B1204613F008
:10869000DDFBD0B14FF40031204605F05DFC431CFA
:1086A00003229BB201A9204813F017FE9DF8042075
:1086B0009DF8053002F00701052916D112070ED4E6
:1086C00043F48073194AC2F8D43040F2366003B0E4
:1086D000BDE8F04F01F0D2BD00F058FFC9E713F03C
:1086E000040F09D19DF80630EAE703F03002202A92
:1086F00005D113F0010FF4E74FF48073E2E79DF822
:108700000630DFE7003000B000C001B8002002B83A
:10871000001002B8005001B8006001B8004001B874
:10872000E83000200000FFFF0C0000BA003E00B05F
:108730002DE9F74F0B460746154619B9212003B01E
:10874000BDE8F08F002AF9D0032905D8002201F0F6
:1087500095FC03460028F1D01C889A78B4F5804F28
:1087600002F0070180F0E980A1F1070C187993F875
:1087700005A0DE88DCF1000343EB0C0305292B7315
:1087800094BF0023C2F30013C2F3801C6B739309E0
:1087900085F810C003F00203C2F3C00C43EA0C03D7
:1087A000C2F34012E8746B74AA74D7F89C30AE829E
:1087B000D80600F1AD800639012900F2A980002019
:1087C000B7F81280D7F81C9008F1FF385C4B0A3CD0
:1087D00004EA08045B6D19F804300134802B1CBFD7
:1087E000323BDBB204EA0804AB73E31D03EA08037F
:1087F0005A1CA86002EA080219F8036019F802205E
:1088000097F8253046EA0226FF2B36B24AD1631D7F
:1088100003EA080319F803B0013303EA080319F85F
:1088200003303846019313F0D3FA88B1019B4BEA29
:10883000032B42F210732BF0010B4FEA0B4B4FEA64
:108840001B4B03FB0BFB6423B0FBF3F3BBFBF3F00D
:10885000F204A86055D5D7F8F03013B11B68022B8D
:1088600005D841F27C324C210020FFF73DFAD7F8C1
:10887000F030C6F30B0093F82430C0000BB1B0FB0E
:10888000F3F0824542D838B1CAEB0A2ABAFBF0FAB3
:108890006FEA0A0A5FFA8AF0D7F8F83013B195F94F
:1088A0000E109847631CE87303EA080319F80340A5
:1088B000013303EA080319F80320013303EA08032C
:1088C00044EA022419F80320013303EA080319F8E3
:1088D000033044EA024444EA036416F4804306D0B9
:1088E000384600F097FAB0FA80F35B095B00214646
:1088F00038466A7C03F056FF062328600020AB71DF
:108900001DE719F804004000C0B2C5E70020C3E726
:108910000023EB730B4BDB691A0A1B0406D4D3B29A
:10892000323BDBB2AB7300232B60E7E762F0FF035F
:1089300052B28032F4D18023F4E70220FFE600BF78
:10894000004000B800C000B8F8B507460D46144610
:108950008BB113F02EFC29463846BE8A01F00EF882
:10896000B44228BF3446A4B222462946044801F046
:1089700055F92046F8BD13F0CEFA0646F0E700BFE1
:108980000C0000BA082310B1024A13647047024A6F
:10899000FBE700BF001002B8002002B8054A1268C9
:1089A0001AB190F82A1119B91047084602F0D0BC44
:1089B000014870474429002000FEFFFF354B2DE998
:1089C000F7431C6801F4007900F00103174653EAED
:1089D000090206460D4637D04FF000084BB300237E
:1089E000002201200021CDF80480CDF8008004F0A1
:1089F00015FF41462046FFF7D1FF01224146E085A1
:108A0000DFF8A480104612F0E3FFD4F89C1094F82D
:108A1000250002F007FDD8F8000000F0E5F94FF05E
:108A2000FF33C8F8003094F8243043F0040384F88E
:108A30002430B9F1000F07D00121204613F0FAFDD0
:108A400025F4007506430D432B4632462046FFF7BA
:108A5000D9FBFB070FD51049104A0868002113689D
:108A6000116001210E4A117003B198470D4B00218E
:108A700002205B68984717F00E0F08D04FF4EC7295
:108A80003B21002003B0BDE8F043FFF72DB903B050
:108A9000BDE8F08314270020582900205C2900201D
:108AA0004A2C0020E42F0020EC2F002008B558228B
:108AB0000021064809F062FF1022FF21044809F056
:108AC0005DFF05F053FA002008BD00BFF03E00B086
:108AD000343F00B073B52D4A2D49137809784FF013
:108AE000FF350B4313700D23742280F83031A0F84A
:108AF00020216D238222C0F80C31C0E94423642375
:108B0000C0E946336FF07B438362224B0026C36388
:108B100000F15003C3644FF6FF73044680F825301C
:108B200003F58003C0E90C3580F82660C0F8B0502A
:108B3000858503F003FF2046FFF7B8FF94F9261060
:108B40002046FFF7ADFB6023134A40F6FF71D36464
:108B50004FF03A4211631167104A2946D36440220C
:108B60000F4B20461A64D4F89C2013F022F90E23F0
:108B700000220193009340F202231046194604F0AC
:108B80004DFE01F023FC304602B070BD4C2C00209D
:108B90004BF102000700FFFF004000B8005000B892
:108BA000002002B8044BD3F8EC3E13F0806F14BFE2
:108BB00023200020704700BF003000B002462DE99E
:108BC000F843B0F8344100F58275FFF7EBFF0F680A
:108BD000D1F804807E1C08BFD2F80C718E6808BFE3
:108BE0000F60B8F1FF3F04BFD2F81881C1F80480CC
:108BF000731C48D1D2F81431D1F80CC08B60BCF191
:108C0000FF3F47D1D2F81061D1F810E0D1F814C07D
:108C1000BEF1FF3F08BFD2F804E1D1F8189008BFB9
:108C2000C1F810E0BCF1FF3F08BFD2F808C1CE6028
:108C300008BFC1F814C0B9F1FF3F08BFD2F81C91BA
:108C4000B9F1000F2DD1C0F164048C6117B16D2F03
:108C500038BF6D2716492846C2F80C71C2F810615A
:108C6000C2F81431C2F81881C2F81C41C2F804E1FC
:108C7000C2F808C107230F4AD1F8FC1003F0EAFC40
:108C80000020BDE8F88304F16D031B1AB34238BF1E
:108C90003346B1E704F17406361A664538BF6646B6
:108CA000B2E76D34241A4C4538BF4C46CDE700BFBF
:108CB000004F00B0A43F00B038B5054C054B4178DB
:108CC00000782568236002F0B7FC00B1256038BD4C
:108CD00060290020E0FB020038B515F03EF905469A
:108CE00000F09CFC012805D0284615F031F902243B
:108CF000204638BDFFF71EFA0028F1D1044BDC688E
:108D000014F08054ECD1284615F022F9F0E700BFAA
:108D1000000002B80A4B10B51B68044673B1094B3A
:108D200048B10121084A1A60022003F0EBFB002041
:108D3000064B1C7010BD01461860F5E70220F9E7EC
:108D40006029002064290020D8FB02004B2C002061
:108D5000014B1878704700BF4B2C00204FF40022C5
:108D6000034B186C03F500531A64C0F3C0407047FE
:108D7000000002B8024B586900F00100704700BFC4
:108D800000C001B8064B5A69D20702D508B901F0F4
:108D900043BE5B69DB0702D408B101F02FBE704708
:108DA00000C001B84FF0806310B1024A53617047B0
:108DB000014AFBE7001002B8002002B8202350B19E
:108DC000064AC2F8F433064B196C11F0010104D1C4
:108DD000032003F097BB034AF3E77047001002B883
:108DE00000C002B8002002B8431C07D06FF0FF0299
:108DF000034B10405A62A3F580535862704700BF7E
:108E000000E000B8024B586E00F00F00704700BF42
:108E1000003F00B0014B986E704700BF003F00B0AC
:108E2000014B002099667047003F00B003282DE9F0
:108E3000F74F0C46914678D83D4B1E5C3D4B13F8DE
:108E400000A03D4B13F800B015F087F8804604F001
:108E5000DFFE074640B1002300220193009301206A
:108E60000023002104F0DAFC04F0DAFE48B100230C
:108E7000002201930093002000234FF4004104F0EE
:108E8000CDFC002E49D02D4BDD6C05F0080506EB1E
:108E90000A002B4B23305844DD64C0B201F012FDB0
:108EA0005146304604F000FF5A465146304604F021
:108EB00067FF244BDD6477B1234B1B68D3F89C100C
:108EC00093F8250002F0AEFA20490868FFF78CFFFE
:108ED0004FF0FF330B60B9F1000F04D01C4B0021A1
:108EE00003205B689847D4B14FF48062194B1D6F23
:108EF00003F50053C5F380251A67404615F028F89E
:108F000000F08CFB01280CD11DB14FF48062124B94
:108F10001A67002003B0BDE8F08F3546B7E7254655
:108F2000EBE7002CECD10520F4E72120F2E700BFAD
:108F3000F8FB0200F4FB0200F0FB0200004000B866
:108F4000006000B8005000B814270020EC2F00206B
:108F5000E42F002000C001B800D001B8034A136A12
:108F600060F3D22313620020704700BF00C000B836
:108F7000094A536A13F400130BD1D2F80001C00759
:108F800007D4D2F8800000F47060003818BF0120C8
:108F9000704741EA53507047004001B8F8B5144695
:108FA0000D4601F00B0323EA0201384A2340D16445
:108FB000A2F58052D3646A07064610D50121FFF757
:108FC000D7FF60B104F058FE4FF4007314F0040FA3
:108FD00014BF2F4A2F4A536204222F4B1A64EB0608
:108FE00006D514F0100F14BF00221B222B4B5A651C
:108FF0002F061DD5200616D54FF40012244B1A62F9
:10900000012203F58053C3F8002114F0A6FF0E21BE
:109010000746032002F08AF940F201221F4B38462E
:10902000DA6214F095FF214696F8250002F0FAF96D
:10903000E90503D5E20523D502F0CEF9AB0503D54A
:10904000A70520D502F0D4F915F0600F04D0304602
:10905000D6F8F010FFF762F928050FD504F00CFEE2
:109060000F4A2105D2F8EC3E4CBF43F0006323F0D9
:109070000063C2F8EC3E0422074B1A640020F8BDDE
:1090800002F0A4F9DAE702F0ADF9DDE7006000B81C
:10909000005001B8006001B8002002B8004000B8DC
:1090A000003000B070B5054690F830010C460D2830
:1090B00022D0FF2901D1212070BD1AB14FF0FF321B
:1090C0000F4B1A6013F043F9064695F8300101F092
:1090D0009FF9844228BF0446E4B2B44238BF344604
:1090E000E0B285F8290001F09BFA064A03461078A1
:1090F00020B9FF2BE0D1DEE70220DDE70020DBE72F
:10910000F42F00204BF102000C4B73B51B78044682
:109110000E4615467BB9694612F0F2FC32469DF8C0
:1091200000102046EFF7FEFA2A4601462046FFF7D8
:10913000B9FF02B070BD0020FBE700BF4BF1020099
:10914000F8B50E4690F8301104460D29174603D1A4
:109150002D4B1B78002B4FD032462046EFF7E2FA1A
:10916000D4F8EC3084F82800002B41D0274A157839
:10917000D4F8FC204DB1002A40D1B4F94400B3F931
:109180001210884206DC002507E0BABB94F83921AA
:10919000824202D20125B3F91260002231462046F4
:1091A00084F82B70FFF7B0FF08BB75B1C4F8EC0072
:1091B000204612F068FC4FF6FF739842014615D026
:1091C0002046BDE8F840FEF73BBD114B1B7813F07D
:1091D000FD0F0BD1204601F029F90E4901230E4A5B
:1091E000D1F8FC1004F5827003F034FA0020F8BDC9
:1091F000FF2384F82930F9E70220F8E7B4F940109A
:10920000B3F912209142BDE74BF102004C2C002033
:10921000EA300020004F00B0A43F00B0D0F8A430E6
:10922000012B01D10020704770B505464B498EB027
:1092300013F0D4F8D5F8EC600146AC8DC5F8F00019
:1092400026B1336813B15B68002B60D114F085FE42
:1092500014F07EFE0123D5F8F0108DF80E30B3899E
:10926000B0687268E31A9BB200FB03223C48ADF879
:109270000C30036802928B4202D02846FFF74EF86A
:10928000384C394E00F0CAF90128FBD1236CDA07BB
:10929000F8D4336CDB01F5D4D5F8F01028460D91E5
:1092A0009DF80E20029908AB02F0A4FE60BB00F00E
:1092B000B5F90128FBD12C4A2A49136CDE01FCD4F4
:1092C0000B6CDC07F9D408A901A803F0AFF8D8B9F2
:1092D000AA8D264B5A6495F8243060F3410385F833
:1092E000243012F0BAFFD5F8EC40024663691968E1
:1092F000431EDBB2FD2B04910FD9C81C0DD90131DF
:1093000010D000200EB070BD02200EB070BD1A68E3
:10931000032A9BD99B6A5B0E9FE7284604A912F09B
:1093200085FFEEE7124B62689A420AD8D5F84C31B5
:109330009B050CD495F8243043F0020385F82430C3
:10934000DFE7284600F0B6FB0028DAD0EEE7284633
:109350004FF4803113F06EF9D3E700BFFC4F00B03B
:109360004829002000C002B8000002B8008001B8FF
:1093700000CA9A3BF8B590F83C61044666B314F015
:10938000ECFD1F23154F013E7B621E40144B05462A
:109390005E62D4F84021A3F580539A66D4F8442144
:1093A000DA66D3F80031DB0711D5204612F06AFDEA
:1093B0004FF0FF3318B1C0F120029340DB43C7F8F0
:1093C0000431D4F8A8201340054AC2F804312846D5
:1093D000BDE8F84014F0BCBDF8BD00BF006001B8A6
:1093E000005001B810B504234FF03A4101240A4A55
:1093F000D1F81801C2F81831C2F814314C634FF497
:1094000000511163410742BFC2F81431A2F58052E6
:10941000C2F8183110BD00BF002000BA70B54FF07F
:109420003A434FF480640A4DD3F818610020C5F820
:109430001841C5F8144104F07BFC4FF400532B672E
:10944000730542BF034BC5F81441C3F8184170BD02
:10945000002000BA001000BAF8B504460D46D0F856
:10946000F07019B990F82430590651D44FF6FF73B3
:10947000218E994204D0384B1B680BB12046984787
:10948000364E3368BB425FD0354B1B683BB11FB1D2
:109490003A68002A5AD0BF683946204698470727BD
:1094A000204600F0C3FF002D44D0062504F05EFDE9
:1094B0002C4B2D4993F9003094F926700A6AC3F1B8
:1094C0002703DB1B63F3D2222848D4F8F0300A626A
:1094D0003360856701F00CF900220120244B2549F7
:1094E000087083F88020204612F074FE224B1B6C1B
:1094F0005A0203D4D4F89C301B0607D54FF4001051
:1095000001221E491E4B0862C3F800210020F8BD4D
:109510004FF6FF72114E65F3861380F824303368DE
:1095200002869F4214D00E4B1B68002BAFD100F077
:109530007DFF072713493B46134AD1F8FC1004F579
:10954000827003F087F8B0E70127A9E71746A3E781
:1095500000F06CFF0127EDE750290020482900208A
:109560004C290020472C002000C000B8006000B843
:10957000003F00B0492C0020000002B8005001B8A4
:10958000006001B8004F00B0A43F00B038B514F03F
:10959000E4FC4FF6FF710A4A13888B4203D114F0A2
:1095A000D7FC0E2038BD074C074D1B046566A4F59B
:1095B00080546366118014F0CBFC0020F2E700BFFA
:1095C000E8300020006001B80000FFFF08B50F4B35
:1095D000D3F84C21531C17D012F0804214D10C4BFD
:1095E0001B78012B10D9082B0ED00A4B1B681BB11E
:1095F00011460320FFF71AFC4FF08062064BDA6435
:1096000001225A6102229A6208BD00BF0080E00F69
:109610000531002014270020001002B80F4BDB6832
:10962000C3F30363013B0B2B0FD8DFE803F00606FF
:109630000C06060606080A080808022070470420DF
:1096400070470520704703207047054B5B6913F096
:10965000060F14BF04200120704700BF000002B8AD
:1096600000C001B8094AD368C3F303630B2B08D0C9
:109670006FF49050184100F0010080F001004000AC
:109680007047106C10F48030EDD17047000002B8C4
:109690000C4AD368C3F30363062B07D8042BD8B254
:1096A0000BD8C31E5842584140007047072B06D1C3
:1096B000D2F844010028ECD1704702207047002006
:1096C000704700BF000002B8084BDA68C2F30362BB
:1096D000931E012B8CBF00230123037040F622034D
:1096E000D34003F001030B70704700BF000002B8C5
:1096F000F0B5CF072CD5002A0CBF5525AA250E465C
:109700001E24154F01F0030383F001033B449B78B3
:1097100006F0070C17F80CC0013C63444FEA5606EC
:10972000F6D10E4E73436FF481769B0C33448AB9A5
:1097300091FAA1F195FAA5F54A082D0F490042EAE0
:10974000C57201F00204C0E92A2380F82740F0BD69
:10975000AA25D4E7024AF6E7FCFB020036FC10001B
:10976000B756351213B5019147F6FE711A4BC3F87F
:109770003012D0F8AC4001EA4401184CC4F8301261
:109780000F2159660199C90723D512BB01216166D2
:109790004FF0FF31C3F80411D0F8A8400F49C1F8C9
:1097A00004414FF0F044C3F8104190F82730DB0635
:1097B0002340C1F8103152B10422C06C0DEB0201FC
:1097C00009F003F94FF03A430222C3F8F42002B043
:1097D00010BD0221DBE700BF006001B8005001B8F6
:1097E00013B590F825100446FFF71AFB012001F08D
:1097F00075F84FF4F0620B4BDA644FF40072A3F586
:109800008053DA6494F82530023B012B08D80421F8
:10981000054B01229B6E0DEB0100019300F0C4FA91
:1098200002B010BD006000B8004001B838B5184B58
:1098300005461C6844B1E36833B1206801F0BEFC02
:10984000A368186801F0BAFC124B134A1B68136036
:109850002BB1DA681AB19B68186801F0AFFC0F4BA6
:109860001B682BB1DA681AB19B68186801F0A6FC76
:109870000B4B1B682BB1DA681AB19B68186801F0B2
:109880009DFC21462846BDE83840002212F0ACBCC1
:10989000482C0300442C030068290020402C0300BE
:1098A0003C2C0300F8B5D0F8403104468B420D46FD
:1098B000164603D190F83C31202B0ED03246294673
:1098C0002046FFF715FF202384F83C310023C4F81D
:1098D0004051C4F84431FFF74DFD4FF00077074B7E
:1098E00032461F6429462046FFF73CFF8022044B86
:1098F0001A6103F500531F64F8BD00BF001002B8E1
:10990000000002B810B50724144BDC6309B34421EE
:10991000A3F5005359631249096891F825100629E7
:109920001CBF40F04000986301230E484FF4804173
:10993000C3630A4B12B9C3F8041101E0C0F8041163
:109940004FF48042C3F80821C3F80C21C3F810215A
:1099500010BD4FF48041034BEDE700BF006000B83D
:1099600014270020005000B8034BD3F8F80780F00C
:109970000070C0F340607047000002B810B590F866
:109980002500FF2814D02E4BD3F8B82012F0060F74
:1099900001D001280DD94FF470622A4BDA604FF4E0
:1099A0008072A3F58053DA600022254BC3F8B420FF
:1099B00010BD12F004043CD00B7813F0200300D04B
:1099C0008B78920718D50B7803F00F03072B32D151
:1099D0004B78022B2FD98B7813F03E0F2BD0CA78FF
:1099E00012F0040F27D012F0010F14BF0A23042332
:1099F000920748BF0633CB5CEBB1002C14BF0221A9
:109A00000121012840F6FF7003F01F0208BF520039
:109A1000013A40EA02320C4802654FF47060094A8C
:109A20000902D060A2F58052D160054AC2F8B43074
:109A3000BEE72346C5E70023034A01211365ECE78F
:109A4000003E00B0006000B8004000B80A68064B55
:109A500012F0802F1CBF42F20101C3F82812C3F894
:109A60008822C3F88C227047004001B8F0B50E463A
:109A70000E4B85B0074615460FCB8DE80F000C4BFB
:109A80006C46D3F848325A1C08BF002326B16A1E20
:109A9000D2B2FD2A88BF33602A4621463846009359
:109AA00012F0C4FB002005B0F0BD00BF0CFC0200AA
:109AB0000080E00FF0B5144B85B0D0F8E8600FCB14
:109AC0008DE80F00114B6946D3F84842FF20631C14
:109AD00008BF00240094FFF7B9FF00232420F16899
:109AE0000B4D994202D1002005B0F0BDB26800FBD9
:109AF00003225768AF4205D952691AB11768013776
:109B000008BF14600133ECE70CFC02000080E00F9A
:109B100000CA9A3B30B50823054685B078B9094A92
:109B2000C2F8FC3349B9084B0FCB8DE80F00074B47
:109B30002A4669461868FFF799FF05B030BD044A08
:109B4000EEE700BF001002B81CFC02001427002042
:109B5000002002B84FF03A43D3F81421D2031ED5A7
:109B60004FF480320E49C1F81421A1F58051C1F89B
:109B700018215A6DD1B2C2F30722C3F8A410C3F85A
:109B8000A4200422C3F8A4200022C3F8A420C3F810
:109B9000A420C3F8A420C3F8A420C3F8A4207047CD
:109BA000002000BAF0220D4BC16C9A64A022A3F5EC
:109BB00080539A64438E4FF03A42B3FA83F3012004
:109BC000C3F11903DBB2C2F8F400C2F8CC304FF491
:109BD0000053C2F8D010C2F8F0307047006000B8EF
:109BE000F8B50D464FF03A441746064614F0B5F95D
:109BF00001230421074A6363E76026616561C2F8B7
:109C00001411054AC2F8843114F0A2F90DB10223EF
:109C10006363F8BD002000BA00E100E02DE9F843DD
:109C200005460124036803F00703063304FA03F032
:109C3000AB68EC68461EA34278D06C6803EA06075E
:109C400007EB040CC41B13440643A24206EA0306B6
:109C5000634637D9101A3A189CB3631E062B40F29C
:109C6000978041EA0C039F0740F092804B1CACEBBD
:109C70000303022B40F28C800B4624F003084FEACA
:109C8000940901EB0807ACEB010E186843F80E00CD
:109C900004339F42F9D144450CEB0800A4EB0803C0
:109CA00054D097F800E0012B0CF829E04ED00C447A
:109CB000214697F801C0022B80F801C01CBFBB7879
:109CC00083706B684AB3501E062801F1010040D929
:109CD0001C1A022C3DD941EA0304A40739D122F011
:109CE0000307A1F1040C4FEA920ED8195CF8044F57
:109CF00043F8044B8342F9D1BA42A2EB070001EBCF
:109D000007040AD011F82E2001281A7005D06278B5
:109D100002285A7001D0A2789A7014F01EF902231A
:109D2000AE60AB62BDE8F84314F012B9042A1BD947
:109D30000B78043AAB614B780431AB6111F8023C0B
:109D4000AB6111F8013CAB61AB6876E70C4421468E
:109D5000B7E71144013B00E0013010F8012C8842C4
:109D600003F8012FF8D1D8E7013A032A0ED8DFE82B
:109D700002F00B08050211F8013BAB6111F8013B41
:109D8000AB6111F8013BAB610B78AB61BDE8F883C7
:109D90000C44ACEB010E01EB0E0311F8010B8C42ED
:109DA0001870F8D121468CE738B50B4615460146A8
:109DB0004FF03A4468B101221048C4F8F4201A4622
:109DC000FFF72CFF25B14FF03A430422C3F8F420EB
:109DD00038BD73B1D4F8D8209A4284BF0122C4F8A8
:109DE000F4204FF03A42C2F8D4300223C2F8F430E3
:109DF000E8E70123C4F8F430E4E700BFCC0000BA80
:109E000038B5044614F0A9F84FF03A420121238FE7
:109E1000054651674BB3B3FA83F3C3F11903DBB2C1
:109E2000A069C2F8B410C2F88C300723C2F89000C1
:109E3000C2F8B0304FF4A02302F50052C2F814313A
:109E4000A2F58052C2F8183100220C4B1A600C4B5C
:109E50001B6C5B0209D54FF480020A4B1A64D4F8DC
:109E60009C1094F8250001F0DDFA00236387072396
:109E70002846A387BDE8384014F06AB86C29002052
:109E8000000002B8002002B82DE9F84305460C4650
:109E9000C1B1D0F81880078F14F05FF8B5F83AC058
:109EA000791EDFF8049101EA0C0323F00702032C6A
:109EB0000646D9F800E042445CD1BEF1000F04D15F
:109EC00014F046F80E20BDE8F8832EF001042EF0C1
:109ED000010EA64553D10023C9F8003023889442CF
:109EE0006FEA43436FEA534323803ED1AB8F08EBC5
:109EF00007091846083880B202F108044C4528BF0B
:109F00004446082804D9B4F800E0BEF5804F40D29A
:109F100063440F431B1A3B409BB26B87A88794781E
:109F200011884FF03A42C1F30C019165C2F89830A4
:109F3000C2F8B0004FF48022174B04F00704C3F8B6
:109F400014210122154BC3F88421FFF703FE042CD2
:109F50000BD14FF48002124B1B6C124B1A64D5F8D4
:109F60009C1095F8250001F05DFA304613F0F0FFE3
:109F70000020A8E7601E012898BF1446A7E7A88F15
:109F80004344E31A48BFDB1908389842A6DC304640
:109F900096E72246AEE700BF002000BA00E100E0ED
:109FA000000002B8002002B86C290020154B10B543
:109FB00019688A8F4B8F088F13440138073B8C69CF
:109FC000034023F007031C4402F108034FF03A4218
:109FD0009BB28B87C2F8B0304FF480220A4BC3F893
:109FE00014210122094BC3F88421A07800F0070056
:109FF000042803D1064AD3681B03FCD4054B1C601C
:10A0000010BD00BF14270020002000BA00E100E0CE
:10A01000000002B86C29002010B5064C216839B147
:10A02000CB0703D4044B1868FFF72EFF00232360EF
:10A0300010BD00BF6C290020142700204FF480328F
:10A040000C4B0D49C3F818214FF03A43C1F81421C5
:10A05000D3F8AC10D3F88C20012302F007020632AB
:10A060009340C1F30C01083B994201D8FFF772BD40
:10A07000704700BF002000BA001000BA2DE9F0417F
:10A0800006460C46078F1546D0F8188013F065FF7A
:10A09000728F07F1FF3E02EA0E0323F00701032C43
:10A0A000B6F83CC0414419D14A4C24689CB962447A
:10A0B000073A02EA0E0222F0070208EB02044344C8
:10A0C000E31A48BFDB19634510DB13F041FF00249E
:10A0D0002046BDE8F08124F00104F0E7012C03D014
:10A0E000022CECD1ACF1080C0C46E8E7002D37D07F
:10A0F0008C4238D14FF03A42926D4FF03A4CDCF836
:10A10000AC70718AC7F30C079F423FDD2388B3F51B
:10A11000804FDAD2A77801F1FF3C07F00707C3F3BD
:10A120000C039B1A41EA0C0E052F2F7003EA0E0355
:10A1300024D81BB223EAE3776F80E7782F74F6699F
:10A1400002EA0C02B718AF609FB212FA83F38B4297
:10A1500091BF00238B1AAB80EE609CBFAF80EB6099
:10A1600013F0F6FEB4E7A4F10802904584BFFF089F
:10A1700002EBC7021288C2F30C02BEE7164F7F6DD6
:10A18000002F14BF0A270027DB1BD2E7DCF854306E
:10A1900001F1FF3CA3EB020E41EA0C030EEA030EB1
:10A1A000DFF838800FFA8EF3002BD8F80C700FDC34
:10A1B00007F07067B7F1407F14BF00270127FF0049
:10A1C0002F70D8F84870A5F802E03F0A2F74B6E760
:10A1D0000827F5E76C290020004000B8000002B80D
:10A1E0001022024B1A70FFF7F1B900BF05310020B1
:10A1F000054A1378102B04D018B123EA0103137019
:10A200007047FFF7EDBF00BF0531002008B5134BC5
:10A210001349D3F84C215B6823F0404323F44003F7
:10A220001B0C1B048B4216D10E4B13400E4A93425B
:10A230000CD10E4A0E4B904208BF13461B1A5842CF
:10A2400058410121FFF7D4FF002008BD094A93427D
:10A2500001D1094AEEE7064BF0E700BF0080E00FAE
:10A2600000001602007FF01F00026000E17DF95F30
:10A27000690345EC000460009839F49608B550B1C4
:10A28000064B1A88824206D2002018800421FFF76C
:10A29000AFFF002008BD0120F8E700BFDC2A002046
:10A2A00010B5044612F05DF900B1A08A034B0421F9
:10A2B00018800120FFF79CFF002010BDDC2A002041
:10A2C00010B5104CD4F84C315B0004D401F00EFEF4
:10A2D0000221FFF78DFFD4F84C31591C0FD05A00E2
:10A2E0000DD4094B1878012809D9A0F10803584268
:10A2F0005841A822BDE810403121FDF7F5BC0120EE
:10A30000F7E700BF0080E00F05310020024A137814
:10A3100043F008031370704705310020014B58804B
:10A3200000207047EA30002038B5124D04462978E5
:10A3300019B92022104808F021FB002123780F4A88
:10A34000022B13700E4A0F4BC2F8CC104FF0FF01D6
:10A350000D4A4FF0000011704FF007010B4AC2F890
:10A36000FC130CBF04220122C3F8FC2301232B7031
:10A3700038BD00BF4D2C0020E03F00B0EA30002087
:10A38000004001B8001002B808310020002002B8D7
:10A3900008B50622024908F018FB002008BD00BFDE
:10A3A000EA30002010B5044600F00EFE064BD3F84C
:10A3B000F83724B983F40033C3F3404010BDA31E23
:10A3C00058425841FAE700BF000002B84FF63F720A
:10A3D0000A4BD3F8FC37934206D0094AC3F3011362
:10A3E0001370E022074B1A7041F66A02064B1B6895
:10A3F000B3FBF2F3054A1360704700BF000002B8D8
:10A40000093100200A3100208C2900207029002009
:10A4100020B1022804D1034B18787047024BFBE7A8
:10A4200000207047093100200A3100202DE9F74F44
:10A43000D0F8B0204C23022A38BF0222064690F8FA
:10A4400030B16A48013A016AD0F8CC706848C1F36B
:10A450008211CB40016803F0010591422B4665490A
:10A46000DFF8B0A1DFF8B091DFF8B08116D10C7839
:10A47000AC4213D19AF800405C450FD1D6F8B440F5
:10A4800064B1BC420AD196F8297099F80040A742FD
:10A4900004D1B8F8040003B0BDE8F08F02600B707F
:10A4A000002D00F08C8004234FF07F40002552499E
:10A4B000C1F8B830514BC3F8B80096F829301B06E4
:10A4C000C1F8B8304FF080514B4B2C04C3F8B41096
:10A4D00040F271214A4B1B68B3FBF1F3192153433E
:10A4E000B3FBF1F1182B8CBFB1FA81F22022002CC2
:10A4F00079D0B4FA84F3D21A002A72DDC2F10F03C4
:10A50000012B38BF0123D440A14201D2013B640892
:10A510006A1C03F01F0152008A403A4F121B920836
:10A52000C7F8B0201A0242EA03121343019305EB65
:10A53000052305EB0325344B40F6C20218682B2196
:10A54000003818BF0120FDF7CFFBFA222E4B02FB8B
:10A5500004F01B6840F6FF72B0FBF3F00A23584387
:10A560002A4B00F57A74C3F8C420019AA3F58053EE
:10A57000C3F8C420A3F58053C3F8CC50D3F8CC3033
:10A5800000F58C50C7F8FC30C6F8B450204D14309C
:10A590002C6001F0E9FF4FF47A72C7F8A400C7F805
:10A5A000F8002B68B4FBF2F0B3FBF2F3A8F8043028
:10A5B00096F829308AF800B089F800306BE798F8EF
:10A5C00000100846FFF724FF002914BF102520259E
:10A5D00096F82930834294BFED182D1805F0FF0539
:10A5E00070E70F2390E70F2392E700BF004001B808
:10A5F000F42F00204E2C0020001002B8002002B8DA
:10A600008C290020003F00B070290020006001B8B4
:10A61000742900200731002006310020EA30002094
:10A6200010B5114B01461B78104C0D2B02D1FF20A9
:10A63000207010BD184611F08AFE02461846FFF73A
:10A64000E7FE884228BF0846C0B2904238BF104695
:10A650002378C0B28342ECD0054B20701868FFF716
:10A66000E5FE2078E5E700BFEA3000200831002051
:10A670001427002010B50446FDF7D2F878B1154B29
:10A680001B786BB964B1144B1B784BB1134B1B781F
:10A69000013B012B04D84FF40042114BDA6410BD8A
:10A6A000104BDB6C1B04FAD413F057FC044603F088
:10A6B000E3FA4FF400420C4B2046BDE81040DA6448
:10A6C00002220A4BC3F87C240422054B1A6413F0BF
:10A6D0003FBC00BF4F2C0020502C002078290020C8
:10A6E000002002B8000002B8001002B800D00350E9
:10A6F0004FF48022014B9A64704700BF005000B8AD
:10A7000037B5044600F060FC01213A20E9F78AFAE7
:10A71000364D374B00201C702B78002B0CBF0024CB
:10A7200004F00104FFF7A6FF2B78013B012B08D8AA
:10A73000EB7B01A88DF804302B7C8DF8053005F0FB
:10A740005EFB00222B4BC3F87C24002C46D06A68A9
:10A75000002A39D0284B1B6803EB5203B3FBF2F3FA
:10A76000013B1B0243F0F8032A78022A2ED0032A69
:10A7700030D0012A35D1072243F002034FF6FF7093
:10A780001E49C1F88400A1F58051C1F88430194BED
:10A79000C3F87C2493070BD5EB7B01A88DF804301C
:10A7A0002B7C8DF8053005F018FB0120FFF762FFC8
:10A7B0004FF08043BCB1124AD36400204FF4802292
:10A7C000104B9A6403B030BDF823CDE7062243F066
:10A7D0000103D3E7042243F00503CFE72246F82321
:10A7E000CCE70022CAE7084AE6E700BF7829002044
:10A7F000502C002000C003508C290020006000B8BD
:10A80000001002B8005000B8002002B8F0B52A4F7E
:10A8100006463D4604460FCE85B00FC533682B6013
:10A8200000F0D2FB01213A20E9F7FCF90022234B8A
:10A83000C3F87C24A17A627A42EA0142C3F88824F0
:10A84000217CE27B42EA0142C3F88424217B627BC3
:10A8500041EA0240C3F880043B78032B29D8DFE8A3
:10A8600003F022020C178DF8041004218DF8052046
:10A870000DEB0100002205F09CFAE37B00228DF82D
:10A880000830237C042102A88DF8093005F091FAE4
:10A89000637A01228DF80C30A37A042103A88DF885
:10A8A0000D3005F086FA064B1878FFF729FF0020D7
:10A8B00000E0212005B0F0BD7829002000C0035041
:10A8C000502C0020034BDB6C002BBCBF024BC3F8A9
:10A8D00088007047000002B8004000B84FF00063E5
:10A8E00038B1064AD364064B4FF40032C3F88420D3
:10A8F0007047044AD364044BF6E700BF001002B867
:10A90000005000B8002002B8006000B82DE9F04700
:10A9100000F0B4FB4FF47A752F4BB0FBF5F51860DF
:10A920004FF4FA736B4307462C48190E1B02181894
:10A930002B4A4FF0000341F10001EFF78DFD294B49
:10A94000A0F5807182460246196330B94FF0010AC2
:10A950004A222B21FDF7C8F952464FF47A735A4325
:10A96000290200235008EFF777FD1E4B1E4AB7F56A
:10A970007A7F9A601D4B4FEA0A6619601C4BA94604
:10A980008846044618604FEA1A2A06D201259D22FD
:10A990002B210020FDF7A8F9A9464FF47A73A6FBF6
:10A9A000030103FB0A116D0840194FF0000341F148
:10A9B00000014A46EFF750FD0E4B023419600E4B72
:10A9C00048F10008A408186044EA8874054B013C6B
:10A9D0009C63BDE8F08700BF8C29002020A1070000
:10A9E00040420F0000C001B8021101009C29002064
:10A9F0009829002094290020902900201022044B3F
:10AA0000C3F884215A600122024BDA60704700BF0C
:10AA100000E100E000C001B81022064BC3F8842119
:10AA2000C3F88420BFF34F8FBFF36F8F0422024B14
:10AA3000DA60704700E100E000C001B810B50446DC
:10AA4000A242A2EB0000A3EB010104D2034B0139A7
:10AA50009B6B0133184401F0030110BD00C001B825
:10AA600038B501250A4B02019D504FF4807304460E
:10AA7000084A8340536613F070FA074AA5401378DA
:10AA800023EA05031370BDE8384013F061BA00BF34
:10AA900000E101B800E001B85A2C00202DE9F84F80
:10AAA000164604468A461F4613F057FA022E00F057
:10AAB0009380804613F05AFA604B614AD3F8209095
:10AAC00092F88D505A6EEDB2520744BFD3F82090E1
:10AAD000013505F0030513F044FA4846294600F015
:10AAE0003DF98446DAF80000012E04BF01306044CD
:10AAF000ACEB000C08BFCAF80000BCF1804F7ED35D
:10AB000000F040F98145A1EB050188BF4B4BDFF810
:10AB100054E188BF01F1FF3101F0030188BF9B6B55
:10AB2000A0EB090C0EF80410A1B1F90742BF41F6E1
:10AB30001F72444B5A67BA0742BF424B424A5A6798
:10AB40007B0742BF00223D4B9A673D0742BF002270
:10AB50003A4B9A6511254FF0010A384B04F1100267
:10AB6000120103EB041BCBF80C0138499D501A6A03
:10AB70000AFA04F5586E0B78A2EB0902EDB22B43EA
:10AB800062450B704FEA041925D34FF48073A3403C
:10AB9000034220D11EF80420002A4BD10EB32C4AC8
:10ABA000F807536607D541F61F7140F20110254B97
:10ABB000596750675967B90706D5224B224A24497D
:10ABC00024485A6748675A677A0742BF0122224BD6
:10ABD0001A613B0719D4404613F0BAF90120BDE8C9
:10ABE000F88F1E4A42F809A042F89C3C13F0B5F9D0
:10ABF00016490B7823EA05030B7013F0A9F94046B8
:10AC000013F0A6F90020BDE8F88F2120FFF75AFEC7
:10AC10004FF48031094A124BD1601A78002ADAD0F9
:10AC200000222D201A70FFF74DFE1022084B4046DF
:10AC30005A66D1E7064A40465366CDE700C001B8E0
:10AC4000003E00B000E001B800001F1F5A2C002099
:10AC500000D001B800000101000002B800E101B815
:10AC6000512C0020522C0020024B1878003818BFBD
:10AC7000012070475A2C0020034B10300001185857
:10AC800000F00100704700BF00C001B870B5064673
:10AC9000FEF770F8044608B1FFF7BEFE00230A4D28
:10ACA0003046AB61EB612B6200F06CF8074BC9B228
:10ACB00083F88D1028622CB1FFF7A0FE4FF0806260
:10ACC000034B1A64002070BD00C001B8003E00B004
:10ACD000002002B810B504462120FFF7F3FD1CB197
:10ACE0004FF48032064BDA60064B1A783AB10022F4
:10ACF0002D201A70FFF7E6FD1022034B5A6610BD97
:10AD000000C001B8512C002000D001B838B513F0B4
:10AD10002DF9084B084A1D6A92F88D405A6EE4B22C
:10AD2000520744BF1D6A013413F01BF9284604F092
:10AD3000030138BD00C001B8003E00B00346064A1A
:10AD4000103302EB00111B01D1F80C01D158C1F3F3
:10AD5000400111F01ABB00BF00C001B8074B084A00
:10AD60001B6810B54343146803EB817300224FF056
:10AD70000041E4FB0012981810BD00BF9429002088
:10AD8000902900200C4A20F04043014610B50020D5
:10AD900014684FF00042E4FB0320084A890F126850
:10ADA00002FB0300064B9B6B984204D9013301312F
:10ADB000C01A01F0030110BD982900209C29002031
:10ADC00000C001B8044B01F0F071103041F00301F4
:10ADD00000011950704700BF00C001B808B522201B
:10ADE000FFF770FD4FF48022014BDA6008BD00BF11
:10ADF00000C001B870B51646054610B9212420469A
:10AE000070BD0029FAD0002AF8D042680F4B0068C4
:10AE100003321B68920800F130409847044600282E
:10AE2000EDD1EA68A86803323146920800F130405B
:10AE300011F0CBFA04460028E0D1286921466A695E
:10AE400000F1304007F09AFDD9E700BFFC2F002049
:10AE500070B50C68651C15D0C4F302669E42C4F33D
:10AE6000074530D1A4B294422DD804EB8506B242F6
:10AE700029D2141BA50824F003040E59340F04D062
:10AE8000012C08D00022212402E06B1C51F8232061
:10AE9000C0E9002470BD0E4C34F8133042EA03437D
:10AEA0001A686B1C51F8234001EB83014B68224068
:10AEB0005E4036F0704404D11B0F032B04BF8B6837
:10AEC0001A430024E4E7013501EB8501C1E700BF27
:10AED00034FC020007B501A8E9F7C6FE9DF805306D
:10AEE000022B02BF40220B4BC3F8FC23C8220A4BA3
:10AEF0005A650A4B0A4AD3F86032DBB2FF2B08BF0F
:10AF000003239B0043F47F53C2F8F83303B05DF88A
:10AF100004FB00BF001002B8008001B80080E00F01
:10AF2000000002B80022012108B51F4B1A645A64C0
:10AF30009A641E4A51610221916242F20101DA686B
:10AF4000C2F3036221FA02F2D207F8D5112218499E
:10AF50009A631848184AFFF74DFF01F075FC174A2D
:10AF600093685BB9164A93689BB94FF080620F4BA8
:10AF70005A61012203F580535A6108BD1149D26814
:10AF8000096803F13043032AECD943F8041B043A5F
:10AF9000F9E70C49D268096803F13043032AE4D980
:10AFA00043F8041B043AF9E7000002B8001002B8A5
:10AFB000B0FC020094FC0200ACFC02007CFC02002D
:10AFC00064FC020000300020012341F6FF710D4AAD
:10AFD000C2F8803291660C4A53600C4A53600C4AA6
:10AFE0005360A2F580425360A2F54042536002F5DF
:10AFF000C032536002F580425360A2F500425360B4
:10B00000704700BF0090005000D000B8001000BA98
:10B01000005001B810B50324FFF7D6FF114A124BB8
:10B02000DA64FFF757FF114BC3F8E04000F0CEF9A8
:10B0300001F054FA4FF460720D4B5A614FF40072F4
:10B04000DA6411F00AF90021FEF764FD8022094B51
:10B050001C64A3F580535C64074BC3F884215A60D9
:10B0600010BD00BF0048F000000002B8005001B859
:10B07000001002B800A002B800E100E008B511F02D
:10B08000E5FD044B1B6FC3F300430133B0FBF3F04A
:10B0900008BD00BF008000502DE9F04F064687B084
:10B0A00002900F4657F8044B631C06D1029B346094
:10B0B000F01A801007B0BDE8F08F3E4BC4F3016A70
:10B0C0005FEA147B33F81A1008BFC4F30742A4B236
:10B0D00044EA014404F06F4118BF0122B1F1804FEE
:10B0E00002D0B1F1204F0ED124F070444FEAC209D2
:10B0F000314B09F10401314499424BD901339E424D
:10B1000048D80020D6E704F06041B1F1204F08BFD5
:10B1100024F08054EAE7059B2BBB072015F0420F73
:10B1200020FA0AF000F001002CD115F0280F21D1EF
:10B1300000222244BBF1010F48F8082C4FF0FF32E7
:10B1400018BF0022019B043453F8041B08F10808BF
:10B150004A4048F80C2C0193039B9C42DBD1049994
:10B160004E4439449DE740F6F30232210020FCF7BB
:10B17000BBFDDDE740F6F7023221FCF7B5FD4FF4E9
:10B180008052D6E740F6FC023221FCF7ADFD4FF4C9
:10B190000052CEE701259300049305FA0BF504EB6A
:10B1A0008203039305F0940306F1080801970593C1
:10B1B000D2E700BF2CFC0200DF4F00B0F8B5064616
:10B1C000E0B10024144B25461F46144953F8042BC4
:10B1D000AAB91348314600EB8500FFF75DFF30B98F
:10B1E00040F6A8223621BDE8F840FCF77DBD0D4BA6
:10B1F0000135281847F8246023F81400F8BDB2423E
:10B20000FCD001340C2C02D031F81450DEE740F6AB
:10B21000C22236210020E6E7A0290020DC2A0020F7
:10B22000404000B0DE2A002070B5A8B1002971D0DE
:10B23000002213463849394C51F8045B85420CD141
:10B24000374A116CC907FCD49B0003F58043403397
:10B250001360344B01221A6470BD01320C2A59D09C
:10B2600034F81230E8E7C2F3016334F8131012F433
:10B270007E0F93B243EA014321D00430C2F3074268
:10B28000022A016808D946688568033AC3E90016AE
:10B290009D600C300C33F3E70CD142680830C3E9F1
:10B2A00000120268531CDED100221D4B1A6003F508
:10B2B0008053CFE7012AF4D104301960F1E7120F6F
:10B2C00000F108054068072A09D8DFE802F0070402
:10B2D0000A0E1114191EC04303F5005318602846C6
:10B2E000DFE71A6842401A60F9E703F58053F5E793
:10B2F00011F040F8F3E7012203F580538240F2E7B2
:10B30000012203F500538240EDE71A6830EA020299
:10B31000FBD1E4E7044CC4E7A0290020DC2A00208C
:10B3200000C002B800D002B834FC0200064BDB6853
:10B33000C3F30363984206D1044A536E23F0F0032B
:10B3400043EA011151667047000002B8003F00B0A7
:10B350002DE9F347054611F006F800278046194EFF
:10B36000DFF864A012F0F9FD0DF1070181460DF13F
:10B370000600FEF7A9F99DF806300BB3DAF80C3099
:10B3800013F4603F1CD0DAF8180011F066F8044698
:10B390006B1C03D010F0E7FFA0EB0807484612F043
:10B3A000D7FD14F5007F07D19DF8063013B99DF83D
:10B3B00007300BB1AF42D5D3204602B0BDE8F087CD
:10B3C0003446E5E700FEFFFF00C000B80122014B54
:10B3D000DA647047001002B80122014BDA6470474A
:10B3E000002002B84022014BDA647047002002B806
:10B3F0004022014BDA647047001002B80122024B70
:10B4000098611A61704700BF000001B8044BD3F87F
:10B41000AC3010B1C3F30332027003F00F00704779
:10B42000000002B8094B01F080011B6C03F480039B
:10B430000B430AD14FF40012054BFF281A621EBFBE
:10B440000122A3F58053C3F800217047000002B821
:10B45000006001B810B512F080FD084B04461B686F
:10B460003BB1984728B1002200204FF4806101F0E1
:10B4700045FA2046BDE8104012F06ABDD0290020F0
:10B480004FF604014FF60502044B01201B6C9BB2E2
:10B490008B4208BF1346024A136670470080E00FD4
:10B4A00000C001B8074BD3F8483203F00303012B67
:10B4B00003D0022B03D00020704712F05DBD11F0C5
:10B4C00009BC00BF008000502DE9F74F81460E46B1
:10B4D0004FF0FF34FFF71AFC002501908A46A04682
:10B4E0002846DFF8D0B005F110031B015BF80370AC
:10B4F00007F00307012F15D12846FFF71FFC02466E
:10B500000B4601985146FFF799FADBF8643005F1D4
:10B510000802D340DB0736D5002E3DD00024A046DC
:10B52000356038460135082DDDD148B3002211467B
:10B53000204DAF68AB6B0133E8FB034107F44033A8
:10B54000B3F5003F30D16B6B07F44057013342F144
:10B550000006B7F5805F22D12D6B15F5807505FBD0
:10B5600006F642F1000203FB0266A5FB03323244F9
:10B57000594304FB0212A3FB04342244C9E90032FC
:10B5800003B0BDE8F08FA04271EB0803C9D206B149
:10B59000356004468846C4E73446B046C1E7320207
:10B5A00042EA13621B02E3E72B6B13F5807342F14F
:10B5B0000002DDE700C001B8F8B5062010F0F6FE85
:10B5C000044610F0D0FE42F21073041B9C42054664
:10B5D00018D94FF080624F240B4B1A6441F26F77F9
:10B5E0000A4E0BE010F0BFFE401BB8424FF48372CE
:10B5F00021468CBF00200120FCF776FB336C5B01F9
:10B60000F0D5F8BD1A24E9E7002002B8000002B81E
:10B6100008B510F039FF0122054B93F88930023349
:10B620005B00DBB202FA03F3024A536108BD00BFBC
:10B63000003E00B0002000B8FF2870B500F0A080E8
:10B64000FF2900F099800B2800F29480012900F274
:10B6500091804E4B83F8880083F889104C4B5B68CF
:10B6600013F4007327D14FF038425360494A506EAB
:10B6700044026BD5484B5B6803F00303022B65D093
:10B680000223C2F848320122444B9A604FF03843FB
:10B690005A60DA60996A0807FCD11969C907F8D5B8
:10B6A00040F2FF323E4B9A615A614FF40072384BC0
:10B6B000C3F884215A60354C01213B20E8F7B2FAE7
:10B6C00094F8893094F88820364943F440230632B0
:10B6D00043F4106341F82230334B1D68FFF7E2FE5C
:10B6E0006E08ED070246002328463146EEF7B4FE09
:10B6F000090241EA1061C0F3C05040EA41002B4BFF
:10B70000A067186B10F5807005D14FF4D7722B210C
:10B71000FCF7EAFA02200246002300200121EEF79E
:10B720009BFEE067FFF7BEFE40F649435843000D1D
:10B73000FF2828BFFF20022838BF0220002184F8FC
:10B740008C00012000F0DEFE002070BD10F400101F
:10B7500006D0174B586800F00300023818BF0120CC
:10B7600040F237121B21FCF7BFFA0122094BC3F844
:10B77000482288E72120E8E70B28FBD8012168E769
:10B78000FF294FF007007FF461AFF7E7003E00B0FC
:10B7900000E100E00080005000000250001000B8FE
:10B7A000002000B8008003508C29002000C001B8A0
:10B7B000004002502DE9F34105460F466846114608
:10B7C000FFF782FE0646B0B1AFB1DDE900321B0AD9
:10B7D00043EA0263A5FB0384094B120A05FB0244FA
:10B7E0001A6812B9FFF74AFC024600234046214678
:10B7F000EEF732FE3860304602B0BDE8F08100BF9F
:10B800008C29002070B5FFF7D7FE0021022000F040
:10B8100079FE10F0A8FD04460F4D104ED5F8F43314
:10B820001B070BD512F099FBBDE8704002220C4BB0
:10B83000DA6001220B4B1A7012F08ABB10F093FDF4
:10B84000001BB04240F216224FF045018CBF002091
:10B850000120FCF749FAE1E7000002B83F420F007F
:10B8600000C001B85B2C0020254838B50378002BB8
:10B8700044D00121234C244D94F889309A1C530064
:10B8800001FA03F3AB6102FA01F34FF40072DBB289
:10B8900099401E4B6961C3F88421002303701C4B3F
:10B8A00040F2C522186C3921C0F38060FCF71CFA05
:10B8B0004FF48041174B184AC3F894100C2194F8A8
:10B8C00089304B4303F138435B6BD4F880109942C5
:10B8D00002BFD2F86C31C4F88430D2F86431D4F8A5
:10B8E000840008BFA4F88E30B4F88E1000F0E0F8A1
:10B8F000BDE838400121022000F004BE38BD00BF81
:10B900005B2C0020003E00B0002000B800E100E009
:10B91000000002B800E001B800C001B810B504464C
:10B92000FFF7C0FD6043044B00F5F42000F5907074
:10B93000B0FBF3F010BD00BF40420F002DE9F74F00
:10B94000FFF7ECFF0446FFF737FE12F006FB00217D
:10B950004F4D064668462970FFF7B6FD4FF0384355
:10B960001F6A03F50033DB68804613F0706F1BD14C
:10B97000484B5B6913F0060A16D1D8B1464B611DDE
:10B980001868A1FB00B9FFF78DFD534602464946F2
:10B990005846EEF761FD009B090241EA1061000282
:10B9A0009842019B994105D3304603B0BDE8F04F62
:10B9B00012F0CEBA0021022000F0A4FD10F0D3FC5A
:10B9C0008146DFF8E0B0DFF8E0A0DBF8F4331B07D6
:10B9D00049D5B8F1000F55D0DDE90089FFF762FDC8
:10B9E0004FEA182141EA09614FEA1923A0FB0198A7
:10B9F00000FB0388284B1A6812B9FFF73FFB024689
:10BA0000002341464846EEF727FD4FF00C088646D6
:10BA10000121224B013493F889203F1B931C08FB22
:10BA200002F25800DFF884C0C0B2774402F1384215
:10BA300001FA00F0CCF814008B405763184F01FA5C
:10BA400003F3BB614FF038473F6A526BA4EB0E041F
:10BA5000BA1AA24216D2CCF81830CCF81400022040
:10BA600000F050FDA0E710F07EFCA0EB090050456F
:10BA70004FF41B724FF045018CBF00200120FCF7F2
:10BA800033F9A2E70222034BDA6001232B708BE724
:10BA90005B2C002000C001B88C290020003E00B0C3
:10BAA000001000B8000002B83F420F00002000B8AC
:10BAB0002DE9F04F4FF00C0B0027BC4A87B092F8ED
:10BAC000894088460BFB04F303F138431F6392F867
:10BAD0008820B74B0646C3F8B4204FF40032B54B6C
:10BAE000C2461A610222A3F58053DA604FF0384350
:10BAF00005461A6AB04B013493F8241304F001048C
:10BB0000C9B2059193F8291302F1FF39C9B2049122
:10BB100083F8247383F82973A31C0BFB04F45900E6
:10BB20000191029104F13844A2EB0902002A40F38A
:10BB300013810137022F7AD9EC220D210020FCF766
:10BB4000D3F84FF080529D4B9B495A66059A9C4C06
:10BB500002F0F00281F82423049A02F0F00281F846
:10BB60002923924A4FF40031C4F86C51C2E9209560
:10BB70000025C4F864A1A2F88EA019618C4BC3F80B
:10BB8000B4500C2392F889205A4302F138421563CD
:10BB900012F0E3F92B464FF4807E276AD4F864C094
:10BBA00003F110021201A25802F00302012A10D17F
:10BBB0000EFA03F212EA0C0F0BD104EB0311BE4292
:10BBC000D1F80C1100F20D818E4202D28F4280F02A
:10BBD0000B810133082BE3D17A4C2268012A08D863
:10BBE00079490B78142B02BF0023784E3370013350
:10BBF0000B70BDB16D49012AB1F88A3043EA0503E3
:10BC0000A1F88A306B4B5D660CD870490B78013314
:10BC1000DBB2022B0B7005D10023013222606A4A8D
:10BC20000B70137007B0BDE8F04F12F091B900250A
:10BC3000DFF878A19AF889300BFB03F303F138435E
:10BC40001D6312F08AF94FF080515C4B03905966E6
:10BC50004FF03843186A9AF8893000F101090093CF
:10BC60000BFB03F303F13843C3F83490514B02301C
:10BC70001967012302992563606303FA01F05449AF
:10BC80004F4A486101998B4052498B61106B936810
:10BC9000DB0340F1A380DAF88030DAF87CE0A9EB2E
:10BCA000030CDAF8783000F58070ACFB032CA2FBB3
:10BCB0000E13ECFB0E351946A0FB033E00FB05EE10
:10BCC000D31A6CEB0E0E1A0A42EA0E624244B2EB31
:10BCD000102F4FEA102A05D34B1C194645F10005D9
:10BCE000A2EB0A02AAF1040A924528BF9246344800
:10BCF0002E4AC0F818A092F88D207318016AD2B2AB
:10BD000045F100058E42816B84BF02F1FF32D2B251
:10BD1000481C0CD04FF0000C481C99427CEB050EDF
:10BD200007D201321B1AD2B265F10005F5E72A44A9
:10BD3000D2B21D461D49224B02F0030281F88D202C
:10BD40001D620222009B03980BFB03F303F13843AF
:10BD50001A63226312F0FCF84FF038431A6A00921B
:10BD600012F0FBF81C490B6923F004030B61BFF3CD
:10BD70004F8FBFF36F8F30BF0123019A1449934057
:10BD80008B614FF080510D4B196700231021236305
:10BD9000094BC3F8841112F0DBF8094B009A5B6E73
:10BDA00013F0805F3FF4C0AECBE600BF003E00B0B2
:10BDB0000080035000D001B800E100E000E001B8CD
:10BDC00000C001B8402900205D2C00205C2C002020
:10BDD000002000B8001000B800ED00E0C246354673
:10BDE000AFE78E42BFF4F2AE2A4395B2F1E600BF50
:10BDF0004FF00052014B1A60704700BF00E100E0B5
:10BE00004FF00052034BC3F88020BFF34F8FBFF3B6
:10BE10006F8F704700E100E037B50446FFF7D4F8B4
:10BE200001213A20E7F7FEFEE17822791B4841EA3A
:10BE30000243C0F8DC34E579A37943EA0543C0F84E
:10BE4000E03423784BB18DF8041004218DF80520DF
:10BE50000DEB0100002203F0ACFF63785BB104211D
:10BE6000A37900228DF80430E3790DEB01008DF801
:10BE7000053003F09EFF227801235AB1084AC2F828
:10BE8000D834627802233AB1054A0020C2F8D83487
:10BE900003B030BD034AF2E7024AF6E700C00350A0
:10BEA00000D0035000E003500C4A10B5D2F84C31DA
:10BEB00054680B4A0B49944201EA030106D103F48A
:10BEC000FE43B3F5807F08BF41F4A061064810F03F
:10BED000E4FA2146BDE8104010F0DFBA0080E00F20
:10BEE00014001501E0FFF01FCF13468B2DE9F84F2A
:10BEF000044610B90020BDE8F88F00F11703B3F530
:10BF0000002FF7D21E4A002390461E4F3D789D42D7
:10BF100018D800264FF0240AFFF7C6FF216810F05A
:10BF2000E2FA616810F0DFFAD4F80C90B14511D153
:10BF300023698342DED1062D08D048F8254001351B
:10BF40003D7003E052F8041BA14201D10120D2E769
:10BF50000133DCE70AFB06F3A26812EB030B0CD0FB
:10BF60000BF12301B1F5002F07D2D15810F0BBFA25
:10BF700004220BEB020110F0ABFA0136D6E700BF4A
:10BF8000D42900205E2C0020F8B50B46002213F8BF
:10BF9000044B944225D91D68854224D106245A7940
:10BFA0001D79124B88181E6804FB0503104F33F8E7
:10BFB000063C7B43B3420ED900238A5A7A43964209
:10BFC00002D804FB0300F8BD9D42FAD9013304FBFB
:10BFD00003F2825AF2E740F251423D210020FBF782
:10BFE00083FE0020EFE708330132D2E7EC2900207E
:10BFF00040420F0000202DE9F84FA2FB0179C74E07
:10C00000DFF854C3BE19984669F10003B44570EBDC
:10C01000030307D240F243220E21FBF765FE022004
:10C02000BDE8F88FD8F814A00C461546BAF1000FF9
:10C0300004D0DAF80030032B00F21B81B84BB94A68
:10C040009E6BA3F58043D3F8EC30C6F31406590079
:10C05000B54B48BF46F400161B6ED2F8FCA05A0739
:10C060004EBF4FF440039B0503F0E0731E43AF4BFC
:10C07000D3F8E4309B0748BF46F0807646EA456631
:10C0800010F01EFE012D8346C9D10028C7D0A84B51
:10C09000984200F0FD8003F5122303F5F8639842FF
:10C0A00000F03981A34B984200F0938102460023AF
:10C0B00000204FF00071EEF7CFF90130A7FB0072BE
:10C0C00000FB0922C6F31303A3FB0B3B20329209AA
:10C0D000C8F80020DB0C984A43EA4B33F5021460A1
:10C0E00058BF5B42954A964D1C4413602C60BAF1D0
:10C0F000000F00F00C81F001924A83EAE370A0EB9C
:10C10000E370C6F38153D75C4FEAE07E47F34011FA
:10C1100000FB01F14FEA876707FB0E11A0FB070741
:10C1200048BF64084FEA540C10EB0C0041EB0701C8
:10C1300022460023EEF790F9DAF800700E2F08D9A6
:10C14000794B774A926BD969D3F80C31C90600F163
:10C150002081B302C0F31300C8F804004CBFC42010
:10C1600040F207107849DAF81820A1FB0461490968
:10C1700000FB01F14FF4FA73B1FBF2F101FB03F3A1
:10C18000FA33A4FB0006A3FB02328342B24138BF5C
:10C190000131C9B241F4006CC8F808C0002900F0B0
:10C1A000B880DAF81C60A1FB062024B1B4FA84F34D
:10C1B0000E2B40F3D680E303002840F0CF80B3FB82
:10C1C000F2F0420002FB0112A2FB06934FEA044E7A
:10C1D000CE454FEA144474EB030309D349000A44E3
:10C1E000A6FB0293CE4574EB030300F10100F6D2E7
:10C1F000C0F30E034CEA033C4CF00063062FC8F872
:10C20000083047D9DAF83030002B43D00023C8F883
:10C210000C30C8F8103010F053FDDAF83010FFF78A
:10C22000B3FE044618B18378002B40F0DA8010F09A
:10C2300007FDDAF83010FFF7A7FE0446002866D0A5
:10C240008378002B63D0407940F27D52003818BFCC
:10C2500001203D21FBF748FD207940F27E52003855
:10C260004FF03D0118BF0120FBF73EFD23796279B5
:10C2700048E0042BDAF828607FF402AFF0014CBFED
:10C280004FF4400306F0E07326F0E0761E43F7E635
:10C290002E4813E710F014FD2C68002C00F09B8052
:10C2A000B4FA84F3D3F1020358BFDC40284B9C421C
:10C2B00088BF6408002875D0B4FBF0F2642500FB49
:10C2C000124105FB01F1531E88424FEA530300F26D
:10C2D000A3805208013A1B0243EA0215C8F80C5029
:10C2E00010F0B4FC014600286BD0B4FBF0F26420DF
:10C2F00001FB124300FB03F3994268D8531E520816
:10C300005B08013A1B0243EA0213C8F81030002010
:10C3100086E6212084E60F48D0E600BF006CCA887C
:10C32000008001B8004F00B0004001B8000002B822
:10C3300000F04902005A6202F4290020F02900208E
:10C34000EC2900203CFC0200D34D62100A3BB2DF16
:10C350003FBE4025313641DC807C814A0A460020C0
:10C3600032E7C3F10F0E03F1110900FA09F922FABD
:10C370000EF242EA0902AEF1200920FA09F942EA76
:10C38000090220FA0EFE013204FA03F34EF1000016
:10C3900012E702F4801203F400131A4308BFC0F539
:10C3A0008010D6E6631EA51E5B086D08013B2D02BA
:10C3B00045EA031540F2CF422B210020FBF794FC05
:10C3C0008CE740F2F2422B21FBF78EFC2246013A29
:10C3D00094E7154872E66FF01F0500287FF47EAFE2
:10C3E000E8E7407940F26252003818BF01203D2151
:10C3F000FBF77AFC207940F2635200384FF03D01A0
:10C4000018BF0120FBF770FC237962791B0243EA15
:10C410000213C8F80C300AE7023A013B52081D012A
:10C4200045EA02255AE700BFD694BFD610B50446A8
:10C4300086B059B9214B4168D3F8FC30827A204844
:10C44000059300686B46FFF7D5FD69461D4B0A68EA
:10C450005A631A4BD3F8FC3033B34B6843B11A4BD1
:10C460001A4AC3F80C214A68A3F58053C3F80C217B
:10C470008B6843B1144B164AC3F8EC208A68A3F5C5
:10C480008053C3F8EC20134AC868D2F8743123F4FF
:10C49000EE630343C2F87431D2F86C31096923F4B6
:10C4A000EE630B43C2F86C31002022890A4B9A627A
:10C4B00003F5A033186406B010BD00BF004F00B0F4
:10C4C00014270020008001B8006001B8FFFF0F00B2
:10C4D000FFF8FF0F000002B8004000B8064B9A6E4C
:10C4E000920607D55B6E002B4FF48043B4BF034A1E
:10C4F000034AD3640020704700800050002002B837
:10C50000001002B8064B1A6C9207FCD4022240EAD3
:10C5100001205860034B1A640122034B1A707047C4
:10C5200000C002B800D002B85F2C002010B590B156
:10C530000468012C0FD902696AB11168094B102CEB
:10C54000196051685960916888BFD268996094BF3A
:10C55000D960DA6010BD10220021024806F00EFA00
:10C56000F8E700BFFC290020084BC1171A68A2FB9E
:10C57000000302FB013310F1807043F10003400E11
:10C5800040EAC310803820EAE07070470C2A00208F
:10C590000722194B70B5DA63184B194A1E68194BFC
:10C5A000F408E005C0184FEA163141F100010023FC
:10C5B000EDF752FF144B154D18601548FFF7D4FFE7
:10C5C0004042C5F8DC0049F65800FFF7CDFFC5F83A
:10C5D000A8001048FEF7D6FB024660B1E301500800
:10C5E00018184FEA16714FF0000341F10001EDF702
:10C5F00033FFC5F8B40070BD000002B88C290020DC
:10C6000065CD1D00B2E60E000C2A0020003F00B0F0
:10C610007011010040420F0010B5044698B10B4B59
:10C62000D3F8FC00FFF782FF4FF47A7303FB04F0AA
:10C63000074BA0F57A60DA689B681044C01ABDE821
:10C640001040FFF791BF49F64040F8E7004F00B0B7
:10C65000FC2900202DE9F0410546084614461E46F7
:10C66000FFF764FF002D00F0818072076BD5286909
:10C6700000287DD04FF47A735843454BA0F57A607B
:10C680009B68C01AFFF770FFA062A88B002872D0C9
:10C690004FF47A7358433E4BA0F57A609B68C01AFA
:10C6A000FFF762FFE0613B4BE9681F68002965D036
:10C6B0004FF47A735943364BA1F57A619A685B68F7
:10C6C000891AC91A344BC8171A68DFF8D480A2FB3C
:10C6D000011302FB003311F1807143F10003490E95
:10C6E00041EAC31180392D4B2162D3F8C430636213
:10C6F000D8F8003053B138460FF069FD30B122460A
:10C70000D8F800302249D7F8E40098470021A869FA
:10C71000FFF782FF6063A86898B34FF47A735843B9
:10C72000A0F5FA50FFF720FF6061286840B14FF490
:10C730007A72174B1B6803F51C53103302FB003051
:10C74000FFF712FFA061B30710D5284600F06CF880
:10C7500020636B69C3B10E4AD0684FF47A7202FB52
:10C760000300A0F5FA50FFF7FFFEE062BDE8F0819C
:10C7700049F6404086E749F6404091E749F6404196
:10C78000A0E747F23050CDE747F23050EBE700BF6B
:10C79000FC290020142700200C2A0020003F00B0B4
:10C7A000F829002070B5064608461C460FF005FE25
:10C7B0000546D6F8F00000F011F84368054A002B52
:10C7C000A8BF4FF4FA721A44034B601992FBF3F2BC
:10C7D000104470BD0CFEFFFF18FCFFFF40B1036862
:10C7E000012B05D90069034B002808BF1846704784
:10C7F0000048704744FC020028B1094881420CBF40
:10C800002F20BC207047074A536E506AC3F30111B2
:10C810001B0C01FB033300F01F000130184470476C
:10C8200048E80100004001B8406840B14FF47A7216
:10C83000044B1B6803F51C53103302FB0030FFF759
:10C8400093BE00BFFC29002070B588B06D46124C25
:10C850000FCC0FC594E80F0085E80F00D822002107
:10C860000E4806F08BF8B02200210D4806F086F83D
:10C87000202200210B4806F081F80FF0CBFE0A4B76
:10C880001B783BB16D46044E0FCD0FC695E80F00E7
:10C8900084E80F0008B070BDE03F00B0783E00B003
:10C8A000503F00B0E04F00B04D2C0020064BD3F8B5
:10C8B000EC0E064B5B6C1A0103D4054B9B6E1B04FC
:10C8C00001D500F580707047003000B0000002B85C
:10C8D000004000B810B511F040FB0E2104460320C3
:10C8E000FEF724FD40F20122034B2046BDE8104034
:10C8F000DA6211F02DBB00BF004000B8012370B513
:10C90000074C2370074B1E68074B3240D3E9005396
:10C9100019402840FCF752F80023237070BD00BF77
:10C92000672C0020142A0020A80D0020024B187943
:10C93000C0F3C000704700BFA80D002010B504462A
:10C94000FEF768FB00F0FCFE2046FDF72BF9FEF732
:10C95000E9FAFDF7DBFFFEF751F8FFF719FE15497D
:10C960000723154AD1F8FC1004F58270FFF772FE18
:10C970004FF080710020FEF725FA4FF000720F4B48
:10C980004FF400110120C3F80021FEF71BFAFEF757
:10C9900077FD20B940F221121421FBF7A5F90FF021
:10C9A00037FE0120FDF7ACFEBDE8104000200FF07F
:10C9B00058BE00BF004F00B0A43F00B000D001B887
:10C9C0008023074A1364082340B11364054AD2F850
:10C9D000C43E23F02003C2F8C43E7047024AF4E785
:10C9E000001002B8003000B0002002B810B511F0FD
:10C9F000B4FA012104460020FFF7E2FF044B19615D
:10CA0000044B5B6898472046BDE8104011F0A0BA7F
:10CA1000000002B8E42F0020F0B583B014460646AB
:10CA2000FFF75CFDFCF7A6F900285CD0584B5D6968
:10CA300015F0060557D111F090FA23790095022BD5
:10CA4000054654D1237B022B32D00320FEF714F984
:10CA500020B9504BDB685B0440F19280A37B277BBD
:10CA6000003B18BF0123A2684B49012F01920B70B4
:10CA70007BD000F057FE0420FDF7F2FF0420444E67
:10CA80000223716F3A4621F0F85121F4F81141F078
:10CA9000506141F4803171670DEB0001FDF7FEFF3D
:10CAA0000446B0B1012030223C493D4B0870DA64A5
:10CAB0003C4E336898472128044604D101210020C8
:10CAC000736898470024284611F042FA204603B0C4
:10CAD000F0BD0320FDF7C4FF2846334A334B72678D
:10CAE0001C7011F035FA0E24204603B0F0BD03206F
:10CAF000FEF7C2F8002843D12179D6F80C3101297C
:10CB000022682FD0D01A0027214B274A00905A675D
:10CB10009F67637B264823F04007002FC3F38013F1
:10CB200003700CBF012300232249234A0B70D2F863
:10CB3000C43E214A0CBF43F0200323F02003C2F877
:10CB4000C43E0320FDF78CFF114B1C4A03205A679B
:10CB5000694601232279FDF7A1FF98B10122134B09
:10CB60001A706FE79342CED8CCE72379022B80D09E
:10CB7000009BD6F80C1100270B441344019378E76F
:10CB80002846AEE7284611F0E3F92124ACE700BFC0
:10CB900000C001B8000002B8662C0020692C0020FB
:10CBA000001002B8E42F002000000101632C0020D7
:10CBB000642C0020652C0020003000B0010C010026
:10CBC000F7B50D460024074611F0C7F91E4B06467F
:10CBD00020461C70FFF7F4FE1C4B1D4A5A679C67E9
:10CBE0006879431E58425841FBF7CCFE40F601429B
:10CBF000164B9A672A792968012AD7F8143101D18E
:10CC0000994200D3CC1A042303200DEB03010194B5
:10CC1000FDF744FF48B988220E4B30461A6411F0E4
:10CC200097F92124204603B0F0BD0B4D2B6898479F
:10CC30002128044604D1012100206B689847002474
:10CC4000304611F085F9EDE7632C002000C001B8F3
:10CC500000000101002002B8E42F002038B5164C76
:10CC6000054620784FF42072B0FA80F03E2140094A
:10CC7000FBF73AF855B14FF44062104BD3F804314A
:10CC8000C3F3812323700E4BC3F8042160784FF463
:10CC90002072B0FA80F03E214009FBF725F855B12B
:10CCA0004FF44062054BD3F80831C3F3812363701E
:10CCB000034BC3F8082138BD602C0020004000B8A9
:10CCC000006000B8A82238B51B4B1D6C03F500535B
:10CCD0001A6410229A60A3F5804302F100521A6789
:10CCE0005A6600F0A3FF154B1B7813B90320FDF71C
:10CCF000B7FE0024124B9C6700F0BEFF114A124B96
:10CD0000D2F8EC1E0B40C2F8EC3E04220F4B1A6422
:10CD10000F4BAA06C3F8CC4008D503F580735B6FB0
:10CD2000B3F5817F22BF8022034B1A61FCF72EFCF2
:10CD30000022084B1A7038BD000002B8632C002096
:10CD400000C001B8003000B0DF0000FF002002B8D2
:10CD5000003E00B0622C00200D4A10B5D2F8A03081
:10CD6000D2F8A4100B40B3F1804F0CD34FF04040E9
:10CD70000849094CC1F8A400D467C1F8A0004FF4D9
:10CD80008021064AD161034AC2F8A03010BD00BF1D
:10CD900000400050006000500000FF01001002B889
:10CDA0009E4B2DE9F04F9F6EDB6E87B01F409C4B72
:10CDB0009F664FF03A43D3F81461D3F818311E4000
:10CDC000984BC3F81461984BD3F80822D3F80C326F
:10CDD00002EA0309954BC3F8089203F52043DA6988
:10CDE0001B6A02EA0308924B08F47702DA61914B5E
:10CDF000D3F80422D50605D4D3F8045115F0100554
:10CE000000F0E58011F0A9F88B4B5A695D6E02F0D5
:10CE1000060ABAF1000218BF01221B6F01921D40E1
:10CE2000864A25F0007323F400636C07536606D529
:10CE3000834A92F88D300133DBB282F88D3011F0E5
:10CE400087F8002F00F0E68017F4004300F0D1804F
:10CE500011F083F80146FFF729FD0446794BD3F81A
:10CE600000B0DBF80020DBF800309A42FBD0DBF8A2
:10CE700000209A42FBD0FFF719FDA04240F0A980A4
:10CE8000084611F065F8704B1C60704BD3F840B049
:10CE90001BF4E05A40F09F8024F07F4424F0DF042C
:10CEA0000CB9FFF70FFF4FF0807B0024B80713D5B4
:10CEB000664A5F48126C02F460410164002900F088
:10CEC000A080110400F1A080920440F1A0804FF0F6
:10CED000006200244BEA020BC7F340377F005C4A34
:10CEE0003240002A4BD016F4206F0AD040F2C952CB
:10CEF00006210020FAF7F8FE002000F019FF26F4C2
:10CF00008026F30506D5FF21494A4BF4C06B91609A
:10CF1000FFF7E0FC16F0090F0BD040F2DE520821BB
:10CF20000020FAF7E1FE00F0F7FE4FF03A4201214F
:10CF3000516316F0106F0CD040F2E7520921002027
:10CF4000FAF7D2FE00F0E8FE002211461046FCF788
:10CF50002BFF16F4202F0AD040F2EF5207210020B9
:10CF6000FAF7C2FE002000F0E3FE26F48026F0036C
:10CF700001D5FDF763F8002EB8BF47F00807710729
:10CF80000ED54FF03A42126B12F4005F4FF400528C
:10CF900017BF24492F490A634BF4000B08BF0A63EB
:10CFA000720548BF4BF0040B16F48023029300F087
:10CFB000BB80FCF7FBFF013806284DD8DFE810F0F6
:10CFC00077017A0177017D01800183018301019559
:10CFD00037E7044645E7FFF775FE154B1BF4805213
:10CFE000C3F840A007D11BF4806407D04FF0806BDA
:10CFF0005BE79B4659E74FF0804B56E74FF0805B6D
:10D0000054E74FF0007264E74FF0004261E74FF0E1
:10D0100000525EE7BB463C4661E700BF004000B8F7
:10D02000006000B8002000BA004001B8006001B8FC
:10D03000002002B800E100E000C001B800E001B843
:10D04000003E00B0ECFB0200102A0020000002B8F5
:10D05000090B0B89001000BA4FF4C46203210020B1
:10D06000FAF742FE4FF03A400121D0F88C20D0F878
:10D07000AC3002F00702063201FA02F2C3F30C0CE4
:10D08000A2EB0C0292B2072A12D9994A126C5302EF
:10D090000ED4984BC26CC06E5B6D5BB102F00702A0
:10D0A00006329140C0F30C00091A89B2092901D84F
:10D0B0004BF4007B904A1278002A35D04FF03A4268
:10D0C000D2F8142112F4A02F2ED18C4ADFF864A2DA
:10D0D000127882B9EA040ED49AF800205AB188482E
:10D0E000CBF3C002D0F8EC0E82F00102520020FA1D
:10D0F00002F2930718D10420FDF7B2FC814A82485E
:10D10000506700F00FFB9AF800204AB97F4A127866
:10D1100032B17F4A7F4912680BEA02020A4201D10A
:10D120004BF4804B25F48055B9F1000F2BD019F446
:10D13000805F18BF4BF4802B19F4807F18BF4BF42D
:10D14000002B19F4005F18BF4BF0100B19F4007F8F
:10D1500018BF4BF0200B19F4806F08D04FF480619A
:10D160006D4A4BF0400BC2F80C12C2F8081219F4C9
:10D17000006F08D04FF40061674A4BF0800BC2F893
:10D180000C12C2F80812B8F1000F39D018F4802F31
:10D1900018BF44F4007418F4803F18BF4BF4805B50
:10D1A00018F4801F18BF4BF4003B18F4001F18BF81
:10D1B0004BF0020B18F4003F18BF4BF4801B18F41F
:10D1C000800F18BF44F0100418F4002F18D04C4AF8
:10D1D000D2F8C42E12F0C00F12D0454AD16801F027
:10D1E0003061B1F1407F05D1516CC80602D4926C18
:10D1F00011076BD54FF40021484A28F40028D1616B
:10D20000002D00F04E812A051FD54548DFF8F4A017
:10D2100090F80390434AB9F1000F00F08D804FF46D
:10D22000006309F1FF3953665FFA89F2C2703AB9B7
:10D230003D4A1278002A4CD040F601413B4A5167E2
:10D2400000210A464BEA010B1443AB0009D52E20FE
:10D25000FDF738FB4FF00051324A44F008041167E3
:10D260005166E80608D52B20FDF72CFB10212D4A2E
:10D2700044F400141167516615F0306F40F0A4803B
:10D28000E90440F1FB80019B002B40F0DD80244944
:10D290000A79002A00F04081013AD2B20A7112B92B
:10D2A000224A2349516700224BEA020BE6E04BF485
:10D2B000803BD7E64BF4006BD4E64BF4806BD1E6B1
:10D2C0004BF4807BCEE64BF0080BCBE64BF4001B17
:10D2D00096E7DAF8782012F4A05F15BF4FF4807259
:10D2E00040F60142CAF85820CAF87820A8E700BFE3
:10D2F000000002B8004000B8692C0020682C002013
:10D30000003000B000C001B800000101642C002012
:10D31000A80D0020088D0100006001B8002002B8AF
:10D32000522C002000E001B8632C002000D001B88E
:10D330000000010D652C00200320FDF791FB4FF448
:10D340000060994A5066DAF8140010F0060026D002
:10D350004846FDF7BFFCDAF86400DAF87010924A2C
:10D36000014011F0100F1FD010212D2011675166C0
:10D37000FDF7A8FA4FF400198C488D49B0F88A20BF
:10D3800012F4006F1CD022F40062A0F88A200A7800
:10D3900002F0FF015AB14FF400414A4652E741F60C
:10D3A0001F735367CAF878004FF00009E4E7039150
:10D3B000FDF714FDFFF786FC039949F0200241E7D1
:10D3C0000A784FF40051E8E72A0117D52920FDF724
:10D3D00079FA784A7849D26802F48049C2F38032F7
:10D3E0000A70FFF7A3FA38B1744A6F4974484A6665
:10D3F0000267B9F1000F1AD144F00404AB0123D540
:10D400000420FDF72DFB2720FDF75CFAFFF75AFCFF
:10D410004FF00071644A51666A4AD2F8EC1E490620
:10D4200074D4694A0221916044F0020423E00A673F
:10D4300020204A66FDF746FA44F400142D2044F0FB
:10D440000C04FDF73FFAD9E715F0807FDFF87C91F7
:10D4500047D00420FDF704FB2820FDF733FAD9F864
:10D460007820002A39D1FFF72DFC4F4A534944F068
:10D470000104116751660021544A91652A0405D5BB
:10D48000534A126890474BEA000B0C436B0508D5D2
:10D4900050498A78002A00F08180013A8A7000227F
:10D4A00017433A4658462146FFF728FA029B0BB12C
:10D4B000FCF7B2FD0122484B06F00436C3F81461B4
:10D4C000464B18F4002FC3F884211EBF4FF40022EE
:10D4D0003D4BDA6107B0BDE8F08F0022C9F8782033
:10D4E000C3E7E804C7D50420FDF7BAFA3C4AC9F8F7
:10D4F0007420FDF773FCD9F8642012F0407FBAD194
:10D500002A20FDF7DFF9FFF7DDFB85E7D2F8C42E0F
:10D51000930689D4334A85E70420FDF7A1FA032056
:10D52000FDF79EFA294A2E49516710F016FD8146F3
:10D530000DF11700FDF76AFF2B4A824612780AB1F7
:10D54000FFF7C8F9BAF1030F0ED1DFF868A0002089
:10D55000FDF75CFF032807D1DAF82820D007F6D4BE
:10D56000DAF84420D103F2D49DF81720032A06D11B
:10D5700001211E4A4846117010F0EAFC93E64FF074
:10D580003A42D2F8142112F4A02FF1D100F0CAF8D7
:10D59000484610F0DDFC4FF4804285E60220FDF79E
:10D5A0005FFA01227CE700BF00E001B8003E00B056
:10D5B000632C0020000002B8622C00201000002024
:10D5C00000D001B8003000B0002002B800C001B89F
:10D5D000F82F0020522C0020002000BA00E100E0CB
:10D5E00000000101001002B8662C0020682C002009
:10D5F0000122024B1A62DA61704700BF002002B8B4
:10D60000094A08B5D369116A0B40084923F47F0021
:10D61000DB07C86106D5D1684FF0FF30C1F3036165
:10D620000FF001F808BD00BF000002B8002002B8EA
:10D630000C4A08B5536C926C13400B4A5364DB07D9
:10D640000FD50A4B40F67A021878122100F001003B
:10D65000FAF74AFBBDE80840002201200021FFF74D
:10D660004DB908BD00C000B800E000B8A80D00200A
:10D6700038B50B4C0B4DD4F88430DB0706D4A36FC0
:10D68000D4F884201340084A936738BDD5F8043194
:10D690001A06F0D500F0C0FE8023C5F88431EAE711
:10D6A000008001B800E100E000A001B808B510F06A
:10D6B00054FC0E4B1A78A2B90D4A126812F4843F3A
:10D6C0000FD10C4A1021D1641B7863B9084B1B6839
:10D6D000DB0508D4074B2022DA64BDE8084010F0CF
:10D6E00037BC054AEEE7044BF5E700BF692C002084
:10D6F000A80D0020002002B8001002B810B510F0EC
:10D700002CFC0E2104460320FDF710FE40F20122FE
:10D71000034B2046BDE81040DA6210F019BC00BF90
:10D72000004000B80022044B1A70044B197811B164
:10D730001A70FFF7BBBF7047682C0020692C0020CF
:10D7400038B510F00AFC4FF00043244C0546C4F8ED
:10D750008030BFF34F8FBFF36F8F0123C4F8843045
:10D76000BFF34F8FBFF36F8F0223C4F88430BFF332
:10D770004F8FBFF36F8F0423C4F88430BFF34F8FF4
:10D78000BFF36F8F0823C4F88430BFF34F8FBFF30C
:10D790006F8FFEF735FB1023C4F88430BFF34F8F33
:10D7A000BFF36F8F2023C4F88430BFF34F8FBFF3D4
:10D7B0006F8F4023C4F88430BFF34F8FBFF36F8F58
:10D7C0004FF48063C4F88430BFF34F8FBFF36F8F83
:10D7D0002846BDE8384010F0BBBB00BF00E100E0C8
:10D7E00038B510F0BAFB05464FF000430A4C2360F1
:10D7F000012363600423636008236360FEF7F8FA83
:10D800001023636020236360402363602846BDE8E3
:10D81000384010F09DBB00BF00E100E02DE9F0476B
:10D82000DDF820A003EA0108099B06460D4602EA3E
:10D83000000703EA0A09BAF1000F40F06C81031FE8
:10D840000B4300F02C81052871F1000380F0028168
:10D8500050EA010300F0D781431E0B4300F04281E0
:10D86000FFF76EFFC04AD2E9004323EA050324EA2A
:10D8700006043C4343EA0807BC4BC2E900471E6864
:10D8800026EA0A0646EA09061E60FFF70FFF14F0B3
:10D890002A4F0CBF4FF4004348F20203B44AB507C5
:10D8A000D26EB44848BF43F4005383EA020122EA2F
:10D8B0000302C266B04A0B408166D366C4F380425D
:10D8C0001203200348BF42F48072E10648BF42F4CD
:10D8D0000052AA49A30648BF42F4007214F0400F58
:10D8E000D1F88830A64800F035815D0506D44FF4A4
:10D8F00080652B43C0F80852C1F8883014F0800FBF
:10D90000D1F888309E4800F061811D0506D44FF49F
:10D9100000652B43C0F80852C1F88830994B9848ED
:10D92000D3F80C3217F4007F82EA030123EA0203E2
:10D93000C0F80C32944B02EA0102C0F80812C3F896
:10D940000C228E4B07F4007200F0498101224FF443
:10D95000802583F88420E30448BF45F48035A00384
:10D9600048BF45F48015A10748BF45F4001514F4DD
:10D97000001FDFF8508206D0D8F800000EF06FFECE
:10D9800008B945F40025E20248BF45F40035FB061E
:10D990007E4B48BF45F480051A6A7D4985EA02033B
:10D9A00023F001031A400A621D40CB61794B16F047
:10D9B000010F1D62784B794A08BF1A46784B7D07E4
:10D9C0001B6F48BF42F00062764882EA030123EAF7
:10D9D00002030367744B0A4041661A67734A04F0F6
:10D9E0000103916CA0F5803081EA030221EA030172
:10D9F000816442641A406E4B20029A64D8F8002079
:10DA000048BF6C4B92F8022158BF6B4B610748BF6F
:10DA100043F4806322B114F4C06F18BF43F48073E1
:10DA200032074FF03A42BDE8F047D2F8181148BF2C
:10DA300043F0004383EA010222F4A0225F48114030
:10DA4000C0F818111340C0F814215D4AC2F818310B
:10DA5000FFF7C6BEA0F580630B4306D020F48063B9
:10DA6000A3F500730B437FF4FBAE10F076FA3E494A
:10DA7000D1E9003223EA060322EA050242EA08025B
:10DA80003B43C1E900324F4A126892F802114B4AF7
:10DA900009B313F4C06F1ED04FF4807311E010F07F
:10DAA0005CFA314AD2E9003123F004033B4341EAF6
:10DAB000080157EA0807C2E900314FF480633F4A82
:10DAC0000BD0C2F81431A2F58052C2F81831BDE86B
:10DAD000F04710F03DBA4FF48073C2F81831C2F825
:10DAE0001431F4E710F039FA1F4AD2E9003123F07B
:10DAF00001033B4341EA0801C2E900310123324AF4
:10DB000057EA08071BBF5364A2F5805293649364DD
:10DB100008BF5364DBE750EA01037FF4A1AEBAF11A
:10DB2000010F7FF49DAE10F018FA104A136823F02D
:10DB3000010343EA090313604FF48063194AB9F102
:10DB4000000F04D05366A2F580521367BFE7136736
:10DB50005366BCE723F48063C1F888304FF48063D8
:10DB6000C0F80832CAE600BFA80D0020142A002021
:10DB7000004000B8006000B8005000B8003F00B09E
:10DB8000006001B8004001B8005001B8000002B8C0
:10DB9000002002B8001002B804180003041C00039F
:10DBA00000C001B800E001B800D001B800C000B862
:10DBB00000D000B80D0A0A09090A0A09002000BAB3
:10DBC000001000BA1427002000E000B823F400631E
:10DBD000C1F888304FF40063C0F808329EE693F82D
:10DBE000841071B183F88420084BD3F8A41003F596
:10DBF0000053C3F8A410C3F8A0104FF05023C3F88B
:10DC0000A4200025A7E6BDE8F08700BF0040005033
:10DC1000024B186800F00100704700BFA80D0020FB
:10DC2000014B5879C0097047A80D00200A4B19789C
:10DC300001F0FF0229B10021197008499202C1F8D0
:10DC40000421597801F0FF0229B100215970930293
:10DC5000024AC2F808317047602C0020005000B81A
:10DC60004FF40062034B1A644FF40042A3F5E03313
:10DC70009A667047001002B8F8B5084C084D236C3E
:10DC80000423084F2B64236C5B0300D4F8BD0426E7
:10DC900002203E640EF06EFB2E64F4E7000002B832
:10DCA000001002B8002002B838B5044671B940B17E
:10DCB000154BDB6813F0606F04D04FF4C062134B58
:10DCC000DA6238BD124B1B6CD907F6D4FFF716FD8C
:10DCD0000D4D0020FDF79AFB032801D0092805D13E
:10DCE000AB6ADA07F5D46B6CDB03F2D4FFF7C4FF41
:10DCF0000122084B5A6102229A62042203F58053E2
:10DD00001A64002CDDD0D8E7000002B8006001B82A
:10DD100000C002B8001002B808B503210920FDF7C1
:10DD200005FB2022014B1A6108BD00BF000002B8AC
:10DD300038B5054610F011F90E4B04461868FCF78B
:10DD40005FF835B1FFF7EEFC2046BDE8384010F033
:10DD5000FFB8094B1B78002BF6D0084B1D78002D1F
:10DD6000F2D1FFF7DFFC2A464FF480400021FEF796
:10DD7000C5FDE9E714270020682C0020672C00204F
:10DD80002DE9F84F5A4B07460E4615461C6C002AE3
:10DD900040F0A98004F0A004003C18BF0124FBF768
:10DDA000F5FBA0234FF0000A524A03201364FCF74E
:10DDB00057FE0420FCF754FEDFF87081FFF7B2FC39
:10DDC0004D4B4FF0040BC8F87430C8F878A0FFF73B
:10DDD00053FF4A4B474AD3F8C41EDFF8149141F071
:10DDE0002001C3F8C41EFF2191604FF48071C9F86F
:10DDF0001010D3F8EC1E42480840C3F8EC0EC2F8ED
:10DE000040B0C3F8CCAED8F8143013F0060F04D0ED
:10DE1000FCF7E4FF5846FCF723FE0CB1FFF720FFA8
:10DE200047B1FFF76BFCFFF777FF0420FCF718FE04
:10DE3000FFF7FCFED9F81430D90752D52C4AD36825
:10DE400013F0706FFBD12B4B2E4A1A642E4A536E7F
:10DE500023F0F003536616B12846FFF769FF2B4BFA
:10DE6000D3F84C315A1C05D05B0003D4284B1B78E7
:10DE7000012B3AD801221F4B5A61002D31D0254B7E
:10DE80002149DA6E03F500539A6603F5D0331B6A15
:10DE9000184A23F00103D3611F4BD1F88800D3F84F
:10DEA0000C321E490343C1F808321D4BC1F80C0265
:10DEB000D3F8841003F5005399674FF03A43D3F831
:10DEC000181103F50053C3F81411164B996C03F5A0
:10DED00000535964144903F5803359664FF60843DB
:10DEE0001364BDE8F88F002459E7082BC5D1C1E7BA
:10DEF000000002B8002002B800000101003000B0AC
:10DF0000DF0000FF10003000003F00B00080E00F95
:10DF100005310020004000B8004001B8006001B8A1
:10DF2000008001B800C000B85000002F00C001B848
:10DF300038B514460D4610F010F8064BD3F8C42E31
:10DF400054402C405440C3F8C44EBDE838400FF054
:10DF5000FFBF00BF003000B0034BD3F8C43E99436D
:10DF60000CBF012000207047003000B0214B10B4DE
:10DF7000D3F8C43E13F0010422D01F4B93F848405D
:10DF80001E4B44F08072C3F8CC204FF480121C4921
:10DF9000C1F8B420A1F58051C1F8B820D3F80C31F4
:10DFA0003C21DBB2A3F1FF02504250419C4288BFAA
:10DFB00040F001004FF4AB625DF8044BF9F794BEFA
:10DFC0001A06DDD40F4A92F8471121B1D90602D5BD
:10DFD00092F84441D4E74FF480120020084B0749DF
:10DFE000C3F8B8205DF8044BC1F8CC00C3F8B420E6
:10DFF000704700BF003000B0003F00B0004000B8E4
:10E00000006000B8003E00B070B5164E032804460C
:10E010000D4633781ED023FA04F202F00102954235
:10E020001DD053B10122A240A54023EA02032B4395
:10E03000DBB233704BB1012070BD2DB10A4B012012
:10E040001B6898473378EDE73570074B00201B6855
:10E050009847F0E79A07DED003F0FC03E9E70020D9
:10E0600070BD00BF6B2C0020502A0020F8B505467B
:10E070000C460FF072FF104F06463B7833B1012D6E
:10E0800004D01CB90D480FF0FBFC3C70214628461B
:10E09000FFF7BAFF0A4B04461B783BB93B782BB914
:10E0A0000EF008F810B1074B1B68984730460FF088
:10E0B0004FFF2046F8BD00BF6C2C0020282A00200E
:10E0C0006B2C0020E42F0020054A0B46117831B15B
:10E0D00000211170034A01215268187810477047D7
:10E0E0006C2C0020E42F002038B5074D04462B7817
:10E0F000834207D0FAF762FE20462C70BDE8384014
:10E10000E9F776BE38BD00BF6A2C002038B504465A
:10E1100080B10FF022FF0121044608460FF0F6F807
:10E1200001210B4A084603F0DAFD2046BDE83840DD
:10E130000FF00EBF0FF011FF0546214601200FF032
:10E14000E5F801202146024A03F0C9FD2846EDE723
:10E1500077EE02001B4B022910B5187002D003297C
:10E1600004D010BD184B1B78002BFAD1F9F758FBDF
:10E170000028F6D04FF00052144BC3F88020BFF3B4
:10E180004F8FBFF36F8FFAF7F5FD0028E9D0FAF74C
:10E19000A3FD0028E5D10E4B1C6834B123689847D5
:10E1A000BDE810400020FAF7FDBD0DF0D9FC094B89
:10E1B000186010F0D0F9084B18602046FAF7E2FD1D
:10E1C000EEE700BF0C3100206A2C002000E100E0E7
:10E1D000642900204C2A0020482A002038B5044633
:10E1E0000D46F9F71DFB80B14FF00052124B1A603B
:10E1F000FAF7C0FD48B9012D07D80120FAF7D2FD82
:10E200000E4B1B6823B15B6898470D4B1C7038BDE3
:10E2100010F0A1F90B4B1A68801A18600FF0DCFCA3
:10E220004FF47A72084B1B6802FB00300DF09AFC29
:10E230000120FAF7A7FDE8E700E100E064290020EB
:10E240000C310020482A00204C2A0020F0B585B06F
:10E250000FF083FE334D04462B7823B132480FF084
:10E260000FFC002847D10FF095FC02AA03A90DF07E
:10E270000BFF0346002837D00DF01AFF029B98428F
:10E280001BD10020294B03991B68294E99423070FD
:10E290001FD90027C91A012323482B70254A33466A
:10E2A0000197009710F007F968BB234A1378D90744
:10E2B00001D5317861B3204611E00DF0F7FE029BE5
:10E2C00098421ED0002318461849194A096813704D
:10E2D00003910121FFF798FE002320462B700FF0D9
:10E2E00037FE002005B0F0BD20462B700FF030FE49
:10E2F000212005B0F0BD20460FF02AFE0E2005B00B
:10E30000F0BD0220BEE7032320462F703370F3E7F1
:10E3100003F0FE031370002BCDD1084B1B68984708
:10E320002046DCE76C2C0020282A00204029002011
:10E330000B310020C9E001006B2C0020502A002086
:10E34000144B10B55B6F144903F44073B3F5007FB1
:10E3500004BF0222114B124808BF1A600022114B61
:10E36000114C1A70114B124A1A60124A5A60E9F79E
:10E37000E3FC11491148E9F7DFFC114B80202360D1
:10E38000E5F7C4FD052804BF0E4B2360E9F73CFE0A
:10E39000002010BD0040005054FC02004029002025
:10E3A000182A00206C2C0020502A0020E42F002086
:10E3B0004DE201006DE001005CFC0200202A00201B
:10E3C000E9E001000DE1010070B5FCF79FFC044697
:10E3D0000D46094ED6F8F433DB060BD5FCF796FC58
:10E3E00002460B4620462946FCF728FB652871F1BA
:10E3F0000001EFD370BD00BF000002B80222054B40
:10E400001A64A3F500535B68DBB20BB9FFF7DCBFFE
:10E41000704700BF00A002B80C4B10B51C6C5A6CC2
:10E4200014400B4A24F002011164E20705D540F2C2
:10E43000BD1200201968F9F757FCA30704D5BDE801
:10E4400010400248FFF7DABF10BD00BF008002B8DD
:10E4500000A002B82DE9F84F0E46884656F8041B76
:10E4600005461446002032461F460EF0FCF8D8F848
:10E47000008040460EF0F8F830B195B9416819B106
:10E480004FEA18630D683DB90F213B4622464046CE
:10E490000EF002F90D4617E04A799A4201D0083190
:10E4A000F0E7DFF83890DFF83880D9F800B0D8F816
:10E4B00000A03046C9F80040C8F80070A847002501
:10E4C000C9F800B0C8F800A02246012052F8041B89
:10E4D0000EF0C9F82846BDE8F88F00BF582A002082
:10E4E000542A002070B50C4B04020D4604F4E0647D
:10E4F000C0F307211B680C43084A04349C4212688D
:10E5000007D91D210EF0C8F80022134610462B60D3
:10E5100070BD1060043BF9E7542A0020582A0020FF
:10E52000094A10B5116851B9B0F5006F09D2041D40
:10E530002046E9F7E3FA08B9044B1C6010BD12202D
:10E54000FCE72120FAE700BF642A0020602A0020AF
:10E5500010B5054C206818B10FF064FF002323604C
:10E560000022024B1A6010BD642A0020602A00209D
:10E5700038B5044608680D460EF03DF950B9094B10
:10E580001B6800202A68C4E900531A60064B1B6808
:10E59000A36038BD2028FCD1044B1B68002BF0D1B0
:10E5A0000920F6E7642A0020602A00205C2A002067
:10E5B0002DE9F84F1D460C6816464FEA042AC4F3AD
:10E5C00007230AF4E06A4AEA030A1F4B0AEB050B29
:10E5D0001B680BF104029A420746DDF828802DD80B
:10E5E0000123F20093409D4228D215B1B8F1000FEB
:10E5F00027D03846FFF7BCFF8146E0B924F47F44BA
:10E6000024F0C70444EA1B244FEA0B2B7B681FFA53
:10E610008BFB44EA0B0443F8044B53442DB11846DA
:10E620002A46414604F0D1F90346012E0CBF03F8F7
:10E63000015C23F8025C4846BDE8F88F4FF01D09E5
:10E64000F9E74FF02209F6E7602A002038B50446C2
:10E65000054B00681D684068D4E901231146A847AE
:10E660006368988838BD00BF0430002010B5044CA2
:10E6700023781BB90DF0F6FF0123237010BD00BFF6
:10E680006D2C0020F7B50F461546064610B922201E
:10E6900003B0F0BD00230360002AF8D00F4C2268BD
:10E6A00092B91821012001AB0192E9F72FFA002855
:10E6B000EED1019B1F702A691D615A606A699A60D8
:10E6C0002360019B3360E3E723681A78BA4203D0E2
:10E6D0005A6903F11404E3E72E20D9E7682A0020E1
:10E6E000044A0346106810B102789A4200D170477C
:10E6F0004069F8E7682A0020014B1868704700BF9E
:10E70000682A0020094A5168C84390FAA0F048B12D
:10E71000B0FA80F0042805DC012383400B435360EA
:10E7200040B270474FF0FF30704700BF942A00207E
:10E730000021034B28220348C3E9001104F01EB94D
:10E74000942A00206C2A002038B50546FFF7DAFF2E
:10E7500004460448294600EBC4000EF0BCF82046ED
:10E7600038BD00BF6C2A0020C3B2042B10B513D8EB
:10E770000A4A02EBC00252E8003F0B4342E8003471
:10E78000002CF8D101220649824051E8003F134392
:10E7900041E800300028F8D110BD00BF702A0020E9
:10E7A000942A0020F7B501270026184A1849194D68
:10E7B000106800B30B7807FA03F420421DD0E04341
:10E7C00052E8004F044042E8004CBCF1000FF7D182
:10E7D00005EBC303043353E8000F43E80064002C47
:10E7E000F9D1019048B1087801AA0B4905EBC000A6
:10E7F0000EF0A9F8012003B0F0BD0B7850688342F9
:10E800002EBF00230133DBB20B70D1E7942A002026
:10E810006E2C00206C2A002078563412024B1868A7
:10E82000003818BF01207047942A00202DE9F041DC
:10E83000194D06462B680C4613B90020BDE8F0813F
:10E840000FF094FB2F680FB32A680125D2E90478F2
:10E850000FF087FB002DF0D057EA080319D056EAD5
:10E8600004030CD10D4DD5E9006456EA040306D12A
:10E870000B4B1B68984706460C46C5E90001BE4293
:10E8800074EB08042CBF01200020D7E7B8463D46B2
:10E89000DEE70120D2E700BFAC2A0020B00D002047
:10E8A000A42A0020F7B54FF0FF34274605460E4650
:10E8B0000FF05CFB1A4B1B6883B90FF052FBB7F1EA
:10E8C000FF3F08BFB4F1FF3F04D054EA070315D15E
:10E8D000002427462046394603B0F0BD5969DA685E
:10E8E000019119695B685218019941F10001A24236
:10E8F00071EB070C3CBF14460F46DDE755EA0603F3
:10E9000004D1084B1B68984705460E46AC4277EB8E
:10E910000603DDD3651B67EB06062C463746D9E7B1
:10E92000AC2A0020A42A00202DE9F74FDDF840A0F2
:10E930000E46DDE90C7815469DF83CB008B101683B
:10E9400091B9BAF1000F07D029463046D04740F2BE
:10E95000034003B0BDE8F08F002DF8D0002EF6DBA9
:10E96000284604F08CFDF2E701900FF0FFFA814693
:10E970005846ECF7D3FD044648460FF0F2FA019AE8
:10E980009CB9BAF1000F08D029463046D047032081
:10E990003146ECF745FD1A20DBE7002DF7D0002EBD
:10E9A000F5DB284604F06BFDF1E70E9BC4E9067821
:10E9B000E3600023636057EA0803A66025622260D3
:10E9C00084F824B0C4F828A001D10E9B33B1184BB1
:10E9D0001B689847C019074648EB01080FF0C6FAB4
:10E9E000002205461349C4E904780B682BB1D3E92A
:10E9F00004AB574578EB0B0011D2A2B90B680C6041
:10EA000063600D4B1C682CB1094B1B689847FFF7DE
:10EA100049FFA04728460FF0A4FA002099E758685C
:10EA20001A460346E2E7536863605460E9E700BFB3
:10EA3000A42A0020AC2A00209C2A00202DE9F74FB0
:10EA40004FF0000881460D4692461E460FF08EFAA2
:10EA50004746DFF874B00190DBF8004084B9B8F1A4
:10EA6000000F07D0174B1C6824B100200021FFF7CE
:10EA700019FFA047019803B0BDE8F04F0FF071BA3D
:10EA800022684A4511D12DB1A268296822F00042BE
:10EA90008A420AD126B9626857B9CBF8002008E04B
:10EAA0005146206AB0470028F5D027466468D5E76C
:10EAB0007A60D4F8048020460DF0B9FE44464FF049
:10EAC0000108CBE79C2A0020AC2A0020014B1860EB
:10EAD000704700BF9C2A002070B50E4609490446C5
:10EAE0000846154602F0B5FE0023074A30211360A0
:10EAF000064A05201660064A15602246BDE87040A9
:10EB0000ECF79EBC102C0300AC2A0020A42A0020A5
:10EB1000A02A002070B5044616461846002200239D
:10EB200086B0CDE904230B4B0D461B6813B9212099
:10EB300006B070BD04A998470028F8D1DDE9042388
:10EB40000290CDE900232946324620460DF0A9FE69
:10EB5000EEE700BFA02A0020F8B5054610200F46BA
:10EB60001646ECF745FD044601461022074802F020
:10EB700075FE44B101230020E3602B68C4E90176EF
:10EB800023602C60F8BD1A20FCE700BF102C0300A6
:10EB900000200021014BC3E900017047B00D0020A7
:10EBA0002DE9F04706460D464FF0000950EA0103F3
:10EBB00018BF2B4BDFF8B48018BFC3E90001294F01
:10EBC00030462946FFF732FEC0B9B9F1000F45D0F3
:10EBD0000FF0CCF9002104460020FFF763FEB1F1ED
:10EBE000FF3F08BFB0F1FF3F03D01F4B1B6803B1CD
:10EBF00098472046BDE8F0470FF0B3B90FF0B6F9DB
:10EC0000D8F8004014B16368C8F800300FF0A9F9D3
:10EC10003C60002CD4D0A36833F0004307D138689F
:10EC20000DF005FE00234FF001093B60C8E72368A3
:10EC3000002BF4D018680028F1D0A26832F000430D
:10EC4000EDD0D0E9009A236A21688068D047002877
:10EC5000E5D1B9F1000FE2D04846EEE7BDE8F08714
:10EC6000B00D0020A82A00209C2A0020AC2A0020F9
:10EC7000F8B504460D460FF079F9094B1B684BB106
:10EC8000D3E90667C4E90067DB682B60BDE8F8409C
:10EC90000FF067B900260027C4E90067F5E700BF59
:10ECA000A82A002010B5064C237823B9E2F76AFBA6
:10ECB00018B901232370002010BD40F20740FBE784
:10ECC0006F2C002038B50A4B05461B780C463BB923
:10ECD00008490948FFF7E6FF10B140F2074038BD88
:10ECE0002946204600F0CAFC0028F8D0F5E700BF0E
:10ECF0006F2C0020EFBEADDEBEBAFECA2DE9F04398
:10ED00001D4600239DB00F46DDE9258901461646C4
:10ED100006A82022019309F08FFC06A920222E4884
:10ED200002AB0DF038FE0446202106A809F08EFC47
:10ED3000002C39D101A902A8F3F702F8044698BBC8
:10ED4000264B10220E93652339460DF13D008DF8B8
:10ED50003C3009F071FC102231460DF14D0009F0F4
:10ED60006BFC2A4601250DF15E010DF15D000DF0F1
:10ED700003FE249A0DF1650119A80DF0FDFD4B4627
:10ED8000352201980EA98DF86C408DF86B50F3F781
:10ED900021F8044640B94346352201980EA98DF862
:10EDA0003850F3F717F80446102102A809F04EFC7A
:10EDB0003CB11021484609F049FC1021404609F0B9
:10EDC00045FC019809F089FB0EA8352109F03EFCAD
:10EDD00020461DB0BDE8F083252C03000062746C52
:10EDE000704708B5ECF72CFDBDE80840ECF76EBDA8
:10EDF000F8F70EBBF8F7BCB9002303600E2070478C
:10EE0000704707B521F07F4141F07D410B0A8DF835
:10EE10000230FD238DF80110090C8DF800208DF8CB
:10EE200003108DF8043005226B461B21F3F772FCAA
:10EE300003B05DF804FB70470F20704710B504461F
:10EE400008B1E1F7D1FF2046BDE810400FF0EEBA5F
:10EE500000F4E040B0F5805F04D0A0F500535842C4
:10EE600058417047012070473AB1002918BF00236C
:10EE70002121D21A184403F081BD704741F20523C5
:10EE800098421AD8B0F5905F09D241F20103984236
:10EE90000CD0B0F5885F09D06FF08500704729234A
:10EEA000A0F5905080B2C340DB07F5D511F0070FF5
:10EEB00014BF6FF0860000207047B0F5105FEBD1F3
:10EEC00021F04003802B06D0B1F5807F14BF6FF096
:10EED0008600002070470020704770B5046A054620
:10EEE0000E463CB9012002F017FE286228B12046E8
:10EEF0006E6270BD6FF08A00FBE76FF08C00F8E780
:10EF0000F8B50F46114606461546FFF7E6FF0446DC
:10EF100020B92A463946306A03F057FD2046F8BD2D
:10EF20002DE9F041089E88461F460488FAB1204624
:10EF3000FFF78EFFD8B1316809B9D10031602046A2
:10EF4000FFF79CFF044678B9CD1DB2EBD50F11D168
:10EF5000069B9A4211D84146384603F036FD336885
:10EF6000079A0733DB0813602046BDE8F0816FF095
:10EF70008504F9E76FF08604F6E76FF08904F3E79C
:10EF80002DE9F04F9B46002389B08DF81B30159B6F
:10EF90009146DDE912A7002B0E460B460CBF4FF43D
:10EFA00000624FF4806207A9DDF85080E2F7B2F802
:10EFB0000446E8B9079D304629880DF11B02E2F7A7
:10EFC00047F80446A0B99DF81B30BB4222D8D5E9CA
:10EFD00008126868000A20D1CDE903382846334674
:10EFE000CDE901BACDF80090E6F7A8FD044608B1D6
:10EFF000C8F800703A4621465046D8F80030FFF76E
:10F0000033FF079800F0E0FC002C18BF204609B041
:10F01000BDE8F08F6FF08904EAE76FF08604E7E758
:10F0200010B50446006A10B1616AFFF707FF0020BF
:10F03000C4E9080010BD38B50446FFF7F1FF237E90
:10F04000012B0FD0023B012B0FD8E369012B14BF1A
:10F050006FF09605002528220021204603F08EFC43
:10F06000284638BDE369002BF1E76FF09605F2E71B
:10F0700013B50446C0B101A9E2F756FA044698B99F
:10F08000019B1A7E022A12D103221A761A79FF2ACC
:10F0900010D01AB1586900F0ADFC0446019800F098
:10F0A0007EFC002818BF0446204602B010BD6FF059
:10F0B0009604F3E76FF08404F0E773B5054608465D
:10F0C0000C4600F0CCFB002328461A4601A9E2F7C3
:10F0D00021F850B9019E35460FCD0FC495E80300C5
:10F0E00084E80300304600F06FFC02B070BD70B5DC
:10F0F000144602881D461046049EFFF7A9FE68B913
:10F1000044F2010322F44050984207D002F44F42E7
:10F11000B2F5824F02D0B2F5844F0ED1B4420FD86F
:10F120002246284603F051FC0021321B281903F027
:10F1300025FC0020059B1C6070BD6FF08500FBE77F
:10F140006FF08900F8E72DE9FF4188461F46164613
:10F150000AB3002301223B6003A9E1F7DBFF044669
:10F1600090B9039D6B68D5E908121B0A10D143467C
:10F170002846CDE90067FFF7BAFF0446284600F0AD
:10F1800023FC002C08BF0446204604B0BDE8F081F3
:10F190006FF08604F2E76FF08904F5E770B5144666
:10F1A0000288049D02F4E040B0F5804F1CD144F287
:10F1B000010022F44056864207D002F44F42B2F5D5
:10F1C000824F02D0B2F5844F0ED1AC420FD8184610
:10F1D000224603F0FAFB00212A1B204403F0CEFB59
:10F1E0000020059B1C6070BD6FF08500FBE76FF091
:10F1F0008900F8E7F0B50F461E46154685B0FAB10E
:10F20000002303A91A463360E1F784FF044688B956
:10F21000039803885B0410D5CDE900563B46D0E93E
:10F22000081200F07CFB0446039800F0CDFB002C94
:10F2300008BF0446204605B0F0BD6FF08604F3E732
:10F240006FF08904F6E72DE9F3410C4619460023D7
:10F2500066680B6030461746D4F8148000F0B6FBA1
:10F26000054688B9304600F0B3FB054660B9F6B2F2
:10F2700076B9B8F1000F05D1A06820F47F4020F0E6
:10F28000030060B16FF08605284602B0BDE8F0814A
:10F290000146606900F072FB0028EDD1F2E74FF6FD
:10F2A000F87362889A4219D894F80480B8F1000F74
:10F2B00000D101A83946E2F7F7F805460028E3D166
:10F2C0000FCC3F683E460FC694E8030086E8030073
:10F2D000B8F1000FD8D1019B7B61D5E76FF08505B0
:10F2E000D2E738B50379044615464BB96369002067
:10F2F0002B60237E012B0AD028606FF0960005E07A
:10F30000D0E9081200F091FB0028EFD038BD0223AD
:10F310002376FBE708B1FFF78EBE70472DE9F04F6B
:10F32000054600208BB088461F461446CDE90700ED
:10F330001860002A6AD0B2F1005F6AD207AA294693
:10F3400008ABFFF780FF024670B90798436A93B194
:10F35000079EB14672687388120A099359F824AF60
:10F36000336A12D06FF08602DDE907010592FFF7DC
:10F37000D1FF059A40E06B681B0AF3D12146FFF7E5
:10F38000ACFD02460028E3D0EEE70DF1240B224647
:10F3900041463046CDE9019BCDF800A00593E6F744
:10F3A00017FB10F1860F0246059B09D12246414604
:10F3B0003046CDE9019BCDF800A0FFF7B1FD024634
:10F3C000002AD1D10798099B4288CAB943804FF6D9
:10F3D000F872934217D82B8813B102889A42C1D190
:10F3E0006B8813B142889A42BCD13A460899FFF71C
:10F3F00078FF02460028B7D110460BB0BDE8F08F69
:10F400009A42AFD1E3E76FF08502ADE76FF0860275
:10F41000F2E76FF08502EFE710B50446006858B1D7
:10F4200006280AD104F1080001F0F2FB0023236052
:10F43000A3886FF30803A38010BD6FF08600F5E783
:10F440002DE9F043984600230C46016885B0054637
:10F4500017460393002940D100F108094C22484681
:10F4600003F08CFAB8F1000F20463B460CBF4FF476
:10F4700000624FF4806203A9E1F74CFE044670BBC2
:10F48000039C384621882A1DE1F7E2FD064658BB59
:10F490006B7968F300036B716168D4E90823090A8A
:10F4A000B8F1000F12D009BB214648460097E6F795
:10F4B000B5FB044698B906232B60039800F084FA44
:10F4C000002E18BF304605B0BDE8F08371B9214663
:10F4D0004846009701F09AFBEBE76FF08804284656
:10F4E000FFF79AFF2646E8E70446F8E76FF0860440
:10F4F000F5E70123FFF7A4BF38B50546006898B1CA
:10F5000012B90024204638BD06280AD105F10800AA
:10F51000E6F7B6FB04460028F3D02846FFF77CFF49
:10F52000F0E76FF08604F8E76FF08804EAE72DE96A
:10F53000F041054600680F461646984610B36A79B2
:10F54000D2071FD52A79EAB1B2421ED806281FD1A8
:10F5500005F10800E6F7E4FB044618B10023C8F8FB
:10F5600000602B7137B1324621463846D8F800305A
:10F57000FFF77AFC2846FFF74FFF002C18BF204604
:10F58000BDE8F0816FF08804E8E76FF08904E5E7F3
:10F590006FF08604E2E71FB501240394089C0294EF
:10F5A000079C0194069C0094FFF7EAFC04B010BD90
:10F5B00003681943B1FA81F0400970472DE9F0471B
:10F5C00005469A46002388B0079305F0FE43B3F141
:10F5D000106F0846DDE910679146DDF8488042D19A
:10F5E0002B464FF4804207A9E1F794FD044600281A
:10F5F0003BD107990B8823F0FF03B3F5E24F02D00C
:10F60000B3F5E44F04D14B880733B7EBD30F2FD3B7
:10F6100025F47F03B3F1106F2DD1D1E90823486899
:10F62000000A28D12846CDE90378CDE901A6CDF816
:10F630000090E6F73FF8044666B90023C8F80030AA
:10F64000079800F0C1F9002C08BF0446204608B016
:10F65000BDE8F0870028F3D039463046E1F7DAFC00
:10F66000C8F80070ECE76FF08604002EE5D0F3E7F1
:10F670006FF08904F9E76FF08504F6E7E1F7CABC9B
:10F6800008B50088DDE90221FFF7E2FB20B1BDE803
:10F6900008401046E1F7BEBC6FF0850008BD2DE9BB
:10F6A000F04F1E46002389B01746129ACDE9053364
:10F6B0001360438881460D46002B00F0CD800388FF
:10F6C00003F4E043B3F5804F00F0C680314628468E
:10F6D000FFF76EFF002800F0BF804946012006AB0F
:10F6E00005AAFFF7B0FD0446002840F08780059B7F
:10F6F0005B6A83B1DDF81490CA46D9F80430D9F8B2
:10F7000020B01B0A5AF8248F7DD06FF0860405982C
:10F71000FFF786FC72E0D9F804301A0A67D1B9F80D
:10F7200000A0B9F802105046FFF792FB80B1504696
:10F73000FFF7A4FB0446002860D10AF4E043B3F5C8
:10F74000805F02D0B3F5005F0FD10731CA081CE01B
:10F750000AF44F43B3F5824F04D10AF4E043B3F502
:10F76000E04F07D06FF0850448E00AF44F43B3F54B
:10F77000844FEAD047F201039A450FD1490801317D
:10F78000C90801EBC10101F13B02079207990598F5
:10F79000FFF7A3FB04460028ACD02FE044F201039E
:10F7A0009A4503D1C90801F11002EEE747F20203BE
:10F7B0009A4505D1C90801EB410101F15A02E4E77C
:10F7C00044F202039A4505D1C90801EB410101F158
:10F7D0004A02DAE72AF0FF00B0F5E24FB5D0B0F503
:10F7E000824F01BFCC1DE4086400621CCDE748468F
:10F7F00007A900F038F804460028C7D0DDE9050164
:10F80000FFF788FD19E0B9F800305B0419D43346DE
:10F810003A4629464846CDE9018ACDF800B0FFF7BF
:10F820002FFF0446002C7FF472AFDDE90501129A28
:10F83000FFF757FD04460028E0D1204609B0BDE897
:10F84000F08F5346424659464846E5F7DDFF10F132
:10F85000860F0446E6D1DAE76FF08604EDE718225A
:10F86000002103F08BB8028843884068000A51D118
:10F8700002F4E040B0F5805F02D0B0F5005F05D142
:10F880000733DB0840D16FF08500704702F44F402A
:10F89000B0F5844F03D10733DB0853B9F3E747F2E0
:10F8A0000100824208D15B080133DB0803EBC3038C
:10F8B0003B3300200B60704744F20100824202D1CA
:10F8C000DB081033F5E747F20200824204D1DB087F
:10F8D00003EB43035A33ECE744F20200824204D1C3
:10F8E000DB0803EB43034A33E3E722F0FF02B2F500
:10F8F000E24FD0D0B2F5824FC5D10733DB085B00B1
:10F900000133012BD5D1BEE722F0FF02B2F5824FC1
:10F91000F7D0CEE700236FF086000B6070472DE92B
:10F92000F34747680446DDE90A9A3F0A0D46164642
:10F93000984611D1CDE9009AE5F7D2FF10F1860F74
:10F940000CD14346324629462046CDE90A9A02B0F8
:10F95000BDE8F047FFF722BC6FF0860002B0BDE8BB
:10F96000F087037E022B06D1C3695A1C03D00133F2
:10F97000C361002070476FF09600704703466FF038
:10F9800040420846591E914207D338B103F1404323
:10F9900093428CBF0020012070470120704703462E
:10F9A00068B1017E8A1E012A0BD80329C26903D1DE
:10F9B000012A01D1FFF73FBB1AB1013ADA610020F9
:10F9C00070476FF096007047FFF7E9BF002070475F
:10F9D000C0B2FF280CBF6FF086000020704707B54B
:10F9E00000216A4601F0A4F88C3018BF012003B052
:10F9F0005DF804FB13B500216A46044601F098F84F
:10FA00008C3002D1002002B010BD00212046E5F765
:10FA10001FFD014610B16FF09800F4E76A462046DA
:10FA200001F086F88C30EDD0F5E72DE9FF4107466F
:10FA30001446884600293FD0002A3DD0B2F5005F29
:10FA40003DD202F124063146012002F065F8054658
:10FA5000C0B303463A4621464046E1F7BDFD7F6903
:10FA600000243846FFF7BBFF01281FD021462B4654
:10FA7000324638460094E5F729FC0146C8B93846B5
:10FA800002AA01F055F8044620B9029B9E4205D017
:10FA90006FF0980438460021E5F7DAFC3146284635
:10FAA000FFF7CCF9204604B0BDE8F0816FF08A047E
:10FAB000F4E76FF09804F1E76FF08604F2E76FF077
:10FAC0008D04EFE76FF08C04ECE7FFF7B7B92DE991
:10FAD000F047D0F814A086B08146884617465046B5
:10FAE000002104AA01F024F8044610BB049E012062
:10FAF000314602F011F80546002837D0214650461D
:10FB000004AA039401F014F8044670B903AB02464A
:10FB10002146CDE9005350463346E5F745FC039BAB
:10FB200004469E4209D06FF0980431462846FFF7FC
:10FB300085F9204606B0BDE8F0870028F5D13B46A0
:10FB4000424631462846CDF80090E1F763FD044671
:10FB50000028EAD1D8F800302BB13B68002B08BF51
:10FB60006FF09104E1E76FF09104DEE76FF08C0431
:10FB7000DFE77047704770B5002506462C46052C18
:10FB800016D8DFE804F0031E0B0D0F115B210820CF
:10FB90000134E2F753F8112CF1D170BDD121F6E711
:10FBA0008021F4E70021F2E76B1C2946DDB2EEE785
:10FBB000A4F10E03012B06D9102C06D0B31F195D3A
:10FBC000E5E70C21E3E75A21E1E75D21DFE70123C7
:10FBD00007B520F07F4040EA8170019068460093AD
:10FBE000FFF7C9FF03B05DF804FB00230360704713
:10FBF00003680B6001607047036813B90B60016014
:10FC000070471846F8E70346006818B102681A60A2
:10FC1000002303607047036803B970478B4204D127
:10FC20000B68036000230B6070471846F3E710B5BC
:10FC300038B132B129B100230139D45C14B90023A1
:10FC4000037010BD8B42FAD200F8014B0133F4E788
:10FC5000034638B10020814204D01A5C02B97047D3
:10FC60000130F8E770474FF0FF31FFF7F1BF70B593
:10FC70000C461646054660B15AB151B1FFF7F3FF85
:10FC8000844206D9211A32462844BDE87040FFF765
:10FC9000CEBF70BDE1F7B4BEFEE700239A4200D1AB
:10FCA000704710B550F8234041F8234001339A4281
:10FCB000F8D110BD436803B118472220704743694B
:10FCC00003B11847FF20704737B50D680C46AB8865
:10FCD000ADF804302B78022B0CD00DF1030101A8F4
:10FCE00000F09FF89DF80330204683F001032B704D
:10FCF000E9F76CFC03B030BD03681878704713B5A2
:10FD00000468A388ADF804302378022B15D00DF1D8
:10FD1000030101A800F085F8A2799DF80330012ABB
:10FD200013D1618843EA41034FF6E07163F03F036A
:10FD30009BB28B4203D12270638002B010BD4FF69C
:10FD4000DF729342F8D10022F5E7002AF5D183F063
:10FD500001032370F1E703681A78022A03D1002215
:10FD60005A80E1F7CBBE704710B504682378022BA8
:10FD700007D0A379022B02D16079E2F703F80223BE
:10FD8000237010BD4FF060420123D2F8001E834063
:10FD90000B430020C2F8003E70474FF06041012243
:10FDA000D1F8003E824023EA02030020C1F8003E61
:10FDB0007047F8B50E461746044660B10EF0D6F807
:10FDC00005463A4631462046E4F78AFF28460EF0BB
:10FDD000C8F80020F8BD2220FCE770B1012241786C
:10FDE00003788A4030214B4341F2100103F1A043D4
:10FDF00003F5703300205A5070472220704770B1CD
:10FE00000122417803788A4030214B4342F21001AD
:10FE100003F1A04303F5703300205A5070472220AD
:10FE2000704738B50D46044698B191B10EF09EF872
:10FE300030222378534303F1A04303F570335B6909
:10FE40006278D34003F001032B700EF08AF8002093
:10FE500038BD2220FCE7416C436910B5DA1CA1F1E2
:10FE60001404B2FBF4F203EBC2000330B0FBF4F075
:10FE7000B1F5805F00F1010002D1012828BF012007
:10FE8000013010BD38B505460C46FFF7E4FF6B6C3A
:10FE9000A3F11402B3F5805F02FB00F005D140F638
:10FEA000E8736969994288BFCC30E31DB3FBF2F374
:10FEB000013304EBC304204438BD38B5054644691A
:10FEC0002146FFF7DFFF6A6CE31D143AB3FBF2F340
:10FED000013304EBC304204438BDF7B507460E4692
:10FEE00000257C6CA819644280EA06031C4003D0FC
:10FEF0002C46204603B0F0BDFB6B01225B6901A9D3
:10FF00009847019B0133F4D10435EAE770B5054603
:10FF10000C46E3F76DFAEB6B2046BDE87040DB68FA
:10FF2000184770B50025044686B00562E369AB4208
:10FF300002D8206A06B070BD666C2068E36B0522AB
:10FF40005B6901A906FB0500984701A800F076FC53
:10FF500000F099FC10B1236A013323620135E5E713
:10FF600038B50446456C006804F1400305FB010107
:10FF7000E06B00F095FC05462046FFF7D2FF2846CF
:10FF800038BD2DE9F04700254FF0FF384FF6FF73DD
:10FF90000446C1462F4686B0C0E90853E369BB4218
:10FFA0000DD8A5EB0805012D06D94FF6FF730025E6
:10FFB0006362E369AB4226D806B0BDE8F0872368E8
:10FFC000E26B606C566900FB0730052201A9B0475F
:10FFD00001A800F033FC824601A800F006FC0646AA
:10FFE000504600F050FC60B1B14588BF6762B04533
:10FFF00028BFB046B54238BF3546B146236A013303
:020000022000DC
:1000000023620137CAE7666C2068E36B052206FBB2
:1000100005005B6901A9984701A800F0E6FB0135DE
:10002000C7E7F0B50546002687B0EC69013CB4424D
:1000300003D80C46204607B0F0BD01B14C1E6F6CD2
:100040002868EB6B05225B6901A907FB0400984750
:1000500001A800F0F3FB00F016FC0028EAD12146CD
:100060000136E2E7F0B504460D46466CE36B0068E6
:1000700087B005225B6901A906FB0500984701A826
:1000800000F0DCFB00F0FFFB20B101A800F0ADFBAD
:1000900007B0F0BD29462046FFF7C3FF0646676C50
:1000A0002068E36B05225B6901A907FB06009847FE
:1000B00001A800F09AFB431CEAD0B54238BF0130DA
:1000C000E6E72DE9F0434FF6FF79D0F824800446A7
:1000D0000E46C84514BF45460025002787B0E36992
:1000E000BB4202D807B0BDE8F083E26B2368606CC6
:1000F000D2F814C000FB0530052201A9E04701A891
:1001000000F09CFB022806D0C8450CD1721C294681
:100110002046FFF725FFE3690135B5FBF3F2013710
:1001200003FB1255DBE729462046FFF79BFFB0F1A2
:10013000FF3F14BF024632460132E8E70368F0B5DC
:10014000CC1A436C0646B4FBF3F4002587B0F36980
:1001500037685A1E9542706C08D3706C336800FB88
:10016000043007B0BDE8F04000F098BB0134B4FBA8
:10017000F3F203FB1244F36B05225B6901A900FB58
:100180000470984701A800F059FB00F07CFB0028A0
:10019000E3D10135DBE710B423F0030422449B07CD
:1001A0000A44436C18BF04325B4281EA02042342D2
:1001B00003D05DF8044BFFF7C1BF10465DF8044B58
:1001C00070472DE9F041D0E90A369E42044686B0D8
:1001D00028D11422C369456802FB1355284606B08E
:1001E000BDE8F0812068676C331AB3FBF7F3E26B6C
:1001F00007FB0300D2F8148001A90522C04701A81B
:1002000000F01CFB012804D0636C1D44013B33400B
:10021000ED1A31462046FFF791FF0646A36AB34226
:10022000E0D1DBE70025F9E708B508301346D1E94E
:100230000012E3F763F8012008BD13B50C46002156
:1002400021760093616813462246E1F711FE18B14A
:10025000E37D03B1A07EA075A07D02B010BD73B593
:10026000164600F108050C46284609680DF10702FC
:1002700000F098F9032E06D16368834203D1284623
:10028000216800F076F9012002B070BDD01E009BFD
:1002900042424241187E824211D11A688A420ED8E7
:1002A0005A688A420BD35A6901325A61D3E9030270
:1002B00082423FBF986840F8221001321A61012043
:1002C000704710B5032A029C07D1A26A5340626CA2
:1002D0005242134201D100F04CF9012010BD08B583
:1002E000C36800209847BDE80840E3F789B80128B3
:1002F00014BF0420022070B5002442431C70CC7D42
:10030000101D02F002024CB91AB1012220F00300C4
:100310001A7000F108034868184470BD1AB1012230
:1003200020F003001A7000230C7E01F12005DAB2E0
:10033000944201D80020F0E735F833205E1C824259
:1003400006D901EBC30300F10802D8691044E4E7C1
:100350003346801AEBE773B5054690F842601C46B9
:1003600030460DF10303FFF7C2FFEB6B012E5B6913
:100370000DD1324601A998479DF8033013B1BDF85D
:1003800006300193BDF80430236002B070BD012235
:10039000214602B0BDE870401847F0B5054600247C
:1003A0004868EB6B87B00E4601225B69029402A994
:1003B00008309847274695F84230012B40F0AC8032
:1003C000632C00F2AB80612C08D805AB2246314685
:1003D0002846FFF7C0FF9DF814305BB3224605ABFB
:1003E000314628468DF81070FFF7B5FF95F842208A
:1003F000059B012A7FD14FF6FF72934256D0082207
:1004000005A904A800F066FA059B9DF81010C3F337
:10041000072291424AD1DBB2029A1A44029245E085
:10042000DCD005AB224631462846FFF794FFBDF8E5
:100430001430D2E795F84230012B39D1612C2ED8F7
:1004400022463146284603ABFFF785FF3146284652
:1004500004AB621CFFF77FFF3146284605ABA21CA8
:10046000FFF779FF102208230DEB02010DF10700C1
:100470008DF8073000F02EFA102205A90DF10700C3
:1004800000F028FA039BDAB24AB99DF80720B2EBD4
:10049000132F04D1DDE9043203EB0243029395F8F4
:1004A0004230012B14BF012302231C44013482E794
:1004B000302CF4D822463146284603ABFFF74BFFD9
:1004C0003146284604AB621CFFF745FF102320226B
:1004D0000DEB03010DF107008DF8073000F0FAF97C
:1004E000039B9AB2002ADAD19DF80720B2EB134F92
:1004F000D5D1049BD2E70133D8D0102205A90DEB4A
:10050000020000F0E7F9059B9DF81010C3F30742C5
:100510009142CBD19BB27FE7312C81D9029807B0B1
:10052000F0BD13B500240194049C0094E2F74AF94D
:1005300002B010BD13B501240194049C0094E2F7AD
:1005400041F902B010BD00234FF0FF3230B54468CE
:100550009C4202D10023037230BD016801EBC30548
:1005600041F833206A600133F2E7C0E90012FFF777
:10057000EABF002370B545689D4210D0046854F866
:10058000332004EBC306B2F1FF3F09D0C2F31302DC
:10059000914205D14FF0FF3244F83320726070BDB4
:1005A0000133E9E70023F0B545689D4202D14FF0E1
:1005B000FF300EE00468DE0054F83340671C09D0B9
:1005C000C4F31307B94205D1240D147003683344F2
:1005D0005868F0BD0133E8E7704770B594002246D3
:1005E00005460E460EF038F8431C0AD058B922468C
:1005F0003146284602F099F9002814BF3D2000201A
:1006000070BD6E20FCE77120FAE713B5044601A81F
:10061000E4F72AFB9DF8063023804FF48073638053
:10062000E4F73AFB6060002002B010BDE4F79CBA2A
:1006300008B5E4F789FA002008BD10B5044644EA7D
:10064000010313F00303084609D1934201D10020AE
:1006500010BD54F8231040F823100133F5E721466C
:10066000920002F0B2F9F2E710B504460DF0FCFF7B
:10067000431C10D088B9E4F70FFB234620F0030099
:100680002044984201D1002010BD53F8042B0132C0
:10069000F7D03E20F8E76E20F6E77120F4E70A462F
:1006A00001390144E7F7C4BA13B5002304460146F3
:1006B0001B220DF107008DF8073000F00BF92268BE
:1006C0009DF80730B3EBD26F0CBF0120002002B0C1
:1006D00010BD13B500230446014620220DF107008A
:1006E0008DF8073000F0F6F80DF107001A22211DF1
:1006F00000F0F0F862689DF80730B3EB926F0CBF22
:100700000120002002B010BD0068431C584258412F
:100710007047006810F07E0F0CBFC0F3C16000206E
:1007200070470068C0F3D3107047006800F07E0087
:10073000B0FA80F040097047036813F07E0F14BFD1
:10074000042008207047036813F07E0F03D140682F
:1007500020F07C40704713F078001CBF03F07F034B
:10076000D81F7047006800F07F007047032809D049
:10077000022803D1C1F10201C8B2704700290CBFA1
:1007800007200020704737B5054601F10C04436986
:100790006946012220469847BDF8003001220193A6
:1007A0002046AB6901A9984703B030BD37B501F1C8
:1007B0000C044369012269460546204698474FF6D6
:1007C000FF72009B99B291420DD16FF30F0343F476
:1007D000254343F0A503019301222046AB6901A9FB
:1007E000984703B030BD0020FBE737B5044600252D
:1007F0001B22011D0DF107008DF8075000F06AF86B
:1008000060689DF80720B2EBD06F03D120F07840EC
:1008100003B030BD0DF107001B2204F108018DF873
:10082000075000F057F8A0689DF80730B3EBD06F81
:1008300001D1C043EAE74FF0FF30E9E74BF29A22DB
:10084000036810B5B2EB134F044613D19BB2012BD2
:1008500013D1FFF7CAFF01300CD04FF6FF72E068EA
:10086000B2EB104F4FEA104309D180B2C01A18BF43
:10087000012010BD2368013303D00420F9E70220D2
:10088000F7E70320F5E701288CBF0020012070471F
:10089000033801288CBF00200120704714307047B6
:1008A0002DE9F04105469846036908460E4617466D
:1008B0009847044638B943463A4631462846E2F757
:1008C0000FFE044618B131462846FFF75CFF20466C
:1008D000BDE8F0811F2A0B689EBF4FF0FF319140A9
:1008E0008B43590801F055315B1A03F033319B08F3
:1008F00003F033330B44017803EB13130A444FF036
:10090000013103F00F334B43A2EB136202707047C7
:10091000E2F74EBF08B50CF0CBF9BDE80840002166
:10092000E3F75AB90029CCBF01210021E3F754B9FC
:1009300002214FF42070E3F709BD70477047002093
:10094000E3F714BE0120E3F711BE7047C36C0B42FE
:10095000FCD1704708B543680246DB0714D50A236B
:1009600050210363FFF7F2FF136C9907FCD1936AE0
:10097000012110469362FFF7E9FF136C1B0604D4B4
:10098000012302F50052536008BD536BF5E738B5FB
:100990000A46044619B9BDE83840FFF7DBBF01211C
:1009A00000F58053596002F00F0540F2FF71FFF728
:1009B000CDFF78210563FFF7C9FF02F0010352075D
:1009C00048BF43F00203226C02F003029A42FAD1BC
:1009D00038BD036C5B06FCD5C16370470022E3F7AA
:1009E000BDBFFFF7FBBF70B5054614460E460DF0C0
:1009F000B4FA2B685C4034405C402C60BDE8704029
:100A00000DF0A6BA4FF0B0435A6812B19A6A002AA4
:100A1000FAD1704770B5054614460E460DF09DFAA2
:100A20002B685C4034405C402C60BDE870400DF0A9
:100A30008FBA0122417803788A4030214B4342F239
:100A4000100103F1A04303F570335A50704730B5DD
:100A50000022044600F0FC05A31803F00303581914
:100A600021FA00F3DB0704D50132042AF4D14FF058
:100A7000FF3030BD03782BB94078053818BF4FF0F0
:100A8000FF307047012B09D14378012B17D0032B7E
:100A900008BF042018BF4FF0FF307047022B07D16A
:100AA000437873B1052B0ED0072B08BF0820F1E760
:100AB000032B0AD14378022B08BF0920EAE7032061
:100AC000704706207047072070474FF0FF3070478F
:100AD0000B781B0683604A788B7843EA0243836174
:100AE000FF2383620023836303644FF0FF3300F529
:100AF000005003657047012303FA01F1BFF35F8FD4
:100B000000F5005300F58050596381647047002060
:100B10007047FFF7FCBF002070470020704738B5D2
:100B200005460C4619B10A46002101F027FF38BDE1
:100B300070B506460D4614468CB0CAB1102200218D
:100B400008A801F01BFF002207AB029305AB01933D
:100B500006AB00933046294608ABCDE90522E4F701
:100B600095FA18B9099B6360059B23600CB070BDB2
:100B70006FF08600FAE71FB504A800E90E001146E1
:100B80000198E4F7ADFC30B1E8F7F8F905B05DF88D
:100B900004EB00F00FBC05B05DF804FB38B504466B
:100BA0000D46E4F711FA50B929462046E4F798FCBF
:100BB00030B1E8F7E3F9E4F713FA6FF0920038BDCB
:100BC000BDE83840E4F70CBA10B5436A8AB0041D9A
:100BD000CDE901430023CDE9052310223C30CDE9C6
:100BE0000331CDE908230790E4F7EEF960B907ABCC
:100BF0001A4604A901A8E8F73FF80446E4F7F0F91B
:100C0000002C18BF6FF092000AB010BDE5F706B8CF
:100C100038B5044630B14C2500212A4601F0AEFE1D
:100C2000002038BD6FF08600FBE70020704738B524
:100C30001C4600230846236011461546FFF7AEFF09
:100C400000B9256038BD08B50DF046FA002008BD92
:100C500070470020704700207047012310B580F8CE
:100C600088300378044653B100F05DFA21462046EF
:100C7000E5F7C2F82046BDE8104000F049BA10BDC3
:100C800038B50D460446E5F79FF86B682046C4F872
:100C9000B032A96800F09AF94FF0FF332046C4F84B
:100CA000B432FFF7D6FF38BDD0F8B43210B50133F7
:100CB000044601D0002010BD00F0C3FAC4F8B4020D
:100CC0000130F7D194F8B80280F00100F3E708B5DD
:100CD000E5F7B6F808BD0A7801382D2A0ABF0122C7
:100CE00000228918E5F712B907281BD8DFE800F0C1
:100CF000060A0D1013150417012070470022082062
:100D0000E5F704B900221020FAE700222020F7E7D7
:100D10000820FFF7E0BF1020FBE72020F9E7084696
:100D2000E5F756B9002070472DE9F74307280C4630
:100D3000DDE90A7690461D4608D8013806280AD80B
:100D4000DFE800F01D27303A44574A00212850D0F0
:100D500003B0BDE8F083002220461146E9F79AFF70
:100D60003368C0B205EB83013A6845F823000133CC
:100D700048F8221033603B6801333B60E8E700220B
:100D800020461146E9F786FF336880B205EB830100
:100D9000EAE7002220461146E9F77CFF336805EBBD
:100DA0008301E1E7002220461146E9F7FBFE3368A4
:100DB00040B205EB8301D7E7002220461146E9F750
:100DC000F1FE336800B205EB8301CDE70022204637
:100DD0001146E9F7E7FEE1E7002389461E461D4676
:100DE0008DF8063019F8013F7D2B06D125702D0AAC
:100DF00065703B6848F82340BDE7202BF2D006F031
:100E00000102013612B98DF80430EBE710220021FF
:100E100001A88DF80530E9F7C5FE63190135987012
:100E2000ADB2DFE72DE9F04F9B46002385B08B453F
:100E3000814688469246CDE902336DDC1E461A464D
:100E400019F80340212C0AD81F2C05D8103C072C78
:100E500098BF46F0010600E001220133F0E7FF2CC5
:100E6000FBD15B4432B1013B434551DD2B2005B042
:100E7000BDE8F08F4EB1013B4345F7DC16463546E1
:100E80003746454504DB0020F1E79845F7D0EDE70C
:100E90005D453BDB19F80730202B18D109EB070320
:100EA0005B78FF2BE2D1CEB920465AF82510FFF728
:100EB0001BFF98B303AB019302AB00932046DDE91F
:100EC0000E235AF82510FFF72FFF0135D9E7212B04
:100ED0000ED109EB07035B78FF2BC7D1029B5AF8B1
:100EE00025200E99012641F8232001330293ECE7D7
:100EF000A3F11004072C02D91C460137D3E709EBF4
:100F000007035B78FF2BB1D1E4B2CCE70624CAE734
:100F100000252F462E46B4E72120A8E72620A6E785
:100F20002DE9F04F07460E4615469846044685B013
:100F3000DDF84490DDE90FAB206808B3DAF8002053
:100F4000D8F800108A421BDA0E9B53F82210E0F703
:100F500027FD48BBDAF800200132CAF80020626899
:100F6000117BFE291BD10E9B1068012100932A469C
:100F70004346CDE902B9CDF804A0FFF7D1FF0446FE
:100F80002B7843B999F800302BB97EB101233C4648
:100F900089F800302B70204605B0BDE8F08F0123A2
:100FA0008BF800302B70EBE70C34C5E73446F2E7E2
:100FB00010B50446236803B910BD237A13B920463F
:100FC000E5F73CF80C34F5E77047704710B541B1D0
:100FD0000A7932B901249C300C71FEF709FE2046D3
:100FE00010BD0020FCE72DE9F041A2B005460AAA99
:100FF000084603A900F062F90446B0B90DF10A03EE
:1010000001930DF10B038DF80A0000930AAA2846FC
:1010100004AB03A9E5F7BAF99DF80A20B2B158B1BB
:101020009DF80B302BB1E5F709F8204622B0BDE85A
:10103000F081FFF7BDFFF8E7D5F89C50002DF4D004
:10104000A86808B1FFF7B4FF2D68F7E710B346684A
:1010500012AB06F10C070DF1680801933846049BAA
:101060000399CDF800800AAAFFF7DCFE04460028A9
:10107000DBD1039B05A8CDE90638049B0595CDE996
:101080000837FFF7A1FF05A83368984705A8FFF7C1
:101090009CFFCAE72D24C8E710B50446AC3001F028
:1010A000A1FC04F1AB031A180020934200D110BD3B
:1010B00013F8011F0029FAD00A2908BF0130F4E70C
:1010C00070B50023012400F1AC06D0F8AC52AC425C
:1010D0000FD3AC30B3F5007F10D3012070BD0D6885
:1010E00001350D60156801351560F55C01330A2D79
:1010F00002D0B3F5007FF2D30134E6E7C15C0A29E0
:10110000EBD00029E9D01168013301311160E1E72A
:1011100010B50021D0F88C20044601F02FFC0023EC
:10112000C4E9243310BD73B5044600F1AC05802139
:101130002046FEF78DFD4FF4007106462846FEF767
:1011400087FD0136C0F50070864220461FD801F0A9
:1011500049FC0646284601F045FC01362946421C5A
:10116000A81901F0F2FB204601F03CFC21460246A2
:10117000284601F02AFC204601F034FC0A232044D2
:1011800080F8AC300023C4F8AC3202B070BDFFF779
:1011900083FF0023C4F8AC02CDE9003338B194F8E2
:1011A000AC3023B16946204601AAFFF789FF00222F
:1011B000009B234483F8AC20B9E74B1C73B504466D
:1011C00019D1D0F8AC3213B1013BC4F8AC320025D0
:1011D000204601F007FCA84217D82046FFF798FFE9
:1011E000D4F8AC322BB10023CDE9003394F8AC3005
:1011F000B3B902B070BD0129FBD1FFF74DFFD4F8A0
:10120000AC328342F5D20133DFE7082000F028F842
:10121000202000F025F8082000F022F80135D7E75B
:101220006946204601AAFFF74BFF009D04F1AC067A
:10123000019BAB42DDD9715D2046E5F7C7F9013569
:10124000F6E707B500200DF1070100F0EEF820B930
:101250009DF8070003B05DF804FB4FF0FF30F9E79D
:1012600010B5C1B20446002000F0CFF800280CBF32
:1012700020464FF0FF3010BD0FB407B504AA52F856
:10128000041B00200192E5F78BFD002003B05DF800
:1012900004EB04B0704710B54C1C0B460119045DFB
:1012A000222C03D07B2C01D05C2C05D1D21A1844FF
:1012B00001F04BFB012010BD0020FCE72DE9F047B9
:1012C00005469146884601F08DFB2A4606461346A0
:1012D000197801322029FAD0C9F800305C1B0123AB
:1012E0006FF0404AC8F80030A64201D8002014E050
:1012F0002F5D29197B2F12D0222F2ED1D8F8003044
:10130000621C53442A4449F82320012C09D911F8BE
:10131000013C13F0DF0F04D02120BDE8F0877D27CA
:10132000F3E701342B5DBB4209D12B195B7813F035
:10133000DF03F1D1222F00D12B550134D4E75C2BF0
:1013400007D1324621462846FFF7A5FF0028E3D003
:10135000013E0134A642E5D8DEE75C2F08D13246D3
:1013600021462846FFF797FF0028D5D0013EE4E745
:10137000202FE2D10022631CB3422A55DDD2EA18A5
:10138000EB5C202BD9D0D8F80030072B05DC49F8CE
:1013900023200133C8F80030CFE71E20BDE700F05E
:1013A00005B809B1E5F7FCB9222070470020704765
:1013B000E5F73EBAE0F7E2BA70B50C46154610B94B
:1013C000E5F7E2FC38B143682BB12A462146BDE877
:1013D000704000681847232070BDF7B50D461646CB
:1013E0001C4638B9E5F7D0FC04B901AC20B923207C
:1013F00003B0F0BD03B901ACC768002FF7D0234696
:10140000324629460068B847F2E707B501228DF851
:1014100007100DF10701FFF7CFFF03B05DF804FBE4
:101420000B4601461846FFF7F0BF00230122FFF7E5
:10143000D4BF0EB403B503AA52F8041B0192E5F71A
:10144000AFFC02B05DF804EB03B07047D0F8A430F5
:101450001B681A6C120643BF5B6B00200B701B20CD
:101460007047D0F8A43001221B6819B103F58053EE
:101470009A64704703F500539A645A64704708B53C
:10148000D0F8A4301868FFF7A4FA002008BD00685F
:10149000D0F8A4301B685A6CD20708D5012103F597
:1014A000005251641B6C9B0601D500F0ADB970472A
:1014B00000207047FEE74FF4005300204B60704758
:1014C0000020704707B5002001AB0190FFF785FFB2
:1014D0000198002808BF4FF0FF3003B05DF804FB0F
:1014E00010B514460020FFF767FF204610BD80F8B6
:1014F0009910704790F89900704790F896007047DF
:1015000010B50446E5F798FF38B1236DD4E912020F
:101510000244934218BF184610BD3022237D534326
:1015200003F1A04303F58023DB6EEFE792F854301C
:1015300037B5144633B1936D0BB1D06D9847002386
:1015400084F8543094F89A301BB32046E5F774FFC2
:10155000F8B1236E132120465B6898471025236E4F
:1015600020461B680DF10701984778B99DF80730B0
:1015700003F0FD02112A05D1A3F111025342534198
:1015800084F8A030013D15F0FF05E8D12046E5F7CD
:10159000B5FF002084F8540003B030BD90F89430BB
:1015A00070B505460C46C3B10B69B3F5006F16D88C
:1015B0000CF0DCFC95F88C30064665614BB1214699
:1015C00005F19000FEF718FB30460CF0CAFC002035
:1015D00070BD2046E6F720F8F6E70E20F8E7212058
:1015E000F6E70023506910B5903000F8043C14462B
:1015F000FEF709FB08B1E6F70FF863681BB100219D
:101600002046A2689847002010BD2DE9F04790F8C9
:10161000949004460D461646B9F1000F40F08280C2
:1016200090F899800CF0A2FC94F89530074633B1FD
:1016300094F898301BB184F895900CF025FE38464C
:101640000CF08FFC2E44B54205D1236E01212046BB
:101650009B68984750E094F89A30002B3DD0207D4D
:10166000E5F716FD2046E5F705FF0746207DE5F77F
:101670002BFD97BB0CF07AFC0746207DE5F708FDB3
:101680002046FFF73DFFA26C00F1FF39914538BFBE
:10169000E36C94F854A038BF03F1FF33207D38BFCA
:1016A00002EB0309E5F710FDBAF1000F12D14B462A
:1016B000D4F89C1099420BD013F80129112A01D0BB
:1016C000132A1CD1A2F111035A425A4184F8A020D6
:1016D000C4F89C9038460CF044FC94F8A030002BE1
:1016E000B9D0B8F1000F12D1236E20465B6815F80F
:1016F000011B98470028A6D00020BDE8F087A26C07
:101700009A4282BFE36C03F1FF339B18D2E72B7838
:101710000A2BE9D1236E0D2120465B6898470028EB
:10172000E2D0E9E70E20E8E7F8B504460D460CF0F4
:101730001DFC94F8963006466DB13BB994F898308C
:1017400023B10CF0A1FD012384F896303046BDE8AA
:10175000F8400CF006BC002BF8D00CF0FEFB07465E
:10176000294601200BF0D2FD38460CF0F1FB84F83D
:101770009650EBE738B548B1002405680CF0F6FB4D
:10178000C5E916440CF0EDFB204638BD2220FCE7ED
:1017900070B50468054694F8946086BBFFF7EAFFCD
:1017A000E5F7F2FA854202D13046E5F7E1FA236E19
:1017B00093F91000E5F7CEFA236E93F91000E5F7E0
:1017C0009BFA236E93F91100E5F7C4FA236E93F99F
:1017D0001100E5F791FA207D0BF0A0FC207DE5F7E4
:1017E00033FBE5F717FB0023C5E90033C5E90533F3
:1017F000EB60236E2046BDE87040DB6818470F2081
:1018000070BD0068E5F77ABE2DE9F04104460CF0A2
:10181000ADFB94F89530054603F0FF08A3B9012706
:10182000236E41469B682046984784F895700CF0DB
:1018300094FB0646414638460BF068FD30460CF0F6
:1018400087FB022384F8A1302846BDE8F0410CF064
:1018500088BB0E2070470E20704770477047704756
:10186000F8B50C468D18073552421540A5F108070A
:101870000646384600F060F9A0883B1B618800EB03
:10188000E30080B2A1EBE30125F8040C25F8061C67
:10189000A188DA10D1B1A4EBC101B1F802C0C880AF
:1018A00002EB0C004880E188B9B18A1A92B204EBCD
:1018B000C10125F8022C8A80A2888AB9B268134433
:1018C000F268B360934288BFF3600EE015F8081C1D
:1018D00041F0020105F8081CE5E725F8021CEBE7DA
:1018E000A4EBC2042278D207E8D43846F8BD2DE92B
:1018F000F04F17464FF0000887B07A1C109A054643
:1019000014BF3C460824CDF81480002A00F0CA8099
:10191000C2F80080002900F0C78042688A4240F285
:10192000C380073103F0010A21F007060CF01EFB0B
:1019300005AACDE9008281463A46534631462846FB
:1019400000F0FEF8059F834607B130B948460CF019
:1019500008FB192007B0BDE8F08FB7F802802969AD
:101960004FEAC802C0EBC8080139B8F1270F296156
:101970007DD9BAF1000F54D1864206F108084BD048
:10198000224639462846FFF76BFF04460590A044DF
:10199000404600F0D1F8059906F10F004A88C308C7
:1019A000A2EBD002A8F80220CA88A8F80430002AC6
:1019B00034D0D31A9BB201EBC202A8F80630938050
:1019C0008B88F608A380B8F804303A46E380414695
:1019D00000232846668000F01AF9AB68EA680833ED
:1019E0009342AB6088BFEB60237843F00103237020
:1019F0002B6901332B616288AB68083403EBC203A7
:101A0000EA68AB60934288BFEB60109B48461C605D
:101A10000CF0A7FA00209DE73C46B8E7A8F806209E
:101A2000CEE707EB08042046039200F085F80BF19F
:101A30000703DB080599638008F10703DB08A3802F
:101A4000CB8893B1DB00039AD81D821A5A44C2F3A3
:101A5000CF020B44E2809A80A38808F1FF384FEA56
:101A6000D808A1F80280CB80B7E7E380F4E7BAF1A9
:101A7000000F1BD007F10803B3FBF4F204FB123391
:101A8000B3B1224639462846FFF7EAFE04462378DA
:101A90003A4643F00103237021460123284600F013
:101AA000B6F8A8E7222055E7212053E78642E8D17F
:101AB0003C46ECE707B500224FF0FF3101AB019245
:101AC000E6F70EF8019803B05DF804FB07B5009344
:101AD00013464FF0FF32FFF70AFF03B05DF804FB37
:101AE00070B5049E15461A4696B1002333608DB139
:101AF00081B14D4333462946FFF7E8FF044628B934
:101B0000306818B12A46214600F038FF204670BDE3
:101B10002224FBE72124F9E707B5002201AB01925B
:101B2000E5F7F4FF019803B05DF804FB0846FFF702
:101B3000C1BF08460CF07ABC0023036043607047C5
:101B4000F0B5D0E90554561C08BF0822002B4FF011
:101B5000000008BF2C46069F3860002C38D09DF846
:101B600014606588F60006EBC505C2F1000C20780C
:101B7000C00708D523BBE08898B104EBC004658892
:101B800006EBC505F3E78D42F4D35BB904F1080019
:101B9000B0FBF2FE02FB1E00C0B10844A842EAD826
:101BA0003C60F0BD082A11D06088013004EBC00011
:101BB000A0EB010E0EEA0C0EA0EB0E008542EFD258
:101BC000A0880028EDD0A4EBC004D8E70846E7E7DA
:101BD0002046E6E703460069C0B10AB951B91A6860
:101BE00010460378DB0711D531B9C3885BB100EB30
:101BF000C300F6E79A69F3E7012904D1838823B18A
:101C0000A0EBC300EDE700207047184670472DE9B0
:101C1000F041D0E90554074688461646ABB19542D7
:101C200000D00ABB424600213846FFF7D3FFB4423A
:101C3000054600D02EB9424601213846FFF7CAFFBB
:101C40000446C7E90554BDE8F081954208D08D42AD
:101C500028BF0D46B44205D0444538BF4446F0E79E
:101C60000D46F7E74446ECE79442EAD1E3E738B59E
:101C70001C46C3E900010023C4E90500C4E902339E
:101C8000236122776362FFF757FF23690139C9088F
:101C9000013341802361A368E268083393424FF027
:101CA0000000A36088BFE36038BD08B5E6F732F8EE
:101CB00008BD002307B5684600938DF80430E2F7AD
:101CC000E7FC03B05DF804FB10B50CF046F90446E0
:101CD0000BF0BAFA2046BDE810400CF039B9704755
:101CE0004FF4C870E6F7ACB870477047704708B556
:101CF00000F07EFD00F08BFD00F094FDFFF7F6FF95
:101D000000F0A9FDBDE8084000F0B2BD08B5E5F758
:101D1000CDFEE3F717F9FFF7E7FFE4F7D1FFE4F7AC
:101D200073FEFFF745FBE6F775F9E6F72DF8E5F7E3
:101D300025FFFFF7DAFF00F007F800F066FDBDE8C9
:101D40000840FFF7D4BF704708B500F04CFD00F025
:101D50004BFD00F04AFD00F04AFDFFF7F4FF08BD1F
:101D600008B500F087FD00F086FD00F08BFDBDE8B2
:101D7000084000F089BD00F000B807B512200DF151
:101D80000601FFF70EFBBDF8060003B05DF804FB8B
:101D900070472DE9F84F9846DDE90B490D9B154634
:101DA0009A0706460F4623D02A460A9B03EB040AED
:101DB0001444A24220D10D9B9B0705D5A2EB050A36
:101DC000D14505EB0A0420D82046BDE8F88F4346EC
:101DD00039462020B0470AF1010ACA450AEB0B0236
:101DE000F5D3A9EB04024C4588BF00222A44DCE766
:101DF000A246A5EB040BF0E702F1010B434639467E
:101E00001AF8010DB0475A46D3E7434622463946F1
:101E10002020B0470AF1010AD2E72DE9F047DDE9B9
:101E20000D7616F0020F9DF82880DDE90854DDE9F3
:101E30000BCE1FD106F001094FB1B9F1000F06D04A
:101E4000B8F1000F02D116F00C0F00D0013F4FF097
:101E5000300A02E005F804A00134A64501D9202C7F
:101E6000F8D1B9F1000F05D04FF03009BC4201D2D2
:101E7000202C2DD116F0100F1FD016F4806F2CD10E
:101E80005CB3744501D0BC4227D1B4F1010E23D01C
:101E9000BCF1100F46D1023C16F0200F28D1202CA7
:101EA00028D04FF0780C05F804C00134202C21D044
:101EB0004FF0300C05F804C00134202C1AD0B8F1D2
:101EC000000F23D04FF02D0C05F804C0013412E0B0
:101ED00005F804900134C9E77446BCF1100FDBD05B
:101EE000BCF1020FE2D1202C04D04FF0620CDAE7F3
:101EF000202C08D12024CDE90A76CDE90854BDE88C
:101F0000F047FFF746BF4FF0580CCCE716F0040F30
:101F100002D04FF02B0CD7E716F0080FEBD04FF0A4
:101F2000200CD1E7BCF1020F7446C1D1DDE72DE9E9
:101F3000F04391B0189D1A9E1D9F0DB927F0100710
:101F40007C0500D515B317F0200F14BF4FF0410EDC
:101F50004FF0610EAC4600250DF12008AEF10A0EDF
:101F6000BCFBF6F906FB19C95FFA89F4B9F1090F50
:101F700094BF30347444E4B2B44508F8014B05F121
:101F80000105BCFBF6F401D3202D10D11C9C069753
:101F900005941B9CCDE903649DF86440CDE9015490
:101FA00008AC0094FFF739FF11B0BDE8F083A446F8
:101FB000D6E72DE9F04F95B0269ECDE90A23DDE95D
:101FC0001E74DDE9229B57EA040308BF26F01006C1
:101FD0007205CDE9080102D557EA040337D016F09F
:101FE000200F14BF4123612300250DF1300AA3F116
:101FF0000A0821464A465B463846E8F72DFAD2B22F
:10200000092A94BF303242444F45D2B274EB0B04DC
:1020100005F101050AF8012B01D3202D14D1259BD0
:1020200006960593249BDDE90801CDE903939DF80D
:102030008030CDE901530CAB0093DDE90A23FFF7B3
:10204000ECFE15B0BDE8F08F07460C46D1E7002541
:10205000E5E710B1D1E90031184770477047F6F74E
:1020600051B813B51AB10024009400F0F9F802B089
:1020700010BD2DE9F0418CB005AC84E807001C468A
:102080008C42254628BF0D460F46129B1DB314B344
:1020900011462846002603F53813CDE90A468DE897
:1020A000030003F241134FEA4328C5EB432309938E
:1020B00002950CAA059B12E90700069500F072FA3A
:1020C000BC4208D93146621BA8EB04000CB0BDE845
:1020D000F04100F065BA0CB0BDE8F08130B591B0C8
:1020E00001AC84E807001C461346DA0049BF029A97
:1020F0006200033222F00302014604A8FFF7B1FF99
:1021000004A800F0C2F81499224601F5381101F232
:1021100041114D0208A8C4EB41210023FFF7A1FFA4
:1021200005F5007100232246091B0CA8FFF799FF53
:102130000CA800F0AAF808A904A800F086F811B0CD
:1021400030BD70B590B001AC84E807001C4614990E
:10215000164601F5381101F2411122464D0208A838
:10216000C4EB41210023FFF77CFF05F500712246F7
:102170000023091B0CA8FFF774FF0CA800F085F8DA
:10218000F30048BF029A334648BF033201994CBF5F
:1021900022F00302620004A8FFF763FF04A800F026
:1021A00074F804A908A800F050F810B070BD10B57C
:1021B0008CB005AC84E807000E9ADDE9060102F553
:1021C000381202F5A0725202CDE9092300228DE8EF
:1021D00003000B9202930CAA059B12E9070000F082
:1021E000E1F90CB010BD2DE9F04B4FF00008994615
:1021F0000746164645468AB003AC84E8070002F05D
:10220000805B07AC049A424502D80AB0BDE8F08B67
:10221000139B13B9AA1E012A0AD9129BCDE907798B
:10222000099600955BB194E807004B46FFF721FF44
:10223000BBF1000F00D14F440135C844E2E74B46E3
:1022400094E80700FFF7B3FFF2E708B5E6F74CFCA8
:10225000E6F780FCE6F788FCBDE80840E6F798BCA6
:1022600010B5044622F07042103060602160A26018
:1022700039B1A26803F070431343A360029BE3608B
:1022800010BDA36843F08043F7E701234360C368B0
:1022900043F02003C360836843F0005383607047BA
:1022A0000E2070474FF4806070474FF48070704785
:1022B00001207047E6F7C2BBE6F788BBE6F78CBBA8
:1022C000E6F790BBE6F7F0BB37B515464A6804461B
:1022D0003AB18C680093096845EA0403FFF7C0FF30
:1022E0000446204603B030BD2DE9F04FD3B0CDE910
:1022F0000123DDE9608500230390042003ACCDE9D0
:10230000050307C907AB83E80700214618465D9E11
:102310000494E6F751FC0746002840F0BA805C9A26
:102320000AAB07CA83E80700494201F00F09002100
:102330005E9B5F9A5B6852680D9113445B4203F0A9
:102340000F0AD8F8043012915B420093B368DA00A8
:1023500048BF73684FF0100242BF033323F00303FA
:102360007360AB68DB0041BF6B68033323F003038A
:102370006B605E9BD3F804B05F9B5C680BEB04035F
:102380005344CDE90E3173685B4203F00F03CDE98E
:1023900010136B685B4203F00F03CDE9131316AB08
:1023A0001846159100F0EAFA5C9A516851B9D8F8CC
:1023B00004100C4354EA0B0401BF10229146CDE9EE
:1023C0000B240A9011234FF0005204A932A8FFF702
:1023D0007BFF40F611034FF0005207A9FFF774FF8F
:1023E00042F611034FF000520299FFF76DFF44F6D9
:1023F00011034FF000520199FFF766FF41230022BD
:102400005E99FFF761FF4FEA0A234FF000525F9990
:1024100043F04103FFF758FF4FEA09234FF0005202
:1024200043F001030AA9FFF74FFF009B4FF0005252
:102430001B0203F47063414643F00103FFF744FFBE
:102440001038FFF722FF00230DA91A461AA8FFF73C
:102450003BFF002331461A46FFF736FF002310A941
:102460001A46FFF731FF002329461A46FFF72CFFD3
:10247000002313A91A46FFF727FF002362991A4683
:10248000FFF722FF1038FFF700FF1AA932A8FFF765
:10249000DCFE384653B0BDE8F08F084611461A46B8
:1024A0005B68102B01D1E6F70FBC0720704782B0A4
:1024B00000B589B00DF1200C20290CE907000B9321
:1024C00012D8DDE90E0102AB83E803005CE90201EA
:1024D0008DE803000BAA059B07CA00F0E7F809B0D6
:1024E0005DF804EB02B070470120F8E782B070B5E8
:1024F00086B00B93119B03AD202B85E807003CD8D9
:102500000C9AB2EB430F3AD10F9EB34237D1062259
:102510005A438A4203D003EB83038B422FD101221B
:1025200031462220129BE6F721FA0446F8B901232E
:10253000CDE9003395E807000E253346FFF753FE3B
:1025400000950EAA07CA3346FFF793FD23460622DD
:1025500029460220E6F7F6F9E6F724FA06230446B0
:1025600078B900930BAA334607CAFFF7EAFD204665
:1025700006B0BDE8704002B070470124F7E70724B9
:10258000F5E71C46F3E7034610461944CA1A012A28
:1025900000D5704711F8012D02440A701012F5E7BA
:1025A00000F0ECB982B02DE9F0418AB005AE12F02E
:1025B000804586E80700149C119333D1139B8C420D
:1025C00028BF0C4613F08053884603D1129A9442D8
:1025D00028BF144634B30F2C13D9DDE912018DE85E
:1025E00003000294119B96E80700E6F785FAE6F7E8
:1025F000B1FAE6F7B9FA0AB0BDE8F04102B0E6F781
:10260000C7BA059E119F93B1A8EB0502042A3B6847
:1026100028BF0422701909A90435099300F0D5F9DF
:10262000AC42F1D80AB0BDE8F04102B07047224692
:10263000394630460AB0BDE8F04102B000F0C5B9F5
:1026400082B070B586B00E9E0B930C9B03ADB3EBBE
:10265000460F85E8070027D10122314626200F9B2F
:10266000E6F784F90446C8B90123CDE9003395E8BB
:10267000070006253346FFF7B6FD00950BAA07CAEB
:102680003346FFF72BFD2346224621462846E6F730
:1026900059F9E6F787F9041E18BF0524204606B04D
:1026A000BDE8704002B070470724F7E782B02DE91B
:1026B000F04F89B001AC84E80700149A0D468A42B5
:1026C000139305D0072009B0BDE8F04F02B0704762
:1026D0001E460B4413F8013CDB07F3D50027F35DDE
:1026E0008BB3FF2413EA040A2FD1DDF804803A46A5
:1026F000514608EB07094046EF1B00F03FF9CDE9D2
:10270000067ACDF8149005F1FF3A05AB0ECBDDE962
:102710001607B847002101278C46084699F8003073
:1027200023EA040389F80030A94211D1BCF1000F5B
:10273000C8D00028E9D1002FE7D101224046FFF799
:1027400022FF3846BFE70137C9E76400E4B2C9E7B2
:10275000725C8A4518F8013008BF02F0FE02A2EB55
:10276000030E4FEA1E2EBEF1000F0CBF4FF0000B00
:1027700007F0010B5340013B1B0A002B0CBF002745
:1027800007F00107002A18BF4CF0010C40EA0B00CB
:102790000131C9E708B5E6F71FF910F00C0FFAD0C0
:1027A00010F4806018BF062008BD10B50446E6F797
:1027B00037F92046E6F780FB18B9BDE81040E6F788
:1027C000E7BB062010BDE6F78BBF10B50446E7F760
:1027D0008BF82046DEF7E0F92046E6F7A3FC10BDB3
:1027E00001207047704770477047DEF795B9704712
:1027F00008B5DEF7F3FAFEF7D2FDDEF7E5FAE6F705
:10280000D3FFBDE80840E0F7E9BDE6F763BF08B5D0
:10281000DFF7AEF9DFF752FAE7F760F8BDE80840F6
:10282000DFF798B808B5FCF707FBE4F7FBFDFEF708
:1028300070F9DEF7A7FDFEF76AF9FEF76EF9FEF70D
:1028400002FA0BF049FCE7F72FF8E6F7B5FFBDE811
:102850000840E6F76FBF08B5E5F7DCFFFFF7FFFBC1
:10286000E6F758F8FFF7FAFBBDE80840FCF7C0BAF6
:10287000DEF714BF704708B5DFF728F8BDE8084059
:10288000E6F77EBFE6F73CBF7047E7F71BB808B531
:10289000FFF73CFAE6F71AFCFFF762FAFFF793FF3F
:1028A0000AF098FDF8E72DE9F843074688461446F4
:1028B0000026D4E90195B9F1010905D52468002C59
:1028C000F7D13046BDE8F883AB89012B07D9B5F9BC
:1028D0000E30013303D029463846C04706436835D9
:1028E000E9E770B50C46B1F90E1096B0154600290F
:1028F0001E460ADAA18911F0800113D14FF48062DB
:10290000002031602A6016B070BD6A46E8F7F6F91B
:102910000028EFDB019901F47041A1F50053594201
:102920005941EBE700214022EAE70139024410B5A2
:10293000904201D1002005E0037811F8014FA34235
:1029400001D0181B10BD0130F2E7884210B501EB31
:10295000020402D98442234607D8431EA14207D06D
:1029600011F8012B03F8012FF8E70244824200D14D
:1029700010BD13F8011D02F8011DF7E702440346DC
:10298000934200D1704703F8011BF9E710B56AB113
:102990000139841810F8012B11F8013F9A4203D134
:1029A000A04201D0002AF5D1D01A10BD1046FCE794
:1029B00070477047704710F8012B11F8013B012A4E
:1029C00028BF9A42F7D0D01A70470A44431E91425A
:1029D00000D1704710B511F8014B914203F8014F37
:1029E000F9D110BD034613F8012B002AFBD1181AA8
:1029F0000138704738B50B6905460C4613B90025F8
:102A0000284638BD18B1036A0BB9E8F739F8B4F9AC
:102A10000C30002BF3D0626ED00704D4990502D499
:102A2000A06DFFF7C6FF28462146E8F719FA636E46
:102A30000546DA07E4D4A3899B05E1D4A06DFFF72E
:102A4000B9FFDDE710B50C46B1F90E10E8F79AFAB8
:102A50000028ABBF636DA3891B1823F48053ACBF60
:102A60006365A38110BD2DE9F0411F468B890546A2
:102A70000C46DB05164605D502230022B1F90E10DF
:102A8000E8F76EFAA3893246B4F90E10284623F40B
:102A90008053A3813B46BDE8F041E8F785BA10B505
:102AA0000C46B1F90E10E8F75BFA421CB4F90C3091
:102AB00015BF606523F4805343F48053A38118BF8E
:102AC000A38110BDB1F90E10E8F780BAF7B504463E
:102AD00014F4004C4FF6FF7608BFFF2620F40040A8
:102AE000050205F4E065C0F306209E42019145EA27
:102AF000000504F0380E0846897904D201A800F0D8
:102B0000B4F900271AE06FF30F044EF0800EEE18B0
:102B100044EA0E0444EA162436020C31B6B24718D1
:102B200034434450391D2944BCF1000F09D021F829
:102B3000023C1146E8F75AFA0028E2D1384603B0C1
:102B4000F0BD01F8013CF4E770B504460E46156887
:102B50000A460021FFF712FF25F4004520462122F6
:102B6000314600F0D3F8290A04312046C9B200F0FA
:102B700053F9A3791C44E56070BD026810B501F0FB
:102B8000040022F40044C2F306220021043240F083
:102B9000290000F04FFB10B183790344DC6010BDC5
:102BA0000346002200681A600179E8F71FBA10B5E1
:102BB0000021FFF7E2FF044608B9002010BD0179AB
:102BC000E8F714FA0028F8D1A3790C33E018F5E7F8
:102BD0002DE9F0411746056801F0040125F4004590
:102BE0002C0204F4E064C5F306252C4306461A467D
:102BF000043441F0290507B18BB13B4621462846F4
:102C000000F0EBFB804650B1E1B200F078F93B46B2
:102C10002A4641463068BDE8F041FFF757BF002023
:102C2000BDE8F0812DE9F341002401F004010668BC
:102C3000074641F02905106829461460019000F00C
:102C40001EF9019800F0A0F926F40046310201F4C3
:102C5000E061C6F30626314380460122043101A813
:102C600000F0B9FA30B101A800F0FFF8204602B038
:102C7000BDE8F08143462A4601993868FFF726FFF0
:102C8000F5E708B5FBF738FD08B1C3681BB100389C
:102C900018BF012008BD4069F6E72DE9F0478846D6
:102CA000164658B352B3E8F7E9F9074640B3B146C0
:102CB0000025BA469AF806109AF807403F68641A49
:102CC000E4B2444584BF4446012544B10C31484632
:102CD00022465144FFF779FEA144A8EB0408504670
:102CE000E8F72CFA002FE4D165B93246022052F8F9
:102CF000041B09F0B8FC2846BDE8F0872220FBE75A
:102D00001B20F9E71E20F7E77047704738B51446D7
:102D10000A4600210546FFF731FE042324F01C0477
:102D200044F010042C716B7138BD2DE9F74F1F462C
:102D30009DF83030894683460193002850D0002901
:102D400066D00D68002D65D04FF0000AEC79A979A6
:102D5000641AE4B2BC4207D30C31394458462944C2
:102D6000E41B0BEB020836E02868AA463F1B00284C
:102D700036D00546EAE70619464588BFA8EB0004A9
:102D8000224688BF4646FFF720FE019B002B3CD021
:102D9000A879E4B23FBB2044A871E979AA799142AD
:102DA00033D1D9F800202F68AA4208BFC9F80070B3
:102DB000BAF1000F01D0CAF800702846E8F7BEF952
:102DC00067B1BA79FC7902F10C013D4639443046CD
:102DD0000027A41AE4B24045CDD30646A6EB0B006B
:102DE00003B0BDE8F08FEA793919121AD2B29142D4
:102DF00007DA0C302844D21B0144121B3844FFF779
:102E0000A4FDEA79121BEA71C7E7AA462F68D7E743
:102E10000846E5E72846E3E710B5C4790246C4F161
:102E20004503D8B2884228BF08460444D47110BD77
:102E300038B50546C079C0F14504E4B2944288BF74
:102E4000D4B20C3022462844FFF7BFFDEB79204670
:102E50002344EB7138BD1FB503910021009103A9F4
:102E6000FFF763FF05B05DF804FB38B50446206842
:102E700000B938BD0568E8F761F92560F7E7034652
:102E800001F0EC0103B970471A79834202F0130292
:102E900042EA01021A715A790CBF42F0010202F0B3
:102EA000FE025A711B68EDE710B578B1026872B97D
:102EB000002309E0194603600B68002BF8D05C7909
:102EC000E407F7D500240C600360104610BD1146DE
:102ED000F2E720B1006810B14379DB07FAD57047FB
:102EE000034658B10020DA7999791B68521A50FAD2
:102EF00082F01BB15A79D207F5D57047704770B58B
:102F00000D460446E8B186798E4203D3751A857161
:102F1000012070BDC27906F145039B1ADBB29942CC
:102F20000FD806F10C010144921BA81BD2B2084431
:102F3000FFF70BFD0023A371E3791D44AD1BE57181
:102F4000E6E70020E5E710B50C4698B191B1897924
:102F5000E279C379521AC3F14503D2B2DBB293428C
:102F600008D30C312144FFF763FF2046E8F7E6F869
:102F7000012010BD0020FCE70346006818B102687C
:102F80001A600023036070470346002003B97047AE
:102F9000DA7999791B68521A50FA82F0F6E70368D9
:102FA0000BB9016070471A461B68002BFBD11160FA
:102FB0007047036803B10B600160704739B10B467D
:102FC0001A461B68002BFBD1036813600160704731
:102FD00070B5046806460D4644B12046FFF7D4FF9D
:102FE000A84211D8236813B9E379A37170BD2046B4
:102FF0003360E8F7A3F83468F4E7ED1A2368204655
:103000003360E8F79BF83468002DEFD0A279E379BC
:103010009B1ADBB2AB42F0D92A44A271E6E7F8B5BD
:10302000066805460C4646B13046FFF7ADFFA042A4
:103030001DD8336813B9F379B371F8BD30462B60EE
:10304000E8F77CF82E68F4E7064638460768002F54
:10305000FAD1C2798379D31ADBB2A34202D9121B07
:10306000C271EAE7E41AE8F769F83EB13760002C6C
:10307000E3D028680028E0D00026E7E72E60F6E7D6
:10308000F8B504460F46BC4200D1F8BDA179E579F8
:103090006D1AEDB2C5F14506B6B20EB92468F2E775
:1030A00049B10C312A46214404F10C00FFF74DFCD4
:1030B0000023E571A3712368BB42EFD05A79D20790
:1030C000ECD49979DD79A0796D1AEDB2B54228BFBB
:1030D0003546E2790C3010440C312A46194420441C
:1030E000FFF773FCE379206853FA85F3E371837982
:1030F000761B53FA85F5C379EDB2AB42B6B2857152
:1031000003D103682360E8F719F8002ED3D1C5E78F
:1031100038B50C46016809B9046038BD0D46096828
:103120000029FBD1236823B12046FFF7A9FF2C60BB
:10313000F3E721462846FFF706FF0028EDD1F6E722
:1031400038B1002302790360436083600423027175
:103150004371704700221146E8F76EB838B504464F
:103160000D46FFF7CCFEA8B994B12079FFF7F2FF26
:1031700068B104606279437992074CBF43F002035F
:1031800003F0FD03437145235D1BC371857138BD99
:103190000120EBE72046FAE738B5036804460D4600
:1031A000ABB11879FFF7D6FF98B122684379026076
:1031B000527992074CBF43F0020303F0FD034371C1
:1031C00045235D1BC37185712060002038BD01203F
:1031D000E8E71920FAE770B50C461646054628B30D
:1031E000006818B309B9002070BD0AB145291FD87D
:1031F000E1B2FFF784FE0028F5D11EB92B689A7959
:103200009E71A41A442C08D8002CECD02846E1B2B8
:10321000FFF7C2FF0028E6D004E045212846FFF76B
:10322000BBFF08B11920DFE7453CEBE72220DBE7D5
:103230002120D9E75318452B02DCC9B2E7F7FCBFC0
:1032400000207047F7B5002605460F4601960DB9D8
:10325000019C09E0002238461146E7F7EDFF0446DD
:1032600028B901A8FFF701FE204603B0F0BDA979F7
:1032700043798171EA7923F00303C2716879521AA4
:1032800000F00300034301F10C0063712918D2B26E
:103290002044FFF79AFB019B03B9019406B1346007
:1032A00026462D68D3E72DE9F74F0C469046074692
:1032B000002852D0002C53D0E279A579521BD2B20B
:1032C0009A4207D9C2460C351D442544BAF1000F75
:1032D0000ED13EE024689B1AECE7254634E0002C32
:1032E00039D0002238791146E7F7A6FF3860074643
:1032F0008CB387B3E679F8790C362644761B5645AD
:10330000334628BF5346C0F1450B5FFA8BFB5B4544
:10331000994628BFD9460C304A462946384401937D
:10332000FFF753FBFA794E454A44019BFA714D442D
:10333000AAEB090A08D12468002CCED0A579E2793D
:10334000AA42F8D00C3525445B45BFD3BAF1000F33
:10335000C5D14FF0000AA8EB0A0003B0BDE8F08F1A
:103360002046FAE72DE9F8430E461546074680B396
:1033700089B35AB30446E279A3799A4202D1A146AD
:10338000A84611E02368002BF9D0D9799A799142A7
:10339000F5D01C46EFE72AB9B9793879E7F74CFF41
:1033A000024688B1A1461446424631462046FFF700
:1033B0003FFD4C4518BFC9F80040A8EB0008226843
:1033C0000644B8F1000FE6D1A5EB08052846BDE894
:1033D000F8830546FAE70D46F8E7452937B515465F
:1033E0001C4611DC0022C9B2E7F726FF019040B16C
:1033F00022462946FFF7B6FF844202D901A8FFF70B
:1034000034FD019803B030BD0020FBE738B5154608
:10341000C9B2FFF795FE81712944C17138BD0B68AF
:1034200003B11868086010B14379DB0703D5003891
:1034300018BF012070470068F4E70B6813B90860F3
:10344000012070471868086020B1407900F0010041
:1034500080F00100704713B500240246019438B192
:10346000104601A9FFF7E9FF28B9002C18BF224632
:10347000104602B010BD019CF2E7E8F7B9B80AF0B7
:10348000D5BF2DE9F0410E460746E8F739FC8368C1
:103490003060D90703D400242046BDE8F081002223
:1034A0004321ECF725F80578044605F00F05032DB8
:1034B00090F801800DD1BB8A9A060CD4BB8A9B0779
:1034C00002D4B8F1250FE6D8032DE5D0052DE3D0C1
:1034D000E1E7052DF2D13068E9F722F90028EDD1B6
:1034E000D9E7838A9B0602D5084602F0ACBA70473A
:1034F00002F0A9BA41773120ECF7B8B856280CBFD2
:103500000123022331204B77ECF7B0B808B5E8F778
:10351000F1FCBDE808403120ECF7A8B838B500F15F
:103520002C050446284602F048FA50B194F82030A1
:1035300013F0180F05D02846BDE83840002102F0EE
:1035400052BAA06A38BD2DE9F84390F823300546F9
:10355000012B0E4602D90020BDE8F88390F82030F8
:10356000D90758BF86F00106002E4AD1077EFFF723
:10357000D5FF02F01CFB0378417807F1FF389A066B
:1035800001F102015FFA88F80BD5B8F1010F08D8F4
:10359000012F14BF04240824837803F01F0304EBD5
:1035A000C306384602F039FA95F8213081465B07A8
:1035B00054BF022195F82510384648BF0231B8F1B2
:1035C000010F9DBF013189B24FF0A0084FF00008F4
:1035D00002F023FA0746EC68E8F712FDA4F59673AB
:1035E000A3EB09039B1BDB1BA3EB08031B1A002B9C
:1035F000B1DD95F8210000F00C00003818BF012063
:10360000AAE70120A8E738B504462C3002F0D5F926
:1036100094F8213001288CBF43F0080303F0F7032E
:1036200084F821302046FFF779FF054602F0BFFA03
:1036300094F82030228CC3F38001C3F340039B0035
:1036400043EAC10394F8211042F40052C1F3C001CF
:1036500043EA0113017842F0080201F023010B4311
:103660000370437803B122842846BDE8384002F055
:10367000A3BA5328F8B50C4615D009D8232800F072
:10368000EA80512800F0C880BDE8F840FFF73EBF4F
:103690005628F9D191F82030DA075CBF23F01003E7
:1036A00081F82030F0E7E8F72BFB054600220221E5
:1036B000EBF71EFFAB680646D80735D494F82330E5
:1036C000013384F8233094F82630013384F826300F
:1036D000002601212046FFF736FF0746C0B194F8C7
:1036E0002030D80740F1818094F8213059077CD4EC
:1036F00004F12C0002F061F9012894BF002301239A
:10370000580094F82210E8F765FA2046FFF77BFF8F
:103710002846E8F72FFB032E69D1284602F093F9DB
:103720002B7B84F8273064E0002394F8212084F870
:10373000233042F0100384F82130317894F820309F
:10374000C1F38001C3F38000814218D083F00403E9
:1037500043F0100184F8201042F05002090784F869
:1037600021200CD523F0080343F0100304F12C00B2
:1037700084F8203002F03FF93320EBF777FF3278FE
:1037800094F82030C2F3C001C3F34003994228D11A
:1037900094F82130D2064CBF43F0040303F0FB033E
:1037A00084F821307378B3B994F8203083F00203A1
:1037B00084F82030327897078AD072789AB143F033
:1037C000200384F8203094F82130032643F02003AE
:1037D00084F821307DE72846E8F7A2FF0028E3D1EE
:1037E00076E7012675E7022673E7022089E7002EB7
:1037F00096D194F82130DA070AD494F8202043F0C7
:103800000103D60748BF6A6884F8213048BF2260A8
:10381000002F3FF439AFF8BD91F82030084623F06F
:10382000300381F8203091F8213043F0020381F811
:103830002130FFF773FE02F0BAF900212046FFF7AE
:1038400082FE00283FF420AF94F822100120BDE84A
:10385000F840E8F7D5B991F82030DD06DBD5180738
:103860000BD46568E8F7CCFB2D1AB5F57A7FD2DB6F
:103870002046BDE8F840FFF7C6BE91F82130190791
:10388000EFD504F12C0002F098F80128E9D9C2E73D
:10389000ECF7B6BB0A2802D80130C0B27047242822
:1038A00001D80230F9E7252805D0262805D0272899
:1038B00018BFFF207047002070470C20704708B5E4
:1038C000ECF7A4FB20B1BDE808402020E8F7D0BC0D
:1038D00008BD70477047704770478B6918470020D4
:1038E0007047704770474FF00000704700207047E6
:1038F00070477047002070470020704700207047D5
:1039000000207047002070474FF0FF30704770472D
:10391000704700207047002070477047704770471D
:103920007047704770477047F4F7C2BBF4F7C8BBE5
:10393000F4F7E0BBE1F7AAB9704708B5E8F732F849
:1039400018B1BDE80840E8F709BD08BD2DE9F84306
:103950000E6A05460C461EB106600020BDE8F883DD
:10396000088B4B8B18440A3080B2E8F7D9F82860EE
:1039700090B32046E8F7FEF9D5F800800A2198F8C0
:1039800006704046FFF748FA0C37A37B08EB07099F
:1039900089F80730637B314689F80630628B238BC8
:1039A00020461344A9F80830237B4FF6FF7289F8AC
:1039B0000530636848F807302B68E8F70DFA238B69
:1039C000628B1344984201D12660C6E72B681BB175
:1039D0002846E8F769F82E601920BFE71046194617
:1039E000704737B50C4605460DF1060101A8E8F70A
:1039F00077FD43F6FF739C420DD047F6FF739C4260
:103A000009D0BDF904309C42B8BF1C46BDF9063050
:103A10009C42A8BF1C46AC8103B030BD70477047C4
:103A20000020704700207047704711207047002029
:103A300070470020704770477047704701238371BB
:103A4000D31CC3714379417343F003038273437101
:103A50007047002070470020704770477047002073
:103A60007047704770474FF0FF3070470020704735
:103A700070477047002070474FF0FF3070471120AB
:103A800070470020704701207047002070470020D9
:103A90007047002070477047002070477047002033
:103AA0007047002070477047704700207047002023
:103AB00070477047704700207047704770B51546D3
:103AC0001A1D0E46D2B20E21FFF7B8FF83790C33D0
:103AD00018440123A0F803608370457170BD38B5A8
:103AE00004460D46FF21FFF7A9FF83791C44A57307
:103AF00038BD38B504460D463E21FFF79FFF837958
:103B00001C44A57338BD70B50E4615460F2104221E
:103B1000FFF794FF83790C33184401238680C37028
:103B2000857070BDFFF78ABF10B504460023FFF70C
:103B3000C5FF2046BDE81040E8F736BE2DE9F0414C
:103B4000804602200F4616461D46FFF703FB04463B
:103B500088B10C210822FFF771FF83790B441C44C4
:103B60009DF81830A4F803806771E6802581A37062
:103B7000E8F71AFE0120BDE8F081F8B504460F46CB
:103B80001646132109221D46FFF7B3FF83790C3334
:103B90001C441323E770A37026712B68C4F805300A
:103BA000AB88A4F80930BDE8F840E8F7FDBD70B572
:103BB000054602200E46FFF7CDFA0446B8B1284666
:103BC000EAF72CFB01F0E4F900F0010004221421D3
:103BD000A0602046FFF78DFF1422A3790C33234405
:103BE0009A70A3F803505E71E8F7DEFD012070BD06
:103BF00008B507F066FE08BD2DE9F0410746022032
:103C00000D4690461E46FFF7A5FA0446E0B109228C
:103C10002121FFF76EFF0A2283790C331C44BDF982
:103C2000183084F8038093FBF2F323729DF81C3064
:103C3000A7806372BDF92030A67193FBF2F3E571A2
:103C4000A372E8F7B1FD0120BDE8F08100F0F2B900
:103C50007047704738B5044602F0DFFB054658B997
:103C6000C820E8F757FCC82202212846E8F7F0FCF4
:103C70008442A8BF044624B22046E8F74BFC02F079
:103C8000CCFBBDE83840C8220221E8F7E1BCB0F91E
:103C90000020B1F900302DE9F3479A4204460D4661
:103CA0004BDC0AF063F98046EAF716FD002841D1A3
:103CB000E8F7E2FC824602F0B0FBC8220221E8F7F6
:103CC000C7FC0DF10601814601A8E8F709FC47F69B
:103CD000FF73B5F900209A4204BFBDF806202A8080
:103CE000B4F900209A4204BFBDF804302380B5F92E
:103CF0000000FFF7AFFF0746B4F90000B842C4BFA9
:103D000038462780E8F756FC02F0D0FF064660B13F
:103D10005046E8F74FFC4846E8F7FCFB40460AF0FF
:103D200020F9304602B0BDE8F087E8F7A5FC208016
:103D30002F80F3E741F20C06F0E72126F1E730B1DE
:103D400090FAA0F00123B0FA80F08340D8B2704717
:103D500070B5064601F022F9C0F3801484F0010426
:103D600002060546E4B206D40821304601F0AEFD55
:103D700044EA4004E4B2EB0506D40B21304601F0DE
:103D8000A5FD44EA8004E4B2204670BD4B1E032B1F
:103D900010B50C4601D8032902D10023184610BDE6
:103DA000FFF7D6FF04EA00038443F6D1F6E72DE9D6
:103DB000F743044688461646019301F0EFF8C0F336
:103DC0004015204601F066FB21468146284601F059
:103DD000D6F8074606B32046EAF738FA804620466A
:103DE00001F05BFB32460146019B1FFA88F0E8F7C1
:103DF000DDFD2146284603F022FC2021204601F06B
:103E0000D3F857E8003F43F4805347E80032002AD4
:103E1000F7D103B0BDE8F08301A8FFF726F899F8C1
:103E20000110404601F00F0101F0EBFD2A46062883
:103E300014BF01463146204601F0DEFAD9E70329D6
:103E400070B506460D4614460CD0042919D0012938
:103E500015D1222101F0E7F82846314603F01FFC76
:103E6000002070BD136812791B680021FFF79FFFC7
:103E700000222368314601201A6003F010FC012063
:103E8000EFE713680C221B68EFE7012910B5044621
:103E90000CD101F083F82146C0F3401001F06FF817
:103EA0000023817C1A462046FFF781FF012010BDC8
:103EB0002DE9F7430F46054601F070F800F02009A0
:103EC000C0F34018284601F0E5FABB7900780C33BE
:103ED0003B445E789B7800EA10101E403040FFF7AC
:103EE0002EFF044648B9B9F1000F06D12846FFF766
:103EF0002FFF3040FFF723FF0446284601F0CDFA9C
:103F0000EBF7A6FAA04223D01CB30221284601F009
:103F10008DF800210646284601F04FF91821384651
:103F200003F004FB384603F0F2FAB6B239464470A7
:103F30008470A0F80360284603F0DEFA2346224688
:103F4000294640460096E8F785FD03B0BDE8F083BA
:103F500000242646E2E770B504460D4603F0CFFB89
:103F600028B929462046BDE87040FFF7A1BF402888
:103F700029462046BDE870404FF0160314BF2A22A0
:103F80002322ECF7DDBE38B505460C4601F006F8F5
:103F9000830604D42046BDE83840E7F7CFB8214671
:103FA0002846BDE83840FFF783BF2DE9F3418C79FF
:103FB00006460C340C440D4600F0F0FFA17807468D
:103FC0003046FFF7E3FE617880463046FFF7DEFEBD
:103FD000B4F8032003460092C7F34010424631462E
:103FE000E8F738FD284602B0BDE8F041E7F7A6B88B
:103FF00008B58B790B441B7B162B03D0172B05D0F0
:10400000002008BDFFF7A7FF0120FAE7FFF7BBFF7D
:10401000FAE708B58B790B441B7B162B03D0182BC2
:1040200005D0002008BDE8F73FFD0120FAE7FFF7C3
:10403000BCFFFAE77047C0F3845303EB830300EB44
:10404000830080B27047F8B500231360047D0546F5
:104050008068FFF7F0FF14F00807034603D00B4415
:104060006B600120F8BD6E68701AB0EB030CF8D5D8
:1040700014F001000AD1D5E90374E41B14EB0C0F12
:10408000F0D419448E1B16606960EAE73846E9E708
:1040900010B50446E8F75CFD6168E069E8F7D8FD13
:1040A000BDE8104001F045BD38B50C46C94301F0EC
:1040B00001010546E8F70CFEA30702D4E869E8F71A
:1040C000F1FDBDE8384001F034BD10B50446E8F715
:1040D000FFFD2046E8F73CFDBDE8104001F029BD9A
:1040E000007D00F00100704707B5036801A8019347
:1040F000E7F74CFA03B05DF804FB01F0FCBCFFF7F6
:10410000C6BD70B504460D4609F030FF236A064669
:104110002B432362A36973B16368C3F57A75E7F72C
:104120006FFFE84202D52046E8F7BAFE3046BDE808
:10413000704009F016BFB5F5007F04D1E06AFEF7C4
:1041400023FF2085F2E7206BFEF71EFF6085EDE779
:1041500002F0BABD2DE9F04F85B09146139A8A4618
:10416000B2F900201D46009200229DF838301399C4
:1041700001930A809DF84830826902930446DDF875
:1041800040B09DF850309DF858609DF864809DF8CF
:104190006870002A40F00C8105F01C021C2A00F017
:1041A000EF80EA0617D405F00302032A08BF05F0E2
:1041B000FD0505F0F70500222046218D0393E9F760
:1041C00027FD40F2712202FB09F29042039B08D9BD
:1041D00041F24500D1E0012605F01403142B3346CB
:1041E000E9D1A80608F0FD0248BF05F0FC05012A48
:1041F00000F0CC80B8F1020F08BF4FF004089A0716
:1042000084F8718000F1C5805B0740F1C480B8F18B
:10421000030F14BF0321042107F0FD03012B84F8D1
:10422000801000F0BA80022F08BF0427B00784F87E
:10423000727000F1B480720740F1B380032F14BF95
:10424000032304230020009A84F89030E8F700FA52
:10425000EF060646A4F85C0008D402F0DEF8009AE7
:1042600094F89010E8F7F4F9A4F85C00139B314639
:10427000188004F17800FFF7B4FB47F6FF7104F1F2
:104280008800FFF7AEFBE06C94F89010FFF7CCFBD2
:10429000FF22236A84F862209DF8602023F09F03A8
:1042A00043EA021305F01802182A08BF43F08003FE
:1042B00023F06003680723620CD4029AD10744BF3D
:1042C00043F020032362029B9A0742BF236A43F014
:1042D000400323622946204600F0D9FB236AA4F854
:1042E000585023F00703236204F16902BBF1000F69
:1042F00059D0DBF80010C4F86910BBF804109180A5
:104300009DF83C20012A02D143F004032362019B63
:1043100003F0FD03012B02BF236A43F00103236274
:10432000019B023B012B9EBF236A43F002032362E1
:10433000FFF7AEFA94F874309DF85C2084F87300AF
:1043400023F00F03C0F30320034362F3071384F841
:1043500074309DF84430204684F86030EB0648BF46
:10436000236AA4F854A048BF43F40023A4F856904D
:1043700048BF236200F0A8FC002005B0BDE8F08F24
:1043800001264FF0060A3346D1462AE74FF00308CC
:1043900035E7022140E701213EE7032746E70223F4
:1043A00050E701234EE7C4F869B0A2F804B0AEE7C5
:1043B00041F20C00E1E7F8B51646026A044622EA2B
:1043C00006020262DA070D46069F0ED50846FEF782
:1043D0004CFDA3694BB9B4F85830DB0605D4B6F5EB
:1043E000007F204608D100F036FB1FB13946284631
:1043F000FEF7D5FD0020F8BD00F03BFBF5E770B5FA
:104400000446C06A0D46FEF7BFFD0646206BFEF768
:10441000BBFDB1B282B22046E9F7FAFBA36933B122
:1044200040F27122B4F854305343984201D800202E
:1044300070BDB4F85630834205D22846FEF715FD0C
:1044400041F24500F4E700F51C70B0FBF2F0A4F86F
:104450005400ECE7930701D5FFF753BE7047F0B562
:1044600085B016460446039330B903A8FEF7FDFC59
:1044700041F2420005B0F0BD01291BD0022906D04F
:1044800059B103A8FEF7F1FC41F21200F2E703A8CC
:10449000FEF7EBFC41F20C00ECE74FF4007700F183
:1044A0002C05B4F858305B0709D503A8FEF7DDFCEE
:1044B0000020DFE74FF4806700F13005F1E7039B50
:1044C0003A462946009320463346FFF774FF286892
:1044D000FEF75AFD1F2801DC032E01D02846D1E744
:1044E00029462046FFF78BFF20B939462046FFF7C3
:1044F00008FEDDE741F24500BCE783693BB1B0F857
:104500005830DB070FD490F86130FE2B0BD0036AD4
:1045100043F4005303620B68C0F863308B88A0F843
:1045200067300020704741F20C00704738B5B0F892
:1045300058300446DB070AD4204600F075FB0546D8
:1045400018B10021204600F054FB284638BD836C8A
:10455000002BF1D1EAF7D8F8A0640028ECD141F2A1
:104560000905F2E7A0B1CB0742BF036A43F48053C9
:1045700003628A0742BF036A43F4804303624B0726
:1045800001D400207047036A43F400430362F8E754
:1045900041F242007047A0B1CB0742BF036A23F447
:1045A000805303628A0742BF036A23F48043036295
:1045B0004B0701D400207047036A23F400430362D1
:1045C000F8E741F2420070471FB5436B0C4623B930
:1045D000836B13B9002004B010BD9A79002198189C
:1045E0000E306A4601F012FE9DF80730002BF1D024
:1045F000009A0120D35A2380EDE738B50546FF2104
:1046000090F8900001F0BBFD2B6A04469B0209D58F
:104610002846E8F71DFDFFF771F9837903F01F03C2
:1046200004EBC304204638BD10B5044609B101208F
:1046300010BDC06C48B9206D60B9B4F858309B0704
:10464000F5D1206AC0F38050F2E7FFF7EBF90028BC
:10465000F1D0ECE7FFF720FA0028EED0E7E710B53D
:104660000446FFF7E1FF002814BF18200020B4F82B
:1046700058309A06C3F3800103F0400358BF40F05E
:10468000010043EA4103184310BD38B50C46002130
:104690000546FFF7C9FFD0B9E30615D504F01800A9
:1046A00095F88030012B11D12B6AB5F858201C04E5
:1046B00044BF02F040010843910607D4920704BFAB
:1046C000C3F38033184301E004F05B0038BD1820C9
:1046D000E6E72DE9F04F8BB01E46149B0F46D3F84A
:1046E00000A09DF854809DF8585003908DF81F202D
:1046F000BAF1000F45D15046FEF72CFD044618B91B
:1047000019200BB0BDE8F08F149B186063793A460E
:1047100023F00103637103980023CDE900640DF1D8
:104720001F01E8F7CBFE0246B8F1000F06D00720C4
:10473000A3792344197B60F3030119731AB3D7B12A
:10474000002339462046FEF7AEFD06462046FEF71A
:1047500082FE8146002D14BF4FF00C0B4FF0080B6A
:104760004BF01002CBF38003049205933846FEF71A
:104770000BFCB0420CD86379002043F00103637155
:10478000BFE75446C2E7002FF5D0A1461646E1E741
:104790003846FEF7F9FB0021A0EB06085846EBF778
:1047A000FBFD059B03B10730C0F1FF0323EAE37370
:1047B0009845D1BF5A46C0F1FC03049A23EAE3733B
:1047C00098454FF000000692A8BF9846FEF7C2FC3D
:1047D000069A054638B9BAF1000F2FD02368206039
:1047E000099309A82BE0437909A943F00103437118
:1047F0000023C9F800008DF8242001903A46009368
:1048000003983346E8F75AFE1FFA88F2904206D022
:10481000EB79A879023B434429181B1A4B735AB110
:104820003346394628461FFA88F2FEF73CFD064417
:104830002846FEF710FE0546A94697E71498FEF7AE
:1048400014FB5DE7B0F85830D90608D45A07C3F313
:10485000800005D513F0030018BF01207047002029
:10486000704710B50446C06C18B9206D68B90020B7
:104870000AE0FFF7D7F80028F7D0B4F8580000F0A6
:104880000300B0FA80F0400910BDFFF708F90028D6
:10489000F3D1ECE72DE9F84F054690461F46FFF7A8
:1048A000DEFE014606462846FFF7EFFE8346284611
:1048B000FFF7D7FFB5F858A081461AF0030F06F0AE
:1048C000EF0407D11AF0200F02D11BF0010F01D025
:1048D00006F0EE042B6A44EA4914E4B2C3F38056AE
:1048E00028465B0254BF44F0080444F00C04FFF770
:1048F000A9FF48B144F002040A9B88F800403E70CA
:1049000083F80090BDE8F88F1AF0040F08BF04F098
:10491000FD04F1E72DE9F043B0F858300446C3F345
:104920000016DB0687B05CD400F138052846FEF798
:104930009CFAB4F858300DF1170813F0020FC3F3C6
:10494000400929D0314620460DF116030DF115021C
:10495000CDF80080FFF79EFF9DF8167001233146C9
:104960002046CDE901679DF815200095FFF7B1FEBF
:1049700048B9236A57B143F400139DF8172042B198
:1049800043F48013236207B0BDE8F08323F40013DF
:10499000F3E723F48013F5E7E76A3846FEF7F4FA05
:1049A0000DF1160381B20DF115022046CDF80080FD
:1049B000FFF770FF9DF81660012339462046CDE9C8
:1049C00001969DF815200095FFF783FE88B9236AAC
:1049D0004EB143F400139DF817203AB143F480130D
:1049E00023620020CFE723F40013F4E723F48013BD
:1049F000F6E71920C7E770B5B0F858300446DA0674
:104A000086B002D5002006B070BD9B07FAD500F134
:104A100040063046FEF729FA256B002DF2D0B4F897
:104A20007330204605A9ADF81030FFF7CDFD18B161
:104A3000BDF81430A4F87330002307222946CDE9CD
:104A40000123204609220096FFF743FEBDF81030EF
:104A5000A4F87330D7E710B504463430FEF705FAF2
:104A600004F13800FEF701FA236A23F4601323628D
:104A700010BD10B504463C30FEF7F7F904F14000D4
:104A8000FEF7F3F9236A23F40023236210BDB0F884
:104A9000583070B5DA060446C1F3001601D50EB1E0
:104AA00070BDBEB100252046FFF7D5FF2046FFF7B9
:104AB000E0FF04F12C00FEF7D8F9E562258504F14A
:104AC0003000FEF7D2F9236A2563658523F4C063BD
:104AD0002362E5E7C1F34005C3F34003AB42DFD0F7
:104AE000FFF7B9FF2046FFF7C4FF4DB104F12C00DA
:104AF000FEF7BBF9236AE662268523F40073E7E735
:104B000004F13000FEF7B1F9236A2563658523F4CB
:104B10008063DDE72DE9F8438846114605461746D0
:104B20009946FFF79CFD014606462846FFF7ADFD76
:104B30000021EBF731FCC11C95F88000042804D15A
:104B400095F87130032B18BF032000F066FF4FF477
:104B5000FA7308F1FF345C43F30600FB0844A5F840
:104B60005A0015D595F89080B8F1040F05D195F845
:104B70007230032B18BF4FF00308B5F8580000F04F
:104B80000300012807D0022819D004F5487478B131
:104B90002046BDE8F8832421404600F03EFF102166
:104BA0000546404600F039FF04F58A642C4404446D
:104BB0003A464146304601F0B8FA0444E8E70E218F
:104BC000404600F02AFF05464A464146304604F575
:104BD0008A6401F0AAFA2C44EFE710B50446E8F71E
:104BE00059F9844204D1BDE810402220EAF73EBDC5
:104BF00010BD38B504460D460830EBF7AFFD204632
:104C0000FFF7EBFF85F0010100252046FFF74CFA86
:104C1000A06CA56110B1E9F7C3FDA56404F14400DF
:104C2000BDE83840FEF721B970B590F86130044610
:104C3000FE2B09D1633000F055FF00F04CFF18B196
:104C4000236A43F40053236242F20103256A2B4096
:104C5000012B36D0A9072BD5C5F3800504F16906D1
:104C6000002231462846FEF707FF002184F8620043
:104C7000FEF711FF002231462846FEF702FF18B169
:104C800094F96200002815DA236A23F002032362F4
:104C9000B4F85830DA070BD59B0709D40122314606
:104CA0002846FEF7EEFE18B1236A43F0080323629C
:104CB000002070BDB4F8581001F00101FEF7EBFEC2
:104CC000E6E741F21200F4E738B5044609F04EF980
:104CD000628D0546218D2046E8F79AFFB4F85410FE
:104CE000B4F85620E060521A40F2712101FB020331
:104CF00003F59C53083328462361BDE8384009F08A
:104D000030B938B50446B4F85820B0F95C0012F058
:104D1000100F94F88030C2F3001104F1780514D01C
:104D2000024619460020E7F793FC01462846FEF7A5
:104D300058FE47F6FF7104F18800FEF752FEB4F901
:104D40008400BDE83840E7F7A5BC94F8812001F065
:104D50005FFB01462846F0E710B590F85E20044658
:104D6000AAB1A1B190F85F300133DBB29A4280F86A
:104D70005F300CD80121FFF73CFF236A43F48033F6
:104D800023624FF08050BDE8104000F0D0BE226A90
:104D9000D1050CD5636A61685B1A002B07DA012123
:104DA0002046FFF726FF236A43F48023E8E7130633
:104DB00024D4FEF76DFD1123B0FBF3F394F97020BA
:104DC00003EB0313C01A83B212FA80F0102888BFD5
:104DD000C3F110035BB2083A1A4484F8702040F221
:104DE0007121B4F8542020461A44636801FB023351
:104DF00001216360BDE81040FFF767B90023EEE7CB
:104E000073B50446FEF744FDC0F30F23542B34D989
:104E1000A92B8CBF02230123C0B27E288CBF0222A3
:104E2000012203218DF804301344B3FBF1F000EBB1
:104E300040001B1A8DF805301344B3FBF1F202EB6E
:104E400042029B1A8DF80630002319461A4601AD1E
:104E500015F8010B44FA00F6F60705D55600B040E8
:104E600003430132DBB2D2B20131C9B20329EFD11F
:104E700043EA8210C0B202B070BD0023CCE7C94340
:104E800050E8003F0B4040E80032002AF8D170475C
:104E900038B505460C4601F0C2FA20B149F6404348
:104EA0009C4228BF1C46EA68A2420BD240F2712104
:104EB000B5F87E304B43934238BF1346A34228BF18
:104EC00023461A462A6138BD826A034612F4007FDF
:104ED00000F1480005D0D3F82821B3F84010EBF7D3
:104EE00015BB93F87310EBF707BB002070477047B2
:104EF00000207047002070477047704700207047BF
:104F00000020704770477047704770470020704717
:104F10000020704770470020704701207047C8206C
:104F200070470020704770470120704770477047F6
:104F300090F8892010B5531C03F00F03072B28BFEE
:104F40000023044663F30302034480F8892083F8B6
:104F5000821090F889306F2B4FEA13129EBF0132F6
:104F600062F3071380F88930FFF7E1FF204694F8D9
:104F7000301101F0C6FC10BD70477047704710B18A
:104F800001F1B000704701F1D4007047F83070476C
:104F9000806A7047836A0B4383627047C06A7047B8
:104FA000C36A0B43C3627047C36A23EA0103C36247
:104FB000704700F59C70704790F8891008B50F296C
:104FC00004D90909823002F0A4FF08BD7F20FCE764
:104FD00070B540F2712606FB01F345685643826ABC
:104FE0001D44D207044645600ED500F1440529460C
:104FF00090F84220EBF786FD334629462046BDE86F
:105000007040012202F000BA05EB5605456070BD04
:10501000D0F8A40000B9704743799B0701D4006819
:10502000F8E70120704780F87B10704738B50446D8
:105030000D46E9F70BF980B2FFF75CFF80B14288BB
:10504000022DB4F8400011D0032D0BD0012D06D154
:10505000A38FA26B1B01B3FBF2F3184480B238BDDF
:105060000122EDE74FF47A43A26BF4E7E38F5B0094
:10507000073313FB0200F1E738B5044602F0B9FB31
:1050800004F1A400FDF7F1FE04F1A800FDF7EDFE28
:1050900004F1AC00FDF7E9FE2046E9F7D7F8C4B209
:1050A0002046FEF727FC05462046FEF725FC014674
:1050B0002846FEF71EFC38BDB0F8343110B5A0F814
:1050C00032310446E9F7C2F8C0B2FFF728FF94F87E
:1050D000303194F8312104F1480101F099F9014689
:1050E00004F59470FEF77DFCB4F93221B4F9343143
:1050F0009A4209D0A36ADB0406D52046BDE81040D9
:105100004FF40041E9F7B8B810BD806B7047836A6F
:105110000A4600F14801C3F34020EBF7A9B970B586
:1051200004460E4615463AB9A36A23F440534EB9D5
:10513000A36255B9002004E0EBF79EFA0028F3D1F2
:10514000112070BD43F48053F2E743F40053A3628F
:10515000F0E72DE9FF41836A0446DB0428D5B0F966
:105160003481B0F932710020E7F786FA8045CCBF70
:105170000025012501F051F9C82294F83011E7F714
:1051800067FA06462046E9F761F8B045B4BF002645
:105190000126002345EA4605CDE90085A8EB07076F
:1051A0003FB202971A4694F8301180B2FEF724FD00
:1051B00004B0BDE8F0818A307047F8B504460E4669
:1051C00000295BD040F27123876B30465F43A7F222
:1051D0008A277F08394600F029FC94F89230851F11
:1051E000ADB29D4239463046A8BF1D4600F01EFCB8
:1051F00094F89320831F9BB29342A6F10300A8BFAB
:1052000013460128B4F88A10B4F88C202BD8B1F5D5
:10521000296F44F29020B8BF4FF429618142A8BFA2
:105220000146B2F5296FB8BF4FF429628242A8BF88
:1052300002461B2DB8BF1B251B2BB8BF1B233046B6
:1052400084F8953084F89450A4F88E10A4F8902037
:1052500000F0ECFB831F9BB2AB42A8BF2B46DBB236
:1052600084F89630F8BDB1F5A47FB8BF4FF4A471AF
:10527000B2F5A47FB8BF4FF4A472DAE71B23EFE7BF
:105280002DE9F341876B490089B28F4204461646E7
:105290001D463FD040F271224368816302FB073311
:1052A00002FB11334360E8F7D1FF4FF0000887B2EB
:1052B00033464246012138460195CDF80080FFF77C
:1052C00021FE3846FFF726FE41463846FFF71BFE13
:1052D0000123E28FB242A28F1CBF0123E687AA42BC
:1052E000A26A1CBF0123A587D20700D5A3B1A38F53
:1052F000A26B1B01B3FBF2F3204694F83011A4F823
:10530000A030FFF75AFF0421204602B0BDE8F0416B
:10531000E8F7B2BF0023DCE702B0BDE8F081F0B5EA
:1053200085B004460E466A4600F18A0300F19207F2
:10533000154618685968083303C5BB422A46F7D199
:105340001868314628609B882046AB80FFF735FF00
:105350009DF80B2094F895309A4211D1BDF80620A3
:10536000B4F890309A420BD19DF80A2094F894300A
:105370009A4205D1BDF80420B4F88E309A4207D085
:105380004FF48141204605B0BDE8F040E8F774BF16
:1053900005B0F0BD37B5044694F89250BDF818003A
:1053A0008D420BD1B4F88A50954207D194F89350AE
:1053B0009D4203D1B4F88C5085421BD08DF8061065
:1053C000ADF80420019D84F8921084F89330A4F87D
:1053D0008C0094F830112046C4F84051A4F88A207B
:1053E000FFF79DFFB4F88E30A4F88A30B4F89030FF
:1053F000A4F88C3003B030BD70B5044616460D4697
:1054000071B190F830318B420AD00126012201F0AF
:1054100046FB00222946204601F001FB84F830516A
:10542000204694F83011FFF77AFF36B12046BDE8E8
:1054300070404FF48441E8F71FBF70BD30B4C56AB7
:1054400015F0040F0DD145F00405C56280F89E10DB
:10545000A0F89A204FF4006130BCA0F89C30E8F727
:105460000BBF30BC704710B511B190F89E400C7066
:1054700012B1B0F89A10118013B1B0F89C201A80C4
:1054800090F82C00C0F3800010BD836A43F4806361
:105490008362704700F5A270704790F83001704742
:1054A000F8B5044608F062FD65680646E6F7A8FD13
:1054B0002B1AB3F5FA7304D53046BDE8F84008F06E
:1054C00050BD40F27122A16B94F874505143B3FB6C
:1054D000F1F3B4F8402098B2121AA4F8402094F8DE
:1054E000732000FB1522252592FBF5F705FB1722FB
:1054F000002AB8BF521984F87320B4F8A020121AF9
:10550000A4F8A020626800FB1122002120466260FE
:10551000FEF7DBFDD0E7F0B5036B04469D0790F87E
:105520007B6087B001D5FFF7A7FD236BD90700F19A
:105530004D81236B9A0411D52046E8F787FEA16AB6
:10554000C0B2C1F34021FEF732FB002800F06381B6
:105550004FF4005104F13000FFF791FC236BD804A5
:1055600009D500212046E9F781FB4FF4805104F171
:105570003000FFF784FC236B590513D52046E8F76C
:1055800065FE002394F89F50C2B21946284601F0E8
:105590004BFC002800F03F814FF4806104F13000A3
:1055A000FFF76DFC236B5A0712D52046E8F74EFE35
:1055B000A16BA38FE28FC1F34F0180B201F048FDD0
:1055C000002800F02881042104F13000FFF757FC87
:1055D000236B1B070AD5204602F0EDFA002800F0E5
:1055E0001A81082104F13000FFF749FC236BDF0624
:1055F00017D52046E8F72AFEE16A80B211F48051FF
:1056000000F01C81002101F0B8FD002800F00381AA
:10561000E36A102123F48053E36204F13000FFF7C2
:105620002EFC236B5D0613D52046E8F70FFE94F899
:105630007B3080B20093D4E9082301F081FD00287B
:1056400000F0E980402104F13000FFF718FC00264B
:10565000236B180516D52046E8F7F8FD00230093C4
:10566000B4F89C30B4F89A2094F89E1080B2FEF7FB
:1056700065FA002800F0CF804FF4006104F130009B
:10568000FFF7FDFB236B13F480452FD1990513D54C
:105690002046E8F7DBFD2B462A4694F8301180B20D
:1056A000E7F784F9002800F0B6804FF4007104F1A8
:1056B0003000FFF7E4FB2E46236B1A0616D5204672
:1056C000E8F7C4FDB4F8903080B2009394F89530B8
:1056D000B4F88E2094F8941001F081FD002800F0B9
:1056E0009A80802104F13000FFF7C9FB236B9B06F1
:1056F00010D52046E8F7AAFD94F87B1080B201F09F
:1057000053FD002800F08780202104F13000FFF7CE
:10571000B6FB0026236BDF0508D504F130004FF4FB
:105720008071FFF7ACFB204602F07DF8236B1D046F
:1057300008D504F130004FF40041FFF7A0FB2046EC
:1057400001F02AF8236B580308D504F130004FF418
:105750008021FFF794FB204601F07BFA236BD903ED
:1057600008D504F130004FF48031FFF788FB204664
:1057700001F013F9236B9A0308D504F130004FF4BC
:105780000031FFF77CFB2046FFF7D0FB236B9B0724
:1057900018D5002220461146FFF7C6FB2046FFF72A
:1057A000C5FB2046E8F752FD94F87B1080B201F06B
:1057B000BBFD80B304F130000221FFF760FB2046FF
:1057C000E8F7EEFF012084F87B6025E0A76AFB077D
:1057D000C7F3803522D5002D0CBF012503252046B7
:1057E000E8F734FD94F89F3029460593002304938D
:1057F00094F84230C7F340020393A38F80B2029320
:10580000E38F0193A36BC3F34F03009304F175037C
:1058100001F03EFC20B9002007B0F0BD6D00DEE7CE
:10582000012104F13000FFF72AFB50E8003F43F468
:10583000005340E80032002AF7D17AE601F0B4FCC8
:10584000E3E608B50220FDF785FC28B9BDE808406D
:105850004FF08060EAF726B8BDE8084001F040BD8F
:10586000826A002122F0C0028262E9F7FFB90123B7
:1058700010B5A1F12002C1F1200423FA04F403FAC7
:1058800002F222438B40D0E9084123400A401343EF
:1058900014BF0120002010BDC36A10B5044613F0E8
:1058A000080012D00123A1F12002C1F1200023FA47
:1058B00000F003FA02F202438B40D4E908010340EE
:1058C0000A40134314BF0120002010BD10B50C4640
:1058D000C9B2FFF7E1FF70B1EAF77AF8C4F120022C
:1058E000A4F12003E04001FA02F2104321FA03F38D
:1058F000184300F0010010BD70B504460E46EBF7EA
:10590000A3FA08F033FB05460221204684F87B60A9
:10591000E8F7B2FC20460121FEF7C6FB2846BDE8A9
:10592000704008F01EBB70B50D46044608F01EFB23
:1059300006462046E8F724FC304608F012FB2946CC
:105940002046BDE87040FFF7D7BF0B68C0F8403174
:10595000704738B540F64805D0F840310C460B602A
:105960009BB2AB4204D90B21FFF7B0FF08B92580E9
:1059700038BD44F290232380FAE708B5E8F7CEFD5E
:1059800001F076FA00F06DFD01F074FDEBF7C6FE54
:10599000BDE80840EBF72ABF38B50546FDF7AAFF7A
:1059A00004462846FDF7A8FF214602460220FDF7DF
:1059B000AEFF38BD00230384704790F8203090F884
:1059C0002120981AC0B2704710B590F8203090F896
:1059D00021205C1C9A1A80F8204003F0070340F84D
:1059E0002310D0B210BD90F82130194401F0070106
:1059F00050F82100704790F82130013380F82130B1
:105A00007047022808D0042803D0012818BF0620B8
:105A1000704701F00101C81C704710B50C46E9F74A
:105A20002DFD0279408804FB020010BD10B50C4624
:105A3000E9F724FD4388A3429BBFE41A03790020C1
:105A4000B4FBF3F010BD37B50446E6F793F92046F2
:105A5000E6F77EFE002301A80193E6F733FA054638
:105A600040B9A368322043F00403A360019B236282
:105A7000E9F7FCFD284603B030BDEAF78DB838B52C
:105A80000546EAF7B7F8044608F070FA2B68A360F9
:105A9000AB88A381A37943F00103A37108F061FAF5
:105AA000012038BD38B50C460546EAF7A3F8014693
:105AB00005B1083106222046FCF737FFB0FA80F026
:105AC000400938BD10B50446EAF794F8036823602E
:105AD0008388A38010BD08B5EAF78CF8807900F0C0
:105AE000010008BD10B50446EAF784F88368236016
:105AF0008389A38010BD70B50E461546E8F734FDC6
:105B0000044648B93046E7F701FC044620B9284668
:105B1000EAF7F0FB044640B10020E8F725FD00203D
:105B2000E7F7F4FB0020EAF7E5FB204670BDF1F74C
:105B30002BBB4FF40010F1F727BBE9F707BE112884
:105B400008B502D0122805D008BD1320BDE80840D2
:105B5000E9F78CBDE9F7B2FFEAF744F8E9F722FE6E
:105B60001420F3E7E9F72EBD08B5EAF733F8E9F7B3
:105B700059FFE9F7EFFCBDE808401120E9F776BDD1
:105B8000132808B502D0142809D008BDEAF732F866
:105B9000FFF773FFBDE808401220E9F767BD00205A
:105BA000E9F7FEFCBDE80840F9F71BB970478379B7
:105BB0000C33184470477047002337B5044601255D
:105BC0000193204601A9FDF738FC08B903B030BDA8
:105BD00001982A468379C1790025C91A0C33C9B2C4
:105BE0001844E6F72BFBECE70378024603F00F03BB
:105BF000072B10B50FD1837813F03F000AD0D3786C
:105C000013F0100006D0012103F00F00941CEAF7F6
:105C1000D9F9204410BD0020FCE7512810B50C46EE
:105C200007D1E6F767F92046BDE810400021FDF7EF
:105C300061BCBDE81040FDF761BC51280B4609D19D
:105C40008A8A18461305C2F3C02101D5E9F7DEBFE1
:105C5000FDF750BCFDF752BC10B50C780378C4F3C7
:105C60008014B4EBD31F1BD162B9023103F00F03D0
:105C7000032B13D106220830FCF757FE003818BF5B
:105C8000012010BD8A7894060AD0CC78E40707D5A5
:105C900002F03F02062A03D90431E7E7052BE9D0D9
:105CA0000120EEE72DE9F0410D46848A1146284691
:105CB000C4F340021E46FFF7CFFF10B10120BDE83C
:105CC000F08115F8027BFDF7DEFE04F4C07880F069
:105CD0000103B8F10002C7F38017294618BF01225B
:105CE0003846DBB200F086F8014630B14FF4C070A0
:105CF0003040B0FA80F04009E1E7FDF7CAFE002825
:105D0000DCD1B8F1000FF1D0E04300F4C070EFE750
:105D100021B140780C3818BF01207047012070472E
:105D200070B586B004469DF828600B9D11B901201E
:105D300006B070BD62B9012204A90DF10F00FDF794
:105D4000A6FED0B9204610F8021BC1F3801117E05F
:105D5000002BF0D129463046FDF78CFE0028EAD111
:105D60002378C3F38013B342E1D106222946A01C55
:105D7000FCF7DBFD0028DAD1DDE79DF80F1004A861
:105D8000E8F730FD0028D2D10123218B009308468B
:105D9000638BA28B01F042FB0028C8D0627D531EAA
:105DA000072BC4D8238B9342C1D9E28A9A42BED82A
:105DB000A37F5BB9E37F4BB994F8203033B994F8F3
:105DC00021301BB994F822300F2BB0D994F823005E
:105DD0001B3000F01F000B2894BF00200120A7E714
:105DE00010B50C4608B9E6F73BFA2146BDE810406D
:105DF000FFF713BEF0B587B00E4617468DF80700C3
:105E000002B9B3B331469DF80700FDF73EFE0446E4
:105E100080B931469DF80700FDF73BFE38B90125F2
:105E200087B9FDF723FE80F001000543ECB2204660
:105E300007B0F0BD012204A90DF10700FDF727FE10
:105E40000546EDE79DF80710003918BF01210CB198
:105E500005B104AE30460DF10F02EAF709FA28B990
:105E60009DF80F40013418BF0124E0E74FF0FF34E4
:105E7000F8E70124DBE783790C33C218937813F039
:105E80003F0004D0D3781940081E18BF0120704786
:105E90002DE9F7434FF00009044686798DF8071085
:105EA0000C360321A0F80690904687191D46FCF792
:105EB000B3FF072224F80690A35D18F0020F62F3E7
:105EC0000303A355BA7808F0010318BF43F0020397
:105ED00063F387129DF80730BA7003B935B1012218
:105EE00020460DF10701FCF7A3FF0125BB7865F300
:105EF0000503BB7003B0BDE8F08310B50121044673
:105F0000FFF7B9FF28B12046BDE810400621FCF795
:105F100083BF10BD70B50D4602210446FFF7ABFFED
:105F200000B3A07900F10C02A35CA11823F0800358
:105F3000A354E379D5F869601B1AD8B20E5051FA10
:105F400083F3B5F86D10204699802B6A062113F073
:105F50000C0F1EBFA35C43F08003A354BDE8704048
:105F6000FCF75ABF70BD38B50D4604210446FFF753
:105F700082FF30B12046A91D0122BDE83840FCF760
:105F800057BF38BDF7B504460F4616461D460DF1FE
:105F90000701013301228DF80730FDF7E3F90DF118
:105FA0000701012220468DF80770FDF7DBF92A462C
:105FB0003146204603B0BDE8F040FDF7D3B9F0B557
:105FC000054614889C420AD2281947782E5D8F42D4
:105FD00004F1010416FA84F403D19C4203DD00208D
:105FE00002E0A4B2EEE71480F0BD37B50D460421FF
:105FF0000446FFF740FF78B140F2FF23ADF80030D0
:1060000000238DF80230AB886A46ADF80330FF21DB
:1060100005232046FFF7B6FF03B030BD38B50D4667
:1060200008210446FFF727FF30B129462046BDE886
:1060300038400222FCF7FCBE38BD2021FFF71BBF11
:1060400037B50C4640210546FFF715FF50B10A232E
:1060500094FBF3F4012228460DF107018DF8074067
:10606000FCF7E6FE03B030BD10B58479C37904F1C6
:106070000C021B1B02390244D8B251FA83F353704D
:106080009378033860F30503937010BD837873B57C
:106090009A0604460D4620D0C07843071DD501213D
:1060A000EAF77AF90138ADF80600E61CA378FF217B
:1060B000304603F03F030DF10602FFF780FF60B1A9
:1060C0000378062BF2D140F2FF2342889A42EDD1A9
:1060D0000379002BEAD1A0F8055002B070BD38B5A5
:1060E000837804469A060D460CD0C078C30609D5BD
:1060F000012100F00F00EAF74FF90444A37865F39B
:106100000503A37038BD38B5837804469A060D465A
:106110000AD0C078030707D5012100F00700EAF78D
:106120003BF92B880444638038BD70B505460E46A4
:1061300000F06B0000211446EAF72EF954FA80F4BF
:10614000FF2C05D821463046BDE87040FFF748BE19
:10615000FF213046FFF744FE05F04005FC3D00F509
:10616000487061190446FF2904EB000304D8304647
:10617000FFF736FE204470BD1C462944F3E708B5FE
:106180000231C0B2FFF72CFE00F5FA7008BD37B53A
:106190000246136A084603F0020403F48055DB0745
:1061A00005D47CB9FFF78EFC204603B030BD4CB956
:1061B000B5FA85F4D2F8631064090160B2F867207B
:1061C0008280F1E7019092F96230B5FA85F400938C
:1061D00000231A4619461846FDF751FC6409E3E707
:1061E00010B50446A378084613F03F030CD0E378BB
:1061F00013F0010308D0211DFFF7C9FF237860F3D6
:1062000086130120237010BD1846FCE770B51446B4
:10621000054610220E4620460021FCF7AFFB2B78E6
:106220009A064FD06B1C23606A78D30743BFF343B1
:1062300003F001032371012348BF0723900707D50B
:1062400016F0020F0CBF1946002106336171DBB254
:10625000500707D516F0040F0CBF19460021013373
:10626000A171DBB2100707D516F0080F0CBF194655
:1062700000210233E171DBB2D00607D516F0100F12
:106280000CBF1946002103332172DBB2900607D5FB
:1062900016F0200F0CBF1946002112336172DBB2D9
:1062A000510607D516F0400F0CBF1A4600220133E5
:1062B000A272DBB22A7802F03F029A4282BFD21A5F
:1062C000E372227370BD1FB50C466A46002102308E
:1062D000FFF79CFF9DF8063013B1A179009AD154C5
:1062E00004B010BD30B585B004460D4602306A4694
:1062F0000021FFF78BFF9DF8050088B12378009AF5
:1063000023F080032370D5F8693011181350B5F8C5
:106310006D308B802B6A1A0704D45B0702D40120EE
:1063200005B030BD237843F080032370F7E72DE9F3
:10633000F74F06468A46144699469DF830B09DF8B8
:106340003450FCF7FDFE0322B7790E990C3706EBAB
:10635000070888F8032008F10400BBF1000F16D1EC
:10636000E5B9FFF7AFFB9DF83C3008F10A0B83F06D
:1063700001031D40BAF1000F15D1ACB9D9F80030B6
:10638000C8F80A30B9F80430ABF8043017E02DB97A
:1063900031B10B68C8F804308B8883800125E2E7AF
:1063A000FFF7A0FBFAE724B3FDF75DFB0123002113
:1063B000CDE9000B1A460846FDF761FB01240D21CB
:1063C0004B1C88F80130F35DAA0103F00F0342EA89
:1063D000C4121A43F255304688F802100331FCF714
:1063E0001BFD0822F35D62F30303F35503B0BDE820
:1063F000F08F0124C2E7CB08C05C012301F0070144
:106400008B401840003818BF012070477047704714
:10641000024619460020E6F71BB90020704700200D
:10642000704707B500214FF0FF336A4608460093D6
:106430008DF80430EAF71CF803B05DF804FB38B5BA
:106440000546006806F0E0F90446287900F01F00D0
:1064500006F0DAF92044C0B2012894BF00200120E0
:1064600038BD704770B515460E461C46FEF78EFDCA
:106470002B684EB103606B6843602368C0F8253019
:106480002368C0F8153070BD83606B68C3602368F3
:10649000C0F829302368C0F81930F4E770B5054614
:1064A000FEF774FD044607F061FD064640212846CC
:1064B000FEF770FD4FF400612846FEF771FD30468F
:1064C00007F04FFD0023284623612375236284F8DB
:1064D0002430FEF75DFD802310F0010F14BF2375FB
:1064E00084F8243070BD10B50446FFF7B9F9204692
:1064F000BDE810401021E7F7BFBE10B504464FF4C9
:106500006061FEF751FD2046BDE81040FFF7A8B9D5
:106510007FB506460C46FEF739FD4FF4C0610546CF
:106520003046FEF73DFD4FF400613046FEF73CFD7E
:106530004FF48060E9F7C6F9224670B969462846EB
:10654000E9F752FE6B4605F1100213F8011B02F841
:10655000011DAA42F9D104B070BD6C4602F11006CB
:10656000234610685168083203C3B2421C46F7D173
:10657000E8E737B50D46ADF80420FEF707FD044601
:1065800000F12003024601992846E9F759FD236AE4
:106590000133236223B994F82430013384F8243082
:1065A00003B030BD37B50D46ADF80420FEF7EEFC64
:1065B00001990446024600F110032846E9F7A8FDB8
:1065C00030B123690133236113B9237D013323756E
:1065D00003B030BD013903291FD8DFE801F00209FB
:1065E000101712B190F90000704790F90100704740
:1065F00012B190F90200704790F90300704712B190
:1066000090F90400704790F90500704712B190F9B5
:106610000600704790F9070070477F2070470028F8
:10662000ACBF05236FF0040318440A2390FBF3F07A
:106630005843A3F5FF7300B29842B8BF1846C82864
:10664000A8BFC820704708B5C822E6F701F8BDE822
:106650000840FFF7E4BF10B504464FF40050E9F7D7
:1066600031F918B12046E9F79BFF08B9002010BDA9
:106670000720FCE72DE9F74F81464FF400500E4606
:106680001746E9F71FF9002849D04846E9F7A6FF61
:10669000F31E012B81BF012506F1FF33DBB29D40C4
:1066A000044698BF0C2580464FF000034FF00602C9
:1066B00040F2EC4B88BFEDB202FB03FA14F80A106B
:1066C00045FA03F000F0010021F00C01013341EA2A
:1066D000800104F80A100020D9B20193FFF7B3FF3C
:1066E000A8F802B0A8F8040014F80A10019B21F0E1
:1066F000030104F80A10FF21042B88F801104FF061
:10670000060208F10608D7D1002004373146277663
:106710006083A083FFF797FFE083A9F8320103B0FD
:10672000BDE8F08FF8B504464FF40050E9F7CAF819
:1067300070B32046E9F752FF0622054694F830313F
:1067400004F14801581EC0B202FB005094F83121F8
:10675000B0F90400FFF75CFEFFF761FF064607F0A3
:1067600005FC31460746EE8304F59470FDF739F9D0
:10677000B4F93221B5F91E309A4204D04FF40041E9
:106780002046E7F779FD3846BDE8F84007F0E9BB59
:106790002046FEF791FCF8BD2DE9FF4704464FF473
:1067A0000050E9F78FF8002865D007F0DFFB81463D
:1067B0002046E9F713FFB0F91E600546B4F83271C0
:1067C0000020A4F8326194F830A1E5F755FF94F861
:1067D0003031864294F831214FF0C80004F148016D
:1067E000B5F91E80A6EB0707CCBF00260126FFF7F0
:1067F0000FFEFFF714FF6B8B8045B4BF4FF000080E
:106800004FF001083FB2D3B901210AF1FF3AB5F9BF
:106810001E305FFA8AFA01FA0AF148EA460200934A
:10682000C9B23B46204601F0CBFA2046FEF76DFC8C
:10683000830803F548724308B2FBF3F36B832046E9
:10684000FEF7A6FBC30410D5204646EA4806E7F744
:10685000FDFC02970196B5F91E3080B2009300232B
:1068600094F830111A46FDF7C7F9484604B0BDE860
:10687000F04707F076BB2046FEF76BFC04B0BDE89E
:10688000F08710B50C46E9F7A9FE447610BD10B5A7
:106890004C1EE4B2032C07D8E9F7A0FE06235C43A4
:1068A000005DC0F3800010BD0020FCE7F0B585B0AE
:1068B0000646E9F793FE447E054604B30623013CF1
:1068C000E4B25C43035D1B0710D53046E7F7BEFC1E
:1068D0000027697E02232222CDE90177009780B24A
:1068E000FDF78AF92B5D67F3C3032B554FF4802125
:1068F0003046E7F7C1FC2B7E23F002032B7605B070
:10690000F0BD70B505464FF400500E46E8F7DAFFCB
:10691000002841D021212846FEF7BEFF00283BD0A9
:106920002846E9F75BFE0622731EDBB25343C35CC5
:1069300004465A0730D500212846FEF777FB238C02
:10694000984212D9C31A9BB2208483B1A28B93427E
:106950008EBF0022D21A92B2A283628B93428DBF65
:106960000023D21A6283638301E012D32084A38BB5
:1069700093B92846FEF712FB43040DD428464FF482
:106980008031E7F779FC31462846BDE87040FFF7D3
:1069900078BFC31A013BD6E770BD2DE9F84307461F
:1069A000E9F71CFE037E04465B0733D40623467ECC
:1069B00006F1FF395FFA89F903FB09F900EB0908D1
:1069C00031463846B8F90220E9F718FE051E21D0F5
:1069D00014F8093020DA13F0010F1BD13846FEF706
:1069E00094FB830803F548734008B3FBF0F305EB11
:1069F0008505A3836A0031463846B8F9043012B2DF
:106A0000EAF75EFF30B9F11E01299EBF237E43F0F5
:106A100002032376BDE8F88313F0020FDDE7F8B533
:106A200007464FF400500D461646E8F74BFF10B9E5
:106A300011263046F8BD21213846FEF718FF002800
:106A4000F6D03846E9F7CAFD6B1E0446DBB20EB934
:106A5000828B12BB062202FB0343294600223846E2
:106A6000B3F90430EAF72CFF06460028E1D1384696
:106A7000FEF74BFB830803F548734008B3FBF0F3C4
:106A8000033D012DA3839EBF237E43F002032376A3
:106A9000237E23F004032376CBE72326C9E72DE9E1
:106AA000F34705464FF400500E461746E8F70AFF35
:106AB000A8B13146284677B1FFF7E9FE78B92846F4
:106AC000E9F78CFD06F1FF38032E04465FFA88F8DB
:106AD00008D1B1460CE0FFF7DAFE0028EFD102B092
:106AE000BDE8F087042E0CBF4FF002094FF0FF09FC
:106AF000062303FB08F3E25C04EB030A67F382025C
:106B0000E2543FB1207E314600F00100FFF79BFDCB
:106B1000AAF80400B9F1FF0F11D0062303FB09F313
:106B2000E25CE61867F38202E25447B1207E09F185
:106B30000101C9B200F00100FFF785FDB0802221FC
:106B40002846FEF794FE0028C9D02846FEF726FA0C
:106B50000304C4D50123B9F1FF0F03FA08F10CBFF8
:106B6000002303FA09F349B218BF5BB21943C9B253
:106B7000AFB1062303FB0848B8F9043001220093A3
:106B80002846002301F01CF92846FEF7BEFA8308C8
:106B900003F548734008B3FBF0F363839FE740F2CB
:106BA000EC43EBE72DE9F04F884685B00746E9F75F
:106BB00015FD062308F1FF34E4B25C4340F2EC43D8
:106BC00000EB040BBBF902A005469A4525D13846D7
:106BD000FEF7E4F910F4103617D101224146384689
:106BE000FFF71DFF814680B13846E7F72FFB0223F0
:106BF0004A464146CDE90166CDF800A080B2FCF7D7
:106C0000FBFF2B5D66F3C3032B554FF48021384601
:106C100005B0BDE8F04FE7F72FBB4FF00009035D6B
:106C20003846C3F34002C3F3000646EA4206E7F7DC
:106C30000DFBF6B2CDE90169BBF902304A4600937B
:106C40004146022380B2FCF7D7FF2B5D69F3C303F3
:106C5000DAE710B50446E9F7C1FC0021062303FB7F
:106C600001F2825C013112F0080F05D02046BDE828
:106C70001040C9B2FFF796BF0429F0D110BD38B556
:106C80000C460546E9F7AAFC0622631EDBB2534315
:106C9000C25C110709D442F00802C2544FF48021AB
:106CA0002846BDE83840E7F7E7BA38BD002070470E
:106CB00041F0004141F4E02101607047036861F355
:106CC000DB43036070477047704710B5E5F7A6FDDA
:106CD000837900210C33C418E078E6F7ABFA68B189
:106CE000211DFDF70AFC0446E5F79EFDE2B20023F4
:106CF000BDE8104042F23501FCF7E0BE41F242042B
:106D0000F2E72DE9F041E5F789FD837900260C33A0
:106D1000C418E778E5F782FD0568E5F77FFDA7F180
:106D2000FE025142066051413846E6F783FA227965
:106D3000044690B1B0F85830DB060ED52B463146EC
:106D4000FDF78DFB0446E5F76FFDE2B20023BDE8D9
:106D5000F04142F23701FCF7B1BE2B46002120463C
:106D600001F042FAEEE770B5E5F758FD83790C3390
:106D7000C418E678E5F752FD0568E5F74FFD0023F6
:106D8000A6F1FE025142036051413046E6F752FA45
:106D90002279044690B1B0F85830DB060ED52B4668
:106DA0000121FDF75CFB0446E5F73EFDE2B200235E
:106DB000BDE8704042F23801FCF780BE2B4601214D
:106DC000204601F011FAEEE710B5E5F727FD8379CB
:106DD00000210C33C418E078E6F72CFA6168FDF75F
:106DE000C1FB0446E5F720FDE2B20023BDE81040F8
:106DF0004FF61941FCF762BE10B5E5F70FFD837938
:106E000000210C33C418E078E6F714FA6168FDF746
:106E1000C2FB0446E5F708FDE2B20023BDE81040DE
:106E20004FF61A41FCF74ABEFE282DE9F843064604
:106E3000894690461F4616D00220FCF78BF904467F
:106E400090B106221221FCF754FE1223A5792046A8
:106E50000C352544AB7085F803902E71A5F805809C
:106E6000EF71E5F7A1FC0120BDE8F8830020704731
:106E7000704710B5FCF7EDFD0446FCF718FE204303
:106E8000C0B210BD70B5E5F7C9FC83791844B0F8FD
:106E90000F60B0B2E7F7C2F980B1002100F030FE18
:106EA0000546E5F7C1FC044602232A4642F21B01CF
:106EB000FCF704FEA3791C44668270BD0225F0E74E
:106EC00070B5E5F7ABFC83790C33C418B4F8035004
:106ED0002846E7F7A3F9A0B1611D00F011FE0646B0
:106EE000E5F7A2FC04460223324642F21A01FCF7FF
:106EF000E5FDE37923449D72E3792D0A1C44E57294
:106F000070BD0226ECE710B5E5F788FC83790C33F9
:106F100018444479B0F80300E7F780F960B12146DE
:106F2000EAF76AFA0446E5F77FFC2246BDE810401E
:106F300040F20641FCF7E7BD0224F4E770B5E5F73F
:106F40006DFC83791844B0F80F5007F00FF8044631
:106F50002846E7F763F980B11621FEF7E4FC002527
:106F6000204606F0FEFFE5F75FFC2A46BDE87040CC
:106F700000234FF60441FCF7A1BD0225F0E7F8B568
:106F8000E5F74CFC847905460C340444B4F803005E
:106F9000E7F744F9064640B9E5F746FC0222BDE8AA
:106FA000F84042F21301FCF7AEBDAA79EB7900215B
:106FB0009B1A0C320220DBB22A44FCF70EFA01467F
:106FC00018B9E5F731FC0722E9E7837903338371C8
:106FD0003046B4F80D50B4F80F70EAF7B3F9044630
:106FE0003A4629463046E7F727FCE5F71DFC2246DE
:106FF000D5E738B506F0BAFF0446FFF73AFF002898
:107000000CBF0C250025E5F70FFC2A4642F20E01C5
:10701000FCF78AFDFCF722FD2046BDE8384006F06B
:10702000A0BF10B5E5F7FAFB83790C330344B3F83E
:107030000300B3F80510C0B2E7F714FCE5F7F4FB62
:10704000BDE81040002342F224011A46FCF736BD89
:107050002DE9F84381460220884617461E46FCF774
:1070600079F8044690B10A220321FCF742FD00237F
:10707000A57920460C352544EB70A5F80490A5F8B9
:1070800006802F816E81E5F78FFB0120BDE8F88334
:107090002DE9F043814685B002200E461F469DF83B
:1070A00044808DF80F20FCF755F80546002844D0A1
:1070B00022222921FCF71DFD0022AC7930460C3438
:1070C0002C4404F10E0304F11401C4F80E209A803C
:1070D0006261228300913A460DF10F01FCF7C9FC71
:1070E0009DF84030A4F80490E37006F00103A3710A
:1070F0009DF80F3016F0FD0FE3713B68A360BB886D
:10710000A3814FF6FF7304D0032E08BF43464FF010
:10711000FF08BDF8302028466283BDF8342084F88B
:107120002180A283BDF838206384E2839DF83C204F
:1071300084F82020E5F738FB012005B0BDE8F08396
:10714000F8B50746022016461D46FCF703F804462C
:1071500090B10C220421FCF7CCFCA1799DF81830E9
:107160000C31214420468F80C1F80660C1F80A50D6
:10717000CB70E5F719FB0120F8BD70B5064602207B
:107180000D46FBF7E7FF044668B103223021FCF708
:10719000C9FCA37920460C332344A3F803609D70F7
:1071A000E5F702FB012070BD70B5064602200D46D2
:1071B000FBF7D0FF044688B104220821FCF7B2FC9B
:1071C000B5FA85F2A37952090C3323442046A3F87B
:1071D00003605A719D70E5F7E7FA012070BD2DE953
:1071E000F84381460220884617461E46FBF7B2FF49
:1071F0000446B0B10B220721FCF77BFCA579BDF852
:1072000020300C3525442046A5F80390A5F80580CC
:10721000A5F80770A5F80960A5F80B30E5F7C4FAE2
:107220000120BDE8F883F8B5074602200E46154652
:10723000FBF790FF0446A0B10D220521FCF759FC95
:10724000A37920460C332344A3F80370A3F80D6000
:107250002A68C3F805206A68C3F80920E5F7A4FA8C
:107260000120F8BD2DE9FF41164680460F466A46CB
:107270006D460A9C03F1100E94461868596808334D
:10728000ACE8030073456246F6D124B90220FBF74F
:1072900061FF044608B31D22ED212046FCF71FFCC8
:1072A000A3790C332344A3F80380A3F80D702EB107
:1072B0003268C3F805207268C3F809200F332A46E4
:1072C00003CA596004A98A421860154603F10803ED
:1072D000F5D12046E5F768FA012004B0BDE8F08159
:1072E00037B51321827901900C3281548518002220
:1072F0000321C280FBF790FD0198E7F7F9FD0446F2
:107300000198FFF7B3FD204410F0FF0004D101A85D
:10731000FBF7ABFD03B030BDA87080000130687092
:107320000198E5F741FAF5E770B5064602200D46EB
:10733000FBF710FF044678B104220521FCF7F2FBAD
:107340000022A37920460C332344A3F803605D7127
:107350009A70E5F729FA012070BD13B58379019081
:107360000C33C418C05CE6F759FF20B901A8FBF73D
:107370007CFD02B010BD019962788B7912F0300F5C
:1073800003F104038B714B790CBF43F0010303F04D
:10739000FE034B71E7F76AFCEBE72DE9F041E5F7F7
:1073A0003DFA83790C33C418B4F803801FFA88F0CF
:1073B000E6F734FF0746E8B1A2796179FDF7AFFE41
:1073C0000646E5F731FA05460223324642F27A01D3
:1073D000FCF774FBAB791D44A5F8128066B9A3795C
:1073E00053B13846FEF759F801463846BDE8F0413A
:1073F000FFF745BC0226E4E7BDE8F0814368143B93
:107400004360A0230B6070471AB94268A2EB530295
:1074100042600A6802EB83020A60704730B5884216
:10742000BDF80C4019D8052817D9B1F5486F14D804
:10743000B3F5FA7F11D240F67645A2F10A0080B288
:10744000A8420AD803FB04444C4312B26400B4EBD4
:10745000C20F94BF0120002030BD0020FCE7C943CB
:1074600050E8003F0B4040E80032002AF8D1704756
:107470000020704708B5E9F7A3FBBDE80840E9F72D
:10748000F7BD2DE9F04104460F46002601252146AF
:1074900086F00100FDF773FD4FF48051FFF7DFFF29
:1074A000836880463BB1028ABA420CD10022012196
:1074B000204698470540731C022B4FF00106E6D189
:1074C0002846BDE8F0810268D10502D500221146A8
:1074D000EEE79307EFD52046FDF79AFD0246002818
:1074E000E9D10521D8F80830E2E708B5FDF761FDDC
:1074F00000230380436008BD38B504460D46FCF701
:10750000A7FB29462046BDE83840E7F7AFBB10B5DA
:10751000837904460344187BE9F742FB0146204681
:10752000FBF77AFCA0790C30204410BD07B540F27F
:107530000332C28042798DF8071042F00302427193
:107540000DF107010122FBF773FC03B05DF804FBAA
:1075500070B50C460546072120461646FFF7E6FFA4
:107560002046FFF7D4FF214646702846BDE870400C
:10757000FFF7C2BF38B50C4600210546FDF756FDA2
:1075800047F6FE73241AA4B29C4205D92846282146
:10759000FEF7B2F9002038BD0120FCE738B50446FB
:1075A0000D4601460020FDF7EAFC03689B0505D463
:1075B00029462046BDE83840FFF7DCBF002038BD33
:1075C0002DE9F04115461F469DF81880FDF7D7FCC0
:1075D000044606F0CBFCB8F1010F064623D154E86F
:1075E000003F43F4807344E80032002AF7D105B32A
:1075F00054E8002F42F4007244E80023002BF7D136
:10760000FF212046FFF72BFF54E8002F48EA020233
:1076100044E80023002BF7D13046A5602782BDE85F
:10762000F04106F09EBC4FF480712046FFF717FF33
:10763000DDE74FF400712046FFF711FFE0E773B577
:10764000064601200C46FDF79AFC002305461A4623
:10765000009321463046FFF7B3FF6B6863B14FF4E8
:1076600080712046E6F708FE55E8003F43F40073BA
:1076700045E80032002AF7D106F078FC054620469E
:10768000FDF797FC28B103881BB14FF40070FEF79B
:107690004EFA284602B0BDE8704006F062BC38B52C
:1076A00005460C46FDF76BFC83684BB10221204672
:1076B0000022984721462846BDE83840FFF7BFBF63
:1076C00038BD012938B505460C4608D0CC1E012C22
:1076D00003D801460120FFF7E2FF012038BD222137
:1076E000FDF7A1FC20462946FFF7D9FF0020F5E76A
:1076F00008B5FDF744FC006800F0F00008BD10B5C7
:10770000014604460120FFF7F3FF20B92146BDE8FA
:107710001040FFF7EDBF10BD70B506460D4601469F
:107720000120FDF72CFC314604460020FDF727FC24
:107730002268036842EA0301C90523D4920549BFC0
:10774000248A4FF6FF74641BA4B29B0554BF4FF606
:10775000FF73038A304644BF5B1B9BB29C42A8BFA9
:107760001C46FCF7D1F8002804DB411B89B28C428F
:10777000A8BF0C464FF6FF739C4208BF4FF0FF3482
:10778000204670BD0124FBE72DE9F3410446019139
:10779000014601201546FDF7F2FB21460646002072
:1077A000FDF7EDFB80462046FDF7F2FB010706D50D
:1077B00001A8FBF75AFB0C2002B0BDE8F08106F0EF
:1077C000D5FB336807469A0503D4D8F800309B05EB
:1077D00009D50199301D8D60FBF7E1FB384606F0B5
:1077E000C0FB0020E8E706F0BCFB20460199A84753
:1077F000E2E738B5014604460120FDF7C0FB054627
:107800000C30FBF732FB281DFBF72FFB2146002035
:10781000FDF7B5FB04460C30FBF727FB201DBDE848
:107820003840FBF722BB70B5014605460120FDF745
:10783000A6FB06460430FBF79FFB044670B14FF4ED
:1078400000713046FFF70BFE21462846A368984793
:1078500020B12046BDE87040E3F770BC70BD002346
:107860008260C0E900310373704708B50B460146DA
:107870001846FDF784FB4078C0F3400008BDFFF7D1
:1078800020BFCB1E012B70B504460D46164606D808
:107890001A21FDF7C8FB40212046E6F7EDFC3246F1
:1078A00029462046BDE87040FFF70BBF38B50446B7
:1078B0000D46FDF7ADFB28B1012D04D12221204654
:1078C000FDF7B1FB002038BDF8B50C468B790746B3
:1078D0000B44D3F80D60D3F811303246E7F71EF9A8
:1078E00009212046FFF722FE2046FFF710FEA5796A
:1078F000E8F76EF80C3566F0FF0625440640C5F83B
:107900000160E8F765F83846C5F805102146FFF72D
:10791000F3FD02213846E9F77FF9F8BD70B50E4650
:10792000054601460020FDF72AFB012E044603D040
:10793000022E11D0012070BDC16828468B791944F0
:107940000D31FDF7E4FBE068E3F7F8FB0020294682
:10795000E060FFF774FEEDE7C068E3F7EFFB00239C
:10796000E360E7E738B50D46044601460120FDF720
:1079700006FB012D08D100F112012046FDF7C7FBDF
:1079800021462846FFF75BFE012038BD08B5FDF70C
:1079900005FB00F0010008BD38B50C460221054684
:1079A000FDF7FEFA0C212046FFF7C0FD2046FFF749
:1079B000AEFD4FF0FF3383700223C3700F2343707B
:1079C000602303710623214643712846BDE83840F1
:1079D000FFF792BDF8B50C460546FDF7D9FA00F061
:1079E000010787F0010729463846FDF7C8FA012C40
:1079F0000646C06803D0022C21D00120F8BD83794F
:107A00000C33C41823892846E288A188FDF738FC86
:107A10006188627849005200284689B2FDF7D8FA99
:107A2000F068E3F78BFB002328464FF48031F360C6
:107A3000FDF7BAFA29463846FFF701FEDDE7E3F71E
:107A40007DFB00234FF480312846F360FDF7ACFA4C
:107A5000D3E7042910B5044601D0002010BDFDF77E
:107A600097FA00F00100C0F10200E7F72BFF0028B1
:107A7000F3D1FBF76FFB014608B90220EEE7204681
:107A8000E9F784FC0028F8D10120E7E72DE9F0416F
:107A90000F4604469046FDF77BFA00F0010585F09D
:107AA000010521462846FDF76AFA012F064603D054
:107AB000032F0FD001200BE02046FEF71EFD2221F0
:107AC0002046FDF7B0FA28462146FFF7E8FD0020E2
:107AD000BDE8F081C068E3F731FB00232046F36086
:107AE000FEF70BFD204698F80410FDF79CFA20469F
:107AF0002021E6F7C1FB21462846FFF7D0FDD9E754
:107B000037B504460D46FDF749FA00054FD502206A
:107B1000FBF720FB019000284BD0204655B3FDF722
:107B200037FAC1070AD505210198FFF7FFFC019834
:107B3000FFF7EDFC20460199FFF7DEFC29462046C1
:107B4000FEF7E6FC2046FDF723FAC2070FD44FF4F8
:107B500000612046FDF728FA06210198FFF7E6FCB0
:107B60000198FFF7D4FC20460199FFF7C5FC0020DF
:107B700003B030BDFDF70CFAC3070DD501990323FF
:107B800006222046E9F7DCF82046FEF7B6FC21463F
:107B90002846FFF784FDEAE701A8FBF766F92046CF
:107BA0003D21FDF7A9FE2046FEF7A7FCDFE70C20EC
:107BB000DEE70720DCE7F7B5014604460020FDF7C5
:107BC000DEF9054600F112074FF48060E7F77AFE10
:107BD00050B92046E6F73AFB3A46698B80B203B0CB
:107BE000BDE8F040FFF71FBB2046E6F72FFB064637
:107BF00020466D8BFDF7CAF9002203460092294604
:107C00003A46B0B2FFF72EFB03B0F0BD83781A2BD3
:107C100009D81B2383700288B2F5A47F07D24FF4E2
:107C2000A473038007E0FB2BF5D9FB23F2E744F2B2
:107C300090239A42F5D870472DE9F04304468A888C
:107C40004E888B790D88C97987B043EA012303A850
:107C5000ADF80C308DF80E20EDB2FFF7D7FF04A879
:107C6000BDF80C909DF80E80ADF810608DF81250A4
:107C700005A9FFF7CBFF2046BDF810709DF81260F4
:107C8000FDF767FE0B212046FDF720FE40F6480574
:107C900044F29023002818BF1D464346BDF8142027
:107CA0009DF816104D45D4BF0095CDF80090FB2BE4
:107CB000A8BFFB23BA42A8BF3A46B142A8BF31468B
:107CC0002046FDF767FB07B0BDE8F08337B51446E3
:107CD00005461046FFF72AFC2046FFF718FC01A9CD
:107CE00004462846FDF735FE0B212846FDF7EEFD3C
:107CF0006FF004036370002344F29022A37040F6F7
:107D00004803002818BF1346A4F803309DF8063036
:107D1000A4F80530BDF80430A4F8073003B030BD36
:107D2000FFF7CFBC022973B505460C4603D00024EB
:107D3000204602B070BD0521FDF799FD0028F6D060
:107D4000E6F796FD1B28F2D94FF40040E7F7BAFD9D
:107D50000028ECD1FBF7FEF906460028E8D02846BB
:107D600001A9FDF7F6FD314628469DF80630BDF81D
:107D70000420E9F755FD0028D9D10124D8E70129CD
:107D800010B504460FD0033901290AD8FEF78EFD3D
:107D90004FF480412046FDF707F921460120FFF707
:107DA0007EFC012010BD2221FDF73DF94FF48041FA
:107DB0002046FDF7F9F82046FEF778FD0020F1E7B0
:107DC0002DE9F0478A462221804615461F46BDF917
:107DD0002090FDF74CFD60B30220FBF7BBF906468F
:107DE00048B32521FFF7A2FB3046FFF790FB6B005D
:107DF00003F00203C5F340051D4385700A2540F2D8
:107E0000EC4397FBF5F79945044680F801A0C7704D
:107E10000DD04846E4F770FC90FBF5F35BB24046AA
:107E200031462371FFF768FB0020BDE8F0877E2311
:107E3000F5E71120F9E70720F7E77FB54A1E042A86
:107E400003460E464FF0000451D8012902D10088A4
:107E500004B070BD022905D100885B88984238BF04
:107E60001846F5E74A00014601A8ADF80440ADF810
:107E70000640ADF80840ADF80A40ADF80C40FAF7FE
:107E8000A4FD032EBDF80400BDF80650BDF808108F
:107E900030D0042EBDF80A3035D0A84298BF2C4609
:107EA000BDF80C209CBF05462046934202D81446DC
:107EB0001A462346AA4238BF2A46834228BF0346B1
:107EC00098B2814222BF0B460146184692B29042B8
:107ED00028BF104680B2884238BF0846B8E723461C
:107EE0004FF6FF72E3E71A464FF6FF73E2E74FF6ED
:107EF000FF70ADE7A842F2D82B4622460546184649
:107F00004FF6FF73D6E7A842EDD82A46054610463D
:107F1000E6E7F7B54A1E062A05460C464FF0000371
:107F200000F28680012903D190F9000003B0F0BD72
:107F3000022907D190F9000095F901309842B8BFA5
:107F40001846F3E70A46033C014668468DF80030C0
:107F50008DF801308DF802308DF803308DF8043043
:107F60008DF805308DF80630FAF72FFD9DF90030B9
:107F70009DF901509DF902609DF90500032C41D83F
:107F8000DFE804F0594743027F2298429DF90440FC
:107F900044DB9DF903108B42DEBF0F4619463B467A
:107FA000AA4202DA2F4615463A46A642DEBF2746C7
:107FB00034463E468D42B8BF0D469842A2BF0146A8
:107FC00018460B469442DEBF114622460C468242BA
:107FD000B8BF024652B2A242A8BF2246B342A8BFCF
:107FE00033466DB258B28542DCBF0346284652B2D2
:107FF000D8BF1D469042B8BF104640B2A842A8BFA5
:10800000284693E79DF90620BFE77F226FF07F00A7
:10801000BBE77F226FF07F041046BAE7194603469C
:108020000846B6E77F206FF07F0102460C46BCE7AA
:108030006FF07F007AE713F1800FF3D17F221C46A7
:1080400019461046B1E72DE9F041446B05460E464E
:1080500004B9846B2B6AC3F340209B052ED50CB961
:10806000EB6A4BB32846FCF7FCFB2B6AC3F30052C8
:10807000904211BF01205F0D87EA935707F001007E
:1080800007469CB194F80680284608F10C08A044E5
:10809000FCF7D8FB98F8023013F03F031CBF98F8A8
:1080A0000330C3F340032FB95840C0B206B1346067
:1080B000BDE8F0810120F9E72046F9E7002CD1D195
:1080C000F6E7F7B5026A054692050B460CD5C26A7B
:1080D00052B1FCF71FFC0446F0B92846E4F7E0FE75
:1080E0000024204603B0F0BD0026184601A90196E1
:1080F000E5F77CFC044678B905F12C073846FAF719
:10810000B4FE019B2846EB62FCF704FC044648B130
:108110003846FAF7AAFEEE6241F20703192C08BFAF
:108120001C46DEE72B6A43F400232B62D5E7B0F848
:108130005830024613F0020013D0C3F30010DB06E0
:108140000ED4D36B0BB9136C5BB19A790C32134418
:10815000987810F03F0004D0D878C0F34000704702
:10816000002070472DE9F3410546C06B10B9286C1B
:10817000002837D04FF0000801A9CDF80480E5F7BA
:1081800035FC044600BB05F13C073846FAF76DFEA6
:1081900005F13006EC6305F14000FAF766FE304663
:1081A0002C64FAF762FE019B28462B63FCF723FC44
:1081B000044668B13046FAF758FE41F20703192C1D
:1081C00008BF1C46C5F83080204602B0BDE8F081EB
:1081D0003846FAF74AFE2B6C3046C5E90F34FAF7F9
:1081E00044FE2C630024EFE72DE9F04385B0894677
:1081F00017460546039340B903A8FAF736FE41F245
:108200004204204605B0BDE8F083022910D1C06CBD
:1082100028B903A8FAF729FE41F20C04F1E7194640
:10822000FBF703FC002800F0868040F48054E8E768
:1082300039B101292DD003A8FAF717FE41F2120433
:10824000DFE74FF4007800F12C06B5F858309807B6
:1082500004D5B9F1000FEED0990702D4B9F1010F9E
:10826000E9D0039B4246009331463B462846FCF743
:10827000A2F804460028C4D13068FAF785FE40F21F
:10828000726398420AD93046FAF7EFFD41F20704CB
:10829000B7E74FF4806800F13006D6E7B9F1000F78
:1082A0000BD1BF2809D9B5F858309A0705D0304608
:1082B000FAF7DBFD41F24504A3E731462846FCF717
:1082C0009EF8044600289CD1BB072FD595F8743042
:1082D00095F8739003F00F02B8F5007F49EA022980
:1082E00015D02846FCF787FB0446F8B195F87430A2
:1082F000304623F00F0343EA192385F8739085F87D
:108300007430FAF7B2FD192C7FF47BAFBEE709F1A8
:10831000010285F8732023F00F03C2F303221343F5
:10832000284685F87430FCF7F5FADDE73A46414611
:108330002846FCF78FF8002463E770B5044605F083
:1083400015FE002106462046E4F774FF054628B9CD
:108350000024304605F005FE204670BDC06C30B9E3
:10836000286D0028F4D0FBF797FB0446F1E7FBF7F4
:1083700059FB04460028ECD1F2E7FCF7CBBB002206
:1083800008B511461046FBF7C2FA08BD002238B501
:108390000D46044611461046FBF7B9FA3DB1A07FE1
:1083A000FBF7ACFA002102460420FBF7B0FA38BD17
:1083B00010B504460620DCF7FFFD012201462346E6
:1083C0001046DFF7A3FB08B10023236010BD07B5FB
:1083D0000421019001AA40F20740EEF72BFA03B006
:1083E0005DF804FB70B506460D461C461BB98A4273
:1083F0000BD06FF083042946304600F027F9204661
:10840000FFF7E5FF40F2074070BD00F005F9204698
:10841000FAE72DE9F34700240746684688461646E2
:1084200099460094FFF7C4FF054620B13460284602
:1084300002B0BDE8F0873268DDF800A0002A3AD02B
:10844000DAF80430CAF81420DAB22AB923F0FF03AC
:1084500043F00103CAF804300124F8F75CFB0A9BDF
:1084600044EA00240098CAF8044014F0FF0408BF4E
:10847000CAF81440C360BDF82C30C0F808900380DF
:108480000C9B438000230193BFB14246394601ABA8
:10849000F6F744FF0446009F3846F7F7E0F9384600
:1084A00005F0C0FF6CB1002320463360FFF78FFF5B
:1084B00040F20745BBE70446CFE701A9D8F72EFFF6
:1084C000E8E7019B3360B2E708B5D8F75BFF18B166
:1084D000FFF77DFF40F2074008BD08B5F6F7C8FD7D
:1084E00010F1880F05D018B1FFF771FF40F2074077
:1084F00008BD0020FCE7002373B5054601A80193E1
:10850000FFF756FF0446A0B928460199F6F7D5FDB6
:108510000546019E3046F7F7A2F9304605F082FF86
:108520003DB115F1880F07D02846FFF750FF40F204
:108530000744204602B070BD2D24FAE7F8B50D4679
:1085400017461E46F6F7FFFD044658B1002339468C
:108550002846336000F07AF82046FFF738FF40F2F3
:108560000740F8BD2846316800F056F82046F8E785
:1085700008B5F6F7C1FF18B1FFF729FF40F2074031
:1085800008BD2DE9F3414FF00008076801AB102248
:10859000044638460D46CDF80480F6F7C8FF064677
:1085A0003846F6F739FF384605F03CFF33461021D0
:1085B0002846019AC4F80080FFF714FF02B0BDE816
:1085C000F08138B5056804462846F6F725FF2846A9
:1085D00005F028FF0023236038BD002313B501AA4E
:1085E0000193E9F7ADFC044610B90198FFF775FF58
:1085F000204602B010BD70B505460E46F7F73EF8AE
:10860000044640B13146284600F020F82046FFF7E6
:10861000DEFE40F2074070BD0B4630B5421E0844F6
:10862000CC1AA34200D830BD12F8014F10F8015DFA
:10863000013B15700470F3E70A4401388A4200D107
:10864000704712F8013D00F8013FF7E700230144AD
:10865000884200D1704700F8013BF9E741EA002069
:1086600040F49020FFF739BF034607B541EA0323E2
:1086700043F4902301938B1F10465A425A4101A99B
:10868000E9F726FB03B05DF804FB0120704770B5E5
:108690000C46064611461D46E9F7B0FC40B144EAD7
:1086A00006202A46BDE8704040F40040EEF7E0BDE9
:1086B00040F2064070BD10B50446E9F79FFC38B1A2
:1086C00041EA042040F40040BDE81040EEF708BE47
:1086D00040F2064010BD837901461A0703D50622F1
:1086E0000020E9F7B1BC9B0602D506220120F8E77D
:1086F000FF20704770B5064614461D46E9F77EFC1C
:1087000010B90024204670BD41EA06202A462146C1
:1087100040F40040EEF7C8FD0028F3D0F1E72DE962
:10872000F0410D46DDE9064816461F4600F0D1FE31
:10873000012C0AD860B144EA08043B463246294677
:108740000694BDE8F04101F094BF2120BDE8F0811E
:108750002520FBE70020704710B583790C46532B8A
:1087600003D1BDE81040EAF715BAFFF7B4FF207057
:10877000FF280CBF2D20002010BDA0F86E10704700
:1087800001238B4090F87110194380F871107047E5
:1087900008B50120E2F7EEFEC0B208BD83790C33C4
:1087A0001844704710B50446A1F11400FAF7ECFB29
:1087B000201A20EAE07080B210BD70B51C460D464C
:1087C0001646FFF7EFFFA04207D322463146A5F138
:1087D0001400FAF7C7FD012070BD0020FCE773B557
:1087E00006460C46104601929AB90A460821FAF745
:1087F00021FD019028B9224608212920FAF71AFD07
:108800000190019818B183790C331844067002B0B6
:1088100070BD01A8FAF7B0FB054601A8FAF725FBE1
:108820002246082128460195FAF7F0FDE9E72DE9EF
:10883000F0411646069A074688461D46FFF7CFFFC9
:108840000446F8B114382A4631460690FAF78AFDF4
:10885000854218D9069B06A81C7904F02004FAF773
:1088600004FB7CB9424608212920FAF7E3FC069074
:1088700040B12A463146FAF775FD854206D906A869
:10888000FAF7F3FA00242046BDE8F081069A9379BE
:108890000C33D418D754F6E711B11439EAF718BBE2
:1088A0001A20704738B5002204460D4602200321E5
:1088B000FFF795FF014608B1A0F801502046BDE83A
:1088C0003840FFF7E9BFF8B504460F4616460521C4
:1088D0000120069A1D46FFF782FF014638B1477016
:1088E000468005712046BDE8F840FFF7D5BFF8BDCA
:1088F00038B50D46032104460846FFF770FFA0F87F
:10890000015001462046BDE83840FFF7C5BF73B5AA
:108910000546084611466C891A46641ABDF8183097
:10892000A4B29C4228BF1C46079B089E0093234686
:10893000FFF77DFF014630B12846348002B0BDE824
:108940007040FFF7A9BF1A2002B070BD012110B519
:10895000002204461320FFF742FF014620B12046C3
:10896000BDE81040FFF798BF10BDF7B54489054634
:1089700018460F4616460193FAF706FB053CA4B2CB
:10898000844203DA011B01A8FAF749FB052101988B
:10899000FAF7E4FB014628B901A8FAF766FA1A20AB
:1089A00003B0F0BD83790C33C2181720C854284691
:1089B000A2F80170A2F80360EAF78AFAF0E7012151
:1089C00010B5002204461920FFF709FF014620B127
:1089D0002046BDE81040FFF75FBF10BD73B50E46DF
:1089E000002144890546033CA4B2A342009128BF5C
:1089F000234603211B20FFF71AFF014678B110F828
:108A00000F3CA0F8016003F00F0343F0100300F8DF
:108A10000F3C284602B0BDE87040FFF73DBF1A206A
:108A200002B070BD73B50E46002144890546033C73
:108A3000A4B2A342009128BF234603211D20FFF7C3
:108A4000F6FE014638B1A0F80160284602B0BDE844
:108A50007040FFF721BF1A2002B070BD4B88042B75
:108A600007D1836C08885B8998428CBF0020012065
:108A7000704700207047704770477047002070476C
:108A800010B50446806920B10021EAF775F900238A
:108A9000A36110BD07B501228DF807100DF1070184
:108AA000FAF760FC03B05DF804FB73B505464FF4BC
:108AB00028500C4601F069F8064600F013FE90B30A
:108AC000022C02D8002002B070BD002031460DF10A
:108AD00005030DF10602ADF8060000F029FFBDF810
:108AE0000630621E9A42064619DC072CEAD9023C7F
:108AF000A3B20824ADF806300133D9B22846FFF7F7
:108B0000C9FF21462846FFF7C5FF31462846BDF874
:108B10000620FAF727FCBDF806000230D3E7002B49
:108B2000D0D00924E8E74FF0FF30CCE702292DE947
:108B3000F34104460D461746184603D8002002B0FC
:108B4000BDE8F08101F021F8064600F0CBFD0028D9
:108B5000F4D04FF0000831460DF105030DF1060287
:108B60004046ADF8068000F0E3FEBDF80630BDF8E3
:108B700020200646934228BF1346AB4228BF2B460F
:108B80009DF80500ADF80630C0B9002BD7D00133F1
:108B90009AB2AA42D3D2D9B22046FFF77BFF394618
:108BA0002046FFF777FF31462046BDF80620FAF74A
:108BB000D9FBBDF806000230C0B2C0E74046BEE7B0
:108BC00007B501A9EAF760FA38B9019B93F82500C7
:108BD000C0F3800003B05DF804FB0020FAE700203A
:108BE00008B5EAF7D7FA08B9FF2006E0C37B012BE6
:108BF000F7D1436ADB06F4D5007808BD37B50D46DA
:108C000001A91446EAF740FAA0B9019A536A13F091
:108C100010000DD0C3F3C0232B70D27B0120531E54
:108C2000042B8CBF00230123032A08BF00232370D9
:108C300003B030BD0020FBE738B5436A044658074F
:108C400005D5002320781A461946ECF79FF8636A89
:108C5000990706D52046EAF72BFA636A23F0020348
:108C600063621A0719D5E5799B04C5F3C0022DD4B8
:108C7000532D2DD0A5F1140CDCF1000545EB0C05AE
:108C8000214611F8010BECF723F8F0B9636A0DB334
:108C900043F4802323F008036362D80614D513F449
:108CA00000651AD02046FFF7E9FE70B9636A5907DC
:108CB00036D45B0308D5214611F8010BEDF7A2FC71
:108CC000636A23F480236362002038BD0025D7E760
:108CD0000125D5E723F48023DCE71A060FD5E37BD3
:108CE00003F0FB03012BE1D021692078ECF716F8A3
:108CF000636A256123F0800363620028E5D1E27B8B
:108D0000023A012AD2D8D805D0D561692078ECF78B
:108D100021F800236361636A23F480736362C4E70C
:108D2000E17BA28D012903D192B1802A28BF802244
:108D300059064CBF012394F8303001212078ECF71C
:108D400025F80028C1D1636A23F004036362B0E709
:108D50004022EDE713B501A9EAF796F990B9019C15
:108D6000636ADA060ED59B040CD42046EAF7F6F8BF
:108D70002046636A43F00603636202B0BDE8104018
:108D8000FFF75ABF0A2002B010BD002008B5EAF76D
:108D900001FA00B908BD436ADB06F8D50120F9E7FE
:108DA0002DE9F04F054600F1100987B0484605F15E
:108DB00014080C461646FAF758F84046FAF755F8E4
:108DC0000020FAF7C7F90390002800F0EB80012E8D
:108DD00040F2726618BF1F26012C6BD0022C0CBF0C
:108DE000062404240221FFF755FE01210398FFF712
:108DF00051FE21460398FFF74DFE0398FAF7C4F899
:108E0000012384B2311B0A22009389B242F6072360
:108E10000398FFF78BFE04230444A4B2311B009394
:108E2000122242F60423039889B2FFF77FFE00EB7B
:108E3000040A1FFA8AFA039BA6EB0A07012F049380
:108E40003ADC0024E9F740FD002840F0A580391BFA
:108E5000039889B2FFF729FE04464846039FFAF7B4
:108E600004F86B6A2F6143F0800203F4006323432C
:108E70006A6215D1E9F728FD90B9FAF76BF903900A
:108E800070B13146FFF711FE002840F3878040465D
:108E9000039CF9F7EAFF6B6A6C6143F480736B62C1
:108EA000686A10F0100002D02846FFF7C5FE07B030
:108EB000BDE8F08F052495E70020FAF74BF90590FF
:108EC0000028BED00221EAF7B7FFB41EA4EB0A04C3
:108ED000A4B28442824654D224F001011FFA81FBDD
:108EE000411A05A8DA46FAF79AF84FF0020BBAF1E0
:108EF000000F14D00AF101010498C9B2FFF7CAFDAE
:108F000059460498FFF7C6FD059904A8FAF700F939
:108F10000020FAF71FF9A4EB0A040590A4B2059803
:108F2000002834D0022C38BF0224023CA4B20F2CFB
:108F30002DD91021EAF780FF8442834624D224F001
:108F40000F018CB2411A05A8A346FAF768F8062467
:108F50000BF101010498C9B2FFF79CFD214604986A
:108F6000FFF798FD059904A8FAF7D2F80AF1020371
:108F70005B449BB2BAF1000F01D002339BB21C4696
:108F800060E74FF0030BB2E708B10724E0E705A85C
:108F9000F9F76BFF5346EDE700245EE703A8F9F706
:108FA00064FF7DE71A2082E713B50C4601A9EAF7B2
:108FB0006BF8024640B9022C06D82146019802B04F
:108FC000BDE81040FFF7ECBE212002B010BDF7B5A0
:108FD0000E4601A915461F46EAF756F8F8B94FF6AE
:108FE000DF73A6F120029A4219D8A5F120029A4215
:108FF00015D8AE4213D8019CE369B34202D1236A6B
:10900000AB4205D0636AC4E9076543F002036362BB
:109010009DF82030A78584F8303003B0F0BD2120C2
:10902000FBE737B590F8393004465B070D462BD483
:10903000E9F794FF6B1E042B14D8032D12D0E379AB
:10904000142B23D0A3696BB9684600F095F9EAF7B1
:109050001DFB6946E9F706FE18B91A25284603B034
:1090600030BDA061636AE57343F016032046636276
:10907000FFF7E2FD054618B12046FFF701FDEDE7D9
:109080002078E9F72BFDE9E70225E7E72125E5E769
:1090900007B501A9E9F7F8FF30B90198C17B03B022
:1090A0005DF804EBFFF7BDBF03B05DF804FB37B517
:1090B0000C4601A9E9F7E8FFE0B9052C1AD8019D93
:1090C0002869F9F761FF1F2814D86869F9F75CFF70
:1090D0001F280FD8012C0DD0231F012B0AD92146A0
:1090E00028466B6A23F404636B6203B0BDE830402A
:1090F000FFF797BF212003B030BD37B5FFF76FFDF5
:10910000FF28044616D001A9E9F7BEFF90B9019DDA
:1091100020466B6A23F010036B62E9F70FFD2846C7
:10912000FFF7AEFC204605F1340103B0BDE8304046
:10913000EDF748BA03B030BD0020704708B5FFF71F
:10914000FBFF08BD73B504464A7968460D460631F3
:10915000EAF7DEFADDE90001A4F85010090C11F07D
:10916000800FE06484F8521004F1530312D00122FE
:10917000184605F11201EAF7CBFA0C35284602F041
:109180003EFB28B10122294604F15A00EAF7C0FA51
:1091900002B070BDB4F8501094F85220C4F85300D7
:1091A00099809A71E9E7002337B580F8723040F66C
:1091B000FF73A0F86E3083680446DA040D46C16080
:1091C00010D443F480636A46A36040F20321204632
:1091D000CDE9004503F0B7FB00212046E9F7CCFDBF
:1091E00003B030BD90F87600FFF752FFA36823F478
:1091F0008053E8E71FB590F87420044602F001039D
:1092000001908DF808300BB102F002038DF809309F
:1092100094F8753020468DF80A30039101F07EFBFA
:109220004FF4017101AA204603F08DFB2046E9F7B7
:109230001BFE04B010BDE9F777BD0A460021EBF72D
:1092400071BB427A38B5C2F380120446B0F86E00A2
:109250000D46EBF7DDFB20B9A3681DB143F40053C5
:10926000A36038BD23F40053FAE710B50446B0F804
:109270000300E9F735FD38B1617909B141F4805156
:10928000BDE81040FFF78FBF10BD10B50446B0F821
:109290000300E9F725FD38B1A17809B141F4805107
:1092A000BDE81040FFF7A6BF10BD10B50446B0F8EA
:1092B0000300E9F715FD90B1627990F874305AB166
:1092C00043F0010380F87430A17809B141F4805172
:1092D000BDE81040FFF78EBF03F0FE03F2E710BDBC
:1092E00010B504468088E9F7FBFCB8B1E278AAB96A
:1092F000E179A27942EA0122A0F86220E17AA27A19
:1093000042EA0122A0F86420227A617ABDE8104086
:1093100042EA0122A0F86620E9F7A6BD10BD10B50B
:1093200004468088E9F7DCFC20B1A179BDE8104053
:10933000E9F7BCBD10BD532838B505460C4604D12D
:10934000BDE838400846E9F793BB06212046FFF701
:1093500052F960B96379142D03F03F02627104D0B1
:10936000722D07D163F03F036371A57138BD40F2E0
:109370000740FBE72120F9E7002303608380837126
:10938000704710B5044660B1806C50B1EAF72AFA14
:10939000A06C0028FAD12046BDE810400321E9F76F
:1093A000EBBC10BD438907B58B420CD050F80C2B99
:1093B00040F2014192F87020ADF806308DF804209B
:1093C00001AA03F0C0FA03B05DF804FB436943F05F
:1093D000040343617047436923F00403436170470A
:1093E000007DC0F38000704747F2305300220068D0
:1093F000F5F790BB006803F039BA38B54369044605
:109400009B070D4603D540F20941FFF7F3FFE9F74B
:1094100077FD08B1A3691D702046BDE8384040F2D1
:109420000941FFF7E1BF07B5027C012A09D00122FB
:10943000027440F20942914206D040F20A4291423F
:109440000ED003B05DF804FB4FF4816150F80C3B83
:1094500001AA93F870308DF8043003F074FAF0E745
:1094600050F80C3B01AA93F870308DF80430F4E703
:1094700038B522F000430D46114640F203229342D4
:1094800004461AD0B3F5017F09D240F2012293427B
:1094900013D040F20222934209D0002038BD6FF46D
:1094A00081621344012BF8D8FFF7BDFFF5E700F008
:1094B0003AF9204601F000F9EFE763699B0704D50C
:1094C00040F209412046FFF795FF2846FFF759FF74
:1094D000E3E708B5E9F712FC00B1806C08BD08B5F8
:1094E00000B10068E9F718FC08B9034602E0836C94
:1094F000002BF7D0184608BD10B5044642F62A30B6
:1095000000F043FB031B5842584110BD022806D10E
:1095100042F62A330888C31A58425841704700203F
:10952000704710B5044642F6293000F02EFB031BAD
:109530005842584110BD90F8200000F001007047DB
:109540001FB504466846EAF771FA1022694604F12D
:109550002100F9F7EAF9B0FA80F0400904B010BD33
:1095600008B5FFF7EDFF80F0010008BD70B50446B7
:1095700000F1210591B92846EAF758FA236893F8D3
:109580007500E8F73BFD78B120682B46BDE87040D8
:1095900010220D2190F87500FFF779B810220021F4
:1095A0002846F9F7EBF9E9E770BD38B50446002322
:1095B00090F8202041FA03F0C50703D442FA03F0E3
:1095C000C0071ED40133082BF4D101F00105236834
:1095D0002A4384F8202093F87500E8F70FFD40B186
:1095E000234653F8200B01220C2190F87500FFF759
:1095F0004EF80DB9002038BD00212046FFF7B6FF18
:10960000F8E71320F7E778B14B1C0CD03F290ADCB0
:1096100000EBA10090F8310001F00301490008417E
:1096200000F0030070470020704710B5036804463F
:1096300093F87500E8F7E2FC50B12346BDE810400E
:1096400053F8310B10220B2190F87500FFF71FB86B
:1096500010BD10B590F87430DB0706D490F8753063
:10966000FF2B14BF0F20052010BD847CEBF7D8FC26
:10967000844234BF0C200020F6E7F8B5044642F6D9
:10968000021642F603070134A4B22046EAF7AEFB05
:10969000054670B1EAF77AFB58B1284600F0B4FBF2
:1096A000B04204D1287AC31F58425841F8BDB8428D
:1096B000E9D10020FAE71FB504466846EAF7B6F993
:1096C0002046EAF793FB6A46C3680633144603CC88
:1096D000596004A98C421860224603F10803F5D1B1
:1096E00004B010BD08B5EAF781FB08B1EAF74EFBFC
:1096F000C0B208BD013810B580B2EAF777FB044666
:1097000008B9002010BD408800F06FFB0028F8D099
:10971000207BF7E708B5EAF769FB18B1007AC31FA9
:109720005842584108BD70B5054655F8213B0446DE
:1097300093F87500E8F762FC20B92846BDE8704050
:10974000EAF774B9234653F8310B10220B2190F835
:109750007500FEF7CFFF234653F8200B01220C21A2
:1097600090F87500FEF7C6FF20682B46BDE87040F4
:1097700010220D2190F87500FEF7BCBF01302DE9D5
:10978000F04185B228460E46EAF730FB42F6021752
:10979000044642F603089CB12046EAF7F7FA78B18E
:1097A000204600F031FBB84205D10EB1238833804A
:1097B000607BBDE8F081204600F026FB404502D1E9
:1097C0004FF0FF30F5E70135ADB22846EAF70EFB62
:1097D0000446E0E7F8B5064608460D461746FFF78B
:1097E0004CFF044658B939462846FFF7C7FF431CCB
:1097F000014606D03046BDE8F840FFF704BF03201D
:10980000F8BD2046FCE770B5054608461446EAF761
:10981000EDFA064608B9012070BDEAF7B7FA00284C
:10982000F9D0E3071FD4A0073DD4630740D5B38820
:1098300058073BD5B38813F4E06002D02868FFF7DF
:1098400008FFB388990540D50028E5D12A6892F829
:10985000742092071AD55B052DD52B6893F87530C7
:10986000FF2B28D11DE0B388D90731D513F0700044
:1098700002D02868FFF7EDFEB3889A0608D50028C5
:10988000CAD12A6892F87420900703D40520C3E750
:109890000028C1D15906C6D52B6893F87530FF2B27
:1098A000C1D10820B8E7B3889A07BED40320B3E734
:1098B00014F0060FBED114F40060ADD0B38813F4D9
:1098C000006F0CBF06200020A6E70028A4D1C2E745
:1098D0000220A1E738B504460846EAF787FA0546AC
:1098E00008B9012038BDEAF751FA0028F9D0AB8851
:1098F00013F4E04002D02068FFF7ABFEAB88990478
:1099000008D50028EED1226892F87420920703D47B
:109910000520E7E70028E5D113F48040E2D0236872
:1099200093F87500A0F1FF0358425841C000D9E7F1
:109930002DE9F0474FF00009044683F800900846EF
:10994000A2F80090884616461D46EAF74FFA0746E9
:1099500020B9012300202B70BDE8F08774B1EAF72D
:1099600015FA0028F5D04046FFF7DBFD30B10123A2
:1099700085F8009004F120003380EDE72B46324655
:1099800039462046BDE8F047E9F7DCBF70B516461A
:109990001C460D4609B9012070BDF0B9297A072986
:1099A00007D8DFE801F0042225282A040420032038
:1099B000F2E70022BDF910309342B8BF1346B3421C
:1099C0001DDB022908BFEB6804EB060008BF5B88BB
:1099D0009842CCBF0D200020DEE70846EAF7D6F912
:1099E0000028DBD1D7E78020D6E7EB685A88E1E78B
:1099F000EB689A88DEE70222DCE70620CCE7072046
:109A0000CAE72DE9F043064685B0084689469046E8
:109A10000393EAF7EBF9044638B903A8F9F725FAF6
:109A20000127384605B0BDE8F083EAF7AFF9002812
:109A3000F3D0039888B1F9F7A7FA85B24FF0FF3356
:109A40004246009321462B463046FFF79FFF0746CC
:109A500028B103A8F9F709FAE3E70546EEE7207A0B
:109A6000022827D003282AD0012841D1E0680630F7
:109A70003B462A4603994044F9F7EDF9002EE8D019
:109A8000237A032B36D103A8F9F7EFF900212046FA
:109A9000EAF764F9002836D00588617B3046FFF785
:109AA000B2FD0122034629463046CDF8009000F071
:109AB00079FCB6E7E06805EB08038380D7E7039BF2
:109AC0009A79D979891AC9B24D1E012D1FD813442C
:109AD00002291A7B04BF5B7B42EA0322237B32EA22
:109AE000030315D101233046617BE9F701FFC5E788
:109AF000002EAED0039B4946009330464346327F4A
:109B000000F036FC8DE709F1FF35ADB2C5E70D2059
:109B100007469EE7884270B504460D46164611D8A2
:109B2000012838BF01242046EAF760F910B14388C4
:109B3000B34208D00134A4B22046EAF737F908B19D
:109B4000A542F0D20024204670BD70B50C461646E2
:109B50001D460146B8B1B3B1022C01D0102C12D170
:109B6000E0B2EAF777F84FF6FF718842024602D179
:109B700041F20A1070BD3046FFF7CCFF0028F7D045
:109B800028800020F6E72120F4E7002307B5012212
:109B9000ADF80400ADF8063002210DF1060301A86E
:109BA000FFF7D3FFBDF8060003B05DF804FBF8B57E
:109BB0000F461646441CA4B22046EAF717F910B91E
:109BC000013CA0B2F8BD00F01FF90546304600F098
:109BD000F7F820B1284600F0F3F80028F0D130461D
:109BE00000F0E7F820B1284600F0E3F80028E7D1BC
:109BF0000134A4B22046EAF7D9F808B1BC42DBD957
:109C00004FF6FF70DEE72DE9F04F9A4687B08B885C
:109C10000D460C88814604A90220ADF8103090460C
:109C2000EAF718F8AB680090A888AF89059300F0B0
:109C3000C0F838B1102F05D105A8E9F7F1FF0228C7
:109C400008BF02279DF840B00BF0010B38E020461A
:109C5000009AFFF75FFF0646A8B3AA886988FFF756
:109C6000A6FF04463046FFF73DFD40EA0B00C0B2B8
:109C700000B30DF10F03314648460DF11202FFF714
:109C800057FE9DF80F302BB1A8F80060184607B0BA
:109C9000BDE8F08FBDF81220BA420BD13A460599C3
:109CA0000193F8F742FE019B20B9A8F80060AAF8DA
:109CB0000040EBE74FF6FF739C4201D00134A4B2A1
:109CC0006988A142C3D20A23E0E708B5EAF78EF813
:109CD000BDE8084000F098B838B505460846EAF7F0
:109CE00085F8044610B94FF6FF7038BD0DB960888D
:109CF000FBE7EAF74BF80028F9D1F4E770B5044622
:109D000042F60520FFF741FFB0B10021FFF736FD15
:109D1000054601462046FFF776FC06461022002144
:109D200004F13100F8F72AFE324629462046BDE804
:109D300070400023E9F7DCBD70BD7FB504460D46D9
:109D4000102200216846F8F719FE0026AA57531C76
:109D500019D031462046FFF756FC11460346002A2B
:109D6000B8BFD11C04A800EBA101504200F00300D1
:109D700002F0030258BF42425200934011F8102CE7
:109D8000134301F8103C0136402EDFD16B4604F13D
:109D900031051A4603CA696004A98A42286013463D
:109DA00005F10805F5D1204604B0BDE87040FFF785
:109DB0003CBCA0F5205001288CBF0020012070473A
:109DC00042F60303C31A58425841704708B50304CA
:109DD00009D4E9F70BFFA0F5205080B201288CBF11
:109DE0000020012008BD0020FCE7020408B507D4CC
:109DF000E9F7FCFE42F60303C31A5842584108BD76
:109E00000020FCE7C00B70470346B3F902304088DE
:109E1000002B01DBE9F7EABE0020704708B5FFF729
:109E2000F3FF42F60303C31A5842584108BD08B570
:109E3000FFF7EAFFA0F5205080B201288CBF002078
:109E4000012008BD1FB550F80C4BADF80A3094F84E
:109E50007040069BADF806108DF8082040F20351C3
:109E600001AA8DF80440039302F06DFD10B906A815
:109E7000F8F7FBFF04B010BD2DE9F047089C0E4633
:109E800017469846054610B1037C012B61D0284641
:109E9000FFF79CFA14F0800930460CBF4FF0100A0F
:109EA0004FF0200AFFF726FC1AEA000F4DD030468B
:109EB000FFF70BFF42F6052398420FD114F0010281
:109EC00019D031462846FFF705FD08B300F5885440
:109ED0002846FFF780FA2046BDE8F0872846FFF7BE
:109EE0002AFB0028EAD02846FFF73AFB0028E5D0F5
:109EF00041F21214ECE7B9F1000F314628460CBFCD
:109F000001240224FFF766FC2042DAD10224DFE7B5
:109F1000B9F1000F11D0EB8BCBB943463A4631462D
:109F20002846FEF77FFD04460028D1D140F20A41C1
:109F30002846EE83FFF758FACAE743463A463146C9
:109F40002846FEF74BFD0446C2E72124C0E705245E
:109F5000BEE70724BFE72DE9F047002586B09DF84E
:109F6000389090F81CA004460F4690460F9E057747
:109F7000B9F1000F09D00A464B4651460096FEF74C
:109F8000A2FC284606B0BDE8F087BAF1080FADF88C
:109F9000169026D145893246043DADB29D424FF020
:109FA00002014FF00900A8BF1D46FEF718FC02226F
:109FB000814605A93046ADF81470F9F7D3F92A4661
:109FC00041463046F9F7CEF90546831C3146204616
:109FD00089F80130E8F77CFFADF81650BDF816009F
:109FE000D0E7BAF10A0F0DF1160214BF0D210B21B3
:109FF000CDE90162009301224346FEF788FC1A284E
:10A00000ECD111233A4651462046CDF80090ADF8E8
:10A010001690FEF758FCE1E7F0B5002589B0174629
:10A020000122039304460E46ADF81650FFF7EBFBF2
:10A0300003468DF81500002844D13046FFF75CFA3E
:10A0400010B13046FFF737FB3046FFF763FBB8B17E
:10A0500003A8F8F70AFF204650F80C2B237F92F84C
:10A06000702040F202518DF8182006AAADF81A604F
:10A070008DF81C30ADF81E7002F065FC09B0F0BD23
:10A080000DF115030DF1160231462046FFF750FC85
:10A090009DF8153002465BB9BDF816108F428BBF94
:10A0A0000723C91B8DF81530D21998BFADF81610CB
:10A0B00003992046CDE900313146BDF81630FFF74F
:10A0C0004AFFDBE72A46F3E72DE9F04F89B002901B
:10A0D000184605930C461546FEF760FB804605982A
:10A0E000F8F752FF0023B0F1010A8DF81D3000F09F
:10A0F0008B801AF0010740F087805046B5F80A902F
:10A10000E1F776FA0646002800F08480524608F10E
:10A110000101F8F75AFC01212046059AFEF75FFB82
:10A12000B8460AEBDA7A09F1FF3B03904FEA6A0A74
:10A13000BA4544DD36F81740012221462846FFF78C
:10A1400062FB8DF81D0068B92046FFF7D5F910B104
:10A150002046FFF7B0FA2046FFF7DCFA78B18023FB
:10A160008DF81D303046F9F78AF9059B2246009399
:10A1700028469DF81D300299FEF7A5FB26E00DF15B
:10A180001D03214628460DF11E02FFF7D1FB9DF865
:10A190001D300490002BE5D1029B202B1BD1ABEB93
:10A1A0000803012B0BDD0DF11E0102220598F9F7C2
:10A1B000D9F8012801460CD805A8F8F730FF304639
:10A1C000F9F75DF928460399FEF766FB09B0BDE88B
:10A1D000F08F08F10208BDF81E20ABEB08039A428D
:10A1E000C2BF09F1FF32A2EB080292B2DDE904100E
:10A1F000C8BFADF81E20F9F7B5F8BDF81E3098427B
:10A20000DDD39844013793E7042300248DF81D30F3
:10A210002646A7E71123F8E700232DE9F04F89B080
:10A2200004460F46164605932AB943691A0726D5F0
:10A2300023F00803436105A8F8F717FE04F1440072
:10A24000F8F713FE00232377002E7AD000933A46C6
:10A25000334618212046FEF736FB06F58856204681
:10A2600050F80C3B40F2055193F8703006AA8DF877
:10A270001830079602F067FB09B0BDE8F08F406C1C
:10A280000590D8B9054604F144084046F8F70CFE9D
:10A29000034605900028CED09979204601F10C02A2
:10A2A0001A44B2F801700531B2F8032099713946A9
:10A2B000FFF7A7FB05950028E7D022E083794FF050
:10A2C000FF3B0C331844B0F80170B0F803A03846D7
:10A2D000E9F78CFD03900598F8F702FE656CA0F194
:10A2E00005081FFA88F8059B9D420CD1434652464B
:10A2F00020460399CDF800B0FFF748FBE8B10023F2
:10A300000593064697E7AB790C3305EB0309B9F8DB
:10A310000120BA420CD12846F8F7E2FDB9F8032033
:10A32000431F12FA83F35B45B8BF5B460FFA83FB0A
:10A330002846F8F7CEFD0546D5E70598F8F7C9FD9C
:10A340009EE72046FEF73BFB89E770B504460D46C5
:10A350001646FFF7D1F840B933462A462146FFF7A3
:10A3600050FB08B100F5885070BD41F20310FBE7C7
:10A370001FB550F80C4BADF80A3094F87040069BAE
:10A38000ADF806108DF8082040F2015101AA8DF8B1
:10A390000440039302F0D7FA10B906A8F8F765FD58
:10A3A00004B010BD1FB550F80C4BADF80A3094F84E
:10A3B0007040BDF81830ADF806108DF8082040F256
:10A3C000045101AA8DF80440ADF80C3002F0BBFA3C
:10A3D00004B010BDF0B5122785B0039207770222B2
:10A3E00005460E46FFF70FFA044668B103A8F8F7D2
:10A3F0003CFD00232B770023324600931221234695
:10A400002846FEF760FA0FE0039A3046937903334B
:10A410009371FFF77FF948B1039B3A4600933146A9
:10A4200023462846FFF70EFD05B0F0BD42F6293061
:10A43000FFF7ABFBB042039B1BD15BB90D2403A814
:10A44000F8F713FD00232B77002CD4D12846FEF714
:10A450007DFAE9E71846F8F797FD80B20128EDD1BB
:10A46000039B28469A791344197BFFF79EF804460C
:10A47000E5E7224631462846FFF7C3FA0446E1E7FE
:10A480002DE9FF410392042204460D46FFF7BBF974
:10A49000074628B103A8F8F7E8FC04B0BDE8F0814E
:10A4A0004FF05208039A284693790333937184F846
:10A4B0001C80FFF72FF9064640B1039B42460093EC
:10A4C00029463B462046FFF7BDFCE6E742F6293029
:10A4D000FFF75BFBA842039B0BD19A7920461344FC
:10A4E000197BFFF762F803A8F8F7BFFC0023237776
:10A4F000D3E7324629462046FFF783FAF6E72DE9EF
:10A50000FF418B7904460C330B44B3F801700D46C0
:10A510003846B3F80380FFF7E5F800285BD0022245
:10A5200039462046FFF76FF90646E8B93846FFF787
:10A53000F1F8064668B116222277AB793946053321
:10A54000AB71204643460095FFF77CFC04B0BDE8A4
:10A55000F081E0F7F9FF2A463346591C0ABBDBB20B
:10A560000633984220DC092604F14400F8F77DFC0C
:10A5700033463A46162120460095FEF7A4F9092EE7
:10A58000E4D1204650F80C3B40F2055193F870306E
:10A5900002AA8DF8083041F20913039302F0D3F9AF
:10A5A000D4E70B461268D8E701212846F8F74AFE9F
:10A5B00001460028D7D004F14400F8F7F0FCAB794D
:10A5C00042460533AB7139462B46204604B0BDE800
:10A5D000F041FEF7CAB90126C6E713B5044641B9F2
:10A5E0004430F8F742FC204602B0BDE81040FEF7C8
:10A5F000E6B918224369027713F0080306D0002356
:10A6000019460093FFF71EFC02B010BD1A4619460A
:10A6100002B0BDE81040FFF7FFBD7FB5C58B044613
:10A620002DB342F60520FFF7B0FAA84207D100216A
:10A630002046FEF79BFF636923F001036361002658
:10A6400040F20A412046FEF7D5FE29460DF10E02E2
:10A650002046ADF80E60FFF7BDF8BDF80E200346AA
:10A660000092294602222046FFF79CFEE68304B0B2
:10A6700070BD2DE9F047DDF820900E4690461F464C
:10A68000044618B941F20110BDE8F0870846FFF70B
:10A6900029F80028F6D06589033DADB2AF4209D84C
:10A6A0003B46424631462046CDF82090BDE8F04773
:10A6B000FFF7E2BB4920E7E7F0B5054689B042F66F
:10A6C0000520FFF762FA064604A8E9F7AFF9102261
:10A6D00005F121010DEB0200F8F727F950B1012136
:10A6E0002846FEF743FF2846FFF708FB6B6923F077
:10A6F00001036B6142F60303022003A9ADF80C309D
:10A70000E9F7A8FA0124074620463A464FF6FF71BA
:10A71000FFF700FA044608B909B0F0BDFEF7E2FF02
:10A720000134A4B20028EFD0A64203D13146284616
:10A73000E9F7B8FB2046FEF7A0FF0028E4D1ADF80A
:10A740000E00214628460DF10E02FFF743F803469E
:10A750000028D9D0BDF80E202146009228460122BB
:10A76000FFF720FED0E708B5E9F74EF90020E9F73A
:10A77000CBFF002008BD08B500F037F8407940F461
:10A78000805008BD08B500F030F8407940F48050A2
:10A7900008BDF7B506460C46154601F0AEF88279BD
:10A7A00001900C328652214687182646F8F734FB72
:10A7B0009DB12B465A7922F0010242F002025A71F1
:10A7C0001B68002BF6D12846F8F7DEFB2946261831
:10A7D00001A8F8F7E4FBFF2E00D8F4B23846BC70AD
:10A7E00003B0F0BD0022FFF7D4BF08B5E2F71CF8B4
:10A7F00083790C33184408BD08B5FFF7F6FF40799C
:10A8000040F4805008BD4B88052B05D108880E28E0
:10A810008CBF00200120704700207047F8B5054626
:10A820000F46164604210A220020F8F703FD0246CF
:10A83000B8B1847905210C3403194FF0060C0020BF
:10A840009970D87002F804C013241C7102245F713F
:10A850005870D8719C7128461E81BDE8F840EAF70F
:10A860001DB9F8BD73B50546104601920C46F8F7C0
:10A870008BFB042186B20198F8F770FC024628B9D8
:10A8800001A8F8F7F2FA1A2002B070BD837901909E
:10A890000C33C1184C80C65221462846EAF7FEF810
:10A8A0000020F1E72DE9F0410646884617460421CD
:10A8B0000A220020F8F7BEFC0246B8B185790024D0
:10A8C0000C354319052106209970DC705055012084
:10A8D000187102205C70987183F805803046DC7135
:10A8E0001F81EAF7DBF82046BDE8F0811A20FBE77C
:10A8F000002070470020704707B501A80192F8F7C3
:10A90000B4FA03B05DF804FB7047002070470F20D5
:10A9100070477047EAF766BDEAF77EBD38B545F285
:10A920001B020C460B460021054600F058F930B9D1
:10A930002CB121462846BDE83840EAF7EBBB38BDCC
:10A9400000F002BF00F00BBFFF2313B504460DF16A
:10A9500007014C308DF80730FDF7FEFE9DF80730FB
:10A96000204684F8753000F0CAFE02B010BD10B564
:10A970000446FDF78AFE01280DD094F8733094F94F
:10A980007000012B14BF0521032184F83210BDE8AB
:10A990001040FEF770B8A36843F40073A36010BDC5
:10A9A00000F05FB910B50446B0F80300E8F798F975
:10A9B00030B1B4F80D10621DBDE8104000F074B95C
:10A9C00010BD10B50446B0F80300E8F789F940B1AE
:10A9D000B4F80D1004F10F03621DBDE8104000F043
:10A9E00005BA10BD10B50446006C30B94FF4B07014
:10A9F000F8F743FD206420B910BD4FF4B071FDF7A6
:10AA000025FEFF22236C83F85E21A268120603D57F
:10AA1000C02201201A70EFE794F87320012A14BFB6
:10AA200080224022F5E708B5D0B2E8F767F928B1EF
:10AA300090F8773003F07F0380F87730012008BD6D
:10AA400010B5044645F21A0101F010FF2046BDE89A
:10AA5000104047F23053002245F21A01F4F75AB879
:10AA600010B50A46044608210020F8F7E3FB10B1B0
:10AA7000837903441C7310BD38B505460C460D2080
:10AA80001121FFF7EDFF024688B121468379034487
:10AA90000D3304F1100051F8044B814243F8044B8C
:10AAA000F9D12846BDE838400621FFF7DBBE38BDA6
:10AAB00038B505460C4604201121FFF7D1FF0246A8
:10AAC00088B12146837903440D3304F1100051F815
:10AAD000044B814243F8044BF9D12846BDE8384085
:10AAE0000621FFF7BFBE38BD38B505460C4603202A
:10AAF0001121FFF7B5FF024688B12146837903444F
:10AB00000D3304F1100051F8044B814243F8044B1B
:10AB1000F9D12846BDE838400621FFF7A3BE38BD6D
:10AB200037B50022054608211046F8F783FB044696
:10AB3000C0B10C2301220DF107018DF80730F8F7A1
:10AB400011FC296C202251312046F8F70BFC296CAE
:10AB5000202271312046F8F705FC224606212846BE
:10AB6000FFF780FE03B030BD036C4BB983681B0652
:10AB700008D490F87330012B14BF80204020704718
:10AB800018787047C020704770B50446FFF7ECFF97
:10AB9000EAF7C4FB0D460346002245F201012046B8
:10ABA0009847236C03B11D702846EAF7B7FB4FF4B2
:10ABB000A041034600222046BDE87040184770B50A
:10ABC0001546044648B1FFF7CFFFEAF7A7FB2A4630
:10ABD00003462046BDE870401847022070BD11466C
:10ABE00008B51A4621F00041FFF7E9FFB0FA80F0FE
:10ABF000400908BD10B50446006838B11A21FDF7B8
:10AC000025FD2068F8F73BFC0023236010BD0022DF
:10AC100030B587B00546084601A90192E7F758F814
:10AC2000044670B9696B019802AA0A3101F0CBFEA3
:10AC300004460198FDF751FC34B1102102A8FDF73C
:10AC400005FD204607B030BD284602A9E9F730FED1
:10AC500002A81021FDF7FAFC05F13400FFF7CAFF46
:10AC6000EFE710B50446EAF701FB04F13400FFF703
:10AC7000C1FFA3685A0606D523F0400300212046F1
:10AC8000A360E9F715FE236C6BB1D3F89400FDF7D0
:10AC900024FC4FF4B071206CFDF7D8FC206CF8F761
:10ACA000EEFB0023236410BD0021E9F701BE7FB550
:10ACB000836804465D0673D523F040038360FFF785
:10ACC00053FF802801D040287BD194F87550FF2D88
:10ACD0001CD1FDF7DAFC012864D1636B04201A88CB
:10ACE0008DF800201A4632F8021B090A8DF801106F
:10ACF000D3F802306946CDF8023053680A22CDF805
:10AD00000630E7F7A1F9FF2805464BD0A368D9051F
:10AD100048D42046FFF728FF80284FEA052523D096
:10AD200045F4902646F003063046FDF7E4FB024664
:10AD300052B9616B6A4630460A3101F044FE18B3DD
:10AD400010216846FDF782FC204641F20601EAF731
:10AD5000E1F920460021E9F7ABFD04F1340004B02D
:10AD6000BDE87040FFF746BF45F4902646F0050663
:10AD70003046FDF7C0FB2D280246D1D02046FFF714
:10AD8000F3FE4028D4D1CBE769462046E9F790FD91
:10AD900068461021FDF75AFC04F13400FFF72AFF42
:10ADA00004B070BD94F87430DA0702D4A368DB05F0
:10ADB000CAD504F118012046FFF729FF0028C3D1A6
:10ADC000EEE7636B1A88002ABED1882801D04B2891
:10ADD000BAD10022013313F8011F0029B4D1013286
:10ADE000082AF8D1216C01F59871E4E7F8B51D4601
:10ADF000836804465B060F4616462DD41A20F8F7E2
:10AE00003CFB0146606320B92046BDE8F840E9F705
:10AE10004FBD034623F8027B326805F11001C0F8EC
:10AE2000022072685A602A46636B0A3352F8040B98
:10AE30008A4243F8040BF9D110212846FDF706FC9D
:10AE4000A36843F0400213F4407FA26004D0204680
:10AE5000BDE8F840FFF72BBFF8BD38B504460D46F6
:10AE600005200221FFF7FCFD0246B8B183790621D7
:10AE700003445D732046FFF7F5FC45F490512046EE
:10AE8000EAF748F994F873302046012B18BF802167
:10AE9000BDE8384008BF4021FFF776BE38BD082125
:10AEA000FFF7DBBF37B50446084611461A46B4B172
:10AEB000236C93F85D31013B022B10D89DF818509C
:10AEC00045F08003079D009501F0FDFD054640B16A
:10AED00014B12046FFF7E3FF284603B030BD00233E
:10AEE000F0E70CB90020F8E7024645F211012046D0
:10AEF000FFF765FEF6E710B50446002140F21B405F
:10AF0000EAF726F92046BDE81040FFF7C8BF2DE953
:10AF1000F04790F873900446B9F1010F066C04D124
:10AF200096F85031002B40F0428196F85C3196F84B
:10AF300051A1032B00F2DC80DFE803F0027D9ABF11
:10AF40001AF0010F72D011210620FFF789FD054686
:10AF5000002800F02C8190F80680102108F10C08E0
:10AF6000804408F101073846FDF745FB014688B9E2
:10AF7000A07CC0F110023844F7F700FDFDF785FB17
:10AF80000346012B96F85E010CD13A460521FDF7E8
:10AF90006BFB00B32846E0F7D1F82046BDE8F04748
:10AFA000FFF77DBF3B4610220521FDF770FB00280F
:10AFB00040F0F580B9F1010F0DD004F1180308F14C
:10AFC000110857F8042B474543F8042BF9D1A3681F
:10AFD00043F48073A3602A4606212046FFF742FC13
:10AFE0000B210720FFF73CFD0546002800F0DF801D
:10AFF000877996F85E310C37074443F43F430821C4
:10B00000A7F80130F81CFDF7F6FA0028C2D10A2291
:10B01000042196F85E017B1CFDF739FB002840F007
:10B02000BE802A4606212046FFF71CFC96F85C31BC
:10B03000013386F85C311AF0020F14D01121082078
:10B04000FFF70EFD0546002800F0B1808079102141
:10B0500028440D30E7F7B6FC00289BD12A4606218C
:10B060002046FFF7FFFB96F85C31013386F85C3130
:10B070001AF0020F1CD008210920FFF7F1FC074647
:10B08000002800F0948085790C350544E8F7FAFA39
:10B0900083793A46C3F3C00383F001036B700368FE
:10B0A0000621C5F8023083882046EB80FFF7DAFBE3
:10B0B00096F85C31013386F85C311AF0040F12D037
:10B0C00011210A20FFF7CCFC054600286FD08079BB
:10B0D00010222844AB210D30F7F750FC2A460621F8
:10B0E0002046FFF7BFFB96F85C31013386F85C31F0
:10B0F000B9F1010F08D0236C93F85031002B56D1D1
:10B1000096F85C31042B52D1A36C10220B2196F8D7
:10B110005E013133FDF7BBFA70B140F21B412046AE
:10B12000E9F7F8FFB9F1010F2046BDE8F04714BF79
:10B1300080214021FFF728BDA36C01220C2196F845
:10B140005E012033FDF7A3FA0028E6D1A36C10229C
:10B150000D2196F85E012133FDF799FA0028DCD124
:10B16000082296F85E01114604F11003FDF78FFAEC
:10B170000028D2D1236C93F85E2184F87520FF2239
:10B1800083F85E21FDF781FA012818BFA3682046E5
:10B190001CBF43F48073A360E9F796FFC2E728461B
:10B1A000DFF7CCFF2046BDE8F047FFF7A4BEBDE8BF
:10B1B000F08710B50446FDF768FA0246236C012AB1
:10B1C00093F85E0103F598730CD11A460321FDF73D
:10B1D0004BFA08B9002010BD2046FFF760FE40F290
:10B1E0001B40F8E710220321FDF751FA18B1204661
:10B1F000FFF781FEF3E7206C102200F5987305211C
:10B2000090F85E01FDF743FA0028F0D1236C04F1B9
:10B21000180103F5987203F5A07352F8040B9A42D3
:10B2200041F8040BF9D1A36843F48073A360D1E71C
:10B23000016C10B501F59873044601F1C802184677
:10B24000B83101F017FC20B12046FFF728FE40F28C
:10B25000074010BDF0B587B0129F9DF83850059794
:10B26000119F9DF83C6004970446109F08461146C4
:10B270001A469DF83430CDE90267CDE900350C9BC4
:10B2800001F042FC024628B1204607B0BDE8F0407C
:10B29000FFF705BE45F21301204607B0BDE8F040B8
:10B2A000FFF78DBC7FB50446084611461A46DDE916
:10B2B0000A63CDE90163099B0093089BF3F71EFD28
:10B2C000054628B1204604B0BDE87040FFF7E7BD51
:10B2D000A07C2946C0F110023044F7F74FFB2A4604
:10B2E00045F21201204604B0BDE87040FFF767BC8C
:10B2F00038B5054608461021FDF77DF9044610B122
:10B300002846FFF7CCFD204638BD2DE9F04786B032
:10B3100099460E9B04460F46164690F873A073BBE1
:10B32000236C02AD10220021284603F10108F7F733
:10B3300025FBBAF1020F04F15A020DF10E0304F1DC
:10B34000530124D19288D4F85A000290AA80D4F8EC
:10B350005320CDF80E208A889A8031462B464246EB
:10B360003846CDF8009001F03EFB064610212846F5
:10B37000FDF76CF9B6B12046FFF791FD04E01146E8
:10B38000FFF7B6FF0028CBD006B0BDE8F08789886C
:10B39000D4F8530092880290A980D4F85A10CDF8BE
:10B3A0000E10D9E7324645F210012046FFF707FCA0
:10B3B000EAE7B1F5A04F70B504460D4616460AD02F
:10B3C00045F20603994218D0324629462046BDE888
:10B3D0007040EAF7A1B8836843F08003836090F877
:10B3E0007330012B14BF80204020E9F797FF002223
:10B3F00003462046BDE87040184793791344597CB2
:10B4000041F49051E9F786FEDEE7EAF7E3B8B1F5DB
:10B41000A04F70B50446154676D045F21B06B142E2
:10B4200040F0958090F87430DA0765D5056CB5F872
:10B43000503123B18921FFF7A7FB002070BDD5F85B
:10B4400058315B0747D5AB79DE0744D56B7BD8070E
:10B4500041D5A36C10220B2195F85E013133FDF725
:10B4600016F938B140F21B412046E9F753FE40F28D
:10B470001B40E3E7A36C206C01220C2190F85E01D5
:10B480002033FDF704F90028ECD1A36C206C1022C6
:10B490000D2190F85E012133FDF7F9F80028E1D184
:10B4A0000822206C114690F85E0104F11003FDF7AC
:10B4B000EEF80028D6D1236C93F85E2184F875202D
:10B4C000FF2283F85E2120468021FFF75DFB2046A6
:10B4D000E9F7FAFDB1E705F5987304F1180205F5EF
:10B4E000A07553F8041BAB4242F8041BF9D1A368C2
:10B4F00043F48073A360E6E78021FFF745FB29460C
:10B500002046E9F707FE98E7036CD3F85821510766
:10B510000AD59A79D20790D55B7BDB078DD5FFF7EB
:10B5200048FE002889D0A2E7FFF782FE014690B9C5
:10B53000236CA07C03F59873C0F110021844F7F750
:10B540001DFA216C2046B831FFF7B2FA75E7BDE865
:10B550007040E9F7E1BF40F207406FE773B545F28D
:10B560000406B142044615461DD045F21006B1420C
:10B5700007D0B1F5A04F0FD002B0BDE87040E9F799
:10B58000CBBF016CA831FFF7AFFA85212046FFF74A
:10B59000FBFA002002B070BDFFF752FA236CD3F81B
:10B5A0005831D907F5D5236CD3F85821D2070BD4DD
:10B5B000AA7998330C3215446A1D153552F8041BCC
:10B5C000AA4243F8041BF9D1216CD1F8583113F089
:10B5D000040301D08321D9E781F85C31012301F113
:10B5E000B8020093204601F1A80301F59871FFF716
:10B5F0008CFECEE7B1F5A04F73B5044608D045F2F6
:10B600001105A94229D002B0BDE87040E9F784BF16
:10B61000016CB831FFF76CFE40BB256C95F85D31CD
:10B6200005F1A806013B022B01969CBFD5F82C0121
:10B6300095F85C6105F1B8039EBFF04000F0010091
:10B6400040F08000009005F11102204605F1510103
:10B65000FFF728FC002002B070BD016CA831FFF795
:10B6600043FA85212046FFF78FFAF3E740F20740BF
:10B67000F1E770B545F20406B1420446134625D001
:10B6800045F21806B14206D0B1F5A04F33D1FFF70D
:10B69000D7F9002070BD11684D1C03D10121FFF7BF
:10B6A000DCFBF6E7026CD2F85801400743BF0021EB
:10B6B00082F85C111B68C2F8301120464FF08401FB
:10B6C00048BFC2F82C31FFF75FFAE2E79979026CC4
:10B6D0000C310B44591D9832153351F8040B994223
:10B6E00042F8040BF9D1226CD2F8583143F001032F
:10B6F000C2F85831CDE7BDE87040E9F70DBF00232F
:10B7000010B50446036490F87500FF2813D0E6F7DF
:10B710000BFF082204F11003114694F87500FCF7A2
:10B72000E9FF94F91330012B07D194F8743043F0FA
:10B73000020384F87430002010BD022BFBD194F872
:10B74000743043F00A03F4E74B88062B05D10888D0
:10B7500041288CBF0020012070470020704707B5AA
:10B760008B790A460B440191197C4B1E0D2B04D892
:10B7700001F5A0410131FFF722FA01A8F7F775FBA7
:10B7800003B05DF804FB08B5E9F72AF8E9F71EFBFA
:10B79000BDE80840E8F720B808B5E9F711FA28B97C
:10B7A000BDE8084000200021F3F7FAB9002000218D
:10B7B000F3F7F6F9E9F722F8EFE737B5044642F672
:10B7C0000720FEF7E2F90546B8B10A23002CCBBFEB
:10B7D0000534053CB4FBF3F394FBF3F38DF8073029
:10B7E0000123002118460DF10702F7F7F6FD0022AC
:10B7F000034629461046FEF704F903B030BD10B5E4
:10B80000411D441E002014F8013F5A0802F0550261
:10B810009B1A03F03302C3F3850303F0330313448D
:10B8200003EB131303F00F03A1421844EBD110BD37
:10B830000078E7F7D5BB13B50C460DF107020DF103
:10B840000601FDF7DBF930B19DF80600031B5842F5
:10B85000584102B010BD0120FBE7FFF75BB8E9F7E4
:10B8600015BCEBF7FDB9FFF757B8704770470020DC
:10B870007047704770477047EBF716BC70477047CA
:10B8800013B50C4601A902F08BF910B9019BC4E96C
:10B89000003002B010BD08B5EBF7A6FA80F0010049
:10B8A000C0B208BD08B5FFF7F6FF00280CBF0420A2
:10B8B000012008BD08B5FAF740F9002008BDEBF7F4
:10B8C000ABBCEBF7B9BC002280B21146EAF7B2BFBD
:10B8D00000234FF0FF3203604FF0FF334160C0E9B7
:10B8E0000223704707B502F03BF96A4602F096F969
:10B8F000DDE9000103B05DF804FB13B5E0F78EFF4E
:10B90000019001A8F7F738FB044601A8F7F7ADFA54
:10B910002046032209210194F7F778FD0198437925
:10B9200043F00303437102B010BD022070470220B0
:10B93000704700207047012070470020704708467C
:10B940001146012200F044B800F084BA00F08CBA2D
:10B9500000F09DB8431E042818BF012B94BF01209E
:10B9600000207047EEF752BC4FF4D4720021F7F775
:10B9700005B810B50446EDF7ADF8E8B9A169D9B13D
:10B98000238ACBB1204604F1100200F045FBB8B980
:10B99000E169A9B1638A9BB1204604F1120200F06B
:10B9A00010FB88B9216A79B1A28A6AB12046E38A7C
:10B9B000BDE8104000F0C4BA00232382A361E6E78B
:10B9C00000236382E361ECE700236361236210BD1F
:10B9D000EDF72CBA0A7838B505461046FFF7BAFFDE
:10B9E00060B14C782046FFF7B5FF38B122435307CA
:10B9F00004D42846BDE83840ECF744BD212038BDCA
:10BA0000FFF7E8BF10B504460878FFF7A3FF58B169
:10BA10004A781046FFF79EFF30B1042A04D0204632
:10BA2000BDE81040ECF74CBD212010BDFFF7EABF88
:10BA300000F082B9084600F00EBC7047F8B5064623
:10BA40000D46EBF777FFD8B94FF6FF734FF0240C94
:10BA5000EF68C1B28F4208D81C4621463046ECF749
:10BA6000EFF8EEF753FC2046F8BDAA680CFB012264
:10BA7000D4899C4202D2002CEFD023460130E8E763
:10BA80004FF6FF74EFE7808D704700F092B970B504
:10BA900004460D46164600F049F858B1294620469E
:10BAA000ECF7CEF838B9324629462046BDE870405A
:10BAB000F0F7B2BF0E2070BD08B5EBF7B1FE18B1BC
:10BAC000BDE80840F0F70ABD08BD38B5044648880F
:10BAD0000D46EEF7D3FBD4F8FC302BB929462046AF
:10BAE000BDE8384000F01EBB022038BDEEF7D8BBE1
:10BAF00000F035BCD0F8FC00003818BF01207047BA
:10BB000000F0E2BAECF720BFEEF7B8BAECF710BEDF
:10BB100000F0C5B938B50446154609B100F049FB37
:10BB200015B12046EDF77AFC002038BD0346408A67
:10BB300018B1188A003818BF0120704700F094BA75
:10BB40000846EEF763BE10B5044600F07DF820B954
:10BB50002046BDE81040ECF7A1B910BD00F003BCD1
:10BB600000F001BCEFF792B82DE9FF41984604467A
:10BB70000E46174602F0FAF905462046FFF7E3FFA6
:10BB80000A9B3A4602930023314601932046CDF8A2
:10BB90000080ECF7D1F90446284602F0E2F920468D
:10BBA00004B0BDE8F08138B5044602F0DFF905467F
:10BBB0002046FFF7C8FF2046ECF79CF904462846CC
:10BBC00002F0CFF9204638BD38B5044602F0CEF970
:10BBD00005462046FFF7B7FF204600F044F804462C
:10BBE000284602F0BEF9204638BD38B5044602F0BA
:10BBF000BDF905462046FFF7A6FF204600F039F8BC
:10BC00000446284602F0ADF9204638BD70B504461A
:10BC10000E4602F0ABF905462046FFF794FF314689
:10BC20002046ECF7D5F90446284602F09AF920465A
:10BC300070BD084611461A4600F058BB01207047F7
:10BC4000EDF792BE00F0F0BAECF764B810B502F070
:10BC50008DF9044600F015F8ECF784F82046BDE8AD
:10BC6000104002F07EB9024608B5ECF753F8507D5B
:10BC700008BD024608B5ECF74DF8507D80F0010094
:10BC800008BD00F070BBECF75DBB00F09EB838B5A6
:10BC900003210546ECF7C8FA04462846EDF7C6FD31
:10BCA000204638BD38B590F825400D46FF2C17D0FA
:10BCB000023C012C8CBF0024012449682246EDF788
:10BCC000F1FD286890FAA0F0000AEFF797FBA97A37
:10BCD0002889224681F00101EDF714FE002038BDCD
:10BCE0000220FCE730B505460FC985B08DE80F008E
:10BCF00069462846FFF7D6FF05B030BD00207047E3
:10BD0000002070477047D0F89C3003F06003402B50
:10BD10000DD0602B03D0203B58425841704749B1A9
:10BD20000B68012B06D9486940F00100704740F2CA
:10BD30000110704700207047F7B504461046D4E95B
:10BD400052C7DDE908268CEA020587EA06010540AC
:10BD5000194085EA0C057940C4E95251002523F4C5
:10BD6000004106EA010320F0010043F400730240A1
:10BD700043F0020301950095F1F750FD94F824304B
:10BD80009A0713D5D4F84C319B050FD54FF4881181
:10BD9000204600F04FFC94F82430024665F341033E
:10BDA00084F8243020460B46ECF72CFA002003B030
:10BDB000F0BD30B4D0F89C300A4023EA01031343AD
:10BDC000C0F89C3030BCEDF7E9B80220EEF754BF64
:10BDD00008B5D0F8F0304BB11A68022A06D993F8AA
:10BDE00025204AB1186AB0FBF2F008BD40F68C324B
:10BDF0004C210020EBF778FF0020F6E7D0F8F02088
:10BE000008B57AB11368022B0CD9536A13F47F4F2B
:10BE1000C3F3072106D0126ADBB253438B42B3FB54
:10BE2000F1F006D2002040F6AB324C21EBF75CFF7C
:10BE3000002008BD0346B3F8322108468A4203D0E9
:10BE4000A3F83211EEF76ABA002070474FF4807100
:10BE5000F2F782B810B50023ECF768FB044608B986
:10BE6000F0F7C4FD204610BD38B51D46002304463A
:10BE7000ECF75CFB28B929462046BDE83840F0F7CE
:10BE80009FBE38BDD0F8F00040B10368122B04D932
:10BE9000006D202828BF202070470020704770B513
:10BEA00004460D46ECF7D4FA94F825400646042CD7
:10BEB00002D16B7C012B0CD9023C012C8CBF0024DD
:10BEC000012431462046F0F797FC431C03D10220A1
:10BED00070BD0124F5E7AB88BBB92B68AA689B1A33
:10BEE0002B600323AB71002EF1D0B0F5803FEED86C
:10BEF0004FF22442730902FB00333609B3FBF6F319
:10BF00002A680020D21A2A60E2E700EBC30004EBA3
:10BF100044042044E5E738B54FF03A430546DC6A6F
:10BF2000808AC4F30C04A04234BF0020012041F2F7
:10BF3000D0420821EBF7D8FEA88A001B80B238BD9A
:10BF40002DE9F041884618F00307064615461946C4
:10BF500033D1B2F5805F30D89A422ED33F2A2AD906
:10BF6000B2FA82F40122C4F11F03DBB29A4092B20A
:10BF7000AA422CBFC4F11904C4F11A04E2B2012090
:10BF8000931DDBB2984080B2A84214BF012000206C
:10BF900002D096F8013193B996F8243060F3C713B4
:10BFA00086F824304046EDF71BFEC6F82080B582A7
:10BFB0003846BDE8F0813A46E1E72127F8E70E2749
:10BFC000F6E7F8B511F0030607460D46144621D1F1
:10BFD00002B313883F2B1DD9B3FA83F3C3F11901C0
:10BFE000C9B2062901D8192B12D0062928BF06216B
:10BFF00001238A1DD2B293402846238000F063F9C2
:10C0000023883846FD617B82EDF7FAFE3046F8BDA5
:10C010003146EDE72126F9E738B5148811F003051C
:10C020004FEAC4041ED13F2C1CD9B4FA84F4C4F1E5
:10C030001903DBB2052B01D8192C11D0052B28BF11
:10C04000052301240633DBB204FA03F3C3F3CF0460
:10C050001480816104820387EDF7D2FE284638BD43
:10C060002B46EEE72125F9E770B50E46102105466F
:10C07000F1F772FF0446102128463201F1F758FF0C
:10C08000F1F774FF204670BDF8B504460E4617461A
:10C0900001F063FF3A46054631462046EFF78AFB3A
:10C0A0000446284601F054FF2046F8BD02207047A0
:10C0B00003207047EEF7D8BD40F23660704700208D
:10C0C00070470022EDF73CB808B50B46062200F594
:10C0D00098711846F6F779FC002008BD0429F8B5D8
:10C0E00005460C460AD10026F7B23846EEF75AF953
:10C0F00008B13C4602E00136042EF5D12046EEF7A9
:10C1000051F958B195F83031A34209D085F8304142
:10C1100005F59870BDE8F840EEF706B92120F8BDA6
:10C120000020FCE7F8B5FF230F78044680F829309B
:10C1300090F8306138460D4600F009F984F828007F
:10C140006988B4F832318B420BD194F830212B78C6
:10C150009A4206D1AB88D4F8B0209A4201D100208F
:10C16000F8BD2046FFF766FE39462046FFF7B6FFCA
:10C1700018B10D2384F83031F2E72046A988ECF796
:10C18000B9F90028ECD104F59870EEF701F9002810
:10C19000E6D1D4F8EC30002BE1D094F83011B14264
:10C1A000DDD02046B3F91220DCF7BCFA84F839015F
:10C1B000D5E7EDF717B910B5144608460121EFF79A
:10C1C00033F82046BDE810400121EFF72DB880215B
:10C1D000F1F7C2BE10B50446ECF71CFE014620463E
:10C1E000BDE81040ECF71CBE70B504460D4616467F
:10C1F000ECF708FE032813D1A5B1B31E022B94BFA0
:10C200004FF4BC7328232946C4F80831204684F82B
:10C210002560FFF713FC2046EDF7E2FA002070BD21
:10C220000220FCE72120FAE7EDF79EBB38B5054672
:10C2300010460C46EDF70AFC5DB1D5F8EC3043B181
:10C240005A6932B12368591C04BF6FF0010323609F
:10C250001360002038BDEFF7DFBD002070472DE9E7
:10C26000F74F01251C469DF83030064601930368C0
:10C27000174603F0070306339D4005F1FF380B46D0
:10C28000A1B1416804EA080BA5EB0B0A41F0005983
:10C29000524509EB0B0114D952461846F6F795FBA7
:10C2A00049467A1B5A445044F6F78FFB019B2BB149
:10C2B0003C4448EA050804EA0804F46003B0BDE819
:10C2C000F08F1846F0E74FF03A4301225A6740F6E4
:10C2D000FF72D96418651A67704737B50025144690
:10C2E0000095FFF7BCFF204603B030BD70B50E4689
:10C2F0001546044608B9002070BD0378042B18D0F9
:10C300002078EEF74FF8B0B923780D2BF3D10EB1AA
:10C31000FF233370CDB1FF232B7016E0581CC0B241
:10C3200003282070ECD8EEF73DF823780028F5D0EC
:10C33000E6E70020F4E71EB12078EEF769F83070E8
:10C340001DB1207800F003F828700120D4E700F038
:10C35000FD00003818BF01204042C0B2704770474E
:10C3600000200021704708B5EEF7D0FCBDE808407A
:10C37000EEF7F4BC38B50446FFF7F5FF0546FFF7C6
:10C38000F2FF431BA342FAD338BD38B50D4604462D
:10C39000EEF7BCFC35B1844200D90139204601F0EA
:10C3A000030138BD844238BF0131F7E708B5EEF725
:10C3B000C5FCBDE80840EEF7D1BC08B50121FFF788
:10C3C000E4FFBDE80840EEF7C9BC08B521B1920012
:10C3D000F6F7FBFA002008BD2120FCE70B0C23F444
:10C3E0008053B3F5284FF7B50D468FB2064699B284
:10C3F00017D04AF60103994215D04AF60203994232
:10C4000013D0B1F5204F14BF04240324D6F8EC3028
:10C410000BB1196859B9D6F8E83093B9286803B058
:10C42000F0BD0024F2E70124F0E70224EEE7234602
:10C430003A466846EEF70CFD019B002BEBD10098C5
:10C44000EDE719680029E9D023463A466846EEF739
:10C45000FFFC019B002BE1D1F1E702044FEA9013AE
:10C4600009D4C3F30903A3F1C8006FF4FF73984222
:10C47000B8BF184607E06FEA83536FEA935313F58A
:10C48000007F18B2EFD170474FF0384359699A696D
:10C4900003F500530A405A61704700EB8023C0EB5C
:10C4A000831353FA81F303EB8322C3EB8213C1F3AB
:10C4B0000722134403EB8322C3EB8213C1F3074229
:10C4C000134403EB8322C3EB821303EB1160704729
:10C4D00038B50D46144604B938BD55F8041BFFF7AE
:10C4E000DCFF013CF7E72DE9F0470C4669B1CB1CB6
:10C4F000B3F5002F09D24FF0000844F6FC7654F84B
:10C5000028104FEA88094B1C01D1BDE8F087FFF7DE
:10C51000C4FF01F0E063B3F1407F844608F10107F6
:10C52000C1F3074514D18BB2F31AB5EB930F4FEA61
:10C53000930A0DD909F1040152462144FFF7C8FFBF
:10C54000844608F10208013D0AEB0807A5EB0A053D
:10C550002A46604604EB8701FFF7BAFF07EB0508A0
:10C56000CDE7F8B50446002850D000F11703B3F525
:10C57000002F05464AD2EFF797FC217D00EB802380
:10C58000C0EB83130B44A28A03EB8321C3EB81131B
:10C5900003EB122304F1100618462968FFF77DFF0C
:10C5A0002A7803469AB9696861B1CA1CB2F5002FAE
:10C5B00008D26A7852000132FFF78AFF0346083535
:10C5C000B542E9D12069C31A58425841F8BD012A41
:10C5D000F8D168680028F5D0421CB2F5002FF1D2DE
:10C5E000E978AA78891A01310029E8D030F8027B6D
:10C5F00003EB8322C3EB821353FA87F303EB83220B
:10C60000C3EB821303EB17230139EDE70020DDE7CD
:10C610000E2070477047F0F7C3BBF0F7C1BBF0F7CF
:10C62000BFBBF0F7BDBB08B50846F0F7E1FF08BD9A
:10C63000F0F7B6BB38B505460C4601F08EFCD5F8D0
:10C6400098301C40D5F894302343C5F8943001F05D
:10C650007FFC211E18BF01210020490238BD0020A7
:10C66000704770477047704710B5044600F03800B7
:10C67000F2F736F878B1D0E901234178C4F30744E2
:10C6800011F0010F18BF1346043B53F8040F10B10B
:10C690000278A242F9D110BD052B07D920F47F40C2
:10C6A00020F0C70040F4007010609180704703686C
:10C6B000186800F0A8B838B50546F1F7C7FF04467A
:10C6C0002846FFF7F4FF204638BDF1F70BBF10B541
:10C6D00000F1080454F8083C0BB9184605E054F87A
:10C6E000040C984708340028F4D010BDF8B504466F
:10C6F000C0B100F10C073846DEF778FD002366680C
:10C7000056F823207AB906EB8305B5420DD123698B
:10C7100093B93846F6F7A9FB00236380637823F0CA
:10C7200007036370F8BD0133EAE755F8043DDB68A1
:10C73000002BEAD09847E8E7DD68002DE9D0043DFA
:10C7400055F8043F002BE4D09847F9E738B5054683
:10C7500060B1046944B1206850B1FFF7B8FF0446E6
:10C7600010B12846FFF7C2FF204638BD2224FBE760
:10C770000446F9E770B5054628B3437823F006036D
:10C7800043F001034370036953B1586840B1FFF7A8
:10C790009EFF044620B12846FFF7A8FF204670BD43
:10C7A0006E68043E56F8044F2CB9202005F10C01A8
:10C7B000DEF70AFDF2E7A368002BF3D098470446A2
:10C7C0000028EFD0E7E72224E8E710B1407800F036
:10C7D0000100704730B1407800F00700B0FA80F0F7
:10C7E000400970470120704707B501A9FFF76DFFA9
:10C7F00003B05DF804FB08B500F018FA002814BF78
:10C800001420002008BD7047430803F05533C01AB8
:10C8100000F03333800800F0333018444FF0013318
:10C8200000EB101000F00F305843000E704710B5A9
:10C83000044688B1836A016A7BB180689847002307
:10C8400094F8240023620C28636005D82146DEF7A3
:10C8500083FE0D2384F8243010BD0029EFD08368B7
:10C86000002BECDB0846F6F70AFEE8E7002307B5E5
:10C870001A46019101A9F2F7E1F803B05DF804FB53
:10C88000002330B587B004939DF83430DDE90A45C4
:10C8900003930C9BCDE900450293F2F745F807B0EE
:10C8A00030BD052330B585B003930A9BDDE908450B
:10C8B0000293CDE90045FFF7E3FF05B030BD30B589
:10C8C00000230024002585B0CDE900450293FFF741
:10C8D000E8FF05B030BD03680B60016070472DE9CB
:10C8E000F0410E46174600240546006808B9BDE829
:10C8F000F081D0E90083B3420BD18368BB4208D1F9
:10C9000054B9C5F80080C368DB0701D5F6F7B7FD59
:10C91000204604464046E9E7C4F80080F3E70023D8
:10C9200070B51A46194605460468F2F787F80CB93F
:10C930002C6070BDE3682668DB0702D52046F6F759
:10C940009EFD3446F3E72DE9F8430E4617460546AB
:10C9500010B90020BDE8F8830468002CF9D0D4E9B0
:10C9600000893B4632462946A068C8470028F1D1D5
:10C970004446F2E73020704710B4044693790846E5
:10C98000C3F3C00383F00103237011465DF8044B29
:10C990000622FBF751BEF7B51F4600230D4601A93D
:10C9A00016460193E5F7CCF9044648B93B463246B2
:10C9B00029460198E5F70EFA04460198FBF78DFD2C
:10C9C000204603B0F0BD38B50B4615460246294651
:10C9D0001846E5F7D9F9044618B110212846FBF7A7
:10C9E00035FE204638BD2DE9F0419046002286B044
:10C9F0000E4601A91D460C9F0192E5F769F9044610
:10CA000048BB08F1FF320DF108084046731E0F368F
:10CA100013F8011F12F8014FB34281EA040100F834
:10CA2000011BF5D102A90846019AE5F7ADF90446C4
:10CA300088B96B1E0F3598F8002013F8011F4A4083
:10CA4000AB4208F8012BF6D13946019A02A8E5F766
:10CA50009BF9044618B110213846FBF7F7FD019801
:10CA6000FBF73BFD02A81021FBF7F0FD204606B0C6
:10CA7000BDE8F08170B50C4606465168106800228A
:10CA800086B01D4602AB03C320686168019203C3F0
:10CA9000304601A9E5F71CF9044640B92946019A38
:10CAA00002A8E5F771F904460198FBF716FD10217D
:10CAB00002A8FBF7CBFD1CB110212846FBF7C6FDF1
:10CAC000204606B070BDF0B50E4614461D4693B024
:10CAD00001462022189F01A8FBF7AEFD2022314617
:10CAE00009A8FBF7A9FD20463B46412201A98DF884
:10CAF0004450FFF750FF044618B110213846FBF7A9
:10CB0000A5FD204613B0F0BDF0B516461D460446FF
:10CB100093B0102201A81D9FFBF78EFD1022314615
:10CB200005A8FBF789FD1022294609A8FBF784FD1B
:10CB30009DF860301B9A8DF834309DF864300EA952
:10CB40008DF835309DF868300DF137008DF83630AE
:10CB5000FFF712FF1C9A0DF13F010DF13E00FFF7A8
:10CB60000BFF204601A93B464122FFF714FF044674
:10CB7000412101A8FBF76AFD1CB110213846FBF7E3
:10CB800065FD204613B0F0BDF0B50E461D461446B7
:10CB900099B00146202204A81E9FFBF74DFD2022DC
:10CBA00031460CA8FBF748FD1022294614A8FBF7D4
:10CBB00043FD6B465022204604A9FFF7ECFE18B156
:10CBC00000233B6019B0F0BD009B3B60FAE72DE904
:10CBD000F0410D46804688B0002114460DF1030057
:10CBE0000D22F5F7CBFE2A88AB7804AE6946ADF886
:10CBF0000020404632468DF80230FFF7E4FE05463D
:10CC000010216846FBF722FD35B100232380A37075
:10CC1000284608B0BDE8F081BDF81020B378102197
:10CC200030462280A370FBF711FDF1E7034B5868F3
:10CC3000C0F30800003818BF0120704700ED00E085
:10CC4000014B1868704700BF682E00200A4B1B6F0D
:10CC500003F00703013B032B03D8DFE803F00A03CB
:10CC60000608FEE7054B18687047054BFBE70548CB
:10CC700070470548704700BF00800050682E0020B4
:10CC8000702E002080D54302002D310108B5FFF73A
:10CC9000DDFF054B1B6FC3F303330133B0FBF3F030
:10CCA000024B186008BD00BF00800050642E0020B9
:10CCB0000048704700B4C40400487047002D31019B
:10CCC000014B1868704700BF702E00200048704765
:10CCD00080D54302014B1868704700BF6C2E0020BE
:10CCE00030B5154B87B00293144B0390049346F66E
:10CCF00011030D46059300F06FF91428044616D170
:10CD0000684601F00EFA4FF0A843032202A95A63C5
:10CD100019601D619A63DA6B9207FCD1142C02D161
:10CD2000684601F00CFA00F08BF9044601E0002897
:10CD3000E9D0204607B030BDF016002004000020E6
:10CD40002DE9F04FB1B005468C46E9466F4F3B9E4A
:10CD5000DDF8F8E0409C07F1100AC84638687968A9
:10CD60000837A8E803005745C146F6D10EEB020884
:10CD7000C8F1000909F00F09002E00F0AD807742DC
:10CD800007F00F070121DDF8FCB0C4F1100ACDF85F
:10CD900010B0059144F0005106914FEA0A2101F4C8
:10CDA000F85141F02101079106B96B460893002D17
:10CDB00040F09480002C00F0918004AB0993002E89
:10CDC00000F08E8046F000530A93002D40F08B80D7
:10CDD000002C0CBF2123012343EA07230B9308A84F
:10CDE00042F00053CDF830C03D990D900E934FEABC
:10CDF000092343F041030F931091002A75D00CA929
:10CE000011910021002A18BF412341EA0E0112911D
:10CE100013933C9B3E4A149310AB15933D4B00215A
:10CE2000169340F6110317933B4B002D18BF134682
:10CE3000189314AB1993394B10221A9311231B9397
:10CE40001CAB1846F5F79AFD01221D924AF080426C
:10CE50001E9200220346239205B9EB46102C08BF10
:10CE600001230DF1900A102200215046CDF880B028
:10CE700021932294F5F782FD002C3AD020AB0021BB
:10CE800025938F4218BF534647F0804226923A9A24
:10CE90002CA828922993B2FA82F35B0946EA83739D
:10CEA00010222B912A93F5F769FD26B328ABC844CD
:10CEB0002D932CA948F0804318A82E93FFF710FF5C
:10CEC00038B935B903460246A34216D1002A18BF25
:10CED0002C2031B0BDE8F08F102753E701236DE718
:10CEE00047F0005370E7212376E74FF0005111908F
:10CEF00088E70123C3E75346D9E703F1C00169443A
:10CF000011F8C01C01330A43DEE700BF07E9020045
:10CF100010EF0200100000200CEF020004000020BF
:10CF2000F0B5C0299FB0249E4FD0B1F5807F04D0CA
:10CF3000802941D029201FB0F0BD40F2144440F2B6
:10CF40003445002E18BF2C462127102501940124BA
:10CF50000296039404950597259F069706B102ACA7
:10CF600007940124089509940A9221220B940C95A8
:10CF70000D92174A0AAC0E92164A0F94109242F67E
:10CF800011021192129313941495159201AA1692FC
:10CF9000CBB112AB1793042318931123199316AB3B
:10CFA0001A901B9340F61103C9081C911AA806A9F0
:10CFB0001D93FFF795FEBEE7002E0CBF4FF4826471
:10CFC0004FF48664C0E70EABE4E70F20B3E700BF81
:10CFD00008EF02001000001038B5164B5A6E42F0F0
:10CFE00004025A66D3F8802242F00102C3F880227C
:10CFF000114B5B68C3F3080343B14FF0A842D36BF6
:10D0000013F0430FFBD11424204638BD4FF0A84342
:10D01000DC6B14F04304FBD1084D2B681BB90421D1
:10D020002846F2F72BFB2B68013343F000432B60BB
:10D03000EAE700BF0080005000ED00E0F01600209D
:10D04000014B00205B68704700ED00E0C0B1026852
:10D0500012F4E07FC2F382130DD0012B10D1094BE3
:10D0600059B103F58053012102F03F0201FA02F2A7
:10D0700000201A607047044BF2E703F50053F2E713
:10D080000E207047688000506480005070B50646DE
:10D090000D4600F06BFF04460E4B1B68183B13F166
:10D0A000180F04D12046BDE8704000F05ABF1A683E
:10D0B0001268B24201D09B69F0E7074A13601B690E
:10D0C000064A53F82530157003B198470022024BE9
:10D0D0001A60E7E72C17002024170020FE2A002002
:10D0E000014B53F8200070473017002070B50446FC
:10D0F00001F0B0F800B1FEE7074A2101555802EBF4
:10D10000041345B19968204601315A6899602B464D
:10D11000BDE87040184770BD5818002008B50B4B8B
:10D1200001461B785BB107280BD8094B03EB0013B2
:10D130001B7B43B1074800F033FF002008BD1120DE
:10D14000FCE72120FAE72520F8E700BF002B0020AC
:10D1500058180020000004500C4B10B51B780C46EA
:10D1600073B107280ED869B1094B03EB00131B7B81
:10D1700053B10146074800F023FF2070002010BD86
:10D180001120FCE72120FAE72520F8E7002B0020FA
:10D1900058180020000004500C4B10B51B780C46AA
:10D1A00073B107280ED869B1094B03EB00131B7B41
:10D1B00053B10146074800F012FF2060002010BD67
:10D1C0001120FCE72120FAE72520F8E7002B0020BA
:10D1D00058180020000004500346064802689A428E
:10D1E00003D841680A44934202D3406A0028F5D12B
:10D1F000704700BFE41800200229F8B596BF104B15
:10D2000000245C5C012805460E4608D0022809D09F
:10D2100008B944F002040B4B1F6837B9F8BD44F05D
:10D220000804F8E744F02004F5E77B681A68144224
:10D2300003D0314628465B6898473F68EDE700BF5A
:10D24000E4F002001819002038B5104D2B78ABB16E
:10D250000F4C23781BB100F08DFA002323700020BF
:10D2600001F0EBF80B4C50B100F0D6FA002301218D
:10D2700020782B70FFF7C0FF0123237038BD0122F7
:10D28000054B1A702278054B1A70F7E7082B00201F
:10D29000062B00200E2B0020092B00200A2B00203B
:10D2A0000E490B78FF2B01D198B170470BB990B99B
:10D2B0007047002814BF0122FF2213440B7060B195
:10D2C000074B1B78012B08D9064B1B782BB9FFF7AE
:10D2D000BBBF1A46F1E70122EFE770470D2B002094
:10D2E0000E2B0020092B002010B500F036FE064B57
:10D2F00004461B781BB1BDE8104000F029BEFFF7C3
:10D30000A3FF2046F7E700BF052B002002282DE9E8
:10D31000F04147D029480378FF2B41D1002941D162
:10D320001A461344DBB2037000293BD0244E3278F6
:10D33000012A37D9002B3ED000F00FFE214F0446C2
:10D340003B780BB3204D2B781BB901222A701F4A62
:10D350001370DFF87C8098F8003023B100F00AFAEF
:10D36000002388F80030204600F0F2FD012001F093
:10D3700064F800F0F2FD2B7804461BB100F04CFA83
:10D3800000232B7000233B70204600F0E1FD0124B8
:10D390003078A04206D02146FFF72EFF347001E01E
:10D3A00013B931B9BDE8F081002914BF0122FF2271
:10D3B000B7E70122B5E70224EAE700BF0D2B002002
:10D3C0000E2B0020082B0020052B0020092B00200D
:10D3D000062B00202DE9FF47EFF3108572B6AFF35F
:10D3E000008001F0DFF8002800F0A4806B4E6C4F45
:10D3F000337823B10020FFF753FF002333703878D0
:10D4000078B903A900F07CFB044650B9654B039A38
:10D410001B689A4200F296800120FFF741FF01232A
:10D4200033703B78002B40F0AB805F4B1B78002BB8
:10D4300000F0A3804FF002085C4CDFF89091207858
:10D44000DFF88CA140450AD0002389F800309AF813
:10D45000003013B94146FFF7CFFE84F8008099F8F9
:10D4600000303BB12378022B04D1002389F800302F
:10D4700001F0DCF8B8F1020F0FD1DFF82C8198F839
:10D48000003053B94A4B1B7823B900F06DF90122E3
:10D49000484B1A70012388F80030207800F018F902
:10D4A0009AF8003013B1444B1B782370AFF300801F
:10D4B000284600F0BDFFEFF3108572B63F4B1A7897
:10D4C00052B100221A703C4B20781B78984203D14D
:10D4D00001212170FFF790FE394800F0D1FA01F0E8
:10D4E00070F88046002883D12F4F89F800003B78E0
:10D4F0009BB1DFF8C0908AF8000099F800301BB1AA
:10D5000000F038F989F80080002000F096FF00282C
:10D5100039D000F081F900233B70337823B100202B
:10D52000FFF7BEFE0023337000212078FFF764FE72
:10D5300000232370AFF30080284604B0BDE8F04715
:10D5400000F076BF1F4BD3F8008000F0AFF8039BCC
:10D5500080449845BFF460AF00F092F982000399CF
:10D5600042F0020292B2CDE900422346164AA1EBF4
:10D570000801134800F063FF53E700F0DFF859E7B4
:10D580004FF0010858E7012000F0A2F8284600F00B
:10D590004FFFEFF3108572B6B6E700BF072B0020F0
:10D5A0000D2B002020190020082B00200E2B00201E
:10D5B0000C2B0020062B00200A2B0020032B002020
:10D5C000241900201C190020E9D202000B2B002096
:10D5D000092B002010B500F0C0FC0022054B1C7880
:10D5E0001A7000F0B5FC00F04DFBE4B22043C0B26D
:10D5F00010BD00BF042B002038B500F0AEFC094B75
:10D6000005461B78012B04D800F0A2FC002420461C
:10D6100038BD054B1C6800F049F80444284600F06A
:10D6200097FCF4E70E2B00201C190020194B1A4917
:10D630001A6F10B502F007020A60196F174801F45B
:10D64000744101601649174C8969032A01F00200F0
:10D65000C1F3400121701AD0D3F8202102F0030257
:10D66000022A14D0D3F8243103F007039C1E63422E
:10D6700063410D4A137048B143B9064BD3F80031EA
:10D6800003F00303591E4B424B41137010BD01239D
:10D69000EFE700BF008000508419002080190020AF
:10D6A00000C00150132B0020142B0020054B1878CC
:10D6B00018B1054B186800EBD000044B1B681844E8
:10D6C000704700BF142B0020481900207C1900204F
:10D6D000012808B502D002281ED008BD134A1378CD
:10D6E00023B113490B6F43F474430B6711490B6962
:10D6F00023F004030B61BFF34F8FBFF36F8F30BF75
:10D700001378002BE9D00A4A0B49136F096823F4F8
:10D7100074430B431367E0E70020D6F785FF054A03
:10D72000136923F004031361D7E700BF072B002020
:10D730000080005000ED00E080190020074A0849F1
:10D74000D2F8203103F003030B60D2F82431054AEC
:10D7500003F007031360F3F7F2B800BF0080005036
:10D76000901900208C1900200122014B1A7070477B
:10D77000122B0020F8B51F4B1B78002B39D01E4C04
:10D780002378B3B91D4B9A6DD10302D5DA6D920798
:10D790002FD49B6DDB072CD400F0DDFE184B194A0B
:10D7A0001860136F23F0070343F003031367FFF7B9
:10D7B0006DFA00F0D0FE124B134D1B68134EC01AC9
:10D7C0002B78134F56F8232046F82300111A3A6895
:10D7D0001048521A0A213A600932B2FBF1F20133C1
:10D7E000DBB20260B3FBF1F201FB12332B700023BA
:10D7F0002370F8BD142B0020112B002000C0005016
:10D800007819002000800050102B002050190020B3
:10D810004C1900204819002008B5F3F793F8124B73
:10D8200012491A6F096822F007020A431A67104961
:10D83000D3F82021096822F003020A43C3F820210B
:10D840000C49D3F82421096822F007020A43C3F8DF
:10D850002421094B1B7813B10122084B9A62BDE8C1
:10D860000840FFF713BA00BF008000508419002061
:10D87000901900208C190020142B002000E000508B
:10D88000014B1878704700BF142B002008B5104BCF
:10D890001A78C2B100221A700E4B1A6F22F00702DA
:10D8A00042F001021A67D3F8202142F00302C3F8C4
:10D8B0002021D3F8242122F0070242F00302C3F80A
:10D8C0002421FFF7E3F90122034B5A6708BD00BF8B
:10D8D000122B00200080005000E000500D490B6822
:10D8E000A0B10022A3B1834203D1836822B90B60A7
:10D8F00003E01A469B68F5E7936083680BB9002044
:10D9000070475A6941690A445A61F8E72220704712
:10D91000022070479C19002010B500F038FE0A4C18
:10D920000A4B19682368C31A09B9206010BD002B7F
:10D93000FBD04A699A423ABF9B1A0022D21A4A6126
:10D9400028BF00238968EFE7981900209C19002060
:10D9500038B5154D2B682BB35B69A3B1134A022070
:10D9600014681C4400F0CAFA204600F089FA00232B
:10D970000F492A680B7022B1D08880070AD501238D
:10D980000B70002038BD022000F0B8FA022000F031
:10D99000D7FAECE79268002AF3D050690344012BD0
:10D9A000EAD9EEE72220EDE79C1900209819002023
:10D9B000162B0020C38870B504460D463BB9FFF70F
:10D9C0001BFE8542064602D2F4F77EF935460E4A22
:10D9D0006561136883B91460A3600CE02D1A986820
:10D9E00019466561034618B15869A842F6D929B1AC
:10D9F0008C60A36023B970BD0021F5E71460A360BB
:10DA00005A69521B5A61F6E79C19002070B50D4601
:10DA10009DF81410164601710499BDF81820016094
:10DA200000210446C0E903368160C28006BB00F0D5
:10DA3000AEFD2844A0613DB9E368656113B120469D
:10DA400021689847C6B1354600F087FA0646FFF7C9
:10DA500063FF29462046FFF7ADFF084B1B689C4239
:10DA600001D1FFF775FF3046BDE8704000F070BA95
:10DA700000F08DFD3044DDE770BD00BF9C19002033
:10DA8000F8B50546D0B100F068FA0646FFF744FF46
:10DA90000B4B28461F68FFF721FF044620B1304694
:10DAA00000F056FA2046F8BDAF42F8D1FFF750FF1C
:10DAB0002228F4D1022000F02DFAF0E72224F1E729
:10DAC0009C19002038B50C460546A8B1A1B1002329
:10DAD0000B7000F04BFA0121084B1B6833B900F0C2
:10DAE00040FA002038BDAB4204D121702278002AD0
:10DAF000F9D0F4E79B68F1E72220F3E79C190020B6
:10DB0000F8B506460F4600F031FA00250446124BE0
:10DB10001B6823B9204600F024FA1B2011E05A6943
:10DB20001544DA88B2420DD100F031FD0B4E336856
:10DB3000C01AA8420AD3002320463B6000F011FA25
:10DB40000020F8BDFF2EEFD09B68E2E700F01FFD3C
:10DB500033682B441B1AEFE79C190020981900200A
:10DB600070B500F003FA064600F011FD084B0446BC
:10DB700001201D6800F0FBFC18B100F008FD044610
:10DB80000135304600F0EDF92046294670BD00BF52
:10DB9000A4190020014B1868704700BFA01900208D
:10DBA0000B4B70B51B68044683420D460ED340F202
:10DBB000E7300021074B4FF47A721E680023E4FB24
:10DBC0000601DCF749FC2860002070BD2120FCE73D
:10DBD00094190020A01900200F4B10B51A689AB1B3
:10DBE0004FF47A71531E1342A0FB01010ED1B2FA19
:10DBF00082F2C2F11F04531CD243E04001FA03F346
:10DC0000184321FA02F20243104610BD0023DCF74C
:10DC100023FC0246F8E700BFA019002038B5164BD8
:10DC200014468342154B8B4123D3154B1A6802B31C
:10DC30004FF47A75A0FB050305FB0131531E134217
:10DC400011D1B2FA82F3C3F11F055A1CDB4301FA6A
:10DC500002F2E84021FA03F310431843E940C4E913
:10DC60000001002038BD0023DCF7F6FBC4E9000109
:10DC7000F7E72120F6E700BFEFA7C64B3789410041
:10DC8000A019002010B500F071F9034B1C7800F0CA
:10DC900068F9E4B2204610BD152B00202DE9F041B3
:10DCA0009846002386B00E46174605468DF8133079
:10DCB00078B30DF11301FFF705FF9DF8133053BB47
:10DCC000304605A9FFF76CFF044630BB144B4FF4F8
:10DCD0007A7218680023A0FB0601DCF7BDFBC2F5D1
:10DCE0007A7189B2B1F57A7F08BF0021BDF834306E
:10DCF000A983EC83059A02939DF830301146CDE953
:10DD0000008328463B46FFF781FE204606B0BDE86B
:10DD1000F0812224F9E70224F7E72124F5E700BF88
:10DD2000A019002008B5084B1B7803F0FF004BB189
:10DD300000F011FC054B1B689B69C01A02288CBFC0
:10DD40000020012008BD00BF162B00209C190020D8
:10DD5000C2072DE9F843044607D5464A1368013344
:10DD60001360FFF7D9FDFFF7F3FDA3077FD500F0A0
:10DD7000FDF84FF0000805464646FFF7CDFD3E4F43
:10DD80003C680CB16369A3B100223C4B012E1A70B0
:10DD900003D118F0020F18BF1E70FFF7D9FD22281B
:10DDA00002D1022000F0B6F82846BDE8F84300F0A2
:10DDB000D8B823465A693AB91A792179914288BF6D
:10DDC0001C469B68002BF5D1284600F0CAF825694F
:10DDD000002D38D000F0DBFBA269A0EB02084FEA6F
:10DDE000E873A84573F100032EDB23691344A36194
:10DDF00001232269CAB1C3B9A38BB5EB080533B1BE
:10DE0000E28B13449BB2B3F57A7F28D2E38300F010
:10DE1000ADF8804629462046FFF7CCFDA36922696C
:10DE200040461344A36100F09CF8E36813B1204618
:10DE300021689847B4F8068000F098F80136054646
:10DE4000FFF76AFD9CE7A84600F090F8814620465F
:10DE5000FFF744FD484600F084F80023C9E7A3F526
:10DE60007A73E383A369013D013BA361CFE7BDE87A
:10DE7000F88300BFA41900209C190020152B002056
:10DE800010B5044600F069F84FF0B042936A1907E4
:10DE9000FCD4136A116C5269520604D4CA1A032ABC
:10DEA00001D899420ED1E21A022A98BFDC1CB4F1C3
:10DEB000FF3F38BF013C4FF0B04340221C6403F5E4
:10DEC00080539A6100F044F8054A13783BB14FF053
:10DED000B041CB6B43F00203CB630023137010BD42
:10DEE0000231002007B5044B01A9187900F053F95D
:10DEF000019803B05DF804FB54F0020000F0010348
:10DF00008207034A48BF43F040039361704700BF54
:10DF100000100058820700F001030AD50121064ACB
:10DF200043F0400311704FF0B041CA6B22F003027E
:10DF3000CA63024A936170470231002000200058F2
:10DF4000830742BF4022014B5A61704700100058BE
:10DF500010B962B6BFF36F8F7047EFF3108072B6DF
:10DF6000704780F31188BFF36F8F7047EFF3118014
:10DF7000302383F3118870474FF4004070474FF40B
:10DF80007A7070470122417803788A4030214B43F0
:10DF900041F2100103F1A04303F570335A5070476A
:10DFA00038B5044601258D40FFF7E0FF04F5005326
:10DFB00004F580545D65A562BDE83840FFF7D1BF28
:10DFC00038B505460C46FFF7D1FF6D6BFFF7C9FF6B
:10DFD0000120A0402840003818BF012038BD70B58E
:10DFE0000D460446FFF7C2FF3023666B03FB054472
:10DFF000646EFFF7B6FFEE40F30756BFC4F30A1096
:10E000000020013070BDF0B5154649228FB0149C38
:10E010008DF8242004F10C060DF1250254F8047B40
:10E02000B44242F8047BF9D1247814704FF4807420
:10E03000ADF834409DF8544000228DF83640042459
:10E040000694169CCDE9001505941324049409AC9C
:10E05000CDE902340B4611468DF832208DF833504D
:10E06000FEF76EFE0FB0F0BD30B5C02A93B02FD0D2
:10E07000B2F5807F29D0802A2CD14FF4807480F0B3
:10E0800001002043019016980125029010242120C0
:10E09000039504940590069301AB079508940990A5
:10E0A0000A9306AB0B9304230C9311230D930AAB35
:10E0B0000E910F9340F61103D20802A90EA81092F8
:10E0C0001193FEF70DFE13B030BD4FF48274D6E706
:10E0D0000F20F8E72920F6E708B5FEF77DFFBDE839
:10E0E0000840FEF7ADBF1FB5079C02949DF818408D
:10E0F000CDE9003413460A4601460020FFF783FFAE
:10E1000004B010BD1FB5079C02949DF81840CDE9DE
:10E11000003413460A4601460120FFF774FF04B09D
:10E1200010BD10B50446FFF718FF4FF0A8431A685A
:10E1300022601B696360FFF70BFF002010BD10B564
:10E140000446FFF70AFF4FF0A84322681A6062688E
:10E150001A61FFF7FDFE002010BD10B4044608460A
:10E1600011469DF804200192A2685DF8044BFFF768
:10E17000BABF10B40446084611469DF80420019227
:10E18000A2685DF8044BFFF7BDBF8068FEF7C8BE0C
:10E190008968FFF769BF09B100F008B8222070470D
:10E1A0000121FEF753BF0021FEF750BF70B50646B0
:10E1B0000D46FFF7DBFE04461D2E48D8DFE806F0CB
:10E1C0000F18471D20234726292C47472F32473554
:10E1D00038473B473E474744474747474741FEF795
:10E1E00035FD002628602046FFF7BBFE304670BD97
:10E1F0004FF4C070D5F730FDF3E74FF42070F9E726
:10E200004FF44070F6E74FF46070F3E74FF400709E
:10E21000F0E74FF48060EDE74FF49060EAE74FF4E9
:10E22000C060E7E74FF4F060E4E74FF4B060E1E787
:10E230004FF4D060DEE74FF4E060DBE74FF4A0601E
:10E24000D8E74FF48070D5E74FF40860D2E700209C
:10E250002126C7E7FEF744BF0720FEF747BF062089
:10E26000FEF744BF0520FEF741BF0420FEF73EBF86
:10E270000320FEF73BBF0220FEF738BF0120FEF768
:10E2800035BF0020FEF732BF10B5FFF766FE012153
:10E2900004460846FFF73AF82046BDE81040FFF76D
:10E2A00057BE2DE9F74F0D46002900F0B98008460A
:10E2B000FEF792FF0446D0E90578FFF757FE15F800
:10E2C00008EC35F8061C1EF0010F019000D031B9A2
:10E2D0000198FFF746FE012003B0BDE8F08FA66865
:10E2E000D4F810A035F8049CA6EBC1060AF101038E
:10E2F000A5F1080C4A1CA6602361B9F1000F00F0DB
:10E3000085804FEAC9031846ACEBC90393F800B007
:10E310000EF0020E1BF0010F69D1BEF1000F69D1A2
:10E32000B3F80290B3F806E0AEEB090EBEF1010FB0
:10E330006CD18A1C083E4A44C4F810A0A66035F887
:10E3400002ECBEF1000F65D0D4E900600CEBCE0A00
:10E3500006EB0009CA455DD21CF83EC056461CF0CB
:10E36000010C15D1AEEB0101012911D1BAF802104F
:10E37000AAF802C001310A44BAF80610002947D0B1
:10E380000AEBC106216901392161A1680839A16040
:10E3900015F8081C013A21F0010105F8081C0021BC
:10E3A00025F8061C5A801A7861F300021A709EB391
:10E3B000C3F107023244C2F3CF02DA80B2806FB3F6
:10E3C000BB422BD37A88002A08BF1F46B8F1000F42
:10E3D00006D0434504D8B8F80220002A18BF4346A7
:10E3E0000198C4E90573FFF7BCFD002074E7BEF196
:10E3F000000F0BD0361AA66015F8086C4A4426F0B8
:10E40000020605F8086C00269E8098E7634696E7AA
:10E410000E46B7E70026BBE7DE80D0E71F46D5E70C
:10E42000222059E701460020FFF73BBFFFF7FABF64
:10E4300010B962B6BFF36F8F7047012070472DE9A6
:10E44000FF410E46174698460546A0B10024C46118
:10E45000FFF716FBBDF82C30284602939DF82830B4
:10E460002246CDE9008331463B46FFF7CFFA2046EE
:10E4700004B0BDE8F0812220FAE72DE9FF410E4605
:10E48000174698460546A0B10024C461FFF7F8FA84
:10E49000BDF82C30284602939DF828303246CDE94D
:10E4A000008331463B46FFF7B1FA204604B0BDE891
:10E4B000F0812220FAE72DE9F0419846002386B04A
:10E4C0000E46174605468DF81730C0B1C3610DF1F1
:10E4D0001701FFF7F7FA9DF8174094B9BDF83430EB
:10E4E000284602939DF830302246CDE9008331461C
:10E4F0003B46FFF78BFA204606B0BDE8F0812220AC
:10E50000FAE70320F8E72DE9F0419846002386B0AA
:10E510000E46174605468DF81730C0B1C3610DF1A0
:10E520001701FFF7CFFA9DF8174094B9BDF83430C2
:10E53000284602939DF830303246CDE900833146BB
:10E540003B46FFF763FA204606B0BDE8F081222083
:10E55000FAE70220F8E738B5FFF708FD054600F0B6
:10E5600016F804462846FFF7FCFC204638BD4FF05D
:10E57000B04301285B6904D0022805D1C3F38010A1
:10E58000704703F0010070470020704770474FF05C
:10E59000B0439A6A1207FCD4186A7047012070478A
:10E5A0000120704710B5D3F7CDF90446FDF773F994
:10E5B0000440DBF7DFF8E4B20440FFF7EFFF204050
:10E5C00010BD38B5FFF706F80446D3F7B1F90428B3
:10E5D00024D0022808BF44F001040025E4B2FDF76E
:10E5E00061F904281CD0022808BF44F00104E4B2F9
:10E5F000DBF76EF9042815D0022808BF44F00104A7
:10E60000E4B2FFF7CDFF04280ED0022808BF44F083
:10E61000010485F0010504EA050038BD0125DEE7A7
:10E620000125E5E70125ECE70020F6E702210120BE
:10E63000EFF790BD000000000000000000000000A7
:10E64000F8B500BFF8BC08BC9E467047F8B500BFDF
:10E65000F8BC08BC9E4670475FF800F0E92D00202A
:10E660005FF800F0812C00205FF800F0412D0020C1
:10E670004E0C0000DCE60200ACE6020000000000E8
:10E68000000000008CE602000000000010FA02000A
:10E69000B8F9020000FA0200C8F90200E0F902002D
:10E6A00030FA020054F8020000000000A96E0100D8
:10E6B0002CE70200C98402000000000031230100A1
:10E6C000000000005FB8020000000000996A01002D
:10E6D00056E702000000000000000000196E010073
:10E6E0002CE70200E16701002CE702006928010025
:10E6F000000000005BB802000000000031B802001A
:10E7000054E702007D28010054E70200696A010015
:10E7100056E7020067B802000000000055870200BB
:10E7200000000000000000000000000000000000E9
:10E730004E0C000000000000FCF20200000000008F
:10E74000000000000400000000000000E2FF500094
:10E750000001000001000400FB000D006B920200AC
:10E76000AB9202008B920200E1920200013601009E
:10E77000A5A90200A53501001F9302002D3201005A
:10E78000F565010039360100F1340100C3A902002A
:10E7900000000000000500080030033E043E053E76
:10E7A000073E0C3E123E133E213E293EEDFFFFFF89
:10E7B00000000000350B00005B435D20002F557307
:10E7C0006572732F6D61682F53696D706C69636931
:10E7D000747953747564696F2F76365F776F726BD7
:10E7E00073706163652F62745F736F635F746865D4
:10E7F000726D6F6D657465725F6D6F636B2F73699A
:10E800006D706C69636974795F73646B5F32303209
:10E81000362E362E302F626C7565746F6F74685F9C
:10E820006C655F6D6964646C65776172652F636F99
:10E830006D6D6F6E2F6865616C74685F746865726A
:10E840006D6F6D657465722F736C5F6865616C7454
:10E85000685F746865726D6F6D657465722E6300B4
:10E8600025733A2564203A25733A200073630053D8
:10E8700074617475733A202573203D2030782530FB
:10E8800034782000417373657274696F6E2066611D
:10E89000696C65640066616C7365004173736572D1
:10E8A00074696F6E2027257327206661696C656423
:10E8B0003A20005B453A203078253034785D205589
:10E8C0006E657870656374656420737461747573C4
:10E8D00020666C616720696E206576745F6761747D
:10E8E000745F7365727665725F6368617261637489
:10E8F000657269737469635F7374617475730A0018
:10E900003F002800292000FFFFFFFFFFFFFFFFFF60
:10E91000FFFFFFFFFFFFFF003E2000556E6B6E6F95
:10E92000776E206572726F7200496E707574206226
:10E9300075666665722069732046554C4C004D61C2
:10E9400078696D756D206E756D626572206F6620D9
:10E95000617267756D656E74732065786365656453
:10E9600065640054686520617267756D656E74201A
:10E970006973206E6F7420666F726D617474656464
:10E9800020636F72726563746C7900496E636F7295
:10E990007265637420617267756D656E7420747939
:10E9A000706500496E636F7272656374206E756D79
:10E9B000626572206F6620617267756D656E747333
:10E9C000004E6F20636F6D6D616E6420666F756EB3
:10E9D000640075696E7438002A00756E6B6E6F770F
:10E9E0006E0067726F75700077696C646361726442
:10E9F000006865786F707400737472696E676F7009
:10EA0000740075696E7433326F70740075696E745A
:10EA100031366F70740075696E74386F7074006889
:10EA2000657800737472696E670075696E7431364B
:10EA30000075696E743332005B002E2E2E20006844
:10EA4000656C70000A25730A2573257300257320F1
:10EA5000080025732000666E692B00666E69006EE3
:10EA6000616E00666E692D005B495D200052656C29
:10EA700061746976652048756D696469747920618F
:10EA80006E642054656D7065726174757265207373
:10EA9000656E736F72206973206E6F7420696E6982
:10EAA0007469616C697A65640A005B575D2000498E
:10EAB0006E76616C696420524854207265616469A5
:10EAC0006E673A20256C7520256C640A0054656DCC
:10EAD00070657261747572653A2025352E32662034
:10EAE000430A004661696C656420746F2073656E2B
:10EAF000642074656D7065726174757265206D65F2
:10EB000061737572656D656E7420696E64696361A9
:10EB100074696F6E205B30782530346C785D0A0044
:10EB200052656C61746976652048756D69646974B5
:10EB30007920616E642054656D70657261747572C0
:10EB4000652073656E736F7220696E697469616C9C
:10EB5000697A6174696F6E206661696C6564205BB7
:10EB600030782530346C785D0A004865616C7468D3
:10EB700020746865726D6F6D6574657220696E6969
:10EB80007469616C697A65640A007374617469639D
:10EB90002072616E646F6D007075626C69632064D1
:10EBA000657669636500426C7565746F6F74682083
:10EBB000737461636B20626F6F7465643A207625AD
:10EBC000642E25642E25642B2530386C780A002F9E
:10EBD00055736572732F6D61682F53696D706C6921
:10EBE0006369747953747564696F2F76365F776FD4
:10EBF000726B73706163652F62745F736F635F74B0
:10EC00006865726D6F6D657465725F6D6F636B2F94
:10EC10006170702E6300426C7565746F6F7468204C
:10EC2000257320616464726573733A20253032580D
:10EC30003A253032583A253032583A253032583A4F
:10EC4000253032583A253032580A005374617274B4
:10EC50006564206164766572746973696E670A0021
:10EC6000436F6E6E656374696F6E206F70656E655D
:10EC7000640A00436F6E6E656374696F6E20636C27
:10EC80006F7365640A0068656C6C6F00434C4920C3
:10EC9000696E7374616E6365206578616D706C6513
:10ECA0000076636F6D002F55736572732F6D616809
:10ECB0002F53696D706C69636974795374756469F5
:10ECC0006F2F76365F776F726B73706163652F623B
:10ECD000745F736F635F746865726D6F6D65746583
:10ECE000725F6D6F636B2F736C5F676174745F73BA
:10ECF0006572766963655F6465766963655F696E91
:10ED0000666F726D6174696F6E5F6F76657272693E
:10ED100064652E63002F7661722F6C69622F6A65BD
:10ED20006E6B696E732F6769746875622F626761B5
:10ED300070695F70726F746F636F6C2F70726F7435
:10ED40006F636F6C2F6576656E742F7372632F73AC
:10ED50006C695F62676170695F6576656E742E636A
:10ED60000062676275665F696E0062676275665F02
:10ED70006F75740062676275665F6E6F666C6F7741
:10ED80000062676275660061636C006C6C5F636F44
:10ED90006E6E656374696F6E006C6C5F6164765F44
:10EDA000736574006C6C5F76616C696461746F721A
:10EDB0000062675F6D65737361676500736F66748A
:10EDC0005F74696D65725F6D657373616765006C13
:10EDD0006C5F6164765F73796E63006C6C5F736304
:10EDE000616E5F73796E63006761705F70657269F1
:10EDF0006F6469635F616476006761705F706572FC
:10EE0000696F6469635F73796E63006C326361700C
:10EE10005F636F635F6368616E6E656C006D6265F2
:10EE200064746C735F636F6E7465787400060601BA
:10EE30000203120100E69D350E480103CCDBFDF410
:10EE4000AC1191F4EFB9A5F9E9A7832C5E2CBE971C
:10EE5000F2D203B020008BD28915D08E1C742430DE
:10EE6000ED8FC24563765C15525ABF9A32636DEBE3
:10EE70002A65499C80DC005241494C006865616C00
:10EE800074685F746865726D6F6D657465725F69D3
:10EE90006E697400736C5F62745F68745F6F6E5F3D
:10EEA0006576656E740000007D2902001014140060
:10EEB000101C2030401C2000001C203040000000AE
:10EEC00000000000505341004B455900310602003C
:10EED0002D0602000B060200D90502006906020099
:10EEE0003B060200DB0502002C00000002020203C8
:10EEF00000000000000000006480005068800050A6
:10EF00006C5C4C54801018000000000001200000D0
:10EF10000020000000000000770B02000040025CAF
:10EF2000000000000000001034EE02001BE90200A7
:10EF30001BE902001BE902001BE902001BE90200B9
:10EF40001BE902001BE902001BE902001BE90200A9
:10EF50001BE902001BE902001BE902001BE9020099
:10EF60001BE902001BE902001BE902001BE9020089
:10EF70001BE902001BE902001BE902001BE9020079
:10EF80001BE902001BE902001BE902001BE9020069
:10EF90001BE902001BE9020029E902001BE902004B
:10EFA0003EE902001BE902001BE9020063E90200DE
:10EFB0001BE902001BE902001BE902001BE9020039
:10EFC0008BE902001BE902001BE902001BE90200B9
:10EFD0001BE90200A3E902001BE90200C1E90200EB
:10EFE00002260000040000000000000000010000F4
:10EFF000000000000B0000000B00000002000000F9
:10F000000000202000000000030000008C8C3C0069
:10F0100000000000000000000000000001030401E7
:10F02000010109031E00000015000000010000009E
:10F03000000000001A00000018000000000004504A
:10F040000100000030F0020000000000000000009D
:10F0500008080000000000581200000024F0020020
:10F060000000035A1400000038F0020078F002009B
:10F0700074F00200010010000000100083E20200A2
:10F080007DE2020077E2020071E202006BE2020020
:10F0900065E202005FE2020059E202000000002087
:10F0A00000100030050000000000000000C2010058
:10F0B000000200000010000000000000000000003E
:10F0C0000000000005000000000000008025000096
:10F0D000800200000010000000000040000000005E
:10F0E0000000000001041001000000050002000003
:10F0F0000300000000000000000000000000F03FDE
:10F100000000000000002440000000000000594002
:10F110000000000000408F40000000000088C34055
:10F1200000000000006AF8400000000080842E41CA
:10F1300000000000D01263410000000084D7974116
:10F140000000000065CDCD4100020100000000007C
:10F15000000000000000004000000000010000006E
:10F1600074F10200C0000000000000000000100068
:10F1700020000000FFFFFFFF000000010000000072
:10F180000000000000000000FFFFFFFFFFFFFFFF87
:10F19000FFFFFFFFFFFFFFFF00000000FFFFFFFF7B
:10F1A000FFFFFFFFBCE6FAADA7179E84F3B9CAC202
:10F1B000FC6325516B17D1F2E12C4247F8BCE6E520
:10F1C00063A440F277037D812DEB33A0F4A1394590
:10F1D000D898C2964FE342E2FE1A7F9B8EE7EB4A35
:10F1E0007C0F9E162BCE33576B315ECECBB640686C
:10F1F00037BF51F5FFFFFFFF0000000100000000D6
:10F200000000000000000000FFFFFFFFFFFFFFFF06
:10F21000FFFFFFFC5AC635D8AA3A93E7B3EBBD55BA
:10F22000769886BC651D06B0CC53B0F63BCE3C3E0E
:10F2300027D2604B6BC0BCE12A459991E134741A26
:10F240007F9E1925AE2D8A571E03AC9C9EB76FACCE
:10F2500045AF8E5130C81C46A35CE411E5FBC119D3
:10F260001A0A52EFF69F2445DF4F9B17AD2B417BC7
:10F27000E66C37103FF1CAA1681FAC09120ECA3004
:10F280007586E1A72B7E151628AED2A6ABF715889A
:10F2900009CF4F3C68656C6C6F00736C5F62745F84
:10F2A00068745F74656D70657261747572655F6DA9
:10F2B0006561737572656D656E745F696E646963AF
:10F2C0006174696F6E5F6368616E6765645F6362D6
:10F2D00000736C5F62745F636F6E6E656374696FF9
:10F2E0006E5F636C6F7365645F636200736C5F6213
:10F2F000745F6F6E5F6576656E7400001CF30200CC
:10F300002500250090F50200130013008EF5020081
:10F31000000000000400FFFFFFFF000001000000EC
:10F320000108FFFF000000006CF50200020002006F
:10F330000108FFFF0500000020001000030010007E
:10F340000008FFFF010000001A30002004000B003D
:10F350000308FFFF03000000020000000500020098
:10F360000108FFFF05000000020011000600110067
:10F370000108FFFF01000000243000200700020008
:10F380000108FFFF050000000A001200080012003B
:10F390000308FFFF010000003A30002009000000D0
:10F3A0000108FFFF0000000070F502000A000200E3
:10F3B0000108FFFF050000000A0003000B00030026
:10F3C0000308FFFF01000000423000200C00020093
:10F3D0000108FFFF05000000020004000D0004000A
:10F3E0000108FFFF0000000074F502000E0000009D
:10F3F0000108FFFF0000000078F502000F00020086
:10F400000108FFFF050000000200050010000500D4
:10F410000108FFFF000000007CF50200110002005F
:10F420000108FFFF050000000200060012000600B0
:10F430000108FFFF020000005C3000201300020002
:10F440000108FFFF0500000002000700140007008C
:10F450000108FFFF020000006C30002015000200D0
:10F460000108FFFF05000000020008001600080068
:10F470000108FFFF020000007830002017000200A2
:10F480000108FFFF05000000020009001800090044
:10F490000108FFFF01000000863000201900000075
:10F4A0000188FFFF000000008AF502001A00020038
:10F4B0000108FFFF0500000020000A001B000A00F1
:10F4C0000008FFFF01000000943000201C000B002A
:10F4D0000308FFFF03000000020100001D000200FE
:10F4E0000108FFFF0500000002000C001E000C00D8
:10F4F0000108FFFF01000000AC3000201F000200E7
:10F500000108FFFF0500000010000D0020000D00A5
:10F510000008FFFF01000000B430002021000B00B4
:10F520000308FFFF030000000102000022000200A8
:10F530000108FFFF0500000002000E0023000E007E
:10F540000108FFFF01000000CC30002024000B0068
:10F550000308FFFF030000000103000025000F0067
:10F560000108FFFF01000000D43000200200011854
:10F57000020000180200000002000A180C00536983
:10F580006C69636F6E204C616273020009180000A1
:10F59000002801280328002A012A292A242A272AA8
:10F5A000262A232A1C2A02291D2A1E2A212A062944
:10F5B000052A2A2B292B000086EC0200D0F5020038
:10F5C000000000000000000000000000000000003B
:10F5D000F995000086EC020034EE0200FF00000006
:10F5E00060F002000000000000C201000002030001
:10F5F00038F002000005000600080007DE30002099
:10F60000FD1A0000FFFC010057FD010069FD01002B
:10F61000F9FC0100736C5F676174745F73657276E7
:10F620006963655F6465766963655F696E666F725D
:10F630006D6174696F6E5F6F766572726964655F24
:10F640006F6E5F6576656E740041303200425244E1
:10F6500034333134410031312E312E30000020203E
:10F660002020202020202028282828282020202072
:10F670002020202020202020202020202020881032
:10F680001010101010101010101010101010040492
:10F690000404040404040404101010101010104199
:10F6A000414141414101010101010101010101010A
:10F6B000010101010101010101101010101010429F
:10F6C00042424242420202020202020202020202DA
:10F6D00002020202020202020210101010200000B8
:10F6E000000000000000000000000000000000001A
:10F6F000000000000000000000000000000000000A
:10F7000000000000000000000000000000000000F9
:10F7100000000000000000000000000000000000E9
:10F7200000000000000000000000000000000000D9
:10F7300000000000000000000000000000000000C9
:10F7400000000000000000000000000000000000B9
:10F7500000000000000000000000000000000000A9
:10F7600081ED020087ED02008BED020099ED0200B1
:10F77000A4ED0200B1ED0200BCED0200CFED0200ED
:10F78000DBED0200E8ED0200F9ED02000BEE0200F5
:10F790001DEE020062675F6D616C6C6F6300FFFFBE
:10F7A000010000003C000000940000003C0000004C
:10F7B00096000000FFFFFFFFFFFFFFFF9600000025
:10F7C0000102070B0001010201020203040301010F
:10F7D00002040400F4010000FA000000960000009A
:10F7E000640000004B000000320000001E0000001A
:10F7F000140000000000000050004000080050000D
:10F80000240004009001500240009001AE0110005D
:10F8100000000102020B0701160C0000010808009D
:10F8200000050108FFFF02FFFF0808020204FF01B4
:10F830000022FFFF23080F030304040A0A030A2A15
:10F84000FFFF1419191B011C15120400480C1404A5
:10F85000030506000A000000000000000000000090
:10F8600000000000A0010A05A0030A04A0080A0382
:10F87000A0880A08A0060A01A003090020050A1AA8
:10F88000AD25010020060A177D25010001000200B8
:10F89000000000000000030000000D000300020053
:10F8A000010005000049725314497207FF0001026C
:10F8B000030405FF145300724907CDF6000000FB56
:10F8C000349B5F80000080001000000000000000FA
:10F8D00007A802005D8A020041A90200F1A8020007
:10F8E0000000010001000501000502020300020002
:10F8F00000000000020501000500000100010000F9
:10F9000001000102020300020000000000020201E7
:10F9100000020000F95D01005D5C010073B60200A9
:10F92000F5B502005DB50200415A01007D590100A4
:10F93000D55701000FB402000BB40200BF01FB9DBC
:10F940004EF3BC36D874F5394138684C8BD28915E2
:10F95000D08E1C742430ED8FC24563765C15525AEC
:10F96000BF9A32636DEB2A65499C80DCE69D350EBB
:10F97000480103CCDBFDF4AC1191F4EFB9A5F9E932
:10F98000A7832C5E2CBE97F2D203B020BD1A3CCDCB
:10F99000A6B8995899B740EB7B60FF4A503F10D208
:10F9A000E3B3C974385FC5A3D4F6493F01020C0024
:10F9B0000000040000000800020000000000000039
:10F9C0000000000000000000040000000000000033
:10F9D0000000000000000000A0080403A0010401D2
:10F9E00056000000000000000000000000000000C1
:10F9F000A0880A07A0040903A0050902A0060901BE
:10FA00000F000000000000000000000000000000E7
:10FA100001000000000000000000000000000000E5
:10FA2000A0010107A0000104A003010602040800D0
:10FA300006000000000000000000000000000000C0
:10FA4000A0030601A0090609A0020608A0050607F2
:10FA5000A0050606A0070605A0020604A0010610E0
:10FA6000A0080602A00D060000000402050306011E
:10FA700007010108090A0000A0015C04A0005C0362
:10FA8000A0015C02A0035C01A0025C00A0020F09BF
:10FA9000A0030F04A0030F03A0050F02A0010F0194
:10FAA000A0050F00A0040108A0030106200C040318
:10FAB00071650100200004019D65010020025602CD
:10FAC0005D6601002002560131660100200002053A
:10FAD00045650100A01201000009007F10FB020033
:10FAE0000100000FF0FA02006FC273240807000043
:10FAF000E1FE56FF8DFFACFFC1FFCFFFDAFFE3FF52
:10FB0000EAFFF0FFF4FFF8FFFBFFFEFF0000030039
:10FB10005200F2FEFF0064001E0000007F00F80D9E
:10FB20007F24FDFF3300A80323D6FFFF1B00410104
:10FB30000A3700001100B900653B00000B0072009D
:10FB400010350000070049002F2C00000500370089
:10FB50003126000003001400571500004177010012
:10FB60008977010035770100957701007D770100E5
:10FB700069BB0200A7BB0200C9BB0200EBBB0200CD
:10FB80000DBC020089830100398301004583010017
:10FB900039840100CBBD02002BB902002FB902004D
:10FBA00033B9020037B902003BB90200000000007F
:10FBB000A8010000800B0020000210003027002068
:10FBC000280D0020E1FE000002000080FF7F000001
:10FBD0000080FF7F0D02000061810100458101006E
:10FBE00039B601003DB9010069B8010020C001B873
:10FBF0000000000100000101000101011F150F15A7
:10FC0000150F151F010100033F000000FFFFFFFF5C
:10FC1000FFFFFFFFFFFFFFFFFFFFFFFFFFFFFFFFF4
:10FC2000FFFFFFFFFFFFFFFFFFFFFFFF00A801A88F
:10FC300002A8000000B801B802B800B0030404082C
:10FC400008050000000000000000000000000000A7
:10FC50000000000020000000DDE1010010000000B5
:10FC600055E101005C340000D4030000303800008E
:10FC700014000000343E000008000000602F000067
:10FC8000FC0400004438000004000000303E000086
:10FC90000300000000000000602F00004838000052
:10FCA000010000003C3E000039000000010000009F
:10FCB000303E0000212A0000392A0000392A0000C5
:10FCC000392A0000392A0000392A0000000000000B
:10FCD000000000000000000000000000392A0000C1
:10FCE000392A0000392A0000752E0000392A000048
:10FCF0008523000095230000212400007B240000C0
:10FD0000032500007926000023250000212700009C
:10FD10006F250000BD250000392600008D28000059
:10FD20005D29000057230000C32B00007D20000048
:10FD3000E12B0000552C0000392A0000352D000071
:10FD4000FD2C0000392A0000392A0000812D000016
:10FD5000392A0000392A0000392A00008D100000DD
:10FD6000831000009D100000A7100000B1100000DB
:10FD70008B488068000200D4704780B580208002E4
:10FD8000A7490860CF2000F043FA01BDF8B58548C7
:10FD90000068854A80239B031360844C2168090511
:10FDA0001DD5190BA025054001D0116017E00340B7
:10FDB0003CD17F4F80253D607E4A1560084035D09C
:10FDC000774E307A400705D501207B490860000254
:10FDD0007A4908603078002801D0062801DB00202D
:10FDE000F2BD00F04CFB616889684C6831780529E8
:10FDF00005D17460A468CC218901704A116000F0BB
:10FE000047FB012C00DA0224BC20800585490860EC
:10FE100094208005844908600020C0433864604213
:10FE200078648248056040203860D8E7AE480160B9
:10FE3000FFF79EFF0120F2BD5A480168890504D5ED
:10FE4000C06E0004000F022801D00020704701207E
:10FE5000704738B580245648046000F010FB050058
:10FE60007348006800F060F9280000F011FBFFF70C
:10FE70007FFF4B48007A000705D5A0004A4908607B
:10FE800000F001FC31BD600397490860AD48046093
:10FE900031BDFEB50600CC208001944948600124A4
:10FEA00093480460FFF7C8FF002877D03C4D2878BE
:10FEB000002873D021020196052802D032460A405C
:10FEC0006CD1CC27BF01894A17609F4A126853073B
:10FED0005B0F022805D1022B5ED308013749086069
:10FEE000F7BD4E01032804D1022B55D933480660D3
:10FEF000F7BD042802D111404ED0F7BD05284BD1E3
:10FF00000198002848D0C005C10F6846417001988B
:10FF1000C004C10F6846017000F0B1FA02906A682F
:10FF200068464078002803D0146880202149086082
:10FF30003504A8496846007800280CD0D0680B68C2
:10FF4000C01AA54B1B682B4001D0146800E0546810
:10FF5000844200DD0400684640786A461278024315
:10FF600008D008684242A01E824202DA60428860DD
:10FF700000E00024029800F08BFA0198800501D57A
:10FF8000964805600198064001D095480560002C10
:10FF900002D00A480760F7BDFFF75BFFF7BD00001E
:10FFA0003C3E0000400002A8402002A8C43E0000E1
:10FFB0000CC001A890E001A894D000A8505201A85C
:10FFC00038B5802487480460012049490860864D7F
:10FFD0002878052802D0600084490860FFF72CFFCC
:10FFE000002812D012480068000A80214140A86809
:10FFF000000EC9B2814208D2534800684007400F42
:020000023000CC
:10000000022802D2FFF725FF31BD79480168C022DE
:100010000A4002D1C06F204001D00448046031BDC5
:100020001C1002A808E001A808D001A894D001A8DB
:1000300018C000A8F1B582B00F008026B600A0203D
:10004000384002D06B4806604CE000F018FA00908F
:1000500069480468F80202D5A0680069029000F0BF
:1000600061FBB102606800F069F92178200000228C
:10007000491C43788B4200D2002118234B43C518FA
:100080000C352B78082BF3DA0C000170856056488C
:10009000297801703E4007D0574909688968CA68C5
:1000A000F90201D403218A438260012610463040C0
:1000B00003D100F0F8FB00F0CFFFF104686900F015
:1000C0003DF93C2000F0A4F8E0B200F0A1F800985F
:1000D00000F0DEF930054749086048480660300204
:1000E000024908600298FEBD401002A84C6201A8B7
:1000F00094E000A810B542480068800501D4FE20B5
:1001000010BDC02080033F49086000F0B8F93A49AB
:1001100009688A78D20702D589688C7800E00C7863
:1001200000F0B6F9200010BD334909688A688B7861
:10013000DB0704D5927818235A438A180C32906052
:1001400070470000100002A8084001A8F1B582B075
:100150002D4F3C680026200F000702D1E0010290DD
:100160002AE000F079FF00F08AF90190802109036C
:10017000606800F0E3F825786D1C6078A84200D232
:100180000025E80020180C300090006802908021C3
:1001900009030098406800F0D1F83D2000F038F8DD
:1001A000E8B200F035F825700098A060019800F0E2
:1001B0006FF902A800F0B4FF14480068800407D566
:1001C000786901F06AFC02990818029000D502963D
:1001D0000298FEBD48C001A8480002A8481002A825
:1001E000482002A894E001A83C3E0000506201A80B
:1001F00014C001A8402002A8C83E000090E000A85A
:10020000400002A8401002A8CC3E0000FC0302A857
:1002100041490968002901D5404908607047F3B594
:1002200081B03F4FB9683F4C4A004CD501250901C8
:1002300000D5212501003C4A1068566822689206C4
:10024000920E94463A68930080221340624613430C
:10025000802252001A4300920A0023D0890601D559
:10026000012008E0F021014007D16946097A0C22FB
:100270000A4002D0022000F03FF82C490968090426
:100280000AD53968090701D5022605E0396849030E
:1002900001D5002600E0032648350099244A12685B
:1002A000930003E00099224AD269130940221340C7
:1002B0000B439100002E02D00E43266608352366BC
:1002C000014321662566E06D4407640F00F0C1F824
:1002D000A0070BD0052C09D0B868000406D400F0A4
:1002E000CEF80221134A116000F0D2F800F0BAF8FB
:1002F000002000F001F8F7BD0B490A68F0239A438B
:10030000000110430860C0B270478020C0020A4953
:1003100008607047000000004C0002A8884000A858
:10032000440002A8284000A8643F0000384101A80A
:10033000084001A87CD40350485000A880B5644A06
:10034000116001F0D5FBFFF7E0FF01BDFEB500F045
:1003500096F8019010205F49086000225E48026014
:1003600002205E4908605E48C0684005C30DD52B79
:1003700001D2D52304E0D1204000834200D90300FC
:1003800018000100574C0094843C246864011BD57C
:10039000554C2478022C03D2544E06277C43335309
:1003A0000024009D2D7CE540ED070AD5504D062622
:1003B0006643AD19AD888D4200D22900A84200D213
:1003C0002800641C022CECD346310904494C0C4033
:1003D0004638C005C00D204341490860C0200006D2
:1003E000454908603F49087D00280CD04348D52B7B
:1003F00002D98024E4050460D1246400A34202D21F
:1004000080242406046010203D4C20603D4802609A
:100410004888002800D10B80019800F039F8F7BD1A
:1004200080B53948394908603948C1680902090A64
:1004300019225143416005210160FFF787FF01BD8B
:1004400033480068C00300D4704780B5FFF77EFFD3
:1004500001BD8020C0021E4908602E480068400788
:10046000FBD470478020C0022B490860704701E030
:100470002A4908602A4909680140F9D1704729488A
:1004800000682021284A11601021284A1160704715
:100490003021014002D110202349086070472148D3
:1004A000006830210140102901D10120704700204F
:1004B00070471F4800780621014007D01D4800689A
:1004C000022803D0032801D0012070470020704784
:1004D000401002A8F41302A8048002A8409002A8C9
:1004E0007C400050703F00005C3E0000643E000015
:1004F000603E00000000FF01A0600050A4500050CA
:10050000F42302A818E000E07F1A0601500002A8B8
:1005100010E000E0400002A8402002A8282002A825
:10052000280002A85C0002A85C2002A85C1002A8B7
:10053000B83E0000683F0000FEB5554880214902E2
:1005400081610221534A51600021534A1160534A8C
:10055000118003214F4A116002210160202050497F
:10056000086080204F490860CC2080014E49086017
:1005700001204E4908604848806F01900F26000B0B
:10058000304000904A480068C505ED0D103DC02080
:100590002843C0B2FFF73CFE3F48006980030BD5FB
:1005A0000098092808D0FFF784FF002802D04148AE
:1005B0000068804701F0F2F83F480468032D43D0FB
:1005C000019806400196032E04D0022E07D1009810
:1005D000032839D000F000FA0198032804D00098CD
:1005E000062831D1062D2FD0344800680127C00BD2
:1005F000384001D001F09AFB31480068000108D56D
:10060000052D06D101252F4807606805FFF72FFF4C
:1006100000E000252100009800F0E0F904002A4ED7
:10062000002D05D000F0A4FB3760022027490860A8
:1006300078057065800926490860FFF73AFF0028B1
:1006400002D0244800688047124880214902C161D5
:100650000099002908D10221416000200E4908615B
:10066000C020C0001C4908602000FEBD80B5FFF717
:10067000F0FE1A480078800602D40220184908606B
:10068000FFF7F0FE01BD0220164908607047000028
:100690002C1002A8282002A8340002A8703E0000F6
:1006A00094E001A80CC001A8506201A894E000A841
:1006B00004ED00E040380000B44000A800E200E093
:1006C000EC3E0000645000A8646000A82C4000A824
:1006D00080E200E03C3800002C6001A8C43E00002D
:1006E000081002A8082002A87B480068800700D4F0
:1006F000704730B581480421904A0123E024E4008A
:100700008568254002D01360D160D3600068044042
:1007100002D013605160536030BD8948012181606F
:1007200001607047012076498A680240FCD10422AA
:10073000844BDA600B680340FCD182494A60086050
:100740007047814908680122104200D1704710B5F6
:10075000E023DB000340FF24A41CA34204D37B4B13
:100760001B689B0600D54868024001D000F0B6F82F
:1007700010BDFEB50700C820754908600620754900
:100780000860802040037449086074480168744A16
:100790000A408021090111430160724CC020C00051
:1007A00020600225A56168036F4908606F4E70489C
:1007B000F0664C206F49C86638686F498968814285
:1007C00001D2009100E000900099401A38600121A8
:1007D000380000F070FB01903868009940183860CC
:1007E000FFF782FF63480068634908606348016857
:1007F000490601D5624900E0624931670199002943
:1008000008D10321E16100683068054002D08020F2
:10081000800220610198FEBDF1B55B4C8020C001D3
:1008200020605A4D0126AE62594F3E601D2028605F
:1008300056206866072001F021FB0220286006216F
:10084000296654490968002902D408212966696685
:1008500051492965C021C900504A1268F823DB01BB
:10086000134001D1A96700E07961E16B314008D004
:10087000216BC90705D44A490968084001D101F034
:1008800005FB484848490860206B064001D1FFF746
:100890002BFF009801F0E0FA206B8001FCD4206A65
:1008A00042490860F1BD30B53748414C0121026B27
:1008B0000A4001D16161E1603E4A3F4B5366364BCD
:1008C0001365032323600024D14D2C6013609162D3
:1008D000C903016030BD00004C0002A8F0210901ED
:1008E000364A1160014036480160202035490860D1
:1008F000354909680840CB49086070476C0102A877
:10090000700102A880B531480821314A13680B40B4
:1009100001D0016141611178C90602D58621090122
:100920000160FFF70EFF14202A490860BE480168E5
:10093000490701D0FF21416101BD0000681102A8F3
:100940006C2102A8682102A8743F0000400002A8A0
:10095000548001A80C9001A8942002A8680102A864
:10096000FFF1FFFF441102A8A01002A8E40002A8B2
:10097000294E0600300002A8A03F0000FC0302A898
:10098000CC3F0000C43F0000100002A8E01002A805
:10099000442102A828C000A80C1E0000A88001A8BD
:1009A000443E0000FFFF7F7FB46000A89C3F000032
:1009B000602102A8E02002A85E0600002C6001A8C9
:1009C0002C5001A8442002A8084001A8301102A818
:1009D000F84F00006C3F000070470000F0B587B092
:1009E00005000C009148866AFFF749FD0690B005A6
:1009F00003D58F480068FFF797FB00200190012185
:100A00007006C00F03908B4A976800209060B82052
:100A10004000894B18606308B82018401278F02312
:100A20001340402B02D10200402010430D2D02D173
:100A30003A00042717437A0704D502001420104314
:100A4000102294437D4A12686B46197005007C4E53
:100A5000D00506D5802040007A490860280001258D
:100A600005430398002811D10C20284008280DD0F8
:100A700028006E49496BCA0601D4102290438906AA
:100A800001D420218843B12101406ED0684600780E
:100A900000286CD0B06BB16D012201234007400FDC
:100AA000801D8340C804C00C181A80B2082809D2DF
:100AB000802506205D4908601004A34908600020D5
:100AC000694608708120284054D0082003990029E5
:100AD00000D13062390008270F43102084430420DE
:100AE00004900005A64908604008A0490860A54890
:100AF000026068460078002839D0049806283FD361
:100B0000A148806BC0063BD59F49486D80B2C2B2F8
:100B10003261000A30619D480068000E019008684B
:100B200080B202909948006A000604D002988021A1
:100B3000490101430291FFF7BCFC00280AD0FB20C9
:100B400080010078C00605D002988021C9010143C8
:100B500089B20291029830610298001230613748E0
:100B60000268D00500D573E70AE0082030620094DF
:100B7000059731E099A06906C90E405C0490B8E77A
:100B8000009405970498294BD96A804A1268346802
:100B90006F463C810C00282727400743880CC00182
:100BA0003843090E21401024214001439000402287
:100BB0001040084302A98870186B000AC870FFF73C
:100BC00099FA02A908710198487171480068C880B3
:100BD0000298F0660398F0660698FFF759FC08241F
:100BE0000098400601D566488460FFF762FC002843
:100BF00005D068480078002801D06748046005984F
:100C0000C1B22800FFF70BFB009807B0F0BD000051
:100C1000400102A8081A03D2604909684018401C24
:100C200070470000441002A80C4000A8180002A859
:100C30001CC000A8643F0000B46000A81C0100AA0A
:100C4000540000AA1C2100AAF8B5554F0F24012515
:100C5000544910265448406B30401BD00120087086
:100C6000524800687969FFF7D5FF51490968401873
:100C700001285DDB01F0B6F94E490968090B0C400B
:100C8000022C53D169054C4A11604C49CE63464948
:100C90000D604BE02E024448C06BC0001ED5484892
:100CA0000068E0218905014042D0424D28682103B7
:100CB0000140700181423BD1FFF7E1FB414A4249CB
:100CC0000968314002D04149096811602968090B5F
:100CD00021400229F3D0FFF7DBFBF1BD3C4800685F
:100CE000002825D00D7001F0B7F8002820D101F0C0
:100CF00079F930490968090B2140022916D12F4A98
:100D000011606902396028490E602A4A1168090B8E
:100D100021400229FAD01168090B0C40032C02D0A3
:100D20002904254A11600021294A116001F05EF969
:100D3000F1BD80208004274908607047802040046E
:100D40002449086070470000141100AA8020C004E4
:100D5000204908607047802000051E4908607047E0
:100D6000802040051B49086070470000205001A802
:100D700019480168490701D0FF214161704700000F
:100D8000401002A8006101A81C4000A8084001A86A
:100D9000448001A848380000845000A838C001A849
:100DA0000CC001A8733E0000100002A81CC101A8DD
:100DB000DC3E0000AC0002A81C1002A8082002A81B
:100DC000204001A8800000AA084000A8904000A888
:100DD000483E0000382002A80C4000A80301070686
:100DE00003010706050106060501060603020706BC
:100DF000030207060502060605020606FF2808D0BC
:100E0000022806D2FE2189010978C140C807C00F17
:100E10007047002070470000F0B5802000020821D4
:100E2000A34A11600A210122A24C01238B400343F3
:100E3000B5A56D5C1D43A560F0259F4E35609C4DAA
:100E4000B4A6765C022737432F6004262E609B4DA4
:100E50002D68154006D1D5026D1E03D0A66C360351
:100E6000FAD401E00220F0BDA56CE66C6D036D0BB9
:100E7000AE4200D21800491ED7D508218E4B19600A
:100E8000A0608F490968490113D58E494B785D1CD4
:100E900001262E404E701D00062675434D1924680C
:100EA000AC80E8800B70FE20800101789A400A43F4
:100EB00002700020F0BDF1B582B0FFF72EFC0024D7
:100EC0007F480068400101D401251CE07E48806B0A
:100ED00000217C4ACBB206256B43D3189B8885B290
:100EE000AB4204D0491CCBB2022BF3D3FF211170CB
:100EF000012573490968490105D51078FFF77EFF80
:100F0000002800D000257148006871498861714E41
:100F100002980068316D4718012F15DB00F071FD54
:100F20003060C001381A01280EDBFFF7FBFB00F030
:100F300093F802980068316D401800F08DFF0600AC
:100F400002D00298046085E0634F80208000386002
:100F50005F4A106807282ED005210840052805D0D3
:100F600011600C2000F08AFF060073D15B4E5C48D4
:100F70003062FFF7D7FB02203060E020C002594901
:100F80000860000258494860802080047860022090
:100F90003860012000F072FF8020400030620220A3
:100FA00000F06CFF902040013062022000F066FFEC
:100FB0008020C00030624D4FE020400038600420A7
:100FC00000F05CFF06003DD1022047490860800226
:100FD000B862C001B86210203B4908600120F86582
:100FE00040274348006838401BD13548006840011D
:100FF00013D5344800786946087068460078FFF7D2
:10100000FDFE002809D02F48694609780622514381
:101010004018C0882C49086403E0FFF7FDFE060075
:1010200018D1294801210160C467022000F026FF81
:10103000304C2760B8002060022000F01FFF8120A4
:10104000C002A062002D05D029480068800101D4AB
:10105000FFF7F6F93000FEBD70B5FFF75EFBFFF756
:1010600061FB022618480660234DF0022862C4087E
:101070002C62012000F002FF600828622E601F48E9
:101080002862E02040001B490860174D2E60FFF7E2
:10109000E0F91B4E3078002800D005200C4908608C
:1010A000FFF7E0F92C6017480068B06370BD0000DE
:1010B000889001A8448001A888A001A8140002A873
:1010C000EC3E00005C3E00000C8001A8F80302A882
:1010D0003C0102A88C3F0000941002A83C1102A819
:1010E000BD080000142102A8942002A82C9001A899
:1010F0004C0002A82CA001A83C2102A8FD68000019
:101100005C3F0000300002A800000001010204085A
:1011100010202000505050404040403020202000FF
:10112000F8B50400FFF7FEFA2948C021C900294A92
:101130001268F823DB01134002D1274A116000E056
:10114000016000942549AC2252008A640A220A6098
:101150002349802252030A60224C626A224B1340C8
:101160008022D2001A436262802222600222426000
:101170005003C8601D48E0601D4E4C20F0661D4DB8
:1011800068699621C901471800980068874200D312
:101190000700C01B0099086000210098FFF78BFE34
:1011A00000990968C919009A1160316829601249CB
:1011B0000968490601D5114900E011492161F2BDD4
:1011C000802000010F49086000010F490860704746
:1011D000582102A8AC8001A8581102A80C8001A8CF
:1011E000941002A8440102A8FFF1FFFF286E060038
:1011F000300002A8903F0000FC0302A8CC3F000092
:10120000C43F0000401002A8685000A8F1B584B0A7
:10121000B44800680390B448406B9621C901401857
:101220000499884205D2081A00F016FE002800D062
:1012300013E2AE4C6068C00700D50EE20420AC4952
:1012400088628003AB494862AB480568606B8607DB
:10125000B60F032E03D01020A549886224E0802019
:1012600080024862A06B800601D5012063E0280659
:1012700010D5A06B022210400CD1A04805230360BA
:10128000A36B10273B401A43026000220260626B8E
:10129000120A026004208862A06B002804D5802016
:1012A0008002934948620026606B400705D5606B59
:1012B000C00080214900084003E08B488068C107D6
:1012C00001D5FFF70BFB0122154008D0B748B1014B
:1012D0004018006AC004C00C401EB54908600020D8
:1012E0000021B44BDB6E1B0417D5B34B1B68002BDE
:1012F00013D40121AE4B5B69002B0ED0AF4B1A709B
:10130000AF4A10601022AF4B1A60CA06AE4B9A6704
:101310000723AD4D2B60AB4B5A65AC4AC0239B00F5
:1013200013603502002901D0190000E02900CC4EDD
:10133000316053607560E16B942292050A4016009B
:1013400000D0012680252D02304300062CD06A48AB
:101350002821405CC0210140402902D1FFF786F9D5
:1013600001E0FFF790F920202060360600D174E1FB
:10137000944E606B400708D568085E4948620220B9
:10138000706000F059FA002806D00420584988629D
:10139000400258494862756057480078000600D4FA
:1013A0005BE128015249FEE00126606830405AD1D5
:1013B000AC480068C005400F022803D0032801D0C4
:1013C000062802D169464E7005E000206946487043
:1013D000A548A6494860A80046498862FFF739F841
:1013E0007348406EE16B0D4008D1C00606D5FFF78B
:1013F00046F802219E4A1160FFF74AF8FFF732F8DB
:10140000300320609B4DC02000066860300497497F
:101410000860606B4007C10F684601703020039977
:1014200049072CD54021A24A1162904F49013966E3
:10143000032191640021116028607E65802068602E
:10144000062000F01BFD00280DD13002F8660220B6
:1014500000F014FD30029749886618206860082063
:1014600000F00CFD002800D0F7E024206860E020A8
:10147000C0029049C865A020C00238666FE0E16BE9
:10148000C90246D5BE4949680902090E01914909B8
:10149000022901DB884901E0B3218900019A302A41
:1014A00037D3114A1388E72B33D395277F00BB42EC
:1014B00005D8FB1A1B095943890A4F4204E07F4FA4
:1014C000DB191B0959438F0A7FB20199C919536B64
:1014D0009C46136C5F436346DB1953639F290FD30C
:1014E0009F2110E0FC0302A8703F0000100002A83A
:1014F0001C2002A81C1002A8C43E0000E40000AAA0
:10150000202900D821210A020A4309041143294A4B
:1015100011606749B2020A629A4A8A6414220A6018
:101520002860524F7E65E020C0026249C865B00362
:10153000B86640026860062000F0A0FC002833D1A5
:101540003606FE66022000F099FC5A48866670094D
:101550006860082000F092FC002825D16E6003200E
:1015600000F08CFC88481849886700F04AFA874EDA
:10157000401DC001716B401801908548406F80216B
:10158000C901084002900846824908600198049900
:1015900088421FD20846716B401A00F05DFC00289B
:1015A00016D002987C49086057E000BF0C0000AAE2
:1015B000204000A8CC4001A8784201A8723E00005B
:1015C0006C3E0000645000A83C6000A8046100A8C4
:1015D00004980190206A306304270398384001D0B2
:1015E000402002E0F8056860C0086860012000F053
:1015F00045FCB8011D490860019800F02DFC8A4D9A
:1016000068460078002805D161480068E86138051F
:1016100086490860029860490860854885490860E5
:1016200024487902416669464978002900D107605B
:10163000206AB06268460078002808D0012000F0D7
:101640001DFC2878000602D5780492490860E06BFA
:10165000C00202D54A480068706305B0F0BD00BF03
:10166000045100A8204001A8040000FFB41002A803
:101670007CE40350441102A810B5FEF700FF864930
:1016800000240C600A22CA61FEF702FF8348C021D1
:101690008902016082494160824810210160C905C8
:1016A00041654020804908608048047010BD0000FA
:1016B000400102A8B82002A833070000D6FEFFFFB1
:1016C0007B48406B800300D47047F8B579480468C4
:1016D0000027002000257849E20706D5C0208002B7
:1016E0008025ED03EA0A0A6003E0A20701D4032083
:1016F00040252843C862012000F0C0FB8020400044
:101700006E49086708206E4908606E490968090239
:1017100003D46D4909680140FBD0012000F0AEFB05
:101720006A4EE00702D580208004306435640420CE
:1017300000F0A4FB600702D5E020C002F06064481E
:101740003064012000F09AFB62483064C320000638
:1017500030645A498020400208671020B06380023C
:1017600070615D480760012232603022F263876257
:10177000802080014E4A106000010860F1BD000029
:10178000F83F0000F3070000FFFF7F7F703F00007D
:1017900020C001A894E001A894D001A8F8B54F4852
:1017A00000680D2707400424002F00D104274C486F
:1017B0001025660308214B4A4B4B1B6823401268D7
:1017C00014D04260394004D00220FEF795FD47480E
:1017D00006603C4007D04648006805434448056021
:1017E000B008424908600220424915E002603940D1
:1017F00005D00220FEF780FDA0023C4908603C4075
:1018000006D03B4801680D43056070093749086000
:1018100038480660300329490860FFF751FF00216E
:101820000020FEF7FCFCF1BDC43E00001C1002A825
:1018300003000300482102A810B580202E490A6841
:1018400002400AD02D4A136806241C4005D1546E6C
:101850002B4B2340126D940101D5002010BD096867
:1018600008400DD02748834203D1100501D501203F
:1018700010BD25480068C107C90F481E8041C00F30
:1018800010BD22480321C163A8218163102101609A
:10189000704700001C2002A8D80000AA402002A81F
:1018A00004000080646000A82C4000A8723E000084
:1018B000100002A8FC0302A81C1102A8442002A8E0
:1018C0004C6201A8C44001A84C4201A8082102A80A
:1018D0002400000198008800600102A8B44000A81C
:1018E000E43E00001CC101A8440002A8401002A868
:1018F000643F0000685000A8400002A814C001A87E
:101900001F1F0000010C000030C101A8082002A820
:101910006C4800680121084209D16B4A12686B4B80
:10192000000C1840F03291400B40984201D0022048
:10193000704700207047F8B507000F386A461080DE
:10194000604CA0680A0004D16B461B8882B29A42A0
:101950003AD200226B461A80012502263A0013D0A3
:101960002268324007D000292ED059480088401CF8
:101970005749088000203900E16056490E6080B266
:10198000B84201D369460D805348456000E030BF3E
:101990002068304003D1FFF7BBFF0028F7D04D4847
:1019A0004560390010D02168314005D048490A8887
:1019B0006B461B88D2180A8006600020E060A06891
:1019C000B84201D244480660FFF7A2FFF2BD38B525
:1019D000040000F007FB0500012199204443A00901
:1019E0003E4A12688018123880B2FFF7A4FF040044
:1019F0008020C0013A490860280000F0F7FA200072
:101A000032BD334803883549096802889342F9D1C9
:101A1000100408187047FEB51238070C6946088094
:101A200000F0E0FA0190274C294D2888B8421ADAD4
:101A300001202C490860274E30BF02202168014058
:101A400006D030604003264908602888401C288062
:101A5000FFF75EFF002802D12988B942ECDB0121A3
:101A6000716000280DD12888B8420AD1A068694663
:101A70000988884205D2002168460088FFF75BFF8D
:101A800001E0FFF745FF04008020C0011449086011
:101A9000019800F0ABFA2000FEBD10B512490A68AB
:101AA0000E4B1B680C689442FAD0DB014033141AC9
:101AB00002D288692418641C0C4800684443181B2F
:101AC00010BD0000280002A804ED00E0FF3F000068
:101AD000703E0000282002A8281002A8300002A8AA
:101AE00080E200E02C1002A820C001A8B43F000052
:101AF000F0B502E00A601C602E607EC84F1C07D063
:101B00005F1C04D06F1CF5D10A601C60F0BD0A6038
:101B1000F0BD000080B5FEF7EFFB01207F490860B3
:101B200001BD80B5EB2000F001F801BD30B57C4966
:101B30000A68104010231A4210D07A4A7A4C24685E
:101B4000234008D0A74B1C682402FF252D02254006
:101B5000D56200241C6080235B031360086030BDE5
:101B6000F0B50024A04D00270BE0BC46075D6F4395
:101B7000A60096597E400F5D6F4337406646374357
:101B8000641C9C42F1D3380938438108014348085A
:101B900008430540E90929430F208A0B0A43024004
:101BA0005040F0BDF1B584B00E008E4F002038607B
:101BB0008E4DE87A0090A87A02900F20009901409B
:101BC0000191009901420DD0019B894A89490498ED
:101BD000FFF7C6FF029901403960874841438748B3
:101BE000084001D1012400E044010098001116D002
:101BF0003200009803061B0F29000498019E6D7A9D
:101C000075194019FFF7ACFF0299091101403868B6
:101C10000A0102433A60002901D048004443784851
:101C20000068204001D1042000E0002005B0F0BD94
:101C300080B50A0000211180724952888018FFF790
:101C4000B1FF02BD70B50F226F4B5C7905780F2094
:101C50002040C5402009284001259C79C4402C40E3
:101C600001D1032070BD304C2468254005D09D680B
:101C70004600AD5B6D1E654E3560DD78DE79C64091
:101C8000F00711D5E0060FD5002D0DD06048486053
:101C90000888488008881C7800192A4080185A78DB
:101CA00080182A09801800E000200880002070BDFC
:101CB00080B558480168584A0820014201D0506157
:101CC0001061C90602D58621090111605349544AA1
:101CD000126812040CD5534A1268530401D5C0038C
:101CE00005E0C0239B0113404202934200D00860EC
:101CF0000D480078C022024002D1802040050860D3
:101D00004948006820221040086048480068C00127
:101D100001D4FFF706FF01BD000000002C4000A821
:101D20006C3F00001C1002A8C43E0000F8B5404FF4
:101D300038687E6806403F4830403F49086080244C
:101D4000A4033E4DF00226D53D48016801200A0655
:101D500005D53C490968A9602870022014E00142B9
:101D600002D03949A9600FE00020C9060CD52849E6
:101D7000A96036498A7813071B0F09785918120988
:101D80008918A980E880A888A880002801D0264367
:101D900001E0FFF7C6FE264023D0274E7460346072
:101DA000A88800280BD0F969814208D3291D28484A
:101DB000AA6890470100F3D0FFF7ACFEF1BD010027
:101DC0000CD0FC218902B161224902038A6134608E
:101DD0004C60FA69824204D30C60F1BDEB20FFF73E
:101DE000A5FEF1BD4C3E0000010101013C3F000099
:101DF000F43E0000343F0000111100002184000077
:101E0000F03E0000143F0000443F0000204000A8C6
:101E1000811F0000F84F0000302102A8441002A8E2
:101E2000384101A8204201A8084001A8CC4000A8E0
:101E3000B44000A8FFFFDFFFB46000A8503E0000E0
:101E4000C43E000044380000951F0000453F0000DC
:101E5000D44000A8B45000A810B5C409FFF7D1FDC4
:101E6000201A312806DAC000183801D4C01EFDD56A
:101E7000002010BD2000FFF7CEFD10BDC321484358
:101E80006F3801D41E38FDD500207047FEB5C02044
:101E9000C0043649086036483649C86510243648BB
:101EA00004601020FFF7EAFF00285ED1FF20000544
:101EB0003249086032483349086033482D49086088
:101EC00025042E480560314807680820FFF7D6FF33
:101ED00000284AD108262E4806600120FFF7CEFFD1
:101EE0002A48806802902B4806602B4821490860E8
:101EF000224805600820FFF7C1FF002835D124489B
:101F000006600120FFF7BAFF204DA8680190214824
:101F10000660184E214830600299019800F046F89A
:101F20000104FC208003084000900298C10B019836
:101F3000C00B00F03BF80006FC2189050140009829
:101F4000014317480A0C4240FF239B1CD218104043
:101F5000084330602F60E003084908602868286063
:101F600010480460104981640020FEBD20E000A8F4
:101F7000F71700002C0102A8401102A8B02002A807
:101F80000000380EB01002A810103030E04001A858
:101F9000E05001A8E06001A830301010202020207F
:101FA0003F3F0000402102A8F7FFF00010B54904B0
:101FB000CA104004C310991A00209A18D30F9A1817
:101FC000521052188B115B0E5B18DB11D2182023B4
:101FD000541A01D422001843CC0F611849105B0831
:101FE000F6D110BDEFF3108072B67047002800D113
:101FF00062B6704780B5FEF75CFA002802D0B74899
:102000000068804701BD80B5FEF796FAC0480068B9
:1020100000030AD4FEF7E0FCFFF752FBFEF743FC97
:102020000120FFF729FBFFF717F880208005FEF756
:102030001EFA01BD80B5FEF77FFA80204002FEF750
:1020400016FA01BDF8B5FEF704FA052083490860C9
:10205000FEF708FA824806680124264201D1FEF7FD
:102060005CFBFEF769FA7F48016800917E4A406890
:102070001060B105C80F002126420FD00091984B87
:102080005D6815601A68974B1F68BD1ABA4202D383
:102090009F69ED196D1C9F4FBD42F5D39E4D296080
:1020A000002804D031000098FDF7C4FF0090286894
:1020B000204004D16846FEF75CFB002802D100985E
:1020C000FEF7AAFBB44804606004FEF7D0F9F1BD46
:1020D00038B5924C0020A063E06BC00506D5802087
:1020E0000006206000BF00BF40082060FEF70AFC29
:1020F0008B480068C021090181438A480160FEF7CE
:102100001BFAFDF743FE0500A448A5490860FFF748
:1021100071FF8020C002FEF7AAF9002D01D08020B7
:10212000206001209F49087031BDF8B59E480068C5
:102130009E49096801409E480160FEF7FDF9FB27B2
:10214000BF012C20385C0521014002D0FEF78EFA39
:1021500001E0FEF798FA714C0225F86A284001D098
:10216000012020601020C043924908600026924858
:102170000660FEF79EF9002803D09048006880476B
:1021800000E03E60FEF765F98D480068E16B0904E8
:1021900007D4000705D5FEF772F98A490D60FEF7EE
:1021A00077F9FEF75FF9FFF783FDA804FEF75FF903
:1021B000F1BD80B5FEF7C0F955480068000303D4AF
:1021C000FEF771FBFEF748FF80204003FEF74FF952
:1021D00001BD38B5FEF7B0F9504C2025FFF72CFBB8
:1021E000002806D0206B000704D5FFF74AFBFEF756
:1021F000E7FF2560FEF757FBFEF72EFF72480078D9
:102200000C210140042902D1FEF730FA01E0FEF76B
:102210003AFA6804FEF72BF94020206031BD1CB566
:10222000FEF717F905200D490860FEF71BF9FEF7C8
:1022300083F9FFF726FBBC48006800906846FEF76C
:102240006FFF0400FFF7D6FE002C02D10098FEF7C6
:10225000DDFF80204004FEF70AF913BD3C1102A8FF
:10226000400002A8B83F0000483E0000F8B5FEF765
:1022700063F9564C256A5020284002D0FEF7F6F943
:1022800001E0FEF700FA254FFFF7D6FA00281BD130
:10229000786B40071DD4386BE0214901014018D10B
:1022A000A80611D4FEF7D5F8256AA04E354207D00E
:1022B000FF20C0432D182562802000059C4908603E
:1022C000FEF7D0F82E4002D00120386001E0002057
:1022D000206080208004FEF7CAF8F1BD3438000089
:1022E000D03E000020C001A880B5FEF725F9914836
:1022F0000068400601D5FEF7D6FA0120FFF7BCF9C9
:10230000FEF7AAFE8020C004FEF7B1F801BD000070
:102310000C0002A801FF0000443E0000100002A8CB
:102320000C4201A8086201A810B527480468FEF70E
:1023300003F981490968090328D40321C00601D59E
:10234000214001E0A0080140012902D1FEF78EF9E9
:102350000BE0200107D50E20FFF7DCFBA748042186
:10236000016008210160FEF78EF9A54C2069A5499E
:102370000860FFF73FFE2068002807D040001228C1
:1023800002D2FFF77BFD01E0FFF721FB80208003F5
:10239000FEF76DF810BD0000402002A8700120007B
:1023A000B46000A8733E0000084201A8883F000006
:1023B0000C5201A8442002A84C3E0000383800000E
:1023C000844000A87CE40350EC3E0000CC3E0000BA
:1023D000F8B584B001246846047000270297FEF720
:1023E000ABF80390544D2868000300D596E0032015
:1023F000A649C86384480068A54E0F210F220240F9
:10240000032A03D0000B014006294DD1A1480068E2
:10241000A149CC6DE96B890701D59F490C6EFFF787
:102420003CFB0419FEF745F800280ED03079C006B1
:102430000BD03168000D4843800B24189648006883
:10244000002802D10802400C2418002C01D5019765
:1024500000E00194686B0107C80F0323316B19403A
:1024600002291BD10399C90618D5B168CA0513D52D
:10247000AC6B8A4A1440944203D11021834AD16341
:102480000CE089050AD4E96B28220A4006D16A4685
:10249000177027490B6001E06A4617700290684682
:1024A0000478002C03D10FE07B48806D0190FFF78A
:1024B000C3F9002808D0FFF7E4F90298002802D0F9
:1024C000FEF77EFE00E00024022070490860002C28
:1024D00010D03020305C0C210140042902D0A86BC0
:1024E000C00602D5FEF7C2F801E0FEF7CCF82020C6
:1024F000686013E0FEF7D7F9802000060C490860F9
:1025000067486849086001A8FEF70AFE0400FFF763
:1025100071FD002C02D10198FEF778FE80200004A6
:10252000FDF7A5FF05B0F0BDCC3F000000FFFF00A8
:10253000441002A8440102A80C0002A8FEB5002421
:102540000194FDF7F9FFFFF755FD574EF06E574D1B
:102550000007000F072807D17068002804D4002066
:10256000FFF78AF8286841E001200321504A736888
:102570005B070BD44F4B1B68034007D01368DF0584
:102580000BD55B0502D43368DB0503D40190906A58
:10259000800904E01020484B1860906A000901404F
:1025A00000910020FFF768F80098002805D17068B6
:1025B000C00602D4FEF767F801E0FEF757F80020E6
:1025C0000199002903D13D480068FFF766FA69695F
:1025D000401801D5009400E000906846FEF7C9F865
:1025E000002805D10098FEF717F9A8690549086089
:1025F00080200005FDF73BFFF7BD000080E200E012
:10260000AC3F0000483E0000AC0002A8F8B5FDF762
:1026100093FF002400252A48066B80277F0530069B
:1026200006D5300709D5FFF72CF9FEF7C9FD29E0DB
:10263000012520480068284019D00020FFF71CF829
:102640000220064002D01F490C60C8611E48046881
:10265000002D03D02000FDF779FD0400FFF711F9EC
:102660002000FEF7D3FD3800FDF701FFF1BD17484C
:102670000078C0210140402902D1FDF7F7FF01E0B9
:10268000FEF701F820200E490860ECE7082002A8B8
:10269000BC3E00000CC101A8683F00001000001003
:1026A000FFFF7F7FB46000A8400002A8BC3F00008D
:1026B000C43E0000B44000A8441002A81CC101A8F8
:1026C000100002A8180000AAD83F0000EC3E00004D
:1026D00000F03CF802480349486000F052F800BF9F
:1026E000D32A00000000000080B5EFF305800B281E
:1026F00001D23A2100E0292192225200002000F06C
:1027000041FAFEE710B5C30018221A40FF24944096
:10271000E3438907090E9140020004D470489208EF
:102720009200801806E0AD4A0007000F08388008C4
:1027300080001018026813401943016010BD80B575
:1027400074225421002000F01DFA01BD10B5FFF7DE
:1027500049FC0121634A1160634B644A1360644A77
:1027600013600323634C2360634C2360634B196045
:10277000634B19608023A44C2360D160FFF736FCC3
:1027800010BDFFF72FFC04000025012168B2FFF700
:10279000B9FF6D1C0E2DF8D301210F20FFF7B2FFFA
:1027A00001211120FFF7AEFF01211320FFF7AAFF3F
:1027B00001211720FFF7A6FF03210120C043FFF7E7
:1027C000A1FF01211B20FFF79DFF7348734908609B
:1027D0007348C16AC16201680160022071490860E2
:1027E00001208A49086047046F4D28693840FCD0B1
:1027F0002868800101D4FDF713FE2000FFF7F6FBE7
:10280000774E0AE000281BD0FDF739FE18E0286952
:102810003840FCD02000FFF7E9FB286E0004000FD1
:10282000022801D1FEF710FAFFF7DCFB0400FDF7E8
:1028300036FE0028B078E5D0002801D1FDF728FE4B
:1028400001207178002909D13178002905D170491A
:102850000968890601D45349086030BF00217170AE
:1028600031780029D6D102214E4A116067490860AB
:10287000CDE76848016840680840674901401B4847
:102880000160880703D5A4480188491C018070476E
:1028900070B56248016840680840000E0006604953
:1028A00080221205104218D05E4B1C68641C1C600C
:1028B0005D4C5E4D2D682D0407D5A568002D04D014
:1028C00007250D600125AC4E3560402525601B684D
:1028D000012B02D910238B62CA67886770BD000084
:1028E00000E400E0040002A80000FF3F282002A846
:1028F0002C1002A840E002A844C002A804C001A80D
:10290000044001A8F8B5854C206B616B0140009133
:10291000834D0846286000989849014007D0FDF78C
:10292000C8FD002803D00098954909688847802091
:10293000009901401CD0F821C90122680A4017D033
:10294000C0231B019A4213D880263606EE62226805
:102950000A40954F3F683F043F0F022F01D0032FDD
:1029600003D1002A01D09A42F1D390490E60286029
:102970008F48007806280DDA0098CC2189010140A3
:1029800008D0FFF72FFB04000098FDF782FA200023
:10299000FFF72CFBF1BD0000FFFF9B0800E100E00A
:1029A000E04001A85C2002A84C0002A810B58149B3
:1029B00008684C6804408048046080210C4205D0BF
:1029C00041607E4801600020FDF763FA600403D592
:1029D000802040057A49086010BD00001CED00E031
:1029E000723E000038B5774908684C680440E0073B
:1029F00007D5FFF7F7FA0500FDF7E2FA2800FFF721
:102A0000F5FA7148046031BD505201A85C1002A86B
:102A1000F40302A8280002A8FFFF00C0B44000A8E9
:102A20003C6000A86C3E00002C4000A8384101A882
:102A3000FEB5664C206C666C064001273E4216D0FF
:102A40003D0663480560206862490F60002802D097
:102A50000021FDF773FC60480068A021C90188428D
:102A60008041C043C00F5D4988705D480560FDF737
:102A700006FD02900220064049D06168CAB2019268
:102A8000090A009108214C4A4303564C0025019E37
:102A9000012E27D0022E38D1009E012E24D1E678B7
:102AA0000096514E27780C256F430025F551257867
:102AB0006D0590277F04ED1903272F434B4D2F60A1
:102AC00013604B4A1360321D23780C256B43494D2C
:102AD0002D68009FED19D55022780C235A43B05031
:102AE000454A11E00090DCE7002E0ED1434E3760DE
:102AF0003D4E361D24780C277C43355153601360BE
:102B0000C2043F4B1A603F4A116032490860029884
:102B1000FDF7BEFCF7BD0000703E00001C4201A89E
:102B20004C6201A870B5FDF7AAFC0400FFF75AFA41
:102B30002E490A68D20718D52B4A121DFA239B0189
:102B40005D7A0C26754355592A4E36681D60CD684E
:102B50005D604968D9818021C9041D4D2960197BB8
:102B600071185B7A0C256B43D150FFF73FFA2000B8
:102B7000FDF78EFC70BD00003C5000A8020006006E
:102B800030380000002800D0704710B50C00FDF769
:102B900076FC1D490C6001221C4B1A600B6C134023
:102BA000FCD1FDF775FC10BDAC0002A8785201A85D
:102BB0003C3E000090C001A890E001A80CC001A814
:102BC00004ED00E090C000A890E000A800C002A8BA
:102BD000401002A840E002A8404000A8723E000059
:102BE000402002A8893E0000300000A860C101A872
:102BF00094D001A8200000A8F42302A860E101A855
:102C000080E200E0F41302A8008002A8409002A82D
:102C100062675F6D6573736167652072656365697F
:102C20007665727300BE83605ADB0B376038A5F59A
:102C3000AA9183886C0000004C2C03007C2C0300BC
:102C4000642C0300942C0300AC2C030050340300CC
:102C500000000000C42C03000100000063621C950A
:102C600000F049025034030000000000E82C03008B
:102C7000010000004762758800F0490250340300EB
:102C8000000000000C2D030001000000BA5666C0D1
:102C900000F049025034030000000000302D030012
:102CA00001000000EB0D9A2500F0490250340300AA
:102CB00000000000542D030001000000247EEA0BF8
:102CC00000F04902782D0300809C2B8F80841E0029
:102CD0000000000027005200083000200000000023
:102CE0001838030000000000D82E0300809C2B8FB2
:102CF00080841E00000000002700520008300020E1
:102D0000000000001C380300000000003830030001
:102D1000809C2B8F80841E00000000002700520042
:102D200008300020000000002038030000000000F0
:102D300098310300809C2B8F80841E0000000000CF
:102D40002700520008300020000000002438030053
:102D500000000000F4320300809C2B8F80841E0052
:102D60000000000027005200083000200000000092
:102D70002838030000000000FC4F010374360300F4
:102D800010400100004100003C4001000000000034
:102D900048400100200700005040010000000000F2
:102DA0005C4001000D0F000004410100FF4C0000D9
:102DB00020400301000000861FC001000020000029
:102DC00038400101000000005840040118000500CF
:102DD00040080000090000009200040080400F013C
:102DE0008C002C02000000001200120000808C19E0
:102DF000000000000002050E1C2F43536269686149
:102E00005543320416100E0E0D0C0A080706050471
:102E1000030302020201010101010100EC40010172
:102E200080B0B18CFC4003019C200B00055B6080EE
:102E30004737414A0C410301B85512002A19492964
:102E40000908404028410101FFDD00003841070129
:102E50004CD4E83B04196F10080E141A20262C32AB
:102E6000383E10325476980A1D000000704101016E
:102E7000C0030000344201010008000E4842010175
:102E800058AA1EC07842010100000080388001016C
:102E9000114910009C800301EB40020070380300D0
:102EA000D0000000A8800111F0010000A8800131CD
:102EB000055AFD01AC800111F0010000AC80013128
:102EC000053EFD00E40001026C2C51115401010289
:102ED000C43F0000FFFFFFFFFC4F0103C8360300A3
:102EE00010400100004100003C40010010000000C3
:102EF000484001002007000050400100000400008D
:102F00005C4001000D0F00000441010003C00100FE
:102F100020400301300000461FC8010000200010BF
:102F2000384001010000000058400401180005006D
:102F3000400800000900000092000A0080400F01D4
:102F40008C002C0200000000120012005B808C1B21
:102F5000000000000002050E1C2F435362696861E7
:102F60005543320416100E0E0D0C0A080706050410
:102F7000030302020201010101010100EC40010111
:102F800080B0B18CFC4003019C200A0001612080CC
:102F9000B75635120C410301B8551200A01B042985
:102FA0000888404028410101000000003841070125
:102FB0004CD4E83B04196F30080E141A20262C322A
:102FC000383E10325476980A1D5F000070410101AE
:102FD00000000000344201010008000E48420101D7
:102FE000F4811F00784201010000000038800101D7
:102FF000114910009C800301EB400200703803006F
:10300000D0000000A8800111F0010000A88001316B
:10301000055AFD01AC800111F0010000AC800131C6
:10302000053EFD00E40001026C2C51115401010227
:10303000C43F0000FFFFFFFFFC4F01031C370300EC
:1030400010400100004100003C4001001000000061
:10305000484001002017000050400100010400001A
:103060005C4001000D0F00000441010003C001009D
:1030700020400301300000461FC80100002000105E
:10308000384001010000000058400401180005000C
:10309000400800000900000092000A0080400F0173
:1030A0008C002C0200000000120012005B808C1BC0
:1030B000000000000002050E1C2F43536269686186
:1030C0005543320416100E0E0D0C0A0807060504AF
:1030D000030302020201010101010100EC400101B0
:1030E00080B0B18CFC4003019C200A00016120806B
:1030F000B75635120C410301B8551200A01B042924
:1031000008884040284101010000000038410701C3
:103110004CD4E83B04196F300A10161C22282E34B8
:103120003A4010325476980A1D5F80A47041010124
:1031300000000000344201010008000E4842010175
:10314000F4811F0078420101000000003880010175
:10315000114910009C800301EB400200703803000D
:10316000D0000000A8800111F0010000A88001310A
:10317000055AFD01AC800111F0010000AC80013165
:10318000053EFD00E40001026C2C511154010102C6
:10319000C43F0000FFFFFFFFFC4F01037037030037
:1031A00010400100014100003C400100000000000F
:1031B00048400100A007000050400100000000004E
:1031C0005C4001000000000004410100FF4C0000D1
:1031D00020400301000000861FC0010000600000C5
:1031E0003840010100000040584004016402FF0023
:1031F00040080000010000009200080080400F011C
:103200008C000C0200000000D70322000000000028
:10321000000000000002050D1A2D3F506068696330
:1032200057463525150D090807060505040404034E
:10323000030303020202020201010101EC40010149
:1032400090382C8CFC4003019C200A00055B5880C0
:103250004737414A0C410301B85552002A19492900
:10326000893B404028410101FFDD00003841070152
:10327000E853FA0000000000000000000000000019
:10328000000000000000000000000000704101018B
:10329000C1030000344201010000000E4842010158
:1032A00058AA1EC0784201010000000038800101C8
:1032B00011491000A080020170780300FFC00200D5
:1032C000A8800111F0010000A88001310542CB0166
:1032D000AC800111F0010000AC800131050A0D0045
:1032E000E40001026C2C511154010102C43F0000A2
:1032F000FFFFFFFFFC4F0103C43703001040010034
:10330000014100003C400100000000004840010075
:10331000A007000050400100000000005C400100D8
:103320000000000004410100FF4C000020400301A8
:10333000000000861FC0010000600000384001014D
:103340000000004058400401C804FF00400800008D
:10335000010000009200040080400F018C000C026C
:1033600000000000B6032200000000000000000082
:103370000002050E1C2F43536269686155433204F5
:1033800016100E0E0D0C0A080706050403030202B0
:103390000201010101010100EC40010190E82B8CC8
:1033A000FC40030190200A00055B58804737414AE2
:1033B0000C410301F56252002A194929893B40401A
:1033C00028410101FFDD000038410701E853FA0000
:1033D00000000000000000000000000000000000ED
:1033E000000000000000000070410101C103000066
:1033F000344201010000000E4842010158AA1EC0DB
:1034000078420101000000003880010155251000BC
:10341000A080020170780300D0000000A880011194
:10342000F0010000A88001310542CB01AC80011100
:10343000F0010000AC800131053EFD00E400010216
:103440006E2C511354010102C43F0200FFFFFFFF25
:103450000C4001000181010020400200000000003A
:1034600001000000304003000000000000000000E8
:10347000000000004040020000000000004000008A
:103480006040010001010000A840010007000000A9
:10349000BC4004000000000000000000000000002C
:1034A0000000000008410300FF4C0000FF4D000039
:1034B000FF4D000020C0011000F8070020C00130BF
:1034C000F502080024C00110FF00000024C00130F4
:1034D0000013000028C00700EC80B38343754051FF
:1034E000A00F004830400000000000000000000075
:1034F0002E02000050C00400511130040E2D09E6C8
:1035000054060708D1B6020064C00A000430001C4B
:10351000403018090D647920EBFCFB017FF6E803CD
:10352000BD4B721511A3180510325476980A00008D
:103530000000000008000101080700001800010158
:10354000AAAAAA00200001010060DA001C400101C3
:10355000100000002C400301008000000000000368
:10356000000000006840020129417671000000005F
:10357000BC4002010000000000000000E040020129
:103580003300000000000000F440020164048307DF
:103590008813C83A244101010000000034410101B0
:1035A0000C010000544101010101000068410201C9
:1035B0006404830788138200304201010000000088
:1035C00038420201000000000000000044420101F6
:1035D00000000000544209010000000000003C000F
:1035E0000000000000000000555555551700000070
:1035F0000000000000000000AAAA06007C420201B0
:103600000000000000000000108001010300000025
:103610003C80010101000000B080020100030002B3
:103620003700000198000202000C00044C0000006A
:10363000A400010200040000D0000202050040AA1C
:1036400088010000F4000202000000003D21081182
:10365000FC0001123F000000FC0001320054040095
:103660003001010260005102680101020004000003
:10367000FFFFFFFF140000000000800000000000BA
:10368000D438030084380300000000008025960031
:103690000048E80140420F000108F50011495002BE
:1036A000000000002C3803000000000000000000B3
:1036B000000000003E420F0000000000000000007B
:1036C0000000000000000000140000000000800066
:1036D00000000000D438030094380300000000000C
:1036E000802596000048E80140420F000108F500DF
:1036F00011495002000000002C38030000000000B7
:1037000000000000000000003E420F00000000002A
:103710000000000000000000000000001400000095
:103720000000800000000000D4380300A43803002B
:1037300000000000802596000048E80140420F008C
:103740000102F50011495002000000002C3803006E
:103750000000000000000000000000003E420F00DA
:103760000000000000000000000000000000000059
:10377000140000000000800000000000D4380300A6
:10378000B438030000000000004786000048E8014C
:1037900080841E000101F500114950020000000064
:1037A0002C380300000000000000000000000000B2
:1037B00055841E0000000000000000000000000012
:1037C0000000000014000000000080000000000065
:1037D000D4380300C43803000000000084174300FD
:1037E0000024F40040420F000101F500552550036C
:1037F000000000002C380300000000000000000062
:103800000000000038420F0000000000000000002F
:10381000000000000000000003050000030300009A
:103820000304000003020000030100000200000086
:1038300000F049020614000000E09304053800007F
:10384000A00800000000580901040706100A01043E
:103850000707C80A00040807800B00040808380C92
:10386000000409086108000000006808000000006A
:10387000C709010404032C0B01040404920C010485
:103880000504000050C30000E62D0000D007000032
:10389000D0070000F5DA0200102700002C0100001C
:1038A0002C010000E5BF000010270000C20100004D
:1038B000C201000050C3000050140000FA000000D4
:1038C000FA00000050C30000FC210000B30100001A
:1038D000B3010000193F01060410010000010106B8
:1038E00000102700000C0000000000000000000095
:0838F0001CD1FC7F0100000067
:0C38F80004390300602E0020AE00000028
:10390400E0B1FFFFC0EA2101C0EA2101008000000C
:1039140000F04902782E00200040070000A00000BB
:10392400980F0020C8000000FE0000000000000006
:10393400CCEE0200C00A002030000000A17100009B
:103944000000000000000000B8F50200F819002093
:10395400B42E0020901D0020A1EC02000200000003
:10396400DD970000000000000000000000000000DF
:10397400000000003E3F0000901D002003000000F6
:10398400859800000000000003000000C01D002016
:10399400F42E002000000000C01D0020281E00207E
:1039A400901E002000000000000000000000000045
:1039B4000000000000000000000000000000000003
:1039C40000000000000000000000000000000000F3
:1039D40000000000000000000000000000000000E3
:1039E40000000000010000000000000010000000C2
:1039F400100000000000000000FFFFFFFF000000B7
:103A04000BA902000FA9020013A902000000000084
:103A140063B8020000000000C1670100000000005C
:103A240000000000000000006D67010000000000BD
:103A340000000000000000005968010000000000C0
:103A44000000000000000000E96A0100000000001E
:103A54000000000000000000A97101000000000047
:103A640000000000FFFFFFFF000000000000000056
:103A7400FFFF0000ACFB02003BBA0200FFFFFFFFA8
:103A8400C4FB020001BD0200FDBC0200FFFFFFFFFA
:103A940005BD0200FFFFFFFF61C30200CBC30200AC
:103AA4008F2A000055E40100FFFFFFFF0000000023
:103AB400FFFFFFFF040008070200200004000000CD
:103AC40000000000020010000000000000000000E0
:103AD400000000000000000000000A0001000000D7
:103AE40000000A0013000000546865726D6F6D6574
:103AF400746572204578616D706C650002000A007F
:103B04000800303030303030303000000200050022
:103B14000300303030000000020008000500302EA1
:103B2400302E3000000002000800000000000000F9
:103B34000000000020001100000000000000000050
:103B4400000000000000000000000000020001006E
:103B54000000000010001100000000000000000040
:103B6400000000000000000000000000020002004D
:103B7400000000000200040000000000000000003B
:103B84000000020702001700FFFF0D000000000004
:103B9400BF8FAF7F8700370F10100004040F051488
:103BA4000A0101FF010FFF0DFF0F7F030100000059
:083BB400E9090000C10900004D
:040000031000FC9558
:00000001FF
