S02B00002F55736572732F6D61682F53696D706C696369747953747564696F2F76365F776F726B737061636557
S214000000C00A002095FC010099FC010099FC010043
S214000010AB1C020099FC010099FC010099FC010050
S21400002099FC010099FC010099FC010099FC010073
S21400003099FC010099FC0100F5ED010099FC010016
S21400004099FC010099FC010099FC010099FC010053
S21400005099FC010099FC01001109020099FC0100BD
S21400006099FC010099FC010099FC010099FC010033
S2140000700D81000099FC010099FC010099FC01002B
S21400008099FC010099FC010099FC010099FC010013
S21400009099FC01003D6C000099FC010099FC0100F0
S2140000A099FC0100511E0000311E000099FC010061
S2140000B099FC010059CD010099FC010031D60100E0
S2140000C01BC6020017C60200A1CD010031C6020001
S2140000D01FC6020001D6010023C6020019E4010073
S2140000E055B4010011B6010071D6010099FC01005B
S2140000F099FC010099FC010099FC010099FC0100A3
S21400010099FC010099FC010099FC010099FC010092
S21400011099FC010099FC010099FC010099FC010082
S21400012099FC010099FC010099FC010099FC010072
S21400013099FC010099FC0100C59800008B2802007C
S21400014082B0BFF34F8FBFF36F8F30BF074BD3F82C
S214000150F030DB0704D500230193019B052B01DD5E
S21400016002B07047019B0133F6E700BF00ED00E0E8
S214000170F0B5114A114C124E00F00105E3695F0715
S21400018013D40DB9334213D103EA00078F4207D1C7
S2140001900B4A1A40002A14BF6FF001000020F0BD81
S2140001A0013AEBD16FF00200F9E74FF0FF30F6E7C7
S2140001B06FF00100F3E700BF809698000000035040
S2140001C0020001000B4B70B5D96911F480310DD1D6
S2140001D001244FF48072084E084DF46020462C64CB
S2140001E01A61FFF7C5FF3464EC6070BD6FF0010064
S2140001F0FBE700BF00000350001003500020035030
S2140002004FF4003238B50F4B0F4C9A6641F67133F7
S2140002100122E569E3630D4B0021DA600223606189
S2140002202120236105F48035FFF7A2FF10B92120B5
S214000230FFF79EFF0122064BDA600DB10023E36351
S21400024038BD00BF0090005000000350001003505F
S2140002500020035070B5134C6061E3695B071ED441
S2140002600E4656F8043B8D18A361AE420BD104230C
S214000270002121202361FFF77BFF58B9BDE87040BD
S2140002802120FFF775BF08210846FFF771FF10B160
S2140002900423236170BD56F8043BA361E5E74FF0E5
S2140002A0FF30F7E7000003502DE9F84316464FF4F9
S2140002B00032184B89469A6603F51C33DA690746FE
S2140002C002F4803841F67132DA63012203F5805376
S2140002D0114DDA6066B930460122104BDA60B8F18B
S2140002E0000F03D00022A3F50053DA63BDE8F883BD
S2140002F007F500542C40E41BB44228BF3446494658
S21400030022463846FFF7A6FF0028E5D12744A14439
S214000310361BDFE70090005000E0FFFF0020035090
S2140003202DE9F04F93B0CDE90A32DDE91C630E9358
S21400033053EC102BCDE90801104619468DED060B3F
S2140003401E9D0AF00FF880B1DDE906014FF0FF327E
S214000350C74B0AF02FF840B9DDE906014FF0FF322F
S2140003606FF480130AF008F870B1DDE908019DED1E
S214000370060B0E9B1E95CDE91C63DDE90A3213B011
S214000380BDE8F04F00F08CB90022DDE9060100233D
S21400039009F0F2FF002800F03781DDE906A303F13B
S2140003A0004BCBF30A5015F48063A0F2FF3008BF71
S2140003B006260F9309F004FD9DA3D3E9002309F058
S2140003C069FD9DA3D3E9002309F0AEFBCBF313042C
S2140003D0894644F07F5180460022A64B504641F4A1
S2140003E0401109F09FFB96A3D3E9002309F052FDC4
S2140003F002460B464046494609F096FB09F0E4FFE4
S214000400044609F0DDFC90A3D3E900238046894624
S21400041009F040FD0022984B09F086FB09F0D4FF56
S2140004208BA3D3E9002307464946404609F032FD30
S21400043080463846894609F0C3FC87A3D3E90023E3
S21400044009F028FD02460B464046494609F06AFB7D
S21400045002460B46CDE90C2309F01CFDDDE90C2312
S214000460804689461046194609F05EFB0022CDE913
S2140004701001824B4046494609F036FE0022804B6A
S21400048009F052FB02460B464046494609F02CFE50
S21400049000227C4B09F048FB02460B464046494684
S2140004A009F022FEDDE90C238046894600204FF045
S2140004B0804109F037FB02460B464046494609F0A4
S2140004C033FB02460B46DDE9100109F00DFE07F28C
S2140004D0FF3700226C4B09F027FB00223B0509F092
S2140004E0D9FC52465B468046894609F063FF0028E1
S2140004F040F08D80CDE90C8904F16303C62B8CBFD8
S2140005000527042729051FD555A3D3E90023504600
S214000510594609F045FF002800F0838052A3D3E92E
S21400052000235046594609F027FF002879D0A642F6
S214000530D8BF00244FF00007C4BF341B04F1FF34BB
S21400054026463C4645F480650E9B9F422CBF4FF0E6
S2140005500008A3EB070815F0020903D0002F18BF08
S2140005604FF000083CB1DDE90C235046594609F02F
S214000570BBFD82468B46DDE906010022002309F01A
S214000580FBFE10B10BF100439B46DDE9080125F4A4
S2140005900063CDE90183DDE90A324BEC10AB00962F
S2140005A000F07EF802465FB3DDE9091315F0200F70
S2140005B0089E00F101050CBF65204520B047DDE927
S2140005C008010523002205930A23002CCDE90232F8
S2140005D007F1FF374FEAD473B8BF64422A46019347
S2140005E004970A9B009421F0A2FC0246B9F1000F82
S2140005F006D00B9BC41A0B9B1A190E9BA34245D818
S214000600104613B0BDE8F08FDDE906ABC9E6002260
S214000610404649461A4B09F067FD013CCDE90C01FE
S2140006206AE7002E90D00F9B002B8DD0013E8BE703
S214000630FB799F501344D33FB3C8608B288AC63FCC
S21400064061436F63A787D23F71A379094F930A402E
S2140006501655B5BBB16B0240EF39FAFE422EE63FA7
S2140006602D431CEBE2361A3F0000000080842E412A
S214000670FFFFEF7F0000F83F0000E03F00002C4047
S21400068000002440000018400000F03F2020DDE974
S2140006900913089DA8470134ADE700BF000000001D
S2140006A02DE9F04F5BEC10AB97B0CDE90501DDE925
S2140006B02048CDE90723504652465B465946229FBE
S2140006C009F050FE70B90323CDE902870193A44BCD
S2140006D00093DDE90501DDE9072321F05AFB17B099
S2140006E0BDE8F08F4FF0FF326FF480135046594646
S2140006F009F042FE28B10423CDE902870193994B05
S214000700E6E74FF0FF3250465946974B09F052FE47
S21400071050B178074CBF04220322CDE902874CBFB4
S214000720924B934B0192D3E7504689A3D3E900231B
S214000730594609F03FFE38B987A3D3E9002350464F
S214000740594609F019FE68B1DDE90723DDE9050120
S2140007504BEC10ABCDE92187209417B0BDE8F04FE5
S214000760FFF7DEBD002200235046594609F004FE7E
S214000770B8B15B4652460020002109F0D3F90123A8
S21400078082468B46099317F4806F08BF06243021F3
S21400079023460EAAA4F12009092B04D89946E41A88
S2140007A007E00990EFE7013B4B4502F8011BF3D148
S2140007B020245946504609F007FE6E4B054603EBCB
S2140007C0C90393ED007B8DED0A7B09F0F9FA02462A
S2140007D00B465046594609F0A5F9DDE90A2309F00B
S2140007E059FB02460B46CDE90C2309F015FE0646DA
S2140007F009F0D6FA02460B46DDE90C0109F092F93B
S21400080002460B46CDE90C2300225B4B09F0D2FDD5
S214000810B8B10136304609F0C3FA02460B46DDE9A8
S2140008200A0109F0B3FD08B100260135B9F1000F41
S21400083014D00A210EAB1A19202C40D13022A14424
S21400084050E00022DDE90C014B4B09F095FD002835
S214000850ECD10EB1F107E9D50136E7E7284609F0F5
S214000860AFFA02460B465046594609F05BF900229D
S214000870414B09F081FD10B9013525F001050A212B
S2140008800EAB1A19202C0AD095FBF1F001FB10557F
S214000890303502F8015B013405460028F2D107F036
S2140008A00302012A38D1B8F1000F35D0099A12B9DF
S2140008B017F00C0F01D008F1FF38302223E0B6FB0A
S2140008C0F1F001FB1063092E03F1300309F1FF3943
S2140008D004F1010402F8013BB0D90646ACE70EA9C4
S2140008E00A551C46202CCAD04C4504F10103F6D10B
S2140008F004F158020DEB02042E2204F8202C1C46AC
S214000900BDE71A550134A04506D9202CF9D1CDE90A
S214000910028701940EABDBE6202CF8D0099B3BB196
S2140009202D2204F158036B4403F8202C0134EEE723
S2140009307A0704D504F158032B226B44F4E73B07EF
S214000940E5D504F1580320226B44EDE7AFF30080B1
S2140009500000000065CDCD410000000065CDCDC192
S2140009605FEA020063EA0200FFFFEF7F56EA02003A
S2140009705BEA0200F8F002000000E03F0348044B88
S214000980834202D0034B03B118477047183100204A
S2140009901831002000000000064B0749C91A8910CC
S2140009A048BF0131491003D0044B0BB1014818472A
S2140009B0704700BF183100201831002000000000EA
S2140009C010B5064C237843B9FFF7D8FF044B13B194
S2140009D00448AFF300800123237010BDF62A0020E0
S2140009E000000000F038030008B5054B1BB10549B0
S2140009F00548AFF30080BDE80840FFF7CDBF00BF55
S214000A0000000000B80D0020F0380300A3F5803A7F
S214000A10704700BF174B002B08BF134B9D46FFF7D0
S214000A20F5FF00218B460F461348144A121A21F090
S214000A30A5FF0E4B002B00D098470D4B002B00D087
S214000A4098470020002104000D000D48002802D021
S214000A500C48AFF300800AF02DF92000290021F0A1
S214000A6016FF09F0B9FE00BF0000080000000000F5
S214000A7000000000C00A0020C00A0020802C0020D1
S214000A80000000000000000037B504460CF04AFAEB
S214000A9000283BD11E4B20766361A36843F4801385
S214000AA0A36021F068F9A368A0801B030CD4B0F5FE
S214000AB0FA7F09D92DF051FA0121054608462CF097
S214000AC025FC28462DF044FA20460CF053FA05463D
S214000AD0C8B910480EF090FF23F03AFB24F04DFF03
S214000AE023F0B4F82A460121042023F006FB01A8CF
S214000AF08DF804500CF0F4FB042003210EF09CFC4F
S214000B0020461EF06DF9284603B030BD0025FAE7F2
S214000B1005040300F030002008B50449044816F028
S214000B2041FCBDE8084016F06DBC00BF74E602004C
S214000B302CE702004FF08052014B5A60704700BF0E
S214000B4000ED00E0F8B50E460546D0B1C9B10E4B33
S214000B500E4F1968386802F037F9044678B906234C
S214000B6032460B49386802F0F7F9044638B90123D3
S214000B702A460849386802F0EFF900B12C70204682
S214000B80F8BD2124FBE700BF742E0020942E002021
S214000B902C0004003C00040030B50368544A23F4DB
S214000BA07F4323F007039342044685B065D002F1E5
S214000BB00172934267D04F4A934262D101220225C6
S214000BC000211E200DF10D038DF80D50ADF80E20FE
S214000BD011F08AFD044618B3474D4849286820F0AE
S214000BE028FC4749286820F024FC1EF0C2FF1EF0AF
S214000BF0C1FF444B444A009344499E23286820F092
S214000C0018FC43492346434A286820F012FC204635
S214000C1000F056FD4049286820F00BFC00BEFDE7BA
S214000C202A4601460DF10E03232011F05DFD054610
S214000C3038B3314C3149206820F0FBFB304920683E
S214000C4020F0F7FB1EF095FF1EF094FF2D4B2E4A6A
S214000C5000932E49A423206820F0EBFB2C492B465A
S214000C602C4A206820F0E5FB284600F029FD2A499A
S214000C70206820F0DEFB00BEFDE78179808808F062
S214000C800BFC05B030BDB0F805301B2BF9D1C3798D
S214000C90012B05D101890079C9B208F03DFCF0E7C7
S214000CA0022B03D100791EF0C6F8EAE7124D13496D
S214000CB0286820F0BEFB1249286820F0BAFB1EF018
S214000CC058FF1EF057FF154B0F4A00930F49852318
S214000CD0286820F0AEFB124A1249286820F0A9FBCB
S214000CE0E2791149286820F0A4FB00BEFDE700BFAA
S214000CF0A0000601A0000100840E0020E1EA020028
S214000D00B8E702007CEE0200BDE7020060E80200E1
S214000D106FE802006CE8020084E8020094EE02002D
S214000D2095E802009BE80200B3E8020008B502F06E
S214000D30ABFC28B9012002F0FBFC30B102F0D4FC79
S214000D4000231020044A137008BD044B044A1A609E
S214000D50044B18600123F5E7F72A0020602E0020D8
S214000D60E0B1FFFFD00D0020124B70B51B78064691
S214000D700D46114C93B102F0F1FC4FF47A734343E5
S214000D8023602B600D4A0E48116801F57A73834282
S214000D9088BF002331600020136070BD44F62062D7
S214000DA023680B6003F57A739342C8BF054B236034
S214000DB0E8E700BFF72A0020602E0020D00D0020B4
S214000DC0A0860100E0B1FFFF08B503482DF0E8F962
S214000DD0BDE8084021F006BD34F0020001482DF0C1
S214000DE0DFB900BF34F0020010B50A46044619B158
S214000DF0024B00211B68984710BD00BFA8EE0200FA
S214000E000E4B0340B3F1607F06D1B1F5885F0CBF8F
S214000E1000206FF086007047B3F1707F0BD101F4AD
S214000E20E043B3F5005F06D111F4E06F14BF002075
S214000E306FF0860070476FF0860070470000C07F36
S214000E408A42F8B506460D4600F0CD806A4B22F47D
S214000E50FF7121F00101994210D0684922F0FF038A
S214000E608B420BD022F47F7020F00300A1F5706156
S214000E70884203D001F5A0618B4227D15E4B25F452
S214000E80FF7121F00101994210D05C4925F0FF0363
S214000E908B420BD025F47F7020F00300A1F5706123
S214000EA0884203D001F5A0618B420FD115F0FF00F8
S214000EB00BD0534B40F00070984240F0968082EA88
S214000EC00500FF288CBF00200120F8BD05F0FE437A
S214000ED0B3F1A06F11D102F0FE43B3F1A06F72D14F
S214000EE082EA050333F47E136DD128046BD5C5F36F
S214000EF00540C2F305429042E4E7B3F1407F62D179
S214000F0002F0FE43B3F1407F5DD182EA050030F483
S214000F107E1458D131462846FFF772FF002864D168
S214000F20384912F47C1701EA020116D0B1F1607F4D
S214000F30C2F3054336D1D1B241F0007101F17E41D2
S214000F400339102901D83048445C15F47C1F2FD192
S214000F509C4214BF00200120B7E7B1F1607F0AD1A0
S214000F60D3B243F0007303F17E43033B102B40D80B
S214000F702649CB5CDFE7B1F1707F17D106F4E0437A
S214000F80B3F5005F33D10123C6F302218B4006F48C
S214000F90E041B1F5005FD8D10120C6F3022600FA81
S214000FA006F4D2E7B1F1707FCFD1F0E73B46CCE74D
S214000FB01FB9C5F30541A14215D0290403D5C5F3D1
S214000FC0054098427EE725F47F03B3F1106F0CD1FD
S214000FD002F0FE43B3F1106F07D10D48104040F009
S214000FE01060A842B5E701206FE700206DE73B469A
S214000FF0CDE73B469FE700BF000200060013000651
S214001000FF0000020000C07FACEE0200ACEE020063
S2140010100000FFF637B50D4D0C466B78022B12D14B
S2140010202B78072B0FD100230A460193014601AB0C
S214001030281D1FF0FCFD20B9019BA34218BF6FF0CE
S214001040930003B030BD6FF08800FAE7D40D00209F
S21400105038B500F0FE43B3F1407F04460D4602D09B
S2140010606FF0860038BDFFF7CBFE0028F8D114F4E9
S2140010707C1F18D0C4F30543032B137022D9224AD1
S2140010802240B2F1607F31D1E4B244F0007404F142
S2140010907E44033C102CE3D81C4A125D9342DFD8F2
S2140010A0142BDFD90EE0184B2340B3F1607F0FD12D
S2140010B0E3B243F0007303F17E43033B102B04D9E5
S2140010C0002313706FF08500CCE71149CB5CD3E7A3
S2140010D0B3F1707FF4D101F4E043B3F5005FEFD1D4
S2140010E00123C1F302218B40DBB2C5E7B2F1707F6A
S2140010F0B6D105F4E042B2F5005FB1D10122C5F3E6
S2140011000225AA40CAE700BF0000C07FACEE02007E
S214001110ACEE02002DE9F843884617461C4600F060
S21400112003FA0546002844D1D8F80060B6F80090C7
S21400113009F4E043B3F5804FB36808BF27F0010712
S21400114037EA03032DD1A4B3244B24F4FF7222F014
S21400115001029A4210D0224A24F0FF0393420BD099
S21400116024F47F7121F00301A2F57062914203D04E
S21400117002F5A06293421FD114F0FF0304D0194A6F
S21400118043F0007393421ED022464846F168FFF7AC
S21400119057FE074668B9224648463169FFF750FEB3
S2140011A0D0B96FF0840500233046C8F800301EF032
S2140011B00BFC2846BDE8F88304F0FE43B3F1407FFD
S2140011C004D12304E0D56FF08605ECE7B3F1A06FF9
S2140011D0F7D0044B9C42D6E73D46EAE700020006FD
S2140011E000130006FF0000022DE9F04F00249B4686
S2140011F001F0FE438FB0B3F1806F0F46DDE918684B
S2140012009246DDF86890099472D10B464FF48072CE
S21400121009A9FFF77FFF054600286DD1099B1B88AB
S21400122003F4E042B2F5005F1CD113F4E06F19D06E
S214001230364927F480728A420AD001F500718F423F
S21400124006D033498F4203D0A1F53F418A4209D1E7
S2140012500124C3F302239C40102C0ED900266FF005
S21400126083052EE042F20402934202D1294B9F42AC
S2140012700DD0294B9F420CD10D24A0453ED32146CC
S2140012800AA8FFF7C7FE054620B1002619E00C2481
S214001290F3E700240998D0E908123EB335194368ED
S2140012A0A8EB040E5FEA132C23D10AABCDE903B5F5
S2140012B00093CDE905E93B46CDE9014A04F08EF9F5
S2140012C0054609981EF080FB0746DDB9D8B924B15B
S2140012D0224630460AA921F078FBD9F800301C4493
S2140012E03846C9F800400FB0BDE8F08F3546D6E75F
S2140012F026466FF08605E4E72646E2E700266FF00E
S2140013008905DEE72F460024EAE700BF0010C00488
S21400131000FF4004000180040013C004002307B54A
S2140013201A46009102491EF0BAF903B05DF804FBB4
S214001330C0EE020010B5114C2378580744BF03F0E6
S214001340FB032370990705D500F094F8237823F063
S2140013500203237063781BB10023094A636053605D
S2140013600023082106486370FFF73EFD2378DA075E
S21400137044BF23F00103237010BD00BFD40D00202E
S214001380D80D002038B5184C62782378022A01D18F
S214001390072B19D0DD0707D41FF047FC2378054636
S2140013A043F001032370E0B9980707D400F05AF819
S2140013B02378054643F00203237090B962780AB991
S2140013C0D90704D45A0708D50025284638BD07494A
S2140013D062604A6002226270F4E743F004032370FE
S2140013E0F2E7FFF7A7FFF0E7D40D0020D80D0020A6
S2140013F000F14043032B70B505460E460CD8282254
S214001400174C02FB0344237E022B02D163698342FE
S2140014101ED06FF08B0021E001211EF0AFFA70B1F4
S2140014200F4B00221C46197E022902D15969A94297
S2140014300BD00132042A03F12803F4D1E9E76FF058
S21400144087000BE06FF0960008E0282303FB0244B9
S21400145020461EF086FA0028F4D1346070BD00BF26
S214001460E00D00200122024B002083F8A0207047E8
S214001470E00D00202DE9F0410A4C002526464FF0ED
S214001480010803272046C4F81C80277601351DF086
S214001490D2FD042D04F12804F4D1002386F8A030F0
S2140014A0BDE8F081E00D0020F8B51E4D064695F823
S2140014B0A0300F4683B300242B462246197ED1B1B6
S2140014C03CB9022905D1D96919B91979002918BF7B
S2140014D01C460132042A03F12803EFD114B96FF039
S2140014E08C0006E020461EF03CFA20461DF0A3FDC8
S2140014F010B100240EE01C46237E83B90123237618
S2140015003EB1651BED1003F1CC335D4305F180451C
S214001510356000203C60F8BD6FF08800E9E76FF0AA
S2140015209600E6E7E00D0020F7B50026294B0E6092
S21400153093F8A03007460D46002B48D0FFF758FF1B
S21400154010F18C0F044627D129463046FFF7ACFF32
S214001550044608BB01232E68CDE9000069463046E4
S2140015607761736001AA1EF0B2FA044628B9DDE975
S214001570001230461DF0C4FC0446DDE900011EF0F2
S214001580A4FA28685CB11DF056FD14F18C0F08BF54
S2140015906FF0870400232B60204603B0F0BD8368FD
S2140015A0D90444BF43F4806383609A0444BF43F481
S2140015B000638360037E012B04BF022303761EF0C4
S2140015C0D0F904460028E7D06FF09604E2E76FF003
S2140015D08804E1E7E00D002030B40D4D2C681C6057
S2140015E06C685C6000249C605468DC6014881C8214
S2140015F054885C8294685C61D4689C61126930BCD3
S214001600DA6119620A46014603F1240021F0DDB9C9
S214001610C4EE02002DE9F843232904460F469146FE
S2140016209846089E04D86FF098052846BDE8F883CB
S2140016300822194921F079F905460028F3D1A36854
S214001640002BF0D1216A243F8F42C8F80010EAD35D
S214001650B1F5005FE7D271B9C9F80000E3687360BE
S214001660238A3380638A73806369B360A369F360F7
S214001670E3693361D9E7012020F04EFAC9F800008B
S21400168030B1D8F8002004F1240121F09EF9E5E7F6
S2140016906FF08C05C9E700BFC4EE020008B505F080
S2140016A073FB014B186008BD840E0020024B0349F3
S2140016B018681FF0BEBE00BF840E002000E90200BE
S2140016C070B50C4C0C49064620681FF0B2FE05F0BB
S2140016D05BFB0546206805F04BFB3046FFF7E6FF50
S2140016E0284605F045FB20680449BDE870401FF019
S2140016F0A0BE00BF840E002002E9020004E902003A
S21400170038B505462CF032FC00230B4A14685CB151
S214001710AC4206D1A96A6BB199622CF022FC01207A
S21400172007E02346A46AF2E7002DF3D02CF019FC5C
S214001730204638BD1160F0E7880E002010B504463C
S214001740B0B12CF09DF92046FFF7DAFF10B194F8FF
S2140017502C300BB9002010BD064C2368002BF9D0A6
S2140017602CF004FC2368013B23602CF0FAFBF1E725
S2140017702220F0E78C0E00202DE9F04385B00446C9
S214001780914698460E469DF8307009B9002F5CD1F8
S2140017902046FFF7D3FF0546002858D184F82C00D2
S2140017A0606306F071FC864233D92CF0F3F92946C3
S2140017B0844640F2E7304FF47A720023E6FB0C01D1
S2140017C008F04AFE4FF0FF32002308F045FE23469D
S2140017D0E08611462046CDE900551E4A2CF093FEC1
S2140017E0054690B9C4E9089884F82D7026632CF055
S2140017F0BDFB194A136833B31A469B6A002BFBD10C
S21400180094620023A3622CF0ACFB284605B0BDE82A
S214001810F08347B1234631462046CDE900550D4AB0
S2140018202CF03CFADCE7304603A92CF0B9F9054663
S2140018300028EAD123462046CDE90077054A0399D9
S2140018402CF039FECCE71460DBE72125DDE7222506
S214001850DBE700BF5D180000880E002091F82C30F2
S21400186013B50C4683B98B8ECA8E93420ED243B9FB
S214001870CDE9003320460B46124A4FF0FF312CF0DC
S214001880FCFDA38E0133A38602B010BD52B191F8C1
S2140018902D3093B101230093D1E908232046096B2C
S2140018A0FFF76AFF012384F82C30074B1A680132D1
S2140018B01EBF1A6801321A60E6E708462CF0E0F808
S2140018C0F0E700BF5D1800008C0E00202DE9F04107
S2140018D0154E336833B34FF00008144F2CF046FB18
S2140018E005463C6824B92846BDE8F0412CF039BBD3
S2140018F094F82C30A3B1336884F82C8013B1336885
S214001900013B336094F82D3013B92046FFF7F8FEFC
S21400191028462CF026FBD4E9083120469847DDE718
S214001920A46ADFE7BDE8F0818C0E0020880E002058
S214001930034B1B68002B14BF04200120704700BF18
S2140019408C0E0020024B1868B0FA80F040097047F1
S2140019508C0E002007B508201EF014FA0222064B53
S2140019606846CDE900231EF006F9082003B05DF8AE
S21400197004EB1EF012BA00BF006A1810BFF34F8FB8
S2140019800549064BCA6802F4E0621343CB60BFF316
S2140019904F8F00BFFDE700BF00ED00E00400FA0532
S2140019A070B5D0B1C9B10E4E431E013913F8014FC0
S2140019B02046325D02F00302012A11F8012F08BF0B
S2140019C004F12000B55C05F00305012D08BF2032A8
S2140019D0801A01D1002CE9D170BD0120FCE700BFC0
S2140019E05EF602000348044A0449121A92101EF0DA
S2140019F054B900BF4001000020030000802C0020E6
S214001A0008B5154B83F30A8800F030F8FFF7EAFFB5
S214001A10124B13498B4212D30020124B12498B42B1
S214001A2018D3FEF7F7FF186850F82240586840F8B9
S214001A302240013298688242F5D30C33EAE700224E
S214001A40F8E71C6844F8220001325C68A242F8D32A
S214001A500833E4E70022F8E700000020F838030027
S214001A600439030004390300043903004FF400412D
S214001A70134B144A70B59A60D3F88820124D42F47E
S214001A807002C3F88820114A05F5005491664FF09D
S214001A90FF3222664FF6DF7262660222C3F8D0205B
S214001AA0BFF34F8FBFF36F8F4FF44036032005F020
S214001AB051F90320E66005F031F92E6170BD00BFD4
S214001AC000ED00E0000000000080004400900050A0
S214001AD0014B1860704700BF682E0020054B186049
S214001AE0054B1B6F03F00703032B01D12BF0CEB879
S214001AF0704700BF702E00200080005030B505688B
S214001B0087B0AB8804461848ADF80C302CF048FB7C
S214001B100022012103A81EF04CF90DF10B0103A8C9
S214001B201EF07FF99DF80B3083F001032B70AB7924
S214001B30022B15D14FF0FF330022CDE9043304A960
S214001B400A4B009403A800F03BF9049B0094013371
S214001B500CBF04220122054B05A903A800F0CAF811
S214001B60002007B030BD00BF34F00200C9FC010001
S214001B70002307B5294801932CF012FB4FF440735D
S214001B80012204216846ADF800301EF012F9012249
S214001B90234B0520C3F8442401A92CF0FCFA0028A6
S214001BA039D1204BD3F8F02042F00102C3F8F020E0
S214001BB0D3F8FC2042F08072C3F8FC201A4AA3F542
S214001BC05D431A60019B194A03F5D52303F2FC43D3
S214001BD0B3FBF2F3164A013B13610223C2F8F0305E
S214001BE04FF48073C2F804334FF06043114AC3F8D1
S214001BF0B02F114AC3F8802ED3F8002E42F480721C
S214001C00C3F8002EFF2283F82020D3F8002E22F4FB
S214001C108072C3F8002E03B05DF804FB34F00200B7
S214001C2000D0035000ED00E0FF030040F8590D001F
S214001C30000004E055CEACC5090001004FF060433B
S214001C40D3F8802E30B5D20715D501240B4D84402D
S214001C50D5F8FC2042F08072C5F8FC20D3F8002EA0
S214001C602243C3F8002E53F82020002AF0D003F8B1
S214001C702010002030BD1120FCE700BF00ED00E082
S214001C8070B5044601260C4D04B970BD94FAA4F054
S214001C90B0FA80F006FA00F224EA0204C200AA585B
S214001CA00F2805EBC001C8BF1038002AECD04968E1
S214001CB0C0B29047E8E700BF900E002008B50C4879
S214001CC02CF06EFA192005F037F828B1192005F027
S214001CD041F8192005F022F81A2005F02DF828B151
S214001CE01A2005F037F81A2005F018F8002008BD6D
S214001CF034F002002DE9F0410D4690461F4604469A
S214001D00002836D0002934D02CF030F92378064647
S214001D10FF2B05D042462046296803F027F82860A6
S214001D202868421C0BD12378FF2B1CD1124B6078FD
S214001D30D3F824141EF08BFE431C286013D00F49E2
S214001D40069B41F8307001EBC0014B602378FF2BF7
S214001D5004D001230A4A8340C2F8243430462CF0CB
S214001D6000F9002003E030462CF0FBF82D20BDE8FB
S214001D70F0812220FBE700BF00C00350900E002039
S214001D8000D003500F2838B5054613D82CF0EEF8CF
S214001D9001230024084AAB40C2F82034C2F8243499
S214001DA0064B43F8354003EBC5035C602CF0D9F8CE
S214001DB0204638BD2120FCE700E00350900E0020AE
S214001DC02DE9F0410D4690461F46044650B349B3F0
S214001DD02CF0CCF823780646FF2B05D0424620464A
S214001DE0296803F049F828602A68531C14D00E4965
S214001DF0069B103241F8327001EBC2014B6023782B
S214001E00FF2B04D001239340084AC2F824343046FE
S214001E102CF0A7F8002003E030462CF0A2F82D2086
S214001E20BDE8F0812220FBE7900E002000D0035092
S214001E3008B502F03BFF054B00F0553020F050206F
S214001E40C3F82004BDE80840FFF71ABF00E00350BF
S214001E5008B502F02BFF054B00F0AA3020F0A020BA
S214001E60C3F82004BDE80840FFF70ABF00E00350AF
S214001E702DE9F04F144606460F4689B00393C36B10
S214001E8001225B6904A960689847F36B01225B69CD
S214001E9005A93846984704A81EF036FC054650B1FA
S214001EA00023A37563754FF0FF33A3600025284613
S214001EB009B0BDE8F08F05A81EF033FC0123A3751A
S214001EC0237E04EBC303DF611D846368BB420ED12F
S214001ED0206005A81EF046FC4FF0FF332075A36077
S214001EE0237D043B022B26D80023A375DEE7236858
S214001EF01A1A53425341A37505A81EF033FC237DDE
S214001F00834218BFA57505A81EF00FFC804604A8DE
S214001F101EF00BFC804518BF002305A818BFA3754C
S214001F201EF00AFC804604A81EF006FC80451CBF76
S214001F300023A375D4E705A81EF0F7FB80B1F36B6A
S214001F40022238465B6906A9984706A81EF0FBFBE6
S214001F500346207D032839D8DFE800F03838040926
S214001F6005A8F3E7CC22237E04EBC3031A8401F012
S214001F70ADFA129B187005A894F818801EF0C9FBDD
S214001F8004EBC80888F82200237E05A804EBC303E8
S214001F90B3F820A093F822801EF0C7FB814605A860
S214001FA01EF0CAFB8346B9F1000F14D0F36B022271
S214001FB038465B6906A9984706A81EF08AFB607536
S214001FC068B90023A3754FF000093CE0227E04EBBD
S214001FD0C2021384CBE705A81EF066FBEFE794F871
S214001FE01690B9F1000FEED0BAF1000F0DD1B8F18E
S214001FF0000F1DD00123E375637E002B3FD1B8F19F
S214002000010F30D184F8198014E0736C07EB0B01D4
S2140020105A4287EA010010421CBF0022A2755A1ECF
S2140020200A409B1A9A45CCD8A37D002BDFD1CAE77D
S214002030E37D43B94FF0000953465A4639463046C9
S2140020401EF0A9F8A060A37D13B122695244226154
S2140020501F49227E097891421AD901322276039AC4
S214002060CAB91D4623E796F834307BB9F36A0133C4
S214002070E2D1B8F1030FDFD10123A376DAE7B8F196
S214002080010FE0D0B8F1030FD4D1F5E79946D3E7B6
S2140020900023A3750BE7002B3FF409AFE57D002D69
S2140020A0DFD0B9F1000F11D1B8F1030F3FF4FFAE46
S2140020B0A1684B1C3FF4FBAE129B224600933046B1
S2140020C00123FFF7D5FE0546A075F0E64D46EEE681
S2140020D0ECEE02002DE9F04F0E46984600238BB03A
S2140020E004464FF0FF31104617468DF8133001F0C6
S2140020F0D7F9B6F5801F20D2314605AA04F10800AC
S2140021001EF050FA451C014603D1237CBBB92D2096
S21400211010E0384601F0C4F90122394620460DF198
S21400212013031EF08AF80028EFD09DF8133088F8C5
S214002130003000200BB0BDE8F08FB01CE5D1E56A9A
S214002140691C36D12046616A1DF06BFF0546B31C3C
S21400215018BF0123DFF8CC900193636A626C029388
S214002160236805A902FB053AE36B05225B69504626
S214002170984705A81EF062FB1EF085FB50461EF031
S2140021808DFB4FF0000B824601464B1C05D0636C5E
S21400219081EA0A025B42134211D0294620461DF00E
S2140021A040FF029BAB422CD0BBF1000F2CD1054662
S2140021B0D3E72368ED1A636CB5FBF3F5C7E748462B
S2140021C001F06EF90DF1130349462046019A1EF000
S2140021D034F8034690B1B21C03D0D9F80020B242BE
S2140021E00CD19DF8132003930D4B88F80020494628
S2140021F01A68384620F0E9FB039B9B46D9F808107E
S214002200C3E7BBF1000F82D0B6F5801F91D23146EE
S21400221098F800307A6804F1080001F06FF888E753
S214002220E8EE0200041600202DE9F34104461746A6
S21400223098460E46184D816AE36A8B4201D04B1CC5
S21400224002D102B0BDE8F081284601F029F901224A
S214002250294620460DF107031DF0EFFF38B143462F
S214002260294620469DF80720B8470028E9D0A968E7
S2140022704A1C04D1696820461DF060FF0146012E05
S214002280DAD16B6881EA0302636C5B421A4218BFBC
S2140022904FF0FF31D0E700BFD81500202DE9F047FA
S2140022A04FF0FF334FF6FF720025044600F1080793
S2140022B08AB0C0E90923C3620562056338468846CA
S2140022C01EF041F920461DF02CFE60BB204641461C
S2140022D01DF0F7FE20461DF024FE60BB5E200AB00F
S2140022E0BDE8F0872368E26B606C566900FB05303A
S2140022F0052205A9B04705A81EF0A0FA0128064643
S2140023000CD1294620461DF0ADFE012E024600D116
S2140023100132294620461DF023FE03E01EF0B8FADF
S2140023200028EED10135E3699D42DBD320461DF03F
S214002330F8FD0028CAD020461DF023FE4FF6FF7297
S214002340636A934200F0A680E26B666C206869467A
S21400235006FB030055690522A84768461EF045FAA5
S214002360626A2368606C4C4D00FB02301EF096FAE1
S2140023704FF0FF33A062E3622A466FF00101204669
S21400238005ABFFF7A7FE002846D1AD6829462046D4
S214002390E5621DF0A2FD206320B92046E16A1DF02B
S2140023A0CDFEE062294620461DF0C8FE0546A36A1B
S2140023B09D4233D120461DF04EFD00268046B14694
S2140023C0E36999453CD3B04559D92046616A1DF06A
S2140023D028FE0027054604F1400AB74212D3626C75
S2140023E02368694602FB0539E36B05225B694846AC
S2140023F0984768461EF0F9F9534602464946E06B90
S2140024001EF04EFA294620461DF00BFE0137B84551
S2140024100546E2D1642062E7A56AB7E7294620466A
S2140024201DF05BFD236B29460344064623632046C6
S2140024301DF084FE0546002EB9D1C4E90B06B6E7AA
S214002440636C2568052203FB0955E36B05A95B69E8
S2140024502846984705A81EF0F1F91EF014FA58B160
S21400246028461EF01BFA014620461DF036FD636C1A
S214002470143B984208BF013609F10109A0E7384627
S2140024801EF061F8002320461946044AFFF7CCFEEA
S214002490002024E7672022E73016002029020200E9
S2140024A02DE9F041036B9046826B90B09A4288BF4C
S2140024B08363426C436A07680E4602FB0377C36B6E
S2140024C001A905225B6904463846984701A81EF014
S2140024D0B5F901280146307057D0656CE26B236869
S2140024E0606AD2F814C005FB0030052206A9E04752
S2140024F006A81EF0A3F901284FF0000523D0D4E962
S2140025000A3201219342CDE90B458DF834800E95B1
S2140025108DF83C102AD1194620461DF00FFE236B7D
S214002520626C14339B1AE06223630C9B53B99DF8CC
S2140025303C303BB1626A616C2368E06B01FB0231A0
S2140025401EF034F90C9DE36B05225B6901A9384641
S214002550984701A81EF072F930702846236BA26BCC
S2140025609A4288BFA36310B0BDE8F081237C33B9DC
S2140025701C490BAA04F1080000F00EFFD5E7204620
S214002580194A0BABFFF750FECFE7237C23BB22464E
S214002590164904F1080000F0FFFE616A20461DF0AF
S2140025A061FD616A421C20461DF0DAFC054620B932
S2140025B0236B626C1344143B23632046A16A1DF010
S2140025C0BDFD2368A062C01A636CB0FBF3F06062C6
S2140025D020461DF0F6FDB6E700232046044AFFF726
S2140025E023FEDAE7152D0000912C0000C30202003E
S2140025F05F02020073B50D46D11E4A421C461B7E82
S2140026004A419A4226D129682368994222D36368B0
S21400261099421FD8114E0DF107033246FFF75AFDB7
S214002620C0B972686B689A4214D19DF80730DA1EFA
S21400263053425341227E93420CD163690133636156
S214002640D4E90323934205D22968A26842F82310EE
S21400265001332361012002B070BD00BF3016002098
S2140026602DE9F04F9A468BB09DF85030DFF850B108
S2140026700293DBF81030804653450D461646C0F0F0
S2140026809880D146DBF804300193B9F1000F00F0D2
S2140026908C80D8F83C3001225B6907A901989847DE
S2140026A007A81EF03EF8DBF80030984240F0848021
S2140026B007A81EF041F80428074614D107A81EF004
S2140026C042F8019B029A04463B44002A3ED18642C9
S2140026D012D91446361A404601991DF02FFDA9EB73
S2140026E004090190D1E7D8F83C3002225B690198D2
S2140026F008A9984708A8E2E7841B544528BF544613
S214002700032C03EB0607AAEB040A1DD9D8F83C30C5
S214002710294638465B69A208984724F0030304F06C
S21400272003061F441D44002ED5D0D8F83C300122A5
S2140027305B6908A9384698473246284608A93544B2
S21400274020F043F90026C6E72646ECE7074600F0E9
S2140027500302039203442A1804920593049BDD1B8C
S214002760059BD81B039B9F420FD1002FB3D0D8F8F0
S2140027703C30012208A95B6998473A46284608A9D2
S21400278020F0D3F878B93D44A5E7D8F83C300122CC
S21400279008A95B6998470422284608A920F0C5F8CE
S2140027A008B9043FDAE74FF0360948460BB0BDE8F3
S2140027B0F08F4FF06309F8E74FF06F09F5E700BFB9
S2140027C05C1600202DE9F0410F4616469846044652
S2140027D088B060B390F83450FDB101211DF096FB2F
S2140027E000210E9BCDE90511CDE902379DF83C305E
S2140027F0CDF804808DF81C30237C04968BB90D49E7
S21400280001AA04F1080000F0C7FDDDE90553E06BFE
S214002810002E08BF1D461DF062FD284608B0BDE824
S214002820F0812046044A01ABFFF7FEFCEDE70546C3
S214002830F3E700BF8D020200F52500002DE9F04FFA
S21400284099B0CDE90B230E460A69416CD31D1439A5
S214002850B3FBF1F3013302EBC302036B044693426E
S214002860C0F00F820023DFF820940993E36A4846FD
S2140028701946079300F014FED6E9033705930C9B20
S214002880022B1CD1CC2F40F074810B9B8BB13146B0
S21400289020461DF082FD656C14900B9B63B1E36BC4
S2140028A001225B69706816A9984716A81DF03DFFBF
S2140028B00CE0059B1B68149308230E930DE0782FFD
S2140028C0656CEAD80B9B002BE9D1F07D00280CBF85
S2140028D004230823782F0E9328D901230025089374
S2140028E008230393336808990C98C9F80030C9F890
S2140028F010701DF03BFF00230F930D9306930A9371
S214002900039BDDF81CA09B0889F814001193616CEA
S21400291003984A1E0AEA02028B1AEFB10544AB423C
S2140029201CD8236B5B1A1344236386E0079A6B1E3E
S2140029301340EB1A3A1D934207D257B1082BCCD856
S2140029400023042508930395CCE700250423089567
S214002950C7E704250897F6E78342E2D3039AB8460A
S2140029609B1A9F4228BF984652449F42049278D9A9
S2140029700123D9F8102089F81730974276D1C9F884
S21400298004A0069399F81730002B71D099F81820F8
S2140029900699D31C09EBC3030132C3F804A0A3F8BD
S2140029A00880997289F81820B8F1000F14D00C9B93
S2140029B0022B60D10F9B7BB90D9B4344032B0BD995
S2140029C0E36B01229B69049814A9984705460028E2
S2140029D040F0D58001230F93069B16A80193089B11
S2140029E0009399F814204346316800F00FFDE36B1E
S2140029F050469B69119A16A99847051E099B18BF51
S214002A005346039A09935146434620461DF0C3FB9E
S214002A10236B039AC9F808009B1A08F1030222F0F8
S214002A2003029B1A2363002D40F0A9800D9BDDF85E
S214002A3010A04344A7EB08070D93514620461DF00F
S214002A407DFB00258246002F7FF461AF8E4A3168F9
S214002A50936804F10800E36252680C9B00F04EFC99
S214002A6089E0069B002B18BF03238AE7022388E72A
S214002A70C9F804A098E70B9B002B30D1059BB8F152
S214002A80030F03EB080B27D9DDE90401E36B4FEADC
S214002A9098029B6998470546002864D118F00302FF
S214002AA05ED0059B28F003052B440593049B1D442C
S214002AB04FF0FF33059915A815931FF086FFE36BBB
S214002AC0284601229B6915A998470546CDF814B0FB
S214002AD0002D81D0049B94E74246049DE8E706F16A
S214002AE02003DDF810B01093F37D70689BB10023CF
S214002AF0357E0A9AD9B2A94211D2109903F1010C77
S214002B0031F83310914225D90E9906EBC303D869E4
S214002B100A44104403E00E9B0A9A13441844E36BDD
S214002B2001225B6915A99847159B012213930A9BFE
S214002B30584604330A93E36B13A99B699847049B92
S214002B4005464344A3EB0B03042B06D970B90BF1DF
S214002B50040BC9E76346521ACCE7CDF810B0B7E7C6
S214002B60CDF814B038E7CDF814B0B3E7CDF810B010
S214002B70B0E770252F46384619B0BDE8F08F3D2DDA
S214002B80F8D104F1080303932368079A606CD71AF8
S214002B90B7FBF0F700FB07301DF080FEE16A8246C7
S214002BA020461DF0CBFAA16AD4F830E08142626C70
S214002BB059D0D9F8083002F1FF3CAEEB020103EA27
S214002BC00C030B44236309992368E062CB1AB3FB1A
S214002BD0F2F847453BD1079BB3EB0A0711D0E36BEE
S214002BE0BA0851469B6998478346E36A079A3B446E
S214002BF0E362236B03989B1A534423631DF0A3FCE4
S214002C005F462368616CE06B01FB08311DF0BBFD7D
S214002C1020461DF086F920461DF0B3F9626A236847
S214002C20606C00FB02301DF039FEA06220461DF0ED
S214002C30C8FA20636FB13269616CD31D1439B3FBD7
S214002C40F1F3013302EBC30290429DD292E70027D4
S214002C50D7E704F108001DF076FC3B4639462046CF
S214002C600A4AFFF7E1FA3269616CD31D1439B3FBE7
S214002C70F1F3013302EBC302236B9342BFF4F6ADCC
S214002C8078E71C2777E700BF041600202902020019
S214002C90032A2DE9F34106460D4617461C4606D183
S214002CA0237A012B23D0012002B0BDE8F081DFF8A3
S214002CB06080096842460DF10703FFF70BFA606073
S214002CC00028EDD19DF80730032BE9D0D8F8042072
S214002CD06B689A42E4D1237A2969012BD4F80CC098
S214002CE007D172690CEB0103934202D92074207C51
S214002CF0DAE708316144E1603B4601222946304666
S214002D00FFF79CFD60600028CAD00020CCE700BF1B
S214002D10301600202DE9F341032A1746089C06D1F9
S214002D20237A012B25D0012002B0BDE8F081266869
S214002D30DFF89080304642460DF10703FFF7CAF9E8
S214002D4060600028ECD12568D8F80400A96A6A6C8F
S214002D504840534210EA030CE2D1237A012B0AD1F1
S214002D60E068D8F8103003447069834203D984F8C9
S214002D7010C0207CD8E72868EB6A1B1A081AB3FB39
S214002D80F2F3B0FBF2F083420BD1706CF36A421E92
S214002D901340326B121A1344284633631DF0CEF9E3
S214002DA0E862D8F81020E36808321344E360012292
S214002DB03B4604492068FFF741FD60600028AFD01D
S214002DC00020B1E7301600202DE9F0410025604BC9
S214002DD00E46D3F8008004461D6018B92125284603
S214002DE0BDE8F08190F8347007B30A6803689A4229
S214002DF040F0A4804A6843689A4240F09F808A6800
S214002E0083689A4240F09A80CA68C3689A4240F043
S214002E1095800A6943699A4240F090808A69C36B3C
S214002E209A4240F08B804B698361D8E76822394626
S214002E30856B1FF0A3FDD6E90212336804F1080083
S214002E4023607368A5636360336963617369A36114
S214002E501DF08BFBB36904F14000E3639B68984761
S214002E6020B9676C17B16368B3FBF7F794F8433083
S214002E70E761002BB2D00023656C2366002D65D079
S214002E80002F63D02368B3FBF5F205FB1233002B4B
S214002E9056D16668B6FBF5F305FB1363002B4FD1DE
S214002EA020461DF00AF8A369043303449E4249D322
S214002EB040F634726369CC3B934245D8B5F5805FE3
S214002EC044D3032120461DF021F8D4E90001E36B2A
S214002ED01B6898470546E36B0220DB689847D5B920
S214002EE041462046FFF7DAF96428054604D14146F4
S214002EF02046FFF7D3F905466DB9636C226A143B8A
S214002F00204602FB03F61CF0D8FFA36904330344F3
S214002F109E4238BF5A25002D0CBF0123002384F89B
S214002F20343007D1D4E900010A4A1368013313602C
S214002F301DF0B5FBE06B1DF0D2F950E75D254EE7BE
S214002F4059254CE75A254AE75F2548E75B2546E7BB
S214002F50940F0020900F00202DE9FF410C461646E6
S214002F601F46054688B390F8343083B3B1F5801F0A
S214002F702FD2DFF8648001211CF0C8FF42462146AC
S214002F8028460DF10F03FFF7A5F80246C8B99DF8CD
S214002F900F30012B10D1D8F81030BB4213D100905F
S214002FA031462846FFF75CFB0446E86B1DF097F9B0
S214002FB0204604B0BDE8F081022B0CBF60242D240F
S214002FC0F3E72D24F1E76324EFE72124F0E711244B
S214002FD0EEE72924ECE700BF5C1600202DE9F0435D
S214002FE085B00E4617461C460546DDF83080A0B371
S214002FF090F834309BB3B1F5801F32D2DFF868907A
S21400300001211CF083FF4A46314628460DF10F0386
S214003010FFF760F8E8B99DF80F30012B14D1D9F806
S214003020102004EB08039A4215D32246009043462C
S21400303039462846FFF714FB0446E86B1DF04FF9A7
S214003040204605B0BDE8F083022B0CBF60242D247B
S214003050F3E72D24F1E76324EFE72124F0E71124BA
S214003060EEE72924ECE700BF5C1600202DE9F341CB
S2140030701E4600230C4617460546336050B390F8AC
S21400308034304BB3B1F5801F28D2DFF854800121CD
S2140030901CF03CFF2146424628460DF10703FFF789
S2140030A019F80446A0B99DF80730032B10D0022B60
S2140030B003BF01233B600423D8F8103018BF3860E4
S2140030C03360E86B1DF00BF9204602B0BDE8F081D6
S2140030D02D24F6E72124F7E71124F5E72924F3E762
S2140030E05C16002073B5044641691CF0CBFE626E88
S2140030F0236B024493422CBF00220122834294BFDA
S21400310000231B1A207C84F85020636584F858003E
S214003110A8B100230B4E1A461946204600961DF00D
S21400312000FA002305461A461946204600961DF06A
S21400313001FAE3682844984294BF0020C01AE0656C
S21400314002B070BDFFFF0F002DE9F3471E4643692E
S2140031500446B342884617469DF828904FD300256C
S2140031608DF80750204661691CF08CFED4F830A01C
S21400317082450AD2236AB5EB430F06D200222046C8
S2140031800DF10701FFF78CF9B8B39DF80730012B56
S21400319005D1002220460DF10701FFF781F9B9F1AC
S2140031A0030F06D0314620461CF06CFE256B854288
S2140031B027D3154D4FF0FF31284600F071F94B46E6
S2140031C0294600222046C5E90376C5F80080FFF7A9
S2140031D035FB236E054663B12046FFF783FF94F860
S2140031E0503013B994F858301BB1236E04F15000D8
S2140031F09847284602B0BDE8F0870135B2E7622559
S214003200F7E71C25F5E700BF301600202DE9FF4143
S2140032100F4690461E46054698B390F8343093B352
S214003220B1F5801F31D21A4C02211CF06FFE2246E7
S214003230394628460DF10F03FEF74CFF024678B1DB
S214003240012342460093394633462846FFF77CFF63
S2140032500446E86B1DF043F8204604B0BDE8F08154
S2140032609DF80F30012BEBD12169B142E8D10093D4
S214003270414633462846FFF7F3F904460028DFD1D7
S214003280E7E72124E8E71124E6E72924E4E700BF7E
S2140032905C16002030B50C46054685B028B390F87D
S2140032A0343023B3B1F5801F23D202211CF02EFE4A
S2140032B00DF10F03214628460F4AFEF70BFF034683
S2140032C088B99DF80F20032A0DD0032221460092CC
S2140032D002462846FFF738FF0446E86B1CF0FFFF5F
S2140032E0204605B030BD2D24F7E72124F8E7112449
S2140032F0F6E72924F4E700BF5C1600202DE9F0432A
S214003300466886B3056898464FF0000CA946AE4658
S21400331055F83C400CF1010CC4F31307013401D0FE
S214003320B94217D0B4450EF1080EF1D12F4600244D
S21400333003E0B44207F1080712D055F834300134E0
S2140033400133F6D1C1F3130141EA0851C7E900126F
S214003350BDE8F08341EA0851CEE90012BDE8F083EB
S214003360B8F1030F03D101230372BDE8F0830023F5
S21400337003E0B34209F10809F5D055F833400133AC
S214003380C4F30754032CF4D1C1F3130343EA0853E0
S214003390C9E90032BDE8F0832DE9F04106464068F1
S2140033A082B0B8B10F4690460024336853F83450C4
S2140033B003EBC403C5F30752C5F31301013506D06A
S2140033C05B683046CDF80080B84718B170680134A5
S2140033D08442EAD302B0BDE8F08100BF024B196810
S2140033E0024B1868FFF7F0BC742E0020942E0020C5
S2140033F008B52AF0B2FD014B186008BD88160020FB
S214003400014B18682AF0A4BD8816002073B5044640
S2140034102248012A00EAC1119DF8185023F07C408A
S21400342007D9961E012E28D9073303F07F031943C8
S21400343008E09DF81C300A43DB0603F0C053134334
S21400344043F060410023C4E900108DF80730B5B1A1
S214003450202221460DF107001DF03CFA1A220DF13C
S2140034600700211D1DF036FA082063689DF8072026
S21400347043EA8263636002B070BD1143E2E71B2239
S2140034800DF1070021461DF025FA23689DF8072058
S214003490042043EAC2632360EDE700BF80FFFF0716
S2140034A038B5094B0D461A68002104461FF066FA27
S2140034B000234FF0FF322383C4E900252361A26076
S2140034C0E382A37638BD00BFE8EE02000138C0B242
S2140034D005289ABF014B185C01207047EDEE0200EC
S2140034E02DE9F0410746154600240E46596888B077
S2140034F0490A012922464FEA510104F10104F8D88D
S214003500DC78997824031B88C90201F4006104F46E
S21400351080540C43C3F30A035203234492B24FF081
S21400352000089C18274B6FEA0444039325F0784361
S214003530ED4302A90DF107001B2202938DF80780C8
S2140035401DF0C8F99DF80720029B02A943EAC26352
S2140035500DF107001B2225F07845049302958DF89F
S21400356007801DF0B7F99DF80720029B6FEA144408
S21400357043EAC26305934FF0FF330794069307A907
S214003580BB69012206F110009847BB6905A90446ED
S214003590012206F108009847BB69404518BF04465B
S2140035A004A90122301D98470122404518BF044651
S2140035B0BB69304603A99847404508BF204608B077
S2140035C0BDE8F08101009AB20021F0B5284D0C4606
S2140035D02868284A0346166836B11E68002E3DD075
S2140035E097889E88B74239D80134052C02F1080224
S2140035F0F1D109B118462B6000241F4E25463168CC
S2140036001E4A0B46176837B11F6857B3B2F804C096
S2140036109F88BC4525D30135052D02F10802F1D15E
S2140036200CB1194633600368F3B1154A8088936F6E
S21400363060F3184393674FF050234FF000429A66AA
S2140036400B689BB10E4A8988936F61F308039367F2
S2140036504FF050234FF080429A66F0BD134601218A
S214003660C2E713460124D6E7064BE6E7054BF1E72B
S21400367090160020C41600208C1600209C160020F1
S2140036800040005000600050012208B50F4B00219A
S2140036901A700F4828221FF071F9002128220D48C1
S2140036A01FF06CF90C4B0D4A062013600C4A136091
S2140036B04FF040420B4B5A669A6603F04BFB0620CF
S2140036C003F02CFBFFF780FF002008BDF92A00203E
S2140036D0C41600209C160020941600209016002089
S2140036E08C1600200060005010B500240C4B0620FD
S2140036F01C7003F001FB062003F02CFB4FF0404249
S214003700084B21465A6608489A6628221FF036F962
S2140037102822214605481FF031F9204610BD00BF7B
S214003720F92A002000600050C41600209C160020D5
S21400373008B5084B1A78824203D0187018B1FFF704
S21400374043FF002008BD4FF04042034B5A669A667E
S214003750F7E700BFF82A00200060005008B501F027
S21400376099F8B0EE407A9FED0F0AB4EEC07AF1EE0B
S21400377010FA07D4DFED0C7AB4EEE77AF1EE10FA21
S21400378037FE870AF6EE007A30EE270ADFED077A74
S21400379030EE270ABDEEC00A10EE103AA3F1800004
S2140037A040B208BD000000C30000FE420000004317
S2140037B0154A38B5936E526E134013F0804212D0FD
S2140037C0124B1B681D6835B100241C605C60FFF757
S2140037D0C5FF2146A8474FF080420D4B5A66BDE80C
S2140037E03840FFF7F1BE002BF9DA0A4B1B681C685D
S2140037F02CB11A605A60FFF7B1FF0121A0474FF0C5
S2140038000042034BEAE700BF004000508C16002041
S2140038100060005090160020044BD3F88420D20697
S214003820FBD4D3F88400C0F38110704700400050EA
S21400383038B5184B0546D3F824010C4600F00700AF
S214003840062823D8DFE800F0040A121A1E0E160017
S214003850012305B1286004B1236038BD29F0F0F9D2
S2140038600523F6E729F0ECF90623F2E729F028FA13
S2140038700323EEE729F024FA0423EAE729F01CFAEA
S2140038800223E6E729F022FA0723E2E70023184698
S214003890DFE700BF0080005038B5104B0546D3F870
S2140038A000310C4603F00303022B0BD0032B0DD084
S2140038B0012B0FD129F004FA032305B1286004B1C7
S2140038C0236038BD29F006FA0823F6E729F0FEF94A
S2140038D00723F2E701230020EFE700BF0080005037
S2140038E038B5104B0546D3F820310C4603F00303D9
S2140038F0022B0BD0032B0DD0012B0FD129F0A0F9F2
S214003900052305B1286004B1236038BD29F0D8F935
S2140039100323F6E729F0D0F90223F2E7012300207B
S214003920EFE700BF0080005038B5104B0546D3F8CF
S21400393040310C4603F00303022B0BD0032B0DD0B3
S214003940012B0FD12AF018FB092305B1286004B11A
S214003950236038BD29F0BEF90823F6E72AF00FFBEE
S2140039600B23F2E701230020EFE700BF00800050A2
S21400397038B5104B0546D3F860310C4603F0030308
S214003980022B0BD0032B0DD0012B0FD12AF0F4FA0B
S214003990092305B1286004B1236038BD29F09AF9DF
S2140039A00823F6E72AF0EBFA0B23F2E701230020C0
S2140039B0EFE700BF008000503C4B984272D02AD8F8
S2140039C03B4B98426BD014D83A4B984264D00AD8F6
S2140039D0394B984243D0394B984240D0384B9842A6
S2140039E03DD000207047374B9842FAD1364B586E80
S2140039F07047364B984235D003F5371303F5D86336
S214003A00984232D0A3F5B703A3F558639842E8D19D
S214003A102D4B186F70472E4B984231D00FD82D4B38
S214003A20984225D02C4B984226D0A3F53703A3F511
S214003A30D8539842D5D1244BD3F880007047274BF3
S214003A40984221D003F5740303F5105398421FD013
S214003A50234B9842C5D11C4BD3F8900070471A4BA5
S214003A60986D7047184B586F7047174B986F704794
S214003A70154BD3F884007047134BD3F88800704773
S214003A80114BD3F88C0070470F4BD3F89400704757
S214003A900D4BD3F8980070470B4BD86D70470A4B08
S214003AA0986E7047084BD86F704700BF002D3101E5
S214003AB080969800404B4C0080841E0000093D0014
S214003AC040420F00C0CF6A000080E00F0024F400E0
S214003AD0006CDC020048E80180D543020090D00369
S214003AE0007E560338B5104B0546D3F840320C46D8
S214003AF003F00303022B0BD0032B0DD0012B0FD1A9
S214003B002AF03AFA092305B1286004B1236038BDCB
S214003B1029F0E0F80823F6E72AF031FA0B23F2E75B
S214003B2000231846EFE700BF0080005038B5144B5E
S214003B300546D3F800020C4600F0070004281BD800
S214003B40DFE800F003090D111500012305B1286018
S214003B5004B1236038BD2AF00FFA0923F6E729F0EE
S214003B60B9F80823F2E72AF00AFA0B23EEE729F061
S214003B708DF80E23800AE9E700231846E6E700BF23
S214003B8000800050B0F5207F1FD009D8B0F5007F28
S214003B9015D003D868B1B0F5C07F0AD000200CE07D
S214003BA0B0F5607FFAD10B4BD3F88000C0F301105C
S214003BB003E0084B186FC0F3033001307047054B25
S214003BC0D3F89000C0F30460F7E7024B186FC0F319
S214003BD08020F2E7008000504FF400320E4B014682
S214003BE010B500209A66FFF7CDFF484341F67132C4
S214003BF00A490B4B884294BF00200120DC69DA6337
S214003C009A6822F4401242EA00529A60E20344BFE5
S214003C100022DA6310BD00BF00900050005A620216
S214003C20000003505F2898BF094B4FEA501294BF1C
S214003C3053F82230074B00F01F0029B103F58053DC
S214003C40012282401A60704703F50053F8E700BF70
S214003C50F4EE0200608200501FB50021B0F5807FB0
S214003C600446019100F0208100F29D80612800F258
S214003C7095801F2805D8002840F0928029F006F885
S214003C80E5E0A0F12004412C00F28A8001A353F85D
S214003C9024F000BF7D3C0000533E00007D3C000049
S214003CA0533E0000733E0000733E0000733E00006B
S214003CB0733E0000533E0000533E00001B3E0000D3
S214003CC0D53D00008F3E0000C93E0000D53D0000F7
S214003CD0533E0000533E0000533E0000A13D00004E
S214003CE0A13D0000A13D0000A13D0000A13D000057
S214003CF0A13D00007D3E0000F73D0000533E000061
S214003D00533E0000533E0000DD3E0000D33E000060
S214003D10533E0000A13D0000A13D0000A13D000073
S214003D20A13D0000A13D0000A13D0000A13D000016
S214003D30A13D0000A13D0000A13D0000A13D000006
S214003D40A13D0000A13D00007D3C0000A13D00001B
S214003D507D3C00007D3C00007D3C0000733E000082
S214003D60A13D0000A13D0000A13D0000A13D0000D6
S214003D70A13D0000A13D0000A13D0000A13D0000C6
S214003D80A13D0000A13D0000A13D0000A13D0000B6
S214003D90A13D00007D3C00007D3C0000802854D002
S214003DA0019804B010BDB0F5A06F67D028D8B0F564
S214003DB0607F59D019D8B0F5007F55D004D8B0F53B
S214003DC0C07F3FF45BAFEBE7B0F5207F41D0B0F5A6
S214003DD0407FE5D128F05AFF02464FF42070FFF7E7
S214003DE0D1FEB2FBF0F252083CE0B0F5806F40D056
S214003DF0B0F5906FD4D1002101A8FFF719FDCFE7E9
S214003E00B0F5E06F65D016D8B0F5C06F3FD0B0F50E
S214003E10D06F59D0B0F5B06FC2D10021324B0391AC
S214003E20D3F8803103F00303012B35D0022B37D0B3
S214003E30039B0193B4E7B0F5F06F4FD0B0F5086F71
S214003E40AED101A8FFF728FDAAE728F0FFFE0190F3
S214003E50A6E728F01BFF02464FF42070FFF792FEFD
S214003E60B2FBF0F201929BE728F0F0FE02462046F5
S214003E70F4E7002101A8FFF733FD91E71A4BD3F8CA
S214003E80203203F00303012BF3D0022B88D100214C
S214003E9001A8FFF749FD83E703A8FFF721FDC7E761
S214003EA028F00AFF0390C3E74FF0E02302911B6956
S214003EB05B0704D528F0EAFE0290029BB9E703A947
S214003EC002A8FFF731FDF8E7002101A8FFF72EFE54
S214003ED066E7002101A8FFF705FE61E7002101A8BB
S214003EE0FFF746FD5CE700BF0080005008B5802065
S214003EF0FFF7B2FE034B98429EBF4FF48032024B50
S214003F001A6708BD005A620200A000501FB503469B
S214003F100020B3F5807F01907FD027D8382B00F0A3
S214003F2092800BD8243B092B10D8092B0ED8DFE83B
S214003F3003F06F6F6F6F0D0D5A0D3685522B67D0DD
S214003F4007D83D2B3AD03E2B00F08680019804B06F
S214003F5010BD802BFAD1434B1B6F03F00703013BC8
S214003F60032BF3D8DFE803F03D36393BB3F5D06FCB
S214003F7064D019D8B3F5A06F65D00AD8B3F5806FB2
S214003F8046D0B3F5906FE1D1002001A9FFF750FCB1
S214003F90DCE7B3F5B06F26D0B3F5C06FD6D10020FE
S214003FA001A9FFF7C1FCD1E7B3F5006FECD00AD842
S214003FB0B3F5E06F50D0B3F5F06FC7D1002001A97C
S214003FC0FFF7D6FCC2E7B3F5086FBFD101A9FFF72C
S214003FD063FCBBE705230193B8E70323FBE707234E
S214003FE0F9E70223F7E71F4BD3F8804104F00304F8
S214003FF0012C04D0022C08D000240194A6E700214E
S21400400003A8FFF76DFC0F24F7E728F055FEF4E74A
S214004010002001A9FFF764FC98E74FF0E023029028
S2140040201B695B0705D528F031FE0C230393039B21
S214004030D1E703A902A8FFF777FCF8E7002001A95B
S214004040FFF774FD82E7074BD3F8203203F0030333
S214004050012BDDD0022BA1E7002001A9FFF742FDCE
S21400406074E700BF008000504FF48032074B0849C9
S214004070586E03F580535A660B6A23F001030B62F1
S214004080C3035CBF034B5A66704700BF00800050F6
S21400409000C0075000A0005008B5FFF737FF0828FB
S2140040A011D00938012802D94FF6FF7008BD4FF429
S2140040B00012064B5A6603F5D8335B6ADB07F3D566
S2140040C04FF4FA70F2E7024B1888EFE700900050C2
S2140040D01230002008B5FFF719FF03280ABF024B6D
S2140040E04FF6FF70188808BD1030002070B50446E3
S2140040F08020FFF70BFF032800F082804FF4002299
S214004100444B02215A6645F60E03434AC2F88030F5
S214004110424B9962012103F580539962936DD9034E
S214004120FCD4D4E900131B0543EA0163E17B94F851
S21400413023500B43217B43EA0143617B43EA01336F
S214004140A17B43EA811313619169D4E904031B063A
S21400415043EA806301F000410B43A17EE07E0B43FF
S214004160217E43EA0143617E43EA01239361E169CC
S214004170136A002923F00D0343EA010314BF01214B
S214004180002143EA800343EAC103136294F8203017
S21400419094F82200916A4FEA431332D194F82160D2
S2140041A021F0330143EA06130B4343F00103936205
S2140041B01B49194B9A6D31EA0202FBD102221749BC
S2140041C08A621A659A6D5200FCD41A69A16822F4B4
S2140041D0700242EA01521A614FF000420F4B9A6198
S2140041E018B9022203F580539A6215B901220D4BC5
S2140041F09A6294F824301BB1074B0B4AC3F8802010
S21400420070BD21F0330129430B4343EA4003936218
S214004210EFE700BF0090005000C0005000D00050F4
S2140042200300014000E00050F1A7FFFF014B93F9A7
S21400423000007047FB2A00204FF480011B4A437899
S21400424010B551664FF4D151022402F5B8325162CE
S21400425017494F2B4C604FF0010428BF4F2301F540
S21400426080514C601169C903FCD4017843EA0123EC
S2140042705361D0E901131B0143EA0123417B0B4341
S214004280017B43EA41039360C37B817B1B0143EAC6
S2140042904113417C0B43017C43EA41035360837C1A
S2140042A013B16FF4D153536210BD00BF009000509D
S2140042B000100250014B1880704700BF12300020DB
S2140042C0014B1880704700BF103000204FF40012DA
S2140042D008B5184B5A660223174A5360936813F4BE
S2140042E08033FBD1012822D128F0EAFC134B9842F8
S2140042F015D003F5122303F5F863984213D0104B3C
S21400430000EB8002400AB3FBF0F3520A0A49CA6285
S2140043100B6301234B620022074B5A6008BD45F62B
S2140043207A13084AF2E745F61A03074AEEE753629D
S214004330F1E700BF009000500040025000F0490234
S21400434064666666D8B80500BBCF0500B0F5207F6A
S21400435010B50C4642D008D8B0F5007F33D003D84D
S21400436088B1B0F5C07F0ED010BDB0F5607FFBD130
S2140043701F4A4C1ED2F8803023F0300343EA041361
S214004380C2F88030F0E71CF0C5FA1CF0D1FA4FF402
S2140043908031184B164A1967136F013C23F470439B
S2140043A043EA0433136728F071FC0446FFF734FA37
S2140043B0C0F1020120461CF0B5FA00F035F8BDE861
S2140043C01040FFF793BD0A4A4C1ED2F8903023F0F7
S2140043D0F85343EA0463C2F89030C5E7044A4C1E1B
S2140043E0136F23F4806343EA84231367BCE700BF9C
S2140043F0008000500090005008B50121022000F017
S21400440051F94FF42070FFF7BDFB054B18701CF0F8
S21400441081FA1CF08DFA4FF48032024B1A6708BD01
S214004420FA2A00200090005008B54FF4C070FFF73D
S21400443013FCBDE808400449884294BF01210221CC
S2140044404FF42070FFF782BF80F0FA0238B50446BA
S21400445028F01CFC0546FFF7DFF9C0F102012846EC
S2140044601CF060FA0121002000F05CF92CB1FFF787
S214004470DBFFBDE83840FFF739BD034B4FF4207033
S2140044801978FFF763FFF4E7FA2A00204FF4C022FA
S21400449070B50546FFF790FA2F4B04465A6603F5AB
S2140044A098335A68012A04D12C494A609A699207BF
S2140044B0FCD18020FFF72AFD052807D11CF02AFA38
S2140044C01CF036FA4FF48032234B1A67244B24F044
S2140044D040749D4235D0234B9D4235D028F0B0FB2A
S2140044E08542064603D90121284600F01BF91E4BDB
S2140044F0DA6812F0060FFBD199689C609A686240F1
S21400450012F4F81F23D12846FDF7E2FA8020FFF7C1
S214004510FDFC05280DD128F0B9FB0446FFF77CF911
S214004520C0F1020120461CF0FDF9FFF77DFFFFF702
S214004530DDFCB5420ED8BDE870400121002000F039
S214004540F1B844F00074C9E744F08074C6E7354615
S2140045509960DBE770BD00BF0090005000E001509E
S21400456040420F0080841E000000015010B5224B10
S21400457070B94FF40031214A1860516602F598323E
S2140045805268012A03D11E4AD2F800211A6010BDD3
S2140045901B68002BFBD01B4A5268012AF7D0184A2A
S2140045A08020C2F80031FFF7B1FC05281FD14FF478
S2140045B0C070FFF7E7FA0128044604D102214FF441
S2140045C0C070FFF7C3FE07220F4B1A610122A3F546
S2140045D080535A600B4A1369DB07FCD5012CD6D1F1
S2140045E02146BDE810404FF4C070FFF7AFBE012271
S2140045F0064B5A60CBE700BFEC1600200090005038
S2140046000080005000C0015000E0015000D0015072
S214004610044A4178536F23F4407343EA01235367F7
S214004620704700BF0040005010B5044610B100208F
S214004630FFF79CFF124A136943F00403136129F045
S21400464025F91CF07AF90F4B5B6E5B0142BF0E4BEF
S2140046500E4AC3F8202429F080FC2AF001F829F03D
S21400466077FC1CF06BF903F097FC1CB9BDE8104012
S21400467028F00CBB0120BDE81040FFF777BF00BF55
S21400468000ED00E00080005000E003500000FF0F47
S214004690034A0179D36E23F030030B43D366704789
S2140046A000400050F8B504461C4BD3F88420D106D1
S2140046B0FBD4D3F88430C3F381139C422CD028F06B
S2140046C0C5FA012C064602D121461CF02BF929F02A
S2140046D044FC4FF00072124B07465A6620461CF008
S2140046E034F94FF480630D4D621E93402B676B6E5A
S2140046F09A0103D4D5F884309B060AD5384629F0AB
S21400470027FC022C08D13046BDE8F84000211CF0FA
S21400471009B9D5F88430EAE7F8BD00BF004000507C
S2140047200060005010B50C4608B928F08FFA074B09
S21400473021461B783BB1064B984204D80120BDE8C1
S2140047401040FFF7AFBF0220F9E700BFFC2A0020A9
S214004750005A62020278034B012100201A70FFF70C
S214004760E1BF00BFFC2A00204FF0004238B5264BC0
S21400477026495A6601224A604AF6CD3103F50B23D4
S2140047805D6C1964154030BB9968C9070BD40024CA
S21400479001221F4B5A6015B11E4B1F4A1A6427F0A0
S2140047A08BF9204638BD1A498A601C4AD96ACC075C
S2140047B005D4904201D10724EAE70130F6E790429B
S2140047C0E5D1F8E70132DC6A14F0080406D08A4224
S2140047D0F8D10724DFE700221049F4E78A42F8D030
S2140047E020220B4B0B495A620122A3F580539A6094
S2140047F023460A4A486A800603D49342E9D0013326
S214004800F8E79342C7D1E4E7009000500050095003
S21400481000600950004009503254FFFF40420F002C
S2140048204FF0004238B5174B174C5A66012203F575
S2140048300C235A604AF6CD33656C23644378934064
S2140048401343124AD363C3788178A2689B0043EA75
S214004850011322F074021343A3600279837943EABA
S214004860022323614279C37943EA02236361007815
S214004870FFF77AFFEB0744BF054B236427F01CF9CC
S214004880012038BD00900050004009500040005004
S2140048903254FFFF064BDFED077AD3F88830C3F3B8
S2140048A00A0300EE103ABAEECF0A30EE670A7047F7
S2140048B0004000503393884310B504461CF04AF875
S2140048C0002341F202020849E360A360226104F576
S2140048D00052E3616361A36123626362E362A364DF
S2140048E05164A36210BD00BF7F370C0138B5044683
S2140048F0154639B91748844214BF08463820FFF7D2
S214004900ABF901466368A36803F0E003402B1BD0B5
S21400491014D8002B0CBF102308236B434901B1FBAE
S214004920F3F10D4A2039204602EAC10201211CF0AB
S2140049300DF8A262BDE838401CF008B8602B05D020
S214004940802B05D10123E8E70623E6E70423E4E706
S21400495038BD00BF0000035AF8FF7F00F8B5436873
S21400496004460D4616461BB140F2FF711BF0EEFFE3
S2140049702046FFF7A1FFE9896B7B22690B43298A52
S21400498022F44C520B4322F0030213432361A26825
S2140049902B7B297E22F0804222F0E2020B43134357
S2140049A06A691343AA68A3601AB9A36843F0004370
S2140049B0A360EB6904F58051002B59D0987A1F7AD2
S2140049C04004D4F808C040EA87503B4F0CEA07077B
S2140049D038439F8807F4C04738435F7840EA87002B
S2140049E05F7B40EAC7009F7B40EA07109F7840EA5B
S2140049F08720A060D4F80CC0D3E9040738432CF411
S214004A00D81727F4C06738439F7940EA8720DF79B4
S214004A1040EA4720E060187800F0FD07012F08BF45
S214004A20E768A0F1020004BF47F00407E76001282A
S214004A304FF0010094BF214F214FC7F8C000587AAD
S214004A40086218B1E06840F40060E060D87A48B1C7
S214004A50E0681C4F40F40040E060187B00F00F0058
S214004A60C7F88000E069DB7B20F003000343E361C6
S214004A7026B196F8203093B101238B6101234B6059
S214004A801AB120466968FFF731FF204629781BF0E7
S214004A907EFF236CDB4313F4405FFAD1F8BD96F833
S214004AA02230606996F8216020F009003343034302
S214004AB043F001034B61E1E7E39BBDFF00D40350E5
S214004AC000E4035000900350F8B504460D461F4618
S214004AD016464AB101238B403021184A01FB0022BA
S214004AE0EFB141F2100153503023072D4FF00F0164
S214004AF004FB03F316D8A80006FA00F2814010481B
S214004B0018441BF070FF4EB9012330210B4AAB400E
S214004B1001FB042277B141F210015350F8BD42F276
S214004B201001E0E7A5F10800800006FA00F28140D7
S214004B300448E5E742F21001EFE700BF00C003506B
S214004B4004C003500CC003504FF40032054B9A6665
S214004B5041F6713203F51C33DA63012203F5005384
S214004B60DA607047009000500B4B01219B6E9B0350
S214004B705EBF4FF40032094B9A6641F67132084B1D
S214004B80DA63084AD1600022DA634FF40032A3F5F4
S214004B9018339A66704700BF00800050009000509F
S214004BA00000035000200350CB784A7810B55B0114
S214004BB00C7843EA82030A79234343EA02130C2261
S214004BC0424302F1B0421363012C02BF8A78024BC3
S214004BD043F8202010BD00BFE880035008B54FF012
S214004BE0B0435A6802B960B15B680BB11BF00AFFAC
S214004BF04FF0B04130B10120074B58601BF002FF68
S214004C00C86008BD1BF0FEFE0223CB601BF0FAFE58
S214004C100122024B5A60F4E70010005800200058AA
S214004C204FF0B0414B6810B50BB11BF0EBFE012204
S214004C300B4BC4785A608378934043EA84034478E5
S214004C402343047943EA0413447943EAC4038B609C
S214004C50044B5A600378C3F10203CB6010BD00BF5B
S214004C6000200058001000584FF48032064B5A6659
S214004C7003F5E6235B69C3F38512827003F03F02F7
S214004C801B0B42700370704700900050014B986CED
S214004C90D96C70470080E00F0120034B9B680A33F5
S214004CA003F01F03984070470080E00F034BD3F8D3
S214004CB02424D3F820041040704700BF00C00350DF
S214004CC0064BDA6E02F03002202A06D0DA6E22F0A8
S214004CD0300208B142F01002DA6670470040005019
S214004CE02DE9F8431E4B0546D3F810334B1E0E2B0A
S214004CF00E46174690F8008044781BD9F9B14FF05D
S214004D0000092846C7B129F03DF93023072C03FBDC
S214004D1008F316D80F21A400124809FA04F2A1409D
S214004D2018441BF077FEC6B9284697B1BDE8F8438D
S214004D3029F028B98946E4E71BF07BFEE5E78946BB
S214004D40E3E70F21083CA400074809FA04F2A14053
S214004D50E6E7BDE8F8431BF06CBEBDE8F88300BF8D
S214004D6000C0035004C003500CC003502C4B2DE968
S214004D70F0411746D3F810234A1C06460C4605D1C8
S214004D80D3F8241440781BF062FE0446002C2FDB78
S214004D90072C4FF0030532782DDC4FEA840805FA1D
S214004DA008F529461F4802FA08F21BF033FE29468A
S214004DB072781D4802F0030202FA08F21BF02AFE7F
S214004DC0012317F0050F194A18BF194903FA04F30F
S214004DD00CBFC2F81034C1F8103417F0060F18BF15
S214004DE0134AC2F814340123104AA340C2F82034F0
S214004DF02046BDE8F081A4F108084FEA880805FAC5
S214004E0008F529460B4802FA08F21BF003FE7278F2
S214004E10294602F00302084802FA08F2CEE700BF6D
S214004E2000C0035000C4035008C4035000E0035001
S214004E3000D0035004C403500CC4035038B50546D4
S214004E400C4C0140D4F8303423EA0003C4F8303464
S214004E50D4F830341943C4F83014D4F82C3403434F
S214004E60C4F82C34012004F50054FFF729FFC4F8D9
S214004E70205438BD00C00350124B70B5D3F8103321
S214004E8006461BF0F7FD0446481C154616D0621C65
S214004E900FD08C420FD10321304685F00102FFF778
S214004EA01FFF012004F1100305FA03F19840FFF7F5
S214004EB0C5FF204670BD4FF0FF34FAE7631CEAD109
S214004EC0F7E700BF00C003502DE9F0411446012764
S214004ED00E46054698468F4029F048F82268184B3B
S214004EE043F82620302202FB0656637B3366E27ABE
S214004EF0A37A120542EA0342237B42EA435228F091
S214004F000303F26533672279A37943EA024305F582
S214004F10005293616379E27942EA034205F58053D1
S214004F209A61227A02B11F64627A02B19F6305F524
S214004F30005534352F60BDE8F04129F012B800BFA7
S214004F40004004500A4B1B68C3F30743012B0ED1E5
S214004F50084B04205A6E4FF480230749520358BF6B
S214004F60064A4B6601F51041086258BF5366704703
S214004F700080E00F008000500090005000A000501D
S214004F804FF48032084B5A6603F5E6235B691A0B2A
S214004F90027003F03F0242704FF6FF72C3F38513B0
S214004FA042808380704700BF00900050014B986C91
S214004FB0D96C70470080E00F06289ABF014B185C3A
S214004FC00020704700EF02004FF40052034B002011
S214004FD09A660322C3F86022704700BF0090005014
S214004FE04FF40052034B00209A660322C3F8602257
S214004FF0704700BF00A0005000F01F02A0F506207A
S214005000A0F55060812810D8012309494009934033
S21400501051F820201A4341F82020064951F8202054
S21400502022EA030241F8202070474FF0FF30704715
S21400503008170020F416002000F01F03A0F5062035
S214005040A0F55060812810B519D801210D4A4009F5
S214005050994052F820300B430B4942F82030D1E9F2
S214005060003423448C682344CC68096923445B18C5
S21400507004D1C2E90033C2E90233136110BD4FF018
S214005080FF30FBE7F4160020081700202DE9F04F4C
S214005090A7B003921D4604460822CDE9040141400C
S2140050A021FA02F34B40980702F1080218BF9B0052
S2140050B0202A1C44F4D18123B4FBF3F303EBC3137F
S2140050C0E41A784B04F506241B7804F55064002B8C
S2140050D039D1FEF783F9064600286ED101464022F4
S2140050E006A81DF04BFC3146402216A81DF046FCD3
S2140050F06D4E6E4FB0461036B74228BF37466C48E6
S214005100013F009743461022006806A91BF009FAE3
S2140051104FF0000B81460DF1180AD94540D164487E
S214005120009743461022006816A91BF003FA4FF0BA
S2140051300008834616AFC34545D15E4B9E42D8D184
S2140051400122584B1A7081270026DFF878A1DFF875
S21400515078B16309A3F58643683B5AF8232004F028
S2140051601F01CA40D20744D45BF82330CB40DB078C
S21400517032D5002E08BF26468123A4F50624A4F6C1
S214005180FF44B4FBF3F303EBC313E41A04F506245D
S214005190013F04F55064DCD1039BFBB12EBB1DE040
S2140051A05AF8040BFFF728FF013009D100223D4BC7
S2140051B01A703C4B1B78002BC5D16FF091000FE0A6
S2140051C00BF1010BA9E757F8040BFFF735FF013089
S2140051D0EFD008F10108AEE7039B23B96FF08B0010
S2140051E027B0BDE8F08F06B92646329B00201E6029
S2140051F0F6E7309B13B10023309A1360319B13B14E
S2140052000023319A13604FF01009DFF8A480CDF820
S214005210009000232A462146D8F80000FDF7DEFE5F
S214005220002836D1309B0BB1C3F800902A68224B79
S2140052309A4217D02146D8F80000FEF72BF800282F
S214005240CCD1D5E90223DDE90410834208BF8A42A7
S21400525092D1039B002BC7D06B68012BC4D16FF093
S2140052608400BDE7309B002BEBD0319B002BE8D0B1
S2140052702146D8F8000016AAFDF7F8FE48B9319B7B
S214005280309A1B681268934297D39B1A319A136020
S214005290D7E70A4B9842CDD06328CBD0084B98422C
S2140052A0CFD08AE7FD2A0020006D0800816D080037
S2140052B0942E0020906D0800105D175EFFDF00F052
S2140052C0FEDF00F008170020F41600202DE9F04F4E
S2140052D087B08246894698461646DDF840B02AB121
S2140052E0002B51D040F26C739A4250D8BBF1010F9C
S2140052F050D8002406F110073946012005941CF00A
S2140053000BFC0546002848D039461BF008FC05ABC8
S214005310CDE9014300942B46012250464946FFF74B
S214005320B5FE044678B110F18C0F08BF6FF08D04FF
S214005330284639461BF0F3FB284629F077F8204626
S21400534007B0BDE8F08F164BC5E902A92B60C5F87B
S21400535004B02EB13246414605F110001DF035FB73
S214005360059E10483B462A4631460068FDF74EFF2C
S21400537038B93046FFF740FE013008BF6FF08604AC
S214005380D6E76FF09104D3E76FF08604D7E76FF0A7
S2140053909104D4E76FF08504D1E76FF08C04CEE774
S2140053A0105D175E942E00202DE9F0438DB08146E7
S2140053B0DDE914780E4615461C468BB1B8F1000F91
S2140053C005D16FF0860630460DB0BDE8F083B7F124
S2140053D0005FF6D3C3F1005303F500439F42F0D8B5
S2140053E01022002108A81DF0C9FA002207AB02937C
S2140053F005AB019306AB31460093484608ABCDE9B2
S2140054000522FFF743FE06460028DCD1059BA4B123
S214005410AB4215D853EA0504D3D1069B0B48C8F80F
S214005420004000943A46079900682B44FDF7D6FDE5
S214005430002818BF6FF09106C5E7AB42EDD2C0E773
S2140054405B1B9C4228BF1C46E7E700BF942E00204B
S21400545030B58DB00C4605461022002108A81DF078
S2140054608DFA002207AB029305AB019306AB2146EB
S2140054700093284608ABCDE90522FFF707FE044651
S21400548008BB099B012B21D0079D134B29461868A2
S214005490FDF700FFE8B9A5F50623A3F55063812BB9
S2140054A005F01F020DD801210C485B09914050F809
S2140054B023204A4040F823202846FFF7BDFD013050
S2140054C001D16FF0860420460DB030BD6FF0840425
S2140054D0F9E76FF09104F6E7942E002008170020F5
S2140054E02DE9F04F89B00E4607461CF0E9FE04464B
S2140054F01CF0DEFE04420CD1042501201DF055F9F7
S214005500002834D0013DF8D16FF0920009B0BDE814
S214005510F08F102200210DEB02001DF02FFA04A8D8
S2140055201CF0D0FE049B002BE6D0059B002BE3D09E
S214005530069B002BE0D0079B002BDDD00025DFF874
S214005540988008F10409B5421FD34FF48A751CF001
S214005550B5FE04461CF0A4FE2040062831D11CF0FF
S214005560A4FE044201D01CF0A5FE0020CEE71CF0ED
S214005570A5FE04461CF094FE204010F0FD0FF6D069
S2140055801CF090FE0442D9D0BCE71CF095FEA6EBBA
S214005590050A8400544528BF544699E803000023B2
S2140055A08DE80300CDE9054307EB050BCDF810B0F9
S2140055B0029404AAD8F8003007CA1CF0F3FF25446A
S2140055C0C1E71CF06DFE204008289DD825FA00F0A3
S2140055D0C307BCD498E700BF1CEF02002DE9F043D8
S2140055E08BB01746DDE91545DDE913269C46DDE957
S2140055F01738894621B96FF086000BB0BDE8F083F6
S214005600002FF8D00EB9002CF5D1129909B9002A4E
S214005610F1D10DB9002BEED1B8F1000FEBD0244A32
S214005620944542D10288B2F5105F3ED14288B7EB6E
S214005630D20FE0D322F04001802902D0B2F5807F5D
S214005640D9D11CB90020C8F80040D6E7AE421CD21B
S2140056503219954219D29C42CDD831462246284668
S2140056601DF073F92E4614F00F03C4D1CDE901974F
S214005670CDE90336CDE90543CDE907540993FFF795
S214005680A3FC38B16FF09200B7E79C42EBD96FF0FD
S2140056908900B2E707AA04A901A803F0C9FA0546DB
S2140056A0FFF79EFC0543CDD0ECE76FF08500A4E73E
S2140056B0004440042DE9F04FA9B0074614469B4627
S2140056C08946DDF8C8A0349D29B96FF086042046C7
S2140056D029B0BDE8F08F002AF7D0BAF1000FF4D059
S2140056E0002DF2D0369B002BEFD0434A0CAE0DF1C6
S2140056F0600807CA86E807004022002140461DF0E1
S2140057003DF9B9F80020B9F8021002F4E043B3F509
S214005710804FDAD0394B3A483B4043F0106383421F
S21400572064D1B1F5807F61D147F212139A425DD100
S2140057300621344ABBF11F0FD3680B931369126816
S21400574001FB03F3CDE90C234FF000030E93BCD905
S214005750339B402BB9D9359B1F2B4AD90AF101023E
S2140057600023202712924022CDE91073CDE913239F
S21400577017939AF80030CDE91582042B0F94A4D124
S214005780FFF722FC04460028A1D10B9B15AACDE901
S214005790087305AB07CA83E8070002AB12AA07CA5C
S2140057A083E80700DDE910018DE803000F9B96E80B
S2140057B0070003F017FB0446FFF712FC044384D1EE
S2140057C046462B4620AD324603CAAA4218605960A8
S2140057D0164603F10803F6D14022002140461DF08C
S2140057E0CDF840232023369A136070E76FF08504C7
S2140057F06DE76FF089046AE74CF102000000FFF6DF
S2140058000000020960F10200F0B50F461E468BB09C
S214005810002855D0002953D0002A51D0002B4FD055
S2140058200488B0F802C0234604F44F41B1F5824F15
S21400583018BF002423F0FF03B3F5E24FE4B203D011
S2140058406FF085000BB0F0BD122C01D0172CF7D1ED
S2140058500CF10703B2EBD30F35D31E4B04ADBCF5EA
S214005860807F93E8070085E80700E9D1122C07D16E
S214005870194B1A691B681344CDE9043200230693BA
S214005880002307972027CDE90873FFF79DFB002824
S214005890D8D1124A02AB92E8030083E803000AABB1
S2140058A013E903008DE80300079B95E807001CF04A
S2140058B0FEFD0446FFF794FB204307D13760C1E79F
S2140058C06FF08600BEE76FF08900BBE76FF09200CE
S2140058D0B8E700BF4CF1020060F1020014EF0200CE
S2140058E0F0B591B01C46DDE916C6002868D0002940
S2140058F066D0002A64D0002B62D0BCF1000F5FD0C7
S214005900002E5DD00388408803F44F4EBEF5824FCC
S2140059101F4618BF0023DDB227F0FF03B3F5824F02
S21400592002D0BEF5824F03D06FF0850011B0F0BDF7
S214005930122D01D0172DF7D1C71DB2EBD70F4FEAA6
S214005940D7033DD35B00013363453CD8B0F5807F79
S214005950EAD1122DE8D11D4F621CFB682025CDE947
S21400596009310D9200234022CDE90B53CDE90E23D9
S214005970FFF72AFB0028D9D1099B0AAACDE90553CF
S21400598002AB07CA83E8070010AB13E903000D9BC0
S2140059908DE8030097E807001CF0A8FD0546FFF712
S2140059A01FFB35B1012DBFD0072D09D06FF0920037
S2140059B0BCE70028BAD10423237041233360B5E73F
S2140059C06FF08600B2E76FF08900AFE760F1020083
S2140059D02DE9F0418AB00E4614461F46DDF8488091
S2140059E020B96FF086000AB0BDE8F0810029F8D033
S2140059F0002AF6D0B8F1000FF3D0038803F44F4224
S214005A00B2F5824F02D06FF08500ECE7DAB2122AC8
S214005A1001D0172AF7D123F0FF03B3F5E24F38D1B0
S214005A204388C8F800307BBBE300C8F80030B3F505
S214005A30807FE8D1122A09BF314B00221A681B6901
S214005A4006EB040508BFD21800231846224415F8B2
S214005A50011D12F801CD0843B1EB0C0118BF00235D
S214005A60AE4243EA0103F2D10028BAD0002BB8DADE
S214005A70109B9C4241D82246314638461CF0A5FF72
S214005A80119B00201C60AEE7D91DB4EBD10FCED021
S214005A90A7E73378042BA4D1631EDB005B08B3F5BD
S214005AA0807FC8F80030AED1122AACD1144D402207
S214005AB0EB680593731C07930023CDE90823FFF7D3
S214005AC083FA00288FD1059B0393D8F8003007335C
S214005AD0DB0802930AAB13E90300079B8DE803007B
S214005AE095E807001CF0ACFD0546FFF779FA00289C
S214005AF07FF479AF002DBBD073E76FF0890072E7B3
S214005B0060F102000388B3F5105F0ED14388DB080E
S214005B10103B102B0CD8084A22FA03F313F0010F9F
S214005B200CBF6FF08600002070476FF0850070474E
S214005B306FF08600704700BF010101002DE9F04FAD
S214005B408FB00546DDE918A993461E46DDF8688045
S214005B501C9F11B308B3B8F1000F1ED0EFB1BAF115
S214005B60000F02D1B9F1000F17D12B4B26F47E128D
S214005B709A424DD12846FFF7C5FF044600283CD17F
S214005B806B88BBEBD30F4FEAD30206D316F47C1F09
S214005B90C6F3054504D0102D03D96FF086042CE01B
S214005BA010251B9B9D4230D80023CDE90112102200
S214005BB00AAECDE9033ACDE90593CDE90823079669
S214005BC0FFF702FA0446C0B907AA04A901A803F021
S214005BD043F88146FFF704FA0446B9F1000F10D1E6
S214005BE088B92A46314640461CF0EFFE10220021B6
S214005BF030463D601CF0C2FE102320460FB0BDE8C4
S214005C00F08F6FF092040025F0E76FF08904F4E758
S214005C106FF08504F1E700BF0002C0032DE9F041F4
S214005C20069F0C461646054610B309B302B9FBB9E3
S214005C306288B3EBD20F4FEAD20819D34C22002168
S214005C4028461CF09BFE0D4B27F47E129A4212D17A
S214005C502046FFF757FF044638B942463146281D0E
S214005C601CF0B3FEC5F824802F602046BDE8F08106
S214005C706FF08604F9E76FF08504F6E70002C003CC
S214005C802DE9F0410E4614460546002840D000296E
S214005C903ED092B10368214823F47E1383423AD162
S214005CA0AF6BF7B1C7F1100807F12800424528444A
S214005CB006D227441CF089FEAF630020BDE8F081C1
S214005CC042461CF082FE1022103C3C19AA63F4D017
S214005CD0284605F128011AF077FF0028EED1464441
S214005CE0A863102C0CD9671E27F00F073A463146DA
S214005CF028461AF069FF0028E0D1E41BDDD03E44B8
S214005D002246314605F128001CF05FFEAC63D4E75E
S214005D106FF08600D2E76FF08800CFE70002C0037E
S214005D202DE9F04388461F4605468BB070B169B131
S214005D3063B10368234923F47E1088423ED113F4EE
S214005D407C1FC3F3054604D0102E03D96FF08604DB
S214005D502AE0102696422BD8FFF736F9044618BBE1
S214005D60AB6B05F12802CDE901236B6A2A1DCDE94C
S214005D7004231023CDE9083007AB1A46039006909B
S214005D8005F13C0901A904A8CDF81C9002F088FF93
S214005D900546FFF725F904466DB928B93246494647
S214005DA040461CF012FE3E6020460BB0BDE8F08375
S214005DB06FF08904F8E76FF09204F5E76FF085045A
S214005DC0F2E700BF0002C00310B54FF42F720021A7
S214005DD004461CF0D3FD8023C4F88C30054B04F138
S214005DE09C00C4F88430012384F88830BDE8104055
S214005DF019F0FBBE18E9020010B5D0F8A0400A461C
S214005E008CB91BF0F0F8044610B90024204610BDEB
S214005E102D2896BF064B074953F82010064A074818
S214005E201BF02AFAF2E7D0F8A4101046A047ECE7D9
S214005E3028EF02001BE90200E1EA020048EA02003D
S214005E40F8B590F88050044615B100252846F8BDF0
S214005E501AF001FF0028F8D1012384F8803094F866
S214005E60883033B1D4F88410244884F888501BF066
S214005E7003FA4FF0FF37D4F8B402421C21D0C4F81E
S214005E80B47210F0FF0629D020461AF0E1FE314623
S214005E90204600F09BFB0028EDD0002620461AF096
S214005EA0DCFE94F8883084F8B96233B1D4F88410F4
S214005EB012481BF0E1F984F88860002384F88030EB
S214005EC0C4E71BF0BEF9431CDBD1D4F88C30D4F801
S214005ED09420013B9A4203DA0125EEE70125CAE742
S214005EE094F8B952002DE8D10125054A054906481F
S214005EF01BF0C2F984F8B952DFE700BF4AEA020095
S214005F00E1EA020029E9020048EA0200F8B50B7847
S214005F100446302B0D46164604D14B7803F0DF03BB
S214005F20582B11D0284F6A1E12F8011F002934D1B1
S214005F3028460A2204F082FF202C03460D4631D163
S214005F40B1FA81F040091AE04A1C1F4912F8013FD5
S214005F508BB928461CF046FD1C4B02382340032B09
S214005F6012D10134A41084420AD1A87837288CBFF5
S214005F700020012003E0CB5C13F04400E6D1F8BD1E
S214005F80CCBF01200020FAE7002CB8BF0334B0EBEA
S214005F90A40FD4BF01200020F1E77B5C13F00400BF
S214005FA0C2D1ECE726B1084302D0013B61F10005FF
S214005FB00122A240013A1A40002D08BF9A420CBFA7
S214005FC001200020DBE700BF5EF602000300008031
S214005FD0F0B5037801467B2B17D106460224002233
S214005FE00B4F16F8015F7D2D05D10B5D6BB9D243C3
S214005FF002F0010008E07B5D13F0440002D001329D
S2140060000134EEE7202DFBD0F0BD0020FCE700BFFA
S2140060105EF6020070B506460D461CF0E3FC04462C
S21400602030461BF029F9AC4200D370BD02481BF085
S21400603023F90134F7E700BF05E902002DE9F04136
S214006040044602214E48FFF7E5FF1E212068FFF7B1
S214006050E1FF636858681BF00FF94A481BF00CF91B
S21400606067683B7BFD2B0CD8D7F808804FF0FF35D0
S21400607040461CF0B7FC06460C3717F8013BFF2BD2
S21400608001D1BDE8F081212B48D8212B66D8DFE866
S21400609003F0677375114B4D4F5165656565656512
S2140060A06565535557595B5D5F61656565656565F3
S2140060B065656F63344C1EB1202B05F10105DCD0FD
S2140060C002212F48FFF7A6FF1E212D48FFF7A2FF4B
S2140060D02E481BF0D1F82E4920461CF06CFC2D49AA
S2140060E0002818BF21462C481BF0C6F83B78202B0A
S2140060F002D12B201BF0B4F828481BF0BDF84EB197
S21400610018F805301F2B05D018F805001F2801D0F9
S214006110B54229DB1B481BF0AFF8AEE7204C214AFE
S214006120FE2B08BF1446C6E71F4CC4E71F4CC2E749
S2140061301F4CC0E71F4CBEE71F4CBCE71F4CBAE71E
S2140061401F4CB8E71F4CB6E71F4CB4E71F4CB2E72E
S2140061501F4CB0E71F4CAEE70D4CACE7104CAAE75F
S21400616006B101351C4CABE71BF07AF80135CBE7DE
S214006170002E82D0013580E7184C9CE7184C9AE731
S21400618034EE0200E1EA0200D3E9020038EA020037
S214006190E8E90200D8E902004AEA0200BAE702008B
S2140061A0DAE90200E2E902002BEA020032EA020023
S2140061B023EA02001FEA020016EA02000CEA0200C6
S2140061C002EA020017EA02000DEA020003EA0200F1
S2140061D0F8E90200F1E90200D2E902002AEA020028
S2140061E031EA02002DE9F04F93B005468B460024B5
S2140061F0009203931CF0F6FB1C9F039B04901C600C
S21400620028463C600AAA09A91BF058F8064658B961
S2140062100A981CF0E7FB3446B046039B1860D5F896
S2140062209C300293029B1BB9204613B0BDE8F08F4A
S214006230029BD3F80890B9F1000F6FD02E4416F8E1
S214006240013B202B11D000260C23734309EB030AD5
S21400625059F803300193002B5BD0099B434558DB6C
S2140062609AF808202AB1721C3EE03B6801333B6076
S214006270E5E73968D5F894200793039B521A1A600D
S21400628012AB03EB880151F8203C019918460593A0
S2140062901CF07CFB06900028E5D101981CF0A2FBC0
S2140062A0DDE906230146DAF80400D7F800A090F8E6
S2140062B00CC0BCF1FE0F19D103F1FF3EC64515D048
S2140062C0D0F80090059801921CF08CFB0AF1010AA8
S2140062D08244019AAA44AAEB05033B601AF8013BE4
S2140062E0002BF8D008F101081646ADE7D5F8942043
S2140062F00591A2EB0A028A4220DC58461CF072FB8B
S214006300059901447B290DD958461E4A009919F073
S214006310AEFC2B46049A2A4493422AD1029B1B6861
S21400632002937FE7DDE90012584619F0A0FC5846B4
S214006330154A0099013419F09AFC94E7BCF1FE0F57
S21400634091D1013B43458ED1D0F8009059F80C2BE3
S21400635022B9049B3B60039B1A60DAE75846009913
S21400636019F085FC5846084A009919F080FC01345B
S214006370ECE713F8011B0029CED14FF0200103F8FB
S214006380011CC9E73AEA020005E902002DE9F047D8
S214006390002486B0DDE90EA81C60064689468AF809
S2140063A000401168154888F8004017461D468DF8CD
S2140063B01740FBF7F5FA18B901242B6801332B6058
S2140063C00020D6F89C6036B914B1012388F8003056
S2140063D006B0BDE8F087B06868B14B460021CDE94D
S2140063E002A8CDE900750DF117021AF099FD9DF887
S2140063F01730002BE8D13668E5E700BF3FEA020019
S2140064002DE9F04F0446ADF5477D06AE802200210B
S214006410304605AF0DF110081CF0B0FA3B4680225E
S21400642031462046CDF80080FFF7DCFE012847D134
S21400643030461CF0D7FA3B68D8F8002005461A44C8
S21400644022441146C01A013B334400EB020EAEEB69
S214006450010CBCF1000F1EDC002120EAE073995409
S214006460D4F8903099463A68D8F800101144494557
S21400647016DCD4F89410A81A014403441644C4F851
S2140064809410C4F890303518AB1B002B13DC0DF5B8
S214006490477DBDE8F08F13F801CF01F801CBD6E7B2
S2140064A0E05C1AF0DDFED4F8903009F10109013302
S2140064B0C4F89030D7E716F8010B1AF0D1FEE3E7E0
S2140064C0E5DD26AD8022002128460DF58C7B1CF0EC
S2140064D055FA00214FF4007258461CF04FFAB246A7
S2140064E031464FF00109002311F8012B002A3CD158
S2140064F0304603924BF829301CF074FA2946039A6A
S2140065001AF801CB0DF58C7E5EF8043B834235D13C
S2140065100132914501F801CBF2DAD4F890903B684D
S2140065204B4532DC23463146264A27481AF0A4FE5D
S21400653028461CF057FA3A68D8F800301544134439
S2140065402344801A1A466E1E1F18B91A002929DC21
S214006550002120EAE072D1542C18631B002B96DD34
S21400656015F8010B1AF07CFEF7E7202A03F1010369
S21400657004BF4BF8293009F10109B5E733449B5CA9
S2140065806345C1D00023AB54C7E7D4F8903009F177
S2140065900109E05C1AF064FED4F890300133C4F8C8
S2140065A09030BCE716F8011F02F8011BD4F89010D3
S2140065B00131C4F89010D4F894100131C4F8941046
S2140065C0C3E700BF18E9020044EA02002DE9F843D9
S2140065D0D0E9245604460F46002294F89830012B42
S2140065E007D10A2F07D1002384F898300020BDE891
S2140065F0F88300F29F801B2F01D10223F4E70D2FB2
S2140066000DD1012384F898300D201AF029FE0A20B7
S2140066101AF026FE00230120C4E92433E7E74FF0F2
S2140066200008082F84F8988034D1454530DDB542FF
S2140066300FD138461AF014FE20201AF011FE013D44
S21400664038461AF00DFE013E04F80580C4E92456CB
S214006650CCE7FBDA05F1FF3938461AF001FE04EB09
S2140066600903A6EB0902611918461CF06EF904F836
S21400667006800146013E48481AF0FEFD35464D4567
S21400668001DC4D46E2E708201AF0EAFD013DF6E798
S214006690ACD0DBE77F2F1CD1002EA7DDB542A5DAF4
S2140066A06319691C21441846721B1CF04EF904F845
S2140066B00680014639481AF0DFFD0820013E1AF030
S2140066C0CFFDB542F9D1D4F89430013BC4F89430EC
S2140066D08CE70A2F98D0092F03D12046FFF790FEAB
S2140066E084E7D4F88C30013BB3427FF77FAFB542E6
S2140066F004EB050805F101090CDB384688F8007044
S214006700D4F89430C4F890900133C4F894301AF05A
S214006710A7FD6BE74146721B04EB09001CF015F958
S21400672040461AF0A9FD0820013E1AF099FDB54230
S214006730F9DDE2E7022B06D15B2F01D1032353E7F5
S21400674084F8982049E7032B7FF450AF413F84F844
S2140067509820032F3FF64AAFDFE807F002070A1635
S214006760012120461AF029FD40E74FF0FF31F8E7F7
S214006770B542BFF63BAF605D1AF072FDD4F89030BC
S2140067800133C4F8903031E7002D7FF72FAF013D7D
S2140067900820C4F89050BAE74DEA020052EA020018
S2140067A070B504460D4627F0E1FB1D2C06461DD8A5
S2140067B00C2C0BD8082C2CD014D9092C2CD00C2C33
S2140067C014D14FF4C060FDF767FC16E00123174AAA
S2140067D0A340134223D1122C25D00D2C06D14FF402
S2140067E0F060F0E7BB23E340DB0703D4002321245B
S2140067F02B8009E08020FDF76DFC4FF6FF73984272
S2140068000CBF0E2400242880304627F0AAFB204622
S21400681070BD4FF48060EEE74FF49060EBE7002326
S2140068200F242B80F0E74FF4E060CCE70080912047
S21400683030B58BB06C466A4D0FCD0FC42B68694AD5
S2140068402360FF238DF80130D2F84C3113F48023F7
S21400685040F0BA80D2F850218DF801309DF8013012
S2140068606C46FF2B08BF192368465F4D8DF8013034
S214006870FDF7E2FC3220FDF71DFD0FCD0FC40FCD56
S2140068800FC495E8030084E80300564BD3F84C2168
S214006890120300F18380D3F85041E4B28DF819401A
S2140068A0FDF7C4FC044484F3080450488DF81840EF
S2140068B0FBF714F96846FDF719FC3220FDF700FDDA
S2140068C04B48FDF7E3FD4B4C4B4827F069FC002096
S2140068D0FDF7FCFCFDF790FD236F002023F0070377
S2140068E043F003032367FDF7B1FD236F434923F409
S2140068F074432367424BD3F8FC2012F0807253D1C6
S214006900C1F880203B4BD3F8202122F0030242F04E
S2140069100202C3F82021D3F8242122F0070242F015
S2140069200202C3F82421D3F8802122F0030242F0A9
S2140069300102C3F88021D3F8402122F0030242F07E
S2140069400202C3F84021D3F8602122F0030242F08D
S2140069500202C3F86021D3F8402222F0030242F07C
S2140069600202C3F84022D3F8002222F0070242F0C7
S2140069700202C3F80022D3F8202222F0030242F0DB
S2140069800102C3F82022FDF76FFB4FF0E022002043
S214006990136943F0040313610BB030BD194B1C8818
S2140069A0FF2C88BF8C2479E7D3F8FC2022F0807275
S2140069B0C3F8FC200022C1F88020D3F8FC2042F067
S2140069C08072C3F8FC209DE74FF07E6393F89C200E
S2140069D093F99C30002BFFF641AF8DF801203DE780
S2140069E0E0EF02000080E00FF4EF020000F0490242
S2140069F000B4C4040080005028F00200009000504C
S214006A0000ED00E00001E00F07B56B46054A106890
S214006A10516803C36846FDF703FF002003B05DF826
S214006A2004FB00BF1CF002002DE9F04704460E46AA
S214006A3021B900F0FFF80646002868D0337D1F2BEA
S214006A4067D827F093FA0746334B1B68183B13F1B9
S214006A50180F0FD1DFF8C480D8F80090ACBB4246C0
S214006A6021461C2001F04AF80546C0B1384627F0FA
S214006A7078FA05E0A34206D1384627F072FA1225C6
S214006A802846BDE8F0871A68B24201D09B69DDE768
S214006A903846002CF1D027F064FA2325F0E74FF0B3
S214006AA0010AD8F8004000220421307D04F11003CA
S214006AB001F02CF8054680B1BAF1000F02D020464E
S214006AC027F0B0FCC8F80090D0E7B9F1000F01D16C
S214006AD0C8F800404FF0000AE5E702460421307D82
S214006AE004F1140301F012F8054618B1206927F0E6
S214006AF099FCE1E7214660602073A060064841F8F3
S214006B00186B19F075F8304600F074F8AEE72D25CE
S214006B10B6E70F25B4E700BF2C1700202817002083
S214006B2020B1034B1B68036000207047222070478B
S214006B302817002038B50D46044608B90F4B1C68C8
S214006B4027F014FAD4E900311A7D4FF0FF33934052
S214006B500B43DB4303D127F004FA1A2038BDB3FAFF
S214006B6083F30122C3F11F03DBB29A400A4362603B
S214006B702B7027F0F6F90020F0E700BF281700205A
S214006B8070B50E46044608B90D4B1C6823681B7D7D
S214006B90B34212D927F0EAF9012200256368B24011
S214006BA023EA02036360236943F82650636943F8C7
S214006BB0265027F0D6F9284670BD2120FCE700BFF6
S214006BC02817002070B50D461646044608B9084B2F
S214006BD01C6823681B7DAB4208D927F0C7F92369D8
S214006BE043F8256027F0BDF9002070BD2120FCE7A2
S214006BF02817002013B50468806827F0D1FA0C48DF
S214006C0027F0CEFA152000F0A5F8152000F086F83B
S214006C101E23ADF804300023204601A98DF8063067
S214006C2019F056FF012304F58054636002B010BDCE
S214006C302CF00200004870473CF00200F8B5134DF7
S214006C406B6D2A6D1340124A002B13659EB202DB51
S214006C5001276EB9F8BD0123E9680E4AC1F3042185
S214006C608B40284642F82130BDE8F84026F00EBAA0
S214006C70B6FA86F4C4F11F04E4B22146284607FAA1
S214006C8004F426F003FA26EA0406E2E700000450BD
S214006C9000200450301700200028ACBF00F16040F0
S214006CA0064B4FEA0111C9B2ABBF00F5614000F0D8
S214006CB00F0080F800131954704700BF14ED00E071
S214006CC008B527F053F90B4B1A7872B901221A70DF
S214006CD027F047F96FF0040210460132052152B240
S214006CE0FFF7DAFF402AF7D108BDBDE8084027F0D5
S214006CF038B900BFFF2A002000280CDB0122064915
S214006D00430900F01F008240203341F82320BFF3E0
S214006D104F8FBFF36F8F704700E100E0002807DB5E
S214006D2001234109034A00F01F00834042F8213046
S214006D30704700BF00E100E0054B421153F82230D7
S214006D4000F01F0023FA00F0C04300F00100704777
S214006D5000E100E0002808DB01224309034900F0B7
S214006D601F008240603341F82320704700E100E0B6
S214006D7010B5044627F0FAF8024B1C6027F0F1F82D
S214006D80002010BD5017002010B527F0EFF8034B79
S214006D901C6827F0E6F8204610BD00BF50170020FC
S214006DA038B50C461546014610B9FFF7EDFF01460B
S214006DB02B462246034801F047FC0028D4BF372064
S214006DC0002038BD2114020038B5104B05461B784C
S214006DD0ABB1B0B1002029462860FFF7ABFE0446F1
S214006DE088B927F0C3F82B680125094A190102EB78
S214006DF003131D73545027F0B4F8204638BD1124F1
S214006E00FBE72124F9E71A24F7E700BF002B002050
S214006E105818002010B527F0A9F80023084A147B5C
S214006E2054B90133082B02F11002F8D1054B1C703F
S214006E3027F097F8204602E027F093F8042010BDCC
S214006E4058180020002B00200D4B10B51B78044668
S214006E508BB1072811D80B4BC1B21868FFF790FE0C
S214006E6027F084F8084B03EB041300241C7327F068
S214006E7078F8204610BD1120FCE72120FAE700BF75
S214006E80002B0020541700205818002010B527F0BB
S214006E906DF8124B1C781CB127F063F8122010BD59
S214006EA001221A7027F05DF80D4B0E481C731C77F4
S214006EB083F82C4083F83C4083F84C4083F85C40D1
S214006EC083F86C4083F87C4027F06AF9064827F080
S214006ED067F90648FFF724FE2046E0E7002B00206F
S214006EE05818002030F002002CF002005417002042
S214006EF0F8B504461648007820B3072C24D8154D5C
S214006F00260105EB0410077B07B3AB510025069B53
S214006F1085604360134610480A462146FDF7D4FFB5
S214006F2001230E4AA34053650D4BE1B253F82420CB
S214006F300C4B1868FFF746FE0748214619F0DBFDA4
S214006F402846F8BD1120FCE72120FAE72520F8E7BF
S214006F50002B002058180020000004500010045099
S214006F607CF00200541700202DE9F04F87B09846B9
S214006F709DF84030044600933D4B8B461B78914667
S214006F80002B6FD007286FD8002A6DD0B8F1000FFD
S214006F906AD0119BB3F5006F66D8DFF8F0A0030146
S214006FA00AEB0012127B0193002A5FD00021314DBC
S214006FB0102205EB401647013046CDE90311059136
S214006FC01BF0DCFC4FF444727280DDE900231AB932
S214006FD0F27842F03002F270DBF80020E9190292F3
S214006FE0119AC1E90189501E9DF84820C0F30A0095
S214006FF002F00302920642EA001CEA591E481040BC
S2140070004CEA0002EA51139A52B38A78C2F300128D
S2140070103D44A97862F30411A970002513990AEB80
S21400702003024AF80310149B95605360134BE1B2B9
S21400703053F82420124B1868FFF7C4FD334602AA03
S21400704021461048FDF740FF0E48214619F053FD33
S214007050012328460C4AA340536507B0BDE8F08FCD
S214007060139AD5E71120F8E72120F6E72520F4E764
S214007070002B0020581700200F80FFF37CF0020042
S2140070805417002000000450001004505818002028
S2140070900A4B1B7863B107280CD8094B03EB001387
S2140070A01B7B4BB10123074A8340136400207047C3
S2140070B0112070472120704725207047002B0020A4
S2140070C058180020001004500A4B1B7863B107289C
S2140070D00CD8094B03EB00131B7B4BB10123074A6B
S2140070E083401364002070471120704721207047AA
S2140070F025207047002B0020581800200020045040
S21400710038B50446D0F8A4301D682B6C5906FCD55B
S214007110002394F8AD101A4694F8AC00FDF7D4FCA2
S214007120002394F8AF101A4694F8AE00FDF7CCFC96
S21400713094F8B430DA0707D5002394F8B1101A464D
S21400714094F8B000FDF7C0FC94F8B4309B0707D560
S214007150002394F8B3101A4694F8B200FDF7B4FC76
S214007160012205F500539A64042200219A642846F9
S214007170094D19F00CFCD4F8A80027F014F828469E
S21400718004F1B80118F047FD2B6813B9034800F066
S214007190E5FD002038BD00BFD8180020DC18002010
S2140071A0012910B502D9022913D010BD124B1C6854
S2140071B0B83C14F1B80FF8D0D4F8A80026F0F0FFC9
S2140071C0D4F8A4300521186819F0E1FBD4F8B840CB
S2140071D0EEE7094B1C68B83C14F1B80FE5D094F8FC
S2140071E0973033B994F895301BB9D4F8A80026F038
S2140071F0DAFFD4F8B840EEE7D81800202DE9F047BB
S2140072001D4613688EB0D3F8009091F83130824650
S2140072108846144606AE002B00F0DF80734F0FCF73
S2140072200FC697E80F0086E80F0018220021684670
S2140072301BF0A4FBA26803460892227B012A00F0FA
S214007240CE80022A0CBF4FF440720022ADF82620F2
S214007250627B0D93032A8CBF4FF480526449A37B54
S21400726098BF31F812200127ADF828205A1E022AAE
S21400727088BF00235F4A8DF80030D8F838308DF884
S21400728006701A605C4A29465A605C4A50469A6004
S2140072905B4ADA60424600F00BFB0646002840F0E8
S2140072A0988023695748C5F8A830E37D85F8AF3045
S2140072B0A37D85F8AE30637D85F8AD30237D85F8F7
S2140072C0AC30637E85F8B130237E85F8B030E37E3F
S2140072D085F8B330A37E85F8B2302368C5F8A430AD
S2140072E026F05EFF3B460422617D207DFDF7ECFB29
S2140072F03B46E17D0222A07DFDF7E6FB85F8B46003
S214007300206926F04DFF98F83130484606A9002B34
S21400731068D019F063FB95F8B43043F0040385F8A1
S214007320B4300222384BC3F8C020607D217D41EA8C
S2140073300041C3F8D010E07DA17D41EA0041C3F8CA
S214007340CC10A37B03F0FD03012B0AD195F8B430D3
S21400735043F0010385F8B430617E0023207EFDF7FC
S214007360B3FBA37B023B012B0BD895F8B430042269
S21400737043F0020385F8B430E17E0023A07EFDF7DB
S214007380A3FB95F8B430DB070FD5637E227E42EA76
S21400739003421E4BC3F8C4200122C3F8C020E17E7E
S2140073A0A27E42EA0142C3F8C820194B1B681BB9EB
S2140073B01849194800F0C0FC154805F1B80118F046
S2140073C017FC164A09F50053052148465A6419F079
S2140073D0DEFA30460EB0BDE8F087114F1FE74FF4D7
S2140073E0007233E719F0FDFA9BE700BFA4F0020035
S2140073F09CF002004D1402007F1402006314020089
S2140074000171000034F0020000C4035000D40350A1
S214007410D8180020982E0020DC1800207F370C019A
S214007420C4F00200034B0222186800238068194645
S21400743003F0E4B9F02E0020302337B5007D0DF1BF
S2140074400701434303F1A04303F58023DD6E1C6F61
S21400745025F082FE9DF8070040B9054B9D4203D1FA
S214007460C4F3400484F0010003B030BD0120FBE704
S214007470012B00203021037D02464B4303F1A0433D
S21400748003F58023D86E07491B6F884208D113F096
S214007490020006D0106A136D1B1A584258417047F6
S2140074A000207047012B002070B5044608B9012063
S2140074B070BD057D2846FFF7EBFD30236B4303F1D7
S2140074C0A04303F580232846DE6EFFF7FDFD0A4B3A
S2140074D09E421CBF042384F8A13094F8953094F89B
S2140074E0A1002BB1022803D1012384F8A130DFE7E5
S2140074F00428DCD1F8E700BF012B00202DE9F04F6F
S21400750004464FF444764FF030093F4D00F13807FB
S2140075101022002185B038461BF030FA6687C4E991
S2140075200F55207DFFF7B4FD1022002138461BF0D2
S21400753025FA6687207D354EC4E90F5509FB0063A2
S214007540DB6EAB4204D105B0BDE8F04FFFF7BCBD23
S2140075500DF10B0125F000FE9DF80B50002D4CD1CF
S214007560204619F0CDFF804603A9207D25F014FEA5
S214007570039B2946013B1FFA83FB04F118031D46B3
S21400758010221846D4F810A01BF0F8F9A169204A7A
S214007590CBF30A031B010A4043F040731343C4E9CC
S2140075A0063A237DC4F8208009FB0366336F94F8FF
S2140075B024205B0863F3410284F82420326F94F899
S2140075C0243025F0030562F3000384F82430336F7B
S2140075D0626A9B0863F39F0245F002056262656477
S2140075E000943A4621460B4B207DFFF781FC207D18
S2140075F0FFF76AFD05B0BDE8F08F94F8443023F03D
S214007600020384F84430EBE7012B0020000004500E
S2140076100F80FFFC2D1502002DE9F743446906464E
S21400762094F8953063B194F898304BB1002384F801
S214007630953026F029FE236E012120469B68984748
S214007640336904F17C07013B102200213846D6F846
S2140076500C90D4F874809DB21BF090F90B4BC5F3D8
S2140076600A0543EA0513C4E91F39012394F8780094
S21400767084F88C30C4F884803A46054B009604F1B2
S2140076806401FFF735FC03B0BDE8F083000010305E
S214007690E31502002DE9F04F0026044698468BB00D
S2140076A0089106921E60069BB3EB060900F09F80C9
S2140076B0089B9E1900F09B80207DFFF7E9FC204682
S2140076C0FFF7D8FE0746207DFFF7FEFC002F40F0B0
S2140076D08E80204619F014FF216D94F89AB08842E7
S2140076E09BBFD4E91253ED18451A6D1A4D4528BFB5
S2140076F04D46BBF1000F00F09F8026F037FCD4F813
S214007700509007902046FFF797FE4B46A9468246C4
S21400771058199842D4F89C2072D1D4E912130B441D
S2140077209A42079808BFC4F89C1026F01AFCD34665
S214007730207DFFF7ADFC2046FFF77EFE064620467E
S21400774019F0DEFE236D8246984240F28380A26CDA
S214007750AEB2934276D1099304F12807236910222A
S2140077603846002107931BF009F93022079B013E9B
S214007770E362099BC6F30A062363237D360153435F
S21400778027F0030703F1A04346F0407647F00207D0
S21400779003F58023A6621F67236DD4E912122B44DB
S2140077A00A44934208BF0B469A45236505D1012338
S2140077B0204684F85430FFF7A1FE207DFFF784FCB6
S2140077C094F89A303BB1BBF1000F04D0236E112120
S2140077D020465B689847D8F80060B9F1000F06D0DD
S2140077E0069B4E449E42C8F80060FFF45CAFD8F893
S2140077F00030002B14BF00201B200BB0BDE8F08F1C
S214007800934203F1010108BFC4F89C101B7808BF1F
S2140078105F4603F0FD0CBCF1110F03D006F8013BE8
S2140078200B4676E72FB1A3F111025342534184F879
S214007830A03009F1FF39F3E72A4630461BF0C5F8B9
S214007840A94675E7238DC3F30A12164466F30E1392
S2140078502385A1E7207D86B93023584300F1A04058
S21400786000F58020426E436EC2F30A122A446FF37C
S2140078700E1343EA021343668EE70C4B04940393FD
S2140078800023CDE901530123009352462369214684
S214007890FFF76AFB3022237D534303F1A04303F531
S2140078A080235A6E22F480125A6675E72D15020060
S2140078B0F0B50C4615460646A422002189B020469F
S2140078C01BF05CF82746AC46BCE80F000FC7DCF898
S2140078D0003005F1140C3B6004F16407BCE80F00AF
S2140078E00FC7DCF80030EA6A3B60AB6AC4E91323D2
S2140078F095F83020A36484F8992095F83320C4F8CE
S2140079009C30012384F89A2084F8A03084F8543000
S214007910AB6B236695F8343084F8943095F83130A4
S21400792084F898303E4B346073603E4BB3603E4BF9
S214007930F3603E4B73613E4BB3613E4B3361FFF7E2
S214007940A5FA08B112280CD107A8FFF73DFA40B9EE
S214007950079B07A82375FFF737FA28B1207DFFF7A6
S21400796073FA102009B0F0BD0127079B84F8783021
S214007970314B7362314B84F8A170F361304B95F84C
S2140079803210336284F8960084F89570204619F019
S214007990CBFEAB6B93F91100FFF7DCF9AB6B93F9F9
S2140079A01100FFF7BBF9207DFFF772FB0028D8D146
S2140079B0244B0494CDE90203E36C2146CDE9007321
S2140079C02369A26C207DFFF7CFFA0028C9D13022A8
S2140079D0237D4FF48011534342F2640203F1A04327
S2140079E003F580239950AB6B93F91000FFF7B2F9BB
S2140079F0AB6B93F91000FFF791F904F1900018F0C3
S214007A00F4F83046FFF7B4F92046FFF777FD207DFF
S214007A10FFF75AFB003818BF01200001A2E700BF9D
S214007A200B1602009D15020095760000EF1402006A
S214007A30F514020091170200A9740000291702002D
S214007A40FB1402002D15020070B50568144E2C7D3F
S214007A502046FFF71DFB302303FB0463DA6E114B51
S214007A609A420FD12846FFF7E7FC80B126F07EFA4F
S214007A7001230D4AA3405365A2F5805293625363D7
S214007A8026F06FFA2046BDE87040FFF71DBB28467B
S214007A90FFF7F0FC0028F5D10123A340B364F1E71B
S214007AA000000450012B00200020045013B50A4C9F
S214007AB023787BB900F040F8684600F035F8DDE939
S214007AC000010222054B1AF0D2F808B901232370F0
S214007AD002B010BD1220FBE7022B0020E4180020A5
S214007AE007B5009313460A460146034819F0FFFE01
S214007AF003B05DF804FB00BFE418002013460A46F6
S214007B000146014819F0E2BFE418002007B50093CB
S214007B1013460A460146034819F0E2FF03B05DF833
S214007B2004FB00BFE4180020024AD2E90021C0E9A5
S214007B30002170470C1900200349044B044A5B1AC5
S214007B4011605360704700BF18310020008000208D
S214007B500C190020BFF35F8F074B5A6A22F480325D
S214007B605A62D3F8942022F00102C3F89420BFF39F
S214007B704F8FBFF36F8F704700ED00E070B5FFF7D3
S214007B80E9FF234A234CD2F8C030234D23F0FF03ED
S214007B9043F0A003AC422149C2F8C03028D025F0FB
S214007BA01F03203BB3F1005F23D21D4B0A68184821
S214007BB023F01F0343F00303C0F89820C0F89C305E
S214007BC0184B0132C0F8A0300A60BFF35F8F052261
S214007BD00F4BC3F894205A6A42F480325A62BFF3BD
S214007BE04F8FBFF36F8FBFF34F8FBFF36F8F70BD95
S214007BF00D4B08680D4EC2F8980043F001030130A3
S214007C00AC42C2F89C60C2F8A0300860DDD0CCE779
S214007C1000ED00E0602E0020802C002014190020CB
S214007C207F2E0020E17F002000800020030000203F
S214007C302DE9F0410E461146DFF8D480D8F8004012
S214007C40FF2C8CBF1A270027FFF784FF1F292AD98D
S214007C500021C2061CBF20F01F0020302B4DF3066B
S214007C6018BF26F01F06CBB29C4231D8D5F8C030DC
S214007C7040F0030423F47F4343F48073C5F8C03018
S214007C8026F074F9D8F8003046F00306C5F89830A8
S214007C90C5F89C40C5F8A06026F063F9D8F8003017
S214007CA00133C8F80030BFF35F8F0522174BC3F8C7
S214007CB094205A6A42F480325A62BFF34F8FBFF361
S214007CC06F8FBFF34F8FBFF36F8F3846BDE8F081DD
S214007CD0C5F89830D5F89C30D5F8A02023F01F03BF
S214007CE0984222F01F0201D196420BD0904201D852
S214007CF09E4209D2D5F89830013123F0FF03C5F82B
S214007D009830B0E70027CEE72827CCE700ED00E064
S214007D1014190020BFF34F8F0549064BCA6802F4BA
S214007D20E0621343CB60BFF34F8F00BFFDE700BF99
S214007D3000ED00E00400FA0538B54160044626F080
S214007D400CF905462146044817F052FF2846BDE8C0
S214007D50384026F0FDB800BF1819002038B5054693
S214007D6026F0FBF804462946034817F054FF204641
S214007D70BDE8384026F0ECB818190020014817F086
S214007D8034BF00BF1819002070B526F0E6F8124D73
S214007D900446124826F004FA2E7886B9FFF7EEFF5E
S214007DA026F0F4FB0E4B1E6025F0F4FE0D4B0E4A3B
S214007DB01860536F43F00103536719F07AFF00F021
S214007DC073F819F08DFF094B1860012320462B70BD
S214007DD026F0BEF8002070BD0F2B002034F0020005
S214007DE01C190020441900200040005020190020D3
S214007DF038B5044626F0B1F80F4D02462B78FF2B17
S214007E0004D1B4B1BDE8384026F0A2B81BB9002CA6
S214007E10F8D0012103E0002C14BF0121FF210B4400
S214007E20DBB22B70B3FA83F304495B0910460B7080
S214007E30E8E71946F3E700BF0C2B00200B2B0020C9
S214007E40054B1B685843054B00F5742000F23F2095
S214007E50B0FBF3F0704700BF4419002040420F000B
S214007E6073B50F4E04463378834211D000238DF845
S214007E700430430001A88DF805300A4DFCF7C8FB16
S214007E8040203CB1FFF7DCFF2B68181A28603470DE
S214007E9002B070BDFFF7D4FF2B681844F6E700BFAA
S214007EA0013100207C19002073B5002401A88DF84C
S214007EB00440FCF74FFC2046FFF7D2FF2C4B2D4A20
S214007EC0D3F8003103F0030313604FF400222A4B6B
S214007ED05A664FF400325A6625F0A8FB4FF4C87075
S214007EE0FFF7AEFF254B264A186026491368013473
S214007EF0E4B20A2C41F8040BF9D1034400EBC000AD
S214007F0003441360204B214D1B7813B3184BD3F852
S214007F10003103F00303022B23D0032B24D0012BC4
S214007F2017D124F0CDFE024698B1194B194EDC68E5
S214007F3000231946C4F30B04013404EB840401380F
S214007F40E4FB060102F088FAFFF77AFF2B68034489
S214007F502B601F20FFF774FF2B6803442B6002B0D2
S214007F6070BD24F0B7FEDEE724F0B0FEDBE700BF0E
S214007F70008000508819002000900050481900200A
S214007F804C19002050190020132B00207C190020CB
S214007F9000C0015040420F000122154B10B55A6731
S214007FA0144B154C1B7813B3022026F0E0FAF0B100
S214007FB025F0B8FED8B1A36DD90302D5E36D9A07B4
S214007FC015D40D4B9B6DDB0711D401220B4B1A7099
S214007FD026F0C1FABDE81040094B0A4A1860136F34
S214007FE023F0070343F00303136724F04FBE10BDCE
S214007FF000D00050142B002000C00050112B002091
S21400800078190020008000500122014B1A7070473A
S214008010142B002070B525F0A9FF144E05463478C1
S214008020FCB9134B1C60134B1C60134B1C6000F018
S21400803031F8012025F062FF25F054FF0F4B024671
S214008040186020B9284625F08CFF232070BD2346F3
S21400805040F2E7310A4802F0FFF90A4B18600123A4
S2140080603370284625F07DFF0020EFE7172B002011
S2140080709C19002098190020A4190020A01900209F
S21400808018FCFFFF94190020014B1868704700BFCA
S2140080909419002030B50024194B85B018689A88CA
S2140080A00290D3F806009B7A00901648ADF80C2094
S2140080B08DF8043026F074F802A88DF808408DF884
S2140080C00C40FCF7ADFD694601208DF80040FCF73A
S2140080D06BFD40F2FF320C4B9A615A614FF0B04292
S2140080E0936A13F00803FBD113620120FCF776FDB8
S2140080F00C20FEF72FFE0C20FEF710FE05B030BD5C
S214008100E7F0020024F002000020005810B525F029
S2140081102DFF4FF0B04304465B695A06074A03F04A
S214008120010003F0510348BF40F00200536125F000
S2140081300FFE2046BDE8104025F013BF0020005873
S2140081402DE9F04F9B4691B00B1E0A93B74B904615
S21400815014BF8146994600251A9E9BF8000070B908
S214008160454538BF2A4643464FF000000A9928BFC7
S21400817008F1FF32C847284611B0BDE8F08F252821
S2140081800BF1010B06D02A4643460A996C1CC847D9
S2140081902546E2E700230CE02D2A1FD0302A05D022
S2140081A0A2F1300009280ED8002729E043F0010389
S2140081B08B46594611F8012B2B2A12D0ECD8202AD0
S2140081C012D0232A13D02A2A33D156F8047B8B46A2
S2140081D0002FBCBF43F002037F4218E043F00203C7
S2140081E0E6E743F00403E3E743F00803E0E743F081
S2140081F01003DDE70A208B4600FB0722A2F13007BA
S214008200594611F8012BA2F130000928F2D99BF843
S21400821000202E2A44D19BF801100BF10102A1F197
S2140082203000092843F4806331D800244FF00A0C4C
S21400823006E00027EBE702460CFB0411A1F1300430
S214008240104610F8011BA1F1300EBEF1090FF2D94D
S214008250114611F8010B6C282CD024D8682830D091
S2140082606A2837D011468B461BF8010B67285DD865
S214008270572832D8452807D085D9462800F0E88008
S214008280472880D143F4006343F02003F4E02A2912
S21400829007D156F8044B0BF1020224EAE474D7E740
S2140082A05A460024D4E7742801D07A28DAD143F459
S2140082B08073D8E750786C28F9D143F44073911C4A
S2140082C0D1E75078682802D043F08003CBE743F02C
S2140082D0C003F4E743F40073C5E7A0F158020F2A81
S2140082E03FF651AF01A151F822F000BF8383000092
S2140082F08781000087810000878100008781000059
S2140083008781000087810000878100008781000048
S21400831087810000838300009D8400008383000023
S214008320758400005584000075840000A0F1690182
S214008330C9B20F293FF627AF012249F2410C8A4005
S21400834012EA0C0218D10A2900F0E48007297FF40B
S2140083501AAF43F0210305930823CDE90343102306
S214008360CDE9012356F8043B2A4600934846434687
S2140083700A9919F0DCFD7BE06F2840F02F81082277
S2140083800BE0582810D0622800F0268123F0100356
S21400839064284FF00A0200F0298123F00C0325E13F
S2140083A07828F3D11022F8E743F02003FAE7D9053E
S2140083B006F1040A01D5316803E058060DD596F992
S2140083C00010CDE90224CDE9047300294FEAD173E9
S2140083D00193B8BF4942009120E01906EBD5B6F9E3
S2140083E00010EEE779B1CDE907730023CDE9042349
S2140083F006F1070A2AF0070A06940293FAE802230F
S214008400CDE9002317E1D80506F1040A10D5CDE919
S2140084100473CDE9022401913368009343462A464B
S21400842048460A9919F083FD0BE100BF911D020032
S214008430590607D53178CDE904730023CDE9022427
S2140084400193C8E7316813F0800F18BF89B2F2E7CE
S21400845043F02003CDE90173073626F007060094A3
S214008460B6EC020B43462A4648460A99F8F718F92E
S214008470054672E667280ED0CDE90173073626F06A
S21400848007060094B6EC020B43462A4648460A996D
S214008490F7F746FFECE743F40063EDE713F002045A
S2140084A023D04FF0010A6B1C0B932A4643460A99C9
S2140084B016F8040BC8475CB354460B9A1EE04346B6
S2140084C020200A99C84705EB0A020AF1010A574517
S2140084D0F5D8002F07F1FF3308BF002307F1010A84
S2140084E01D4408BF4FF0020ADDE7A246EBE7551C25
S2140084F0434620200A99C8472A460134A742F6D8A0
S214008500A7EB0A03574538BF00230B9A1A440B9271
S2140085100B9D22E63246002C52F8046B14BF21460F
S2140085204FF0FF310B9232463144107808B1914239
S21400853011D1A2EB060A13F480620D9202D0A24576
S21400854028BFA24613F002030E931BD1AAEB050325
S2140085502A460C9308E00132E7E7531C0F932020CD
S21400856043460A99C8470F9A0C9B1344BB42F4D360
S214008570A7EB0A03574538BF00230AF1010202EBB6
S214008580030A1D44AB1B0C9304E01C4643462A46D4
S2140085900A99C8470C9B9D1916F8010B28B10D9B2C
S2140085A0002BF3D0631E002CEFD10E9B93B12A460E
S2140085B0AAEB050405E0561C434620200A99C84746
S2140085C03246A3189F42F6D8A7EB0A03574538BF92
S2140085D000231D440B9EC0E50222DEE63FF6E0AE19
S2140085E0692823F010037FF4D3AE0A22590548BF4A
S2140085F023F00103692803F4007102D064287FF495
S214008600F1AE00293FF4D3AE073626F00706B24691
S21400861070685AF8081BCDE9077300230593C30F4B
S2140086200028029306940B46049202DA4B4260EB53
S2140086304000CDE9003043462A4648460A9919F0DC
S214008640B8FC0546564688E51FB5CDE902010093FD
S21400865002A9134603484FF0FF32FFF771FD05B03D
S2140086605DF804FB5320020030B502298FB00546A2
S2140086700C46ADF806200DD10B238DF80B300023E9
S21400868028461A460DF10B0123F0D3FA40B39DF8A5
S2140086900B0026E003A923F033FA08BB9DF80C3044
S2140086A00CBB042B28BF042328468DF80B3023F080
S2140086B021FA0028E3D02422002105A81AF05EF94A
S2140086C00D4A0E4B2846002C08BF13460DF1060136
S2140086D006930DF10B0205AB0FF0A8FC0028CED0D8
S2140086E00D200FB030BD012CDED15A1FD2B2062AA3
S2140086F028BF0A23D8E700BF00180D8FC0CA8936E6
S21400870070B5044623F0F2F9064630B90FCC044D96
S2140087100FC594E8030085E80300304670BD00BF2F
S214008720A819002047F6FF739A42F0B569D00229CF
S21400873069D8364B5B5C012B65D8354DDE0005EB02
S214008740C30415F83330A178012B13D10025E07847
S214008750401AA84202D80844C0B2F0BD431B66685F
S214008760A0EB530336F913609642D4BF1D4603F1BF
S214008770FF30EEE760680028EFD0B0F90040A24274
S21400878004DCB0F902409442B8BF144683883544EE
S214008790FF2B19BFC8232827B0F90630B0F9087098
S2140087A0A3EB04030CBF0122002293FBF7F36E78C1
S2140087B013441BB29E4201DD002B01DA731E1BB26E
S2140087C04FF47A7C00EBC305EA88AD685F1C14FBA7
S2140087D002521D4622EAE2723BB25C329E42B2FB75
S2140087E0FCF204DD00EBC307BF88BA42EAD900EB0F
S2140087F0C5039888904228BF1046884238BF08466E
S214008800AAE7FF20A9E70020A7E700BF48F102007B
S214008810A819002008B50448FFF772FFBDE8084015
S214008820012023F065B900BFD8FA020011B9024949
S21400883023F04BB92120704714300020022870B571
S21400884034D81C4C245C012C30D81B4810F834500B
S214008850012D12D100EBC40046684EB3C478807870
S214008860844225D3241AB6F9005036F91440601B0A
S2140088702828A8BF282000B20DE0BDB900EBC40030
S2140088804068A8B18488B0F90250FF2C0BD1B0F92B
S2140088900640B0F9080001B10D8002B1148003B1A2
S2140088A01880002070BDB0F90040E0E72120F9E70D
S2140088B00E20F7E748F10200A81900202DE9F0473E
S2140088C014461D46124A8846DDF820900646FFF7F5
S2140088D0CBFE21464B462A460746FFF7AFFF044627
S2140088E098B995B1304623F005F970B147F6FF7296
S2140088F041463046FFF7B8FE874206D023462A4652
S2140089002146BDE8F047FFF799BF2046BDE8F0874F
S2140089100080FFFF7FB50222084B0949CDE90123FD
S2140089204FF00073CDE90313052301A94FF0FF3084
S214008930059323F005F907B05DF804FB006A1800FC
S214008940000204001B0603F0706300F00F0009022B
S214008950034301F47061120402F470220B431343C4
S214008960014A1360704700BF0020025C60B50546F0
S21400897019B10139B1F5806F0FD2094EF06810F4C5
S2140089808030FBD143EA012312072B4302F08052CA
S214008990134343F00043736060BD0120FCE700BF53
S2140089A00020025C0122054B9A60DA68D203FCD4F0
S2140089B0D86820F00F000004000C70470020025C0E
S2140089C0014B1868704700BF0040025C014B5868B6
S2140089D0704700BF0010025C014B186B704700BF69
S2140089E00010025C014B1868704700BF0010025C64
S2140089F0014B9860704700BF0010025C014B186482
S214008A00704700BF0010025C014B5864704700BFFF
S214008A100010025C014B5863704700BF0010025CF8
S214008A200022014B1A6070470010025C024A13686D
S214008A3043F00103136070470010025C024A13689B
S214008A4023F00103136070470010025C43F2040237
S214008A50014B1A60704700BF0010025C024A1368A0
S214008A6043F03003136070470010025C044B1A6832
S214008A7042F480721A601A6822F480721A60704794
S214008A800010025C024A136843F480631360704768
S214008A900010025C034A136823F4702343EA004381
S214008AA0136070470010025C044B1A6902605A6932
S214008AB042609A698260DB69C36070470010025C9E
S214008AC00268044B1A6142685A6182689A61C268F9
S214008AD0DA6170470010025C024B1A6BD207FCD4B6
S214008AE0186270470010025C0322024B186019617E
S214008AF05A6370470000025C82B01FB507930A9B5A
S214008B0004AC8B4228BF0B4604E907001048D1008E
S214008B10079948BF03330160099948BF23F0030350
S214008B2023F0704301F0E041194341F000518160A9
S214008B30002102F0E042019C1A4342F00052C1605C
S214008B4004618261416304B0BDE8104002B0704722
S214008B500000025C3F22034B1A631022DA610322F4
S214008B609A6370470000025C024AD36B9B07FCD4F2
S214008B70704700BF0000025C044B986A00F02400B7
S214008B80003818BF01208000704700BF0000025C5C
S214008B9008B5FFF7F1FF064BDB6B23F47F4323F0AA
S214008BA0EF0303431EBF0122024BC3F8FC2F08BD90
S214008BB00000025C00F0FF3F4368182B0AD0202B11
S214008BC01DD0102B2BD1174BD3F80434DB010AD45D
S214008BD001207047134BD3F804349A01F8D50B687C
S214008BE043F008030B6003680F4A934210D10B68EA
S214008BF043F040030B600023436000207047094B9E
S214008C00D3F804345B01E3D50B6843F00403E9E7CB
S214008C10064A9342F1D10B6843F08003EAE7072047
S214008C20704700BF0000025C192B0020182B0020A4
S214008C300B4607B50749D1F80414C90708D5002123
S214008C4000920246084600F05BF803B05DF804FBAD
S214008C500120FAE70000025C1346064AD2F8042414
S214008C60D20504D50A460146002019F016BC01209C
S214008C70704700BF0000025C13B5084CD4F80444EB
S214008C80E40508D5009313460A460146002000F086
S214008C9061F802B010BD0120FBE700BF0000025CD7
S214008CA013B5084CD4F80444E40508D500931346DD
S214008CB00A460146002000F071F802B010BD0120FF
S214008CC0FBE700BF0000025C70B504460D46164682
S214008CD08CB00A4A09AB07CA83E807001A46214641
S214008CE0CDE90563CDE90333CDE9013300954FF4B3
S214008CF0803019F0F9FA0CB070BD00BF4CF10200DC
S214008D00F0B51C465B6815468DB01A07129E1AD140
S214008D10CBB17268934216D10C4B0D4A53F82170B2
S214008D2009AB07CA83E807001A462946CDE905338A
S214008D30CDE90333CDE90163009447F4807019F060
S214008D40D3FA0DB0F0BD0720FBE700BF58F10200D4
S214008D504CF10200F0B516465A688DB0102A0D4642
S214008D60129F15D17A68102A12D10A4A09AC07CA8E
S214008D7084E8070022462946CDE90547CDE90344A5
S214008D80CDE901440448009619F0AEFA0DB0F0BDE6
S214008D900720FBE74CF1020030000100F0B5164654
S214008DA05A688DB0102A0D46129F15D17A68102A7F
S214008DB012D10A4A09AC07CA84E8070022462946A7
S214008DC0CDE90574CDE90344CDE901440448009695
S214008DD019F08AFA0DB0F0BD0720FBE74CF102004F
S214008DE01000010082B070B586B0149D03AE202D31
S214008DF086E807000B9359D805EB85038B4203D012
S214008E0006236B438B4253D10C9BAB4250D10F9B36
S214008E10B3EB450F4CD1129A934249D10122294611
S214008E202220159BFFF7A2FD044630BB0346062210
S214008E300E210C20FFF786FD0123CDE900332B46DB
S214008E4096E8070019F0CFF90E230BAA009307CA7D
S214008E502B4619F00EF90C23164C00930EAA2B463F
S214008E6007CA19F03BF9636823F07F0343F0260333
S214008E706360FFF797FD30B10624204606B0BDE8D4
S214008E80704002B07047636823F07F0343F022030C
S214008E906360FFF787FD04460028EDD1062311AA7C
S214008EA0009307CA2B4619F04CF9E6E70124E4E7DD
S214008EB00724E2E70020025C70B598B0002843D093
S214008EC02C4C08AD0FCC0FC50FCC0FC50FCC0FC563
S214008ED094E80F0004AE85E80F0004F11003203478
S214008EE00FCB8DE80F0094E80F0086E80F00FFF721
S214008EF0BDFD0420FFF7CEFDFFF7A8FD30466D460A
S214008F00FFF7DEFD002408AE56F8040B0134FFF729
S214008F10E3FD102CF8D1FFF759FD0328FBD90024F8
S214008F20FFF77EFD2646FFF74BFD55F8043B01365E
S214008F305840042E44EA0004F5D12CB10122062044
S214008F400D4B1A7018B070BDFFF790FD0820FFF7A4
S214008F504FFD0020FFF752FD0720FFF755FD4FF4A9
S214008F600070FFF757FD0820FFF794FDFFF75EFD42
S214008F700020E7E734F202001B2B002008B5FFF7BD
S214008F8075FD0122014B1A7008BD00BF1A2B002088
S214008F901FB519F0FFFB044630B1012206240D4B25
S214008FA01A70204604B010BDFFF70AFD0090FFF7C8
S214008FB007FD0190FFF704FD0290FFF701FD039007
S214008FC06846FFF77DFDFFF7D9FFFFF747FDFFF780
S214008FD059FDE6E71B2B002030B52DED028B002354
S214008FE083B0694601A8CDE90033F7F7BDFE034616
S214008FF02B4C112B206842D12A4918F01AFA16F089
S214009000B8FD16F0B7FD2849206818F012FA274B6D
S2140090101B780BB1264B0093DDED007A9FED257A89
S214009020F8EEE77A87EE878A1E49206818F001FA7C
S21400903016F09FFD16F09EFD18EE100A00F0D2FE08
S21400904002460B4620681C4918F0F3F91B4B002219
S2140090500099187815F0D5FE054660B118492068C5
S21400906018F0E7F916F085FD16F084FD2A46154936
S214009070206818F0DEF903B0BDEC028B30BD002B83
S214009080C5D00F4918F0D5F916F073FD16F072FD2D
S214009090DDE900320C49206818F0CBF9B7E700BFCD
S2140090A0840E002068EA02006DEA02001C2B0020F5
S2140090B0E0B1FFFF00007A44CDEA02001D2B00203D
S2140090C0AAEA0200E3EA0200AFEA020038B5F7F7C0
S2140090D02DFE0F4C054660B10E49206818F0A9F920
S2140090E016F047FD16F046FD2A460B49206818F094
S2140090F0A0F90A49206818F09CF916F03AFD16F017
S21400910039FD20680649BDE8384018F092B900BF1E
S214009110840E0020AAEA020020EB020068EA0200A1
S2140091206AEB020070B503689B4A23F47F4323F082
S2140091300703934205468AB000F01E8102F1807252
S214009140934200F04F81954A934240F01381944C2D
S2140091509449206818F06DF916F00BFD16F00AFD1C
S214009160D5F81230904901932B890093EB88AA8892
S214009170206818F05EF90DF11F0108A80DF014FE26
S214009180054620680DB3894918F053F988492068C8
S21400919018F04FF916F0EDFC16F0ECFC854B864AFD
S2140091A0009386497523206818F043F984492B46B6
S2140091B0844A206818F03DF92846F8F781FA824973
S2140091C0206818F036F900BEFDE7764918F031F948
S2140091D016F0CFFC16F0CEFC9DF820309DF81F1040
S2140091E004939DF82130794803939DF82230784AFD
S2140091F002939DF82330774E01939DF82430002982
S21400920008BF0246009374499DF82530206818F080
S21400921010F930460DF066FD054610B36349206828
S21400922018F007F96249206818F003F916F0A1FC57
S21400923016F0A0FC5F4B604A0093604982232068CA
S21400924018F0F7F85E492B465E4A206818F0F1F8E9
S2140092502846F8F735FA5C49206818F0EAF800BEA8
S214009260FDE7022130780DF077FD054610B34F4933
S214009270206818F0DEF84E49206818F0DAF816F084
S21400928078FC16F077FC4B4B4B4A00934B498723F0
S214009290206818F0CEF84A492B464A4A206818F04B
S2140092A0C8F82846F8F70CFA4749206818F0C1F8BD
S2140092B000BEFDE7A02200900346114630780DF070
S2140092C02BFD054610B33949206818F0B2F8384926
S2140092D0206818F0AEF816F04CFC16F04BFC354B38
S2140092E0354A009335499023206818F0A2F834498F
S2140092F02B46344A206818F09CF82846F8F7E0F920
S2140093003149206818F095F800BEFDE70221307854
S2140093100DF036FD054620680DB3244918F089F88F
S2140093202349206818F085F816F023FC16F022FC76
S214009330204B214A009321499523206818F079F89C
S2140093401F492B461F4A206818F073F82846F8F77E
S214009350B7F91D49206818F06CF800BEFDE7114902
S21400936018F067F816F005FC16F004FC1B49206898
S21400937018F05FF80AB070BD094C0A49206818F06A
S21400938058F816F0F6FB16F0F5FB154920680AB0FB
S214009390BDE8704018F04DB8A0000600A00001001F
S2140093A0840E002068EA0200A6EB0200E1EA020052
S2140093B0B8E70200ECF20200CFEB020060E8020021
S2140093C06FE802006CE8020084E8020098EB0200F6
S2140093D08AEB02000331002016EC02004BEC020080
S2140093E060EC02001F4C2049206818F022F816F0A6
S2140093F0C0FB16F0BFFB1D49206818F01AF81C4B7E
S214009400022118780DF0BCFC054620680DB31949FA
S21400941018F00FF81849206818F00BF816F0A9FB9A
S21400942016F0A8FB154B164A00931649B123206880
S21400943017F0FFFF14492B46144A206817F0F9FF6F
S2140094402846F8F73DF91249206817F0F2FF00BEEB
S214009450FDE7054917F0EDFF16F08BFB16F08AFBCB
S2140094600C4993E7840E002068EA020073EC0200C1
S21400947003310020E1EA0200B8E70200ECF2020045
S214009480CFEB020060E802006FE802006CE8020022
S21400949084E802004BEC020037B51548F8F74EF9A1
S2140094A0054618B3134C1449206817F0C2FF134939
S2140094B0206817F0BEFF16F05CFB16F05BFB104B47
S2140094C0104A00931049CE23206817F0B2FF0F49C8
S2140094D02B460F4A206817F0ACFF2846F8F7F0F83E
S2140094E00C49206817F0A5FF00BEFDE703B030BDAD
S2140094F0C0190020840E0020E1EA0200B8E702004E
S214009500D1F20200CFEB020060E802006FE8020032
S2140095106CE8020084E80200204B37B5187000297A
S21400952035D001234FF47A7100931D4A00231D485D
S214009530F8F722F9044618B31B4D1C49286817F0A3
S21400954078FF1B49286817F074FF16F012FB16F018
S21400955011FB184B184A00931849E523286817F0A2
S21400956068FF17492346174A286817F062FF204607
S214009570F8F7A6F81449286817F05BFF00BEFDE769
S2140095800146084803B0BDE83040FFF725BD054852
S21400959003B0BDE83040F8F7D1B800BF1D2B00205F
S2140095A0D98F0000C0190020840E0020E1EA0200D6
S2140095B0B8E702009AF20200CFEB020060E8020071
S2140095C06FE802006CE8020084E8020010B504466A
S2140095D016F075FB012805D1054B9C4204BF054BD0
S2140095E0187004E0204616F06AFB0028F4D010BD80
S2140095F0FCF502001C2B002030B58BB00DF11F01CE
S21400960008A80DF0D1FB0546254C206815B3254962
S21400961017F00FFF2449206817F00BFF16F0A9FA81
S21400962016F0A8FA214B224A0093224940F2391339
S214009630206817F0FEFE20492B46204A206817F0C7
S214009640F8FE2846F8F73CF81D49206817F0F1FEAA
S21400965000BEFDE71B4917F0ECFE16F08AFA16F07E
S21400966089FA9DF820309DF81F1004939DF821304C
S214009670154803939DF82230144A02939DF8233030
S214009680002908BF024601939DF824301049009334
S21400969020689DF8253017F0CCFE0BB030BD00BF1B
S2140096A0840E0020E1EA0200B8E7020094F202000D
S2140096B0CFEB020060E802006FE802006CE80200F0
S2140096C084E8020068EA020098EB02008AEB0200D7
S2140096D016EC02000022014B1A807047B02A0020C8
S2140096E010B524F03AFC054A148814B1631E012410
S2140096F0138024F02DFC204610BD00BFB02A0020A9
S21400970010B50B4CC2B00DF09FFC206801F09EFC1B
S21400971060B119F065F848B14FF48271206801AA6B
S21400972019F0BBFA10B901A819F04FF842B010BDF5
S214009730E82600201FB5094B094A1868094B01A9FD
S2140097401860094B1360094A0192094A1268CDE96C
S214009750022317F095FA05B05DF804FBAC2E002046
S2140097601C17002020170020A02E00208CEC0200E2
S214009770D01C0020014B186817F096BAAC2E0020BB
S21400978038B5FDF701FB0446064D2B68D3F8B0024A
S214009790FDF7EEFA286817F09AFA2046BDE838403A
S2140097A0FDF7E6BAAC2E002001490248FDF73CB9A9
S2140097B03CF00200B41C0020064B1B681A7A022AF2
S2140097C001D81AB97047032A00D070471B68024AAE
S2140097D013607047B02E0020D01C002070B51F4DBF
S2140097E0A0B00AAC0FCD0FC495E8070084E80700C8
S2140097F000246E461A4BCDE901441B68039400937F
S21400980011AD0FCECDE9064408940FC5154B05AE35
S2140098102B60154B16AD1B6805930FCE0FC5202287
S214009820124B11A92B60124B12481B93124B1E941D
S214009830CDE91C23114B0AAA1F93114BFDF7DEFC42
S21400984004469DF877304FF4E130002B0CBF03211F
S214009850002116F0BCF9204620B070BDE0F50200ED
S21400986078F002003400035A74F002003C00035AF9
S2140098701E2B0020901D002000010100C42E002099
S214009880D41C002029B9074B186803684BB1FEF7B3
S214009890DBB8012905D1034B186803680BB117F034
S2140098A0B0BF7047D82E002008B504490448FEF71C
S2140098B043FABDE80840FFF791BF00BFDC2E00204A
S2140098C0B81D0020014817F0E2BD00BF901D002023
S2140098D0014B5A6A18681047901D0020014816F080
S2140098E0E9B900BFFCF5020030B503687E4A23F4F0
S2140098F07F4323F00703934289B040F0F3800622AB
S21400990000211620794B08F0EFFE044618B3784D78
S2140099107849286817F08DFD7749286817F089FD83
S21400992016F027F916F026F9744B754A0093754918
S2140099306C23286817F07DFD73492346734A286810
S21400994017F077FD2046F7F7BBFE7149286817F039
S21400995070FD00BEFDE70146082212206D4B08F0A0
S214009960C3FE044618B3624D6249286817F061FDCD
S2140099706149286817F05DFD16F0FBF816F0FAF856
S2140099805E4B5F4A00935F497823286817F051FDC5
S2140099905D4923465D4A286817F04BFD2046F7F7D9
S2140099A08FFE5B49286817F044FD00BEFDE70146C0
S2140099B003221420584B08F097FE054618B34C4C6B
S2140099C04C49206817F035FD4B49206817F031FDEB
S2140099D016F0CFF816F0CEF8484B494A009349499E
S2140099E08623206817F025FD47492B46474A2068FE
S2140099F017F01FFD2846F7F763FE4549206817F065
S214009A0018FD00BEFDE70DF10F0104A80DF0CCF91E
S214009A10044618B3364D3749286817F00AFD36490C
S214009A20286817F006FD16F0A4F816F0A3F8334BD6
S214009A30334A009333499523286817F0FAFC3249D5
S214009A402346324A286817F0F4FC2046F7F738FE1B
S214009A502F49286817F0EDFC00BEFDE7BDF814306E
S214009A6001465BBAADF818309DF8133008228DF821
S214009A701A30FF238DF81B30FE238DF81C309DF81E
S214009A80123018208DF81D30BDF810305BBAADF8D6
S214009A901E3006AB08F028FE054618B3144C1549D0
S214009AA0206817F0C6FC1449206817F0C2FC16F0B0
S214009AB060F816F05FF8114B114A00931149A52380
S214009AC0206817F0B6FC10492B46104A206817F09D
S214009AD0B0FC2846F7F7F4FD0D49206817F0A9FCFE
S214009AE000BEFDE709B030BDA000010056F602003A
S214009AF0840E0020E1EA0200B8E7020014F6020035
S214009B00A6EC020060E802006FE802006CE80200C3
S214009B1084E802004DF6020049F6020081F000419A
S214009B2002E000BF83F0004330B54FEA41044FEA3D
S214009B30430594EA050F08BF90EA020F1FBF54EAD8
S214009B40000C55EA020C7FEA645C7FEA655C00F074
S214009B50E2804FEA5454D4EB5555B8BF6D420CDD45
S214009B602C4480EA020281EA030382EA000083EAC8
S214009B70010180EA020281EA0303362D88BF30BD68
S214009B8011F0004F4FEA01314FF4801C4CEA1131BE
S214009B9002D0404261EB410113F0004F4FEA03331D
S214009BA04CEA133302D0524263EB430394EA050FA8
S214009BB000F0A780A4F10104D5F1200E0DDB02FA17
S214009BC00EFC22FA05F2801841F1000103FA0EF2AB
S214009BD0801843FA05F359410EE0A5F120050EF171
S214009BE0200E012A03FA0EFC28BF4CF0020C43FAA2
S214009BF005F3C01851EBE37101F0004507D54FF0AF
S214009C00000EDCF1000C7EEB00006EEB0101B1F5FE
S214009C10801F1BD3B1F5001F0CD349085FEA300044
S214009C204FEA3C0C04F101044FEA445212F5800F4F
S214009C3080F09A80BCF1004F08BF5FEA500C50F1EC
S214009C40000041EB045141EA050130BD5FEA4C0CCF
S214009C50404141EB0101013C28BFB1F5801FE9D22C
S214009C6091F0000F04BF01460020B1FA81F308BF4F
S214009C702033A3F10B03B3F120020CDA0C3208DD1B
S214009C8002F1140CC2F10C0201FA0CF021FA02F1F6
S214009C900CE002F11402D8BFC2F1200C01FA02F166
S214009CA020FA0CFCDCBF41EA0C019040E41AA2BF8B
S214009CB001EB0451294330BD6FEA04041F3C1CDA53
S214009CC00C340EDC04F11404C4F1200220FA04F073
S214009CD001FA02F340EA030021FA04F345EA03011D
S214009CE030BDC4F10C04C4F1200220FA02F001FADF
S214009CF004F340EA0300294630BD21FA04F0294661
S214009D0030BD94F0000F83F4801306BF81F48011F9
S214009D100134013D4EE77FEA645C18BF7FEA655C6C
S214009D2029D094EA050F08BF90EA020F05D054EA3E
S214009D30000C04BF1946104630BD91EA030F1EBF43
S214009D400021002030BD5FEA545C05D14000494147
S214009D5028BF41F0004130BD14F580043CBF01F53A
S214009D60801130BD01F0004545F0FE4141F4700120
S214009D704FF0000030BD7FEA645C1ABF19461046FB
S214009D807FEA655C1CBF0B46024650EA013406BFFC
S214009D9052EA033591EA030F41F4002130BD00BFBB
S214009DA090F0000F04BF0021704730B54FF4806478
S214009DB004F132044FF000054FF0000150E700BFF9
S214009DC090F0000F04BF0021704730B54FF4806458
S214009DD004F1320410F0004548BF40424FF0000145
S214009DE03EE700BF42004FEAE2014FEA31014FEA88
S214009DF002701FBF12F07F4393F07F4F81F06051D7
S214009E00704732F07F4208BF704793F07F4F04BF21
S214009E1041F40021704730B54FF4607401F00045FE
S214009E2021F000411CE700BF50EA010208BF70475E
S214009E3030B54FF000050AE050EA010208BF70474F
S214009E4030B511F0004502D5404261EB41014FF4B8
S214009E50806404F132045FEA915C3FF4D8AE4FF0C0
S214009E6003025FEADC0C18BF03325FEADC0C18BFA3
S214009E70033202EBDC02C2F1200300FA03FC20FAF4
S214009E8002F001FA03FE40EA0E0021FA02F1144441
S214009E90BDE600BF70B54FF0FF0C4CF4E06C1CEA5A
S214009EA011541DBF1CEA135594EA0C0F95EA0C0FCB
S214009EB000F0DEF82C4481EA030621EA4C5123EA3E
S214009EC04C5350EA013518BF52EA033541F480116D
S214009ED043F4801338D0A0FB02CE4FF00005E1FB20
S214009EE002E506F00042E0FB03E54FF00006E1FB6A
S214009EF003569CF0000F18BF4EF0010EA4F1FF04AD
S214009F00B6F5007F64F5407404D25FEA4E0E6D41EC
S214009F1046EB060642EAC62141EA55514FEAC520FD
S214009F2040EA5E504FEACE2EB4F1FD0C88BFBCF579
S214009F30E06F1ED8BEF1004F08BF5FEA500E50F12A
S214009F40000041EB045170BD06F0004646EA0101F0
S214009F5040EA020081EA0301B4EB5C04C2BFD4EB22
S214009F600C0541EA045170BD41F480114FF0000E1B
S214009F70013C00F3AB8014F1360FDEBF002001F089
S214009F80004170BDC4F10004203C35DA0C341BDC03
S214009F9004F11404C4F1200500FA05F320FA04F0D5
S214009FA001FA05F240EA020001F0004221F0004109
S214009FB010EBD37021FA04F642EB06015EEA430E7C
S214009FC008BF20EAD37070BDC4F10C04C4F12005AC
S214009FD000FA04F320FA05F001FA04F240EA02005F
S214009FE001F0004110EBD37041F100015EEA430E30
S214009FF008BF20EAD37070BDC4F1200500FA05F250
S21400A0004EEA020E20FA04F301FA05F243EA0203CE
S21400A01021FA04F001F0004121FA04F220EA0200DD
S21400A02000EBD3705EEA430E08BF20EAD37070BD23
S21400A03094F0000F0FD101F00046400041EB010103
S21400A04011F4801F08BF013CF7D041EA060195F0E5
S21400A050000F18BF704703F00046520043EB03039F
S21400A06013F4801F08BF013DF7D043EA060370478C
S21400A07094EA0C0F0CEA135518BF95EA0C0F0CD097
S21400A08050EA410618BF52EA4306D1D181EA0301DD
S21400A09001F000414FF0000070BD50EA410606BFD7
S21400A0A01046194652EA430619D094EA0C0F02D11C
S21400A0B050EA013613D195EA0C0F05D152EA033661
S21400A0C01CBF104619460AD181EA030101F000417F
S21400A0D041F0FE4141F470014FF0000070BD41F0C8
S21400A0E0FE4141F4780170BD70B54FF0FF0C4CF4A2
S21400A0F0E06C1CEA11541DBF1CEA135594EA0C0FC1
S21400A10095EA0C0F00F0A7F8A4EB050481EA030E0D
S21400A11052EA03354FEA013100F088804FEA0333F4
S21400A1204FF0805545EA131343EA12634FEA0222C2
S21400A13045EA111545EA10654FEA00260EF0004183
S21400A1409D4208BF964244F1FD0404F5407402D2D5
S21400A1505B084FEA3202B61A65EB03055B084FEA66
S21400A16032024FF480104FF4002CB6EB020E75EB63
S21400A170030E22BFB61A754640EA0C005B084FEA8B
S21400A1803202B6EB020E75EB030E22BFB61A754608
S21400A19040EA5C005B084FEA3202B6EB020E75EB53
S21400A1A0030E22BFB61A754640EA9C005B084FEACB
S21400A1B03202B6EB020E75EB030E22BFB61A7546D8
S21400A1C040EADC0055EA060E18D04FEA051545EAC7
S21400A1D016754FEA06164FEAC30343EA52734FEA70
S21400A1E0C2025FEA1C1CC0D111F4801F0BD141EAE9
S21400A1F000014FF000004FF0004CB6E711F4801F4E
S21400A20004BF01430020B4F1FD0C88BFBCF5E06F2D
S21400A2103FF6AFAEB5EB030C04BFB6EB020C5FEA3D
S21400A220500C50F1000041EB045170BD0EF0004E92
S21400A2304EEA113114EB5C04C2BFD4EB0C0541EAC4
S21400A240045170BD41F480114FF0000E013C90E6C1
S21400A25045EA060E8DE60CEA135594EA0C0F08BF85
S21400A26095EA0C0F3FF43BAF94EA0C0F0AD150EA84
S21400A27001347FF434AF95EA0C0F7FF425AF104617
S21400A28019462CE795EA0C0F06D152EA03353FF43F
S21400A290FDAE1046194622E750EA410618BF52EABC
S21400A2A043067FF4C5AE50EA41047FF40DAF52EA90
S21400A2B043057FF4EBAE12E74FF0FF3C06E000BF2D
S21400A2C04FF0010C02E000BF4FF0010C4DF804CD3A
S21400A2D04FEA410C7FEA6C5C4FEA430C18BF7FEAFA
S21400A2E06C5C1BD001B050EA410C0CBF52EA430C28
S21400A2F091EA030F02BF90EA020F0020704710F1A8
S21400A300000F91EA030F58BF994208BF90422CBF36
S21400A310D8176FEAE37040F0010070474FEA410C2F
S21400A3207FEA6C5C02D150EA013C07D14FEA430C4D
S21400A3307FEA6C5CD6D152EA033CD3D05DF8040BBE
S21400A340704700BF8446104662468C4619466346F0
S21400A35000E000BF01B5FFF7B7FF002848BF10F1C7
S21400A360000F01BD4DF808EDFFF7F4FF0CBF01200C
S21400A37000205DF808FB00BF4DF808EDFFF7EAFF88
S21400A38034BF012000205DF808FB00BF4DF808ED43
S21400A390FFF7E0FF94BF012000205DF808FB00BF38
S21400A3A04DF808EDFFF7CEFF94BF012000205DF8C2
S21400A3B008FB00BF4DF808EDFFF7C4FF34BF0120CF
S21400A3C000205DF808FB00BF4FEA410212F50012BC
S21400A3D015D211D56FF47873B3EB625212D94FEAE7
S21400A3E0C12343F0004343EA505311F0004F23FAD1
S21400A3F002F018BF404270474FF00000704750EA26
S21400A400013005D111F0004008BF6FF000407047E2
S21400A4104FF00000704700BF4A0011D212F500123C
S21400A42011D20DD56FF47873B3EB62520ED44FEAA7
S21400A430C12343F0004343EA505323FA02F0704727
S21400A4404FF00000704750EA013002D14FF0FF3065
S21400A45070474FF00000704753B94AB9002908BF4B
S21400A46000281CBF4FF0FF314FF0FF3000F0B2B9AC
S21400A470ADF1080C6DE904CE00F006F8DDF804E056
S21400A480DDE9022304B070472DE9F04F8C46099EA3
S21400A49004460F46002B48D18A4215465ED9B2FACA
S21400A4A082F33BB1C3F120029F409D409C4020FABE
S21400A4B002F217434FEA154E1FFA85FC220CB7FB33
S21400A4C0FEF10EFB117701FB0CF042EA07429042C8
S21400A4D007D9AA1801F1FF3702D2904200F258813C
S21400A4E03946121AA4B2B2FBFEF00EFB102200FB95
S21400A4F00CFC44EA0244A4450BD92C1900F1FF32A7
S21400A5002CBF01270027A44502D9002F00F0438165
S21400A510104640EA0140A4EB0C0400211EB1DC40CA
S21400A5200023C6E90043BDE8F08F8B4206D90EB182
S21400A530C6E9000100210846BDE8F08FB3FA83F1B2
S21400A540002951D16345C0F01681824240F2138142
S21400A5500846002EE7D0C6E90047E4E7002A00F0E8
S21400A560AF80B2FA82F3002B40F0C2808A1A4FEA1C
S21400A570154EAFB20121200CB2FBFEFC0EFB1C22D6
S21400A58040EA024207FB0CF090420ED9AA180CF1E2
S21400A590FF382CBF4FF001094FF00009904203D955
S21400A5A0B9F1000F00F0F080C446121AA4B2B2FB54
S21400A5B0FEF00EFB102200FB07F744EA0244A74217
S21400A5C00ED92C1900F1FF322CBF4FF0010E4FF0C0
S21400A5D0000EA74203D9BEF1000F00F0D28010464D
S21400A5E0E41B40EA0C4099E7C1F120058B400CFAC9
S21400A5F001F400FA01F922FA05F72CFA05FC8A4064
S21400A6001F4320FA05F3380C23431FFA87FE1C0C61
S21400A610BCFBF0F800FB18CC44EA0C4408FB0EFC2C
S21400A620A4450ED93C1908F1FF3A2CBF4FF0010B98
S21400A6304FF0000BA44503D9BBF1000F00F0B88023
S21400A640D046A4EB0C041FFA83FCB4FBF0F300FB2B
S21400A650134403FB0EFE4CEA0444A6450ED93C19EF
S21400A66003F1FF302CBF4FF0010C4FF0000CA64555
S21400A67003D9BCF1000F00F09F80034643EA084070
S21400A680A4EB0E04A0FB02EC64457346E04602D33E
S21400A69007D1F14505D2BEEB02036CEB070C01387F
S21400A6A0E0465EB1B9EB030264EB080404FA05F574
S21400A6B022FA01F3CC401D43C6E90054002132E7DC
S21400A6C042082F464B08AC4642EAC172AE46C40763
S21400A6D0110C92B241EA034142EA0142B1FBF5F1A4
S21400A6E0B3FBF5F01F23A2EB0C0241EA004142E760
S21400A6F09D40C3F1200299409C402CFA02FC4FEA90
S21400A700154E20FA02F2AFB2BCFBFEF80A430EFB6F
S21400A71018CC110C41EA0C4108FB07FC8C4550D9BB
S21400A720691808F1FF302CBF4FF001094FF00009FF
S21400A7308C4502D9B9F1000F30D0A1EB0C01B1FB6A
S21400A740FEF808FB07FC0EFB181192B242EA014223
S21400A750624534D2AA1808F1FF312CBF4FF0010928
S21400A7604FF000096245BED2B9F1000FBBD1A8F187
S21400A77002012A44B7E7841A6CEB0302012017464D
S21400A780E7E62C4402382BE7ACF1020C2A440CE72F
S21400A79002392A44A5E62C440238BAE6A5EB0C0C8E
S21400A7A0A8F102006144B1FBFEF808FB07FCCAE70B
S21400A7B0A8F102083C4444E7023B3C445EE74146BD
S21400A7C091E7A1EB0C014046B1FBFEF808FB07FC45
S21400A7D0B9E700BF704700BF08B5064B044613B183
S21400A7E00021AFF30080044B1B6803B19847204656
S21400A7F016F060FE00000000F81E00202DE9F7436A
S21400A8001D46574B04460E461F68904627B13B6AC6
S21400A81013B9384600F034F9B8F1020F06D0B8F193
S21400A820010F00F29980002DC0F29680636ED90762
S21400A83005D4A3899A0502D4A06D18F0BAF821466B
S21400A840384618F0D7F8616B41B104F144039942D9
S21400A85002D0384617F06DF9002363630023A36126
S21400A8606360A3891B0603D52169384617F061F992
S21400A870A389B8F1020F23F44A6323F00303A381EC
S21400A88060D001AB6A462146384618F02AF8A389FC
S21400A8901843A0812DBB009D284600F0D9FA064635
S21400A8A0002851D1DDF80090A9453FD14FF0FF3583
S21400A8B0B4F90C3043F00202A2810022A26004F137
S21400A8C047022260226101226261626ED60704D4CA
S21400A8D0980502D4A06D18F06DF8284603B0BDE8C0
S21400A8E0F083002ED8D03B6A13B9384600F0C8F87B
S21400A8F0B8F1010F266002BFA38943F00103A381CC
S21400A900B4F90C3013F00802C4E904651ED0D90768
S21400A91045BF00226D42A560A26048BFA561626E79
S21400A920D20701D49B0513D50025D6E7484600F08C
S21400A9308FFA06460028B9D0A3894D4643F0800317
S21400A940A381D0E70025B3E7A946F5E7A260E6E7CE
S21400A950A06D18F02FF8E7E74FF0FF35BDE700BF12
S21400A960F02E0020002310B504468360818119462E
S21400A9704366C28108228361C0E90033C0E904331C
S21400A9805C3017F0FBFF0D4B246263620C4BA36236
S21400A9900C4BE3620C4B23630C4B9C4206D003F13A
S21400A9A06802944202D0D0339C4205D104F158008C
S21400A9B0BDE8104017F0FCBF10BD00BF452A0200DE
S21400A9C0672A02009F2A0200C52A0200C01D002036
S21400A9D0024A0349034817F066BF00BFE42E002072
S21400A9E0F5290200F42E002041680C4B994210B560
S21400A9F0044601D017F0FEFFA168094B994202D029
S21400AA00204617F0F7FFE168064B994204D020462F
S21400AA10BDE8104017F0EEBF10BD00BFC01D0020FF
S21400AA20281E0020901E00200C4B04210C4A0D48C6
S21400AA3010B51A600022FFF795FF0A4B0122092184
S21400AA401C4603F16800FFF78DFF022204F1D000D8
S21400AA501221BDE81040FFF785BF00BFF81E00209A
S21400AA60D1A90000C01D0020014817F0A2BF00BFFA
S21400AA703E2B0020014817F09DBF00BF3E2B002054
S21400AA8010B50446FFF7F0FF236A1BB1BDE810407F
S21400AA90FFF7F0BF044B2362044B1B68002BF5D175
S21400AAA0FFF7C2FFF2E700BFE9A90000F81E00208A
S21400AAB0242B2DE9F0478646904601D8012B06D177
S21400AAC000F0F2F8162303600020BDE8F0870D467C
S21400AAD033482A4615F8014B065D16F00806F8D1ED
S21400AAE02D2C10D12C780126951C33F0100215D190
S21400AAF0302C0DD12A7802F0DF02582A08D16C7863
S21400AB00023510230AE02B2C04BF2C78951CECE7AA
S21400AB10002BF6D1302C14BF0A23082306F1004C74
S21400AB2000220CF1FF3C1046BCFBF3F903FB19CAEC
S21400AB30A4F13007092F0FD83C46A3421BDD571C53
S21400AB4007D0814514D301D1A24511DB00FB034099
S21400AB50012215F8014BEBE7A4F14107192F01D8A4
S21400AB60373CEAE7A4F16107192F04D8573CE4E71D
S21400AB704FF0FF32EDE7531C08D122236046CEF893
S21400AB800030B8F1000FA0D0691E06E006B14042C2
S21400AB90B8F1000F99D0002AF6D1C8F8001094E753
S21400ABA05EF6020013460A46014602480068FFF7B2
S21400ABB07FBF00BFF02E00202DE9F04386460D46ED
S21400ABC0334E284615F8014B375D17F00807F8D1C5
S21400ABD02D2C10D12C780127851C33F0100015D1B0
S21400ABE0302C0DD1287800F0DF00582808D16C787A
S21400ABF0023510230AE02B2C04BF2C78851CECE7CA
S21400AC00002BF6D1302C14BF0A2308234FF0FF3850
S21400AC100026B8FBF3F803FB08F930466FEA09098B
S21400AC20A4F1300CBCF1090F10D86446A3421EDD17
S21400AC30B6F1FF3F07D0804516D301D1A14513DBFF
S21400AC4000FB0340012615F8014BE9E7A4F1410C8F
S21400AC50BCF1190F01D8373CE8E7A4F1610CBCF150
S21400AC60190F04D8573CE1E74FF0FF36EBE7731CAB
S21400AC7006D122233046CEF8003032B9BDE8F08344
S21400AC8007B14042002AF9D006B1691E1160F5E707
S21400AC905EF6020013460A46014602480068FFF7C1
S21400ACA08BBF00BFF02E0020014B1868704700BF16
S21400ACB0F02E002070B50D4B00260D4D5B1B9C1032
S21400ACC0A64209D10B4D23F0BBFC0B4B00265B1BA9
S21400ACD09C10A64205D170BD55F8043B0136984736
S21400ACE0EEE755F8043B01369847F2E710310020AE
S21400ACF010310020103100201431002038B5002318
S21400AD00064D0446084611462B6016F0D4FB431C3D
S21400AD1002D12B6803B1236038BD00BFFC1E0020A3
S21400AD202DE9F04F904685B089461E460D46424AAC
S21400AD3002902B4615F8014B175D17F00807F8D15F
S21400AD402D2C10D12C7801279D1C36F0100315D120
S21400AD50302C0DD12B7803F0DF03582B08D16C78FC
S21400AD60023510260AE02B2C04BF2C789D1CECE73D
S21400AD70002EF6D1302C14BF0A26082607F1004A0A
S21400AD8007F1FF3BF31732460AF1FF3A58460393A2
S21400AD905146FFF761FB019200228E46844611461B
S21400ADA01046A4F13003092B05D9A4F14103192B51
S21400ADB01ED8A4F137039E4224DD541C15D08445CA
S21400ADC07EEB01021BD38E4508BF844502D1019A53
S21400ADD09A4214DB039A714300FB0211A6FB0002A1
S21400ADE00A44181842EBE371012215F8014BD8E724
S21400ADF0A4F16103192B05D8A4F15703DBE74FF044
S21400AE00FF32F2E7531C0AD12223029A58465146D3
S21400AE101360B8F1000F0AD105B0BDE8F08F17B186
S21400AE20404261EB4101B8F1000FF5D00AB105F1DF
S21400AE30FF39C8F80090EFE75EF6020013460A46B0
S21400AE40014602480068FFF76BBF00BFF02E0020E7
S21400AE50024B0146186816F069BE00BFF02E0020AF
S21400AE60B1F90C202DE9F041160705460C4651D4E1
S21400AE704B68002B02DC0B6C002B49DDE66A002ECB
S21400AE8046D0002312F480522F682B6031D0626DBA
S21400AE90A389590705D56368D21A636B0BB1236C77
S21400AEA0D21A0023E66A216A2846B047421CB4F943
S21400AEB00C3006D129681D2945D8284ACA40D6072D
S21400AEC041D50022D90462602269226004D5421C62
S21400AED001D12B6803B96065616B2F60C1B104F1C5
S21400AEE04403994202D0284616F023FE00236363EB
S21400AEF00EE00123216A2846B0470246501CC7D1FF
S21400AF002B68002BC4D01D2B01D0162B19D12F6017
S21400AF1000201DE00F69002FFAD093070E680F601F
S21400AF200CBF4B690023A6EB07088B60B8F1000F37
S21400AF30EEDD43463A46216A2846A66AB047002810
S21400AF4008DCB4F90C3043F040034FF0FF30A38127
S21400AF50BDE8F0810744A8EB0008E7E701004020C1
S21400AF6038B50446064D0846114600222A601A46A1
S21400AF7016F0A6FA431C02D12B6803B1236038BD35
S21400AF80FC1E002038B50446064D08461146002231
S21400AF902A601A4616F096FA431C02D12B6803B1B3
S21400AFA0236038BDFC1E002038B50446064D084612
S21400AFB0114600222A601A4616F092FA431C02D165
S21400AFC02B6803B1236038BDFC1E002038B5002373
S21400AFD0054D044608462B6016F06AFA431C02D15B
S21400AFE02B6803B1236038BDFC1E002030B5837982
S21400AFF085B001901844C0680D4600F0380013F084
S21400B0006FFB044628B901A817F02FFF022005B0F1
S21400B01030BD2946019817F032FF46220A490DF145
S21400B0200F0017F071FE019904F10C0017F0B7FF3E
S21400B030482205490DF10F0017F067FE204620F064
S21400B0401BFC0020E3E700BF15ED020013B5044625
S21400B05078B1DC2208490DF1070017F055FEE068CC
S21400B06017F03EFFDE22044603490DF1070017F0F5
S21400B0704CFE204602B010BD15ED020013B5044686
S21400B08090B140F29E220A490DF1070017F03CFEEF
S21400B09004F10C0017F008FF4FF428720446044928
S21400B0A00DF1070017F031FE204602B010BD00BFBC
S21400B0B015ED0200054B10B553F8204004B910BD3D
S21400B0C02046636898472468F8E700BF181F0020EA
S21400B0D00020134B10B51870124B134CC3E9000038
S21400B0E0124B206018706060A06000F043FA80B2D7
S21400B0F0A0F10E036380A0F11403013060810C49B7
S21400B100201DE38016F0A5FB20460A4916F0A1FB99
S21400B11004F108000849BDE8104016F09ABB00BFCD
S21400B120402B0020181F0020B22A00203F2B0020B2
S21400B13061ED02006AED020074ED020070B504468F
S21400B14048B322F013FF002363712379054613F0FA
S21400B150100605D010232371BDE8704022F001BF11
S21400B1600D4903F0030331F823203046013A21F855
S21400B17023202146094C00F0EFF923781BB1304616
S21400B180FFF798FF2670064B5B6813B10120FFF7A8
S21400B19091FF2846E0E770BDB22A0020402B002031
S21400B1A0181F002038B50446057A22F0DFFE054B4E
S21400B1B053F82520226043F82540BDE8384022F0A9
S21400B1C0D0BE00BF181F002010B5064B00F0E000F0
S21400B1D01A78541C1C70044B03F8320003EBC203AD
S21400B1E0596010BD3F2B0020001F00200023F0B543
S21400B1F00E4D0F492C789C420FD951F833705E1CC7
S21400B20087424FEAC3020ED10A490A440133A342D9
S21400B21002F1080202D3013C2C70F0BD92E8030054
S21400B22002E90300F2E73346E5E700BF3F2B0020C4
S21400B230041F0020001F00202DE9F04F04468BB0AD
S21400B2400592420748BF00F0F704029122F08EFEF6
S21400B250DFF894A104F003060AEB86033AF82620EA
S21400B2605B8880469A4204F0EF094FEA860739D297
S21400B270002000F053F90546A0B33AF82630013313
S21400B2802AF82630404622F06CFE002D40F08280E0
S21400B29023071DD51F2C1BD904F0E0035744039346
S21400B2A022F064FE3AF82620AA467B88DFF838812A
S21400B2B09A422CBF4FF0000B4FF0010B464F22F086
S21400B2C050FE08EB86030693444B1B789A450ED334
S21400B2D0C4F3800080F00100494600F0010000F051
S21400B2E09FF86EE001223E4B00251A70CAE73B78B5
S21400B2F0039A1A4204D07B680193019B1B681BB912
S21400B3000AF1010A0837DFE709935A79D00709D509
S21400B3101A79510706D5BBF1000F0CD189EA020253
S21400B320920708D001931B68002BEED1E5E70121B8
S21400B3302B4A117026E0019817F0B6FD90F804B07D
S21400B340099009A817F091FD5946002000F068F80A
S21400B35022F00CFE069B38F826205B8804909A4262
S21400B36034BF4FF0010B4FF0000B03D2002000F06B
S21400B370D5F80990099B002BD9D038F82620013241
S21400B38028F826200498079322F0EBFD079B002B55
S21400B390B3D01D46284617F0D3FE029B029AAB7127
S21400B3A0059B85F804901344EB710E4B5B6843B124
S21400B3B022F0DCFD04460120FFF77CFE204622F04A
S21400B3C0D0FD0948452200EB8600294616F046FACD
S21400B3D028460BB0BDE8F08F001F00203F2B002052
S21400B3E0402B0020181F0020B22A00200022014B0C
S21400B3F01A607047201F002010B5044622F0B6FDE4
S21400B400064B1A682AB91C602260BDE8104022F07C
S21400B410A8BD1B68A342F4D110BD00BF201F0020AA
S21400B42070B505460E46054B1C6804B970BD6368CA
S21400B4303146284698472468F7E700BF201F0020BB
S21400B4402DE9F0474FF6FC7700251646DFF87480A6
S21400B45003311A4B08EB00140F404FEA001A1B6822
S21400B4606280814628F80A7002FB07F0E56098477C
S21400B47017FB06F39BB2024660602381E0B11049D9
S21400B480204651F8291016F0E6F929462289606808
S21400B49017F074FA29462B469E4205DC0020D0445D
S21400B4A0A8F80260BDE8F0876268E068551850505A
S21400B4B00133E5603944EFE71A20F3E7241F002044
S21400B4C060F702002C1F002010B5094C04EB001496
S21400B4D063682BB1204616F0C0F9606817F0CFFFFE
S21400B4E02046BDE810401022002117F047BA00BFE2
S21400B4F02C1F0020034B0201C3E900100021024864
S21400B50017F03CBA241F00202C1F00200022024BFC
S21400B510C3E90022704700BF241F002038B5094B3E
S21400B520020103EB0014E568204629469A5A16F0F5
S21400B53095F925B12B68E3606388013B6380284654
S21400B54038BD00BF2C1F0020024B03EB0013987879
S21400B550704700BF2C1F0020054B03EB0010C3688C
S21400B5600B604388C1600133438016F078B900BF92
S21400B5702C1F0020044A010102EB0013505A10B1A0
S21400B5801B89B3FBF0F070472C1F002038B5124D16
S21400B5902B78FBB9114B002808BF1846046804B97D
S21400B5A01C680D200E49FFF7A5FF5423B4FBF3F2E9
S21400B5B000235121184692B2FFF742FF044620B1FD
S21400B5C0FFF7A4FF1924204638BDFFF781FD0123AD
S21400B5D02B70F8E71224F6E7412B002070E60200F5
S21400B5E0F1B500000149084616F033B994F7020099
S21400B5F0012838BF012038B5C41C24F003042046B7
S21400B60016F058FA054601462246084816F026F96E
S21400B6102DB921460220FFF703FF284638BD2246F3
S21400B6200021284617F0AAF9F7E700BF94F70200B2
S21400B63030B5427E037E0446B2EB931F4FF0000502
S21400B64089B03CD25200214821491341CDE904017A
S21400B65003F00303E17D253304A88DF81930CDF8F7
S21400B6601A50ADF81E508DF8181000F015FD627EC9
S21400B670CDE90155A38A03950AB9DA071CD501223C
S21400B68023F001039BB2A3828DF8082003F00C037D
S21400B690003B18BF0123A27D5B0001A88DF80A308D
S21400B6A08DF8092018F049F9206A1AF085FA637EA9
S21400B6B00133637609B030BD22680192E6E745772C
S21400B6C0312009B0BDE8304003F0D0BFD6BE898E29
S21400B6D055555500212810B50C460ED18B8A9B0770
S21400B6E007D4084803F05CFF2046BDE81040FFF78B
S21400B6F09FBFBDE8104004F053BCBDE8104017F0F3
S21400B700FDBE00BF09B70000F0B553280C4685B053
S21400B7100FD0552874D0512878D18B8A03F00C03AB
S21400B720002B6DD00120897D05B0BDE8F04000F00B
S21400B73067BA0027204603A9039717F0A2FE05461E
S21400B74000285BD0037803F00F03032B2BD1206A6D
S21400B7501AF02DFAA18A0646C1F3800128461AF08F
S21400B760D7FA00284AD129468023324620461AF0C6
S21400B77099FA0546002841D1274803F011FF2946CB
S21400B78004F124001AF02FF90646A17D284600F0A1
S21400B79021FA30461AF010FA2046039905B0BDE8A3
S21400B7A0F04017F09EBE052B28D1206A1AF0FFF94C
S21400B7B0A18A04F148030193C1F38013064600935F
S21400B7C0C1F300123B462846C1F3C0011AF0A8FA9E
S21400B7D0A0B929464FF48073324620461AF062FA22
S21400B7E0054658B903981AF02EF900F083FB31206D
S21400B7F0657705B0BDE8F04003F038BF00F07AFB8F
S21400B800204605B0BDE8F040FFF712BF05B0BDE822
S21400B810F04017F073BE00BF1DB80000512810B5E9
S21400B8200C4607D1054803F0BBFE2046BDE8104095
S21400B830FFF7FEBEBDE8104017F060BE09B7000077
S21400B8400120014903F09ABED5B6000021281FB595
S21400B8500C4634D11C4803F0A3FE04F1100000F09F
S21400B8601BFC94F824001AF097F894F820306268CD
S21400B87013F0010394F8221012D00023CDE902330E
S21400B880A368684613440193012300928DF80A309A
S21400B8908DF80B108DF80C3000F0D4F904B010BD04
S21400B8A0CDE901330223684600928DF805108DF825
S21400B8B0063018F042F8204617F0A5FEEEE704B072
S21400B8C0BDE8104017F022BE73360200032001497F
S21400B8D003F054BE4DB8000037B5174D0446EB696B
S21400B8E093F87D2012B9002003B030BD01281AD08D
S21400B8F002280CBF022201228DF8042001228DF8B6
S21400B90005209A6F286922F044029A6701A920F060
S21400B91077F80028E8D1012C07D1EA69936F43F045
S21400B92040039367DFE70422E6E7022CDBD1EA69EF
S21400B930936F43F00403F4E7280B002037B5184D47
S21400B9400446EA6992F87D3013B9002003B030BD92
S21400B95001281CD002280CBF022301238DF80430D6
S21400B96001238DF80530936F286923F4805323F064
S21400B9700203936701A920F059F80028E6D1012CAC
S21400B98007D1EA69936F43F002039367DDE7042368
S21400B990E4E7022CD9D1EA69936F43F48053F4E7C5
S21400B9A0280B00200422F0B51D4E0546F36985B02D
S21400B9B083F87C20407917F0AEFF2C79074694B1C7
S21400B9C0A879FFF789FF044638BB01466A7901204B
S21400B9D017F07FFF3B4622467179306905B0BDE817
S21400B9E0F0401FF0B1BF2B6868790394029317F0FC
S21400B9F092FF009022467179306902AB1FF0A6FFD5
S21400BA00044650B9A879FFF767FF044628B90246EE
S21400BA1001216B79286817F05DFF204605B0F0BD60
S21400BA20280B0020014B186920F008B9280B0020CD
S21400BA30014B186920F004B9280B0020F8B522F055
S21400BA4095FA0646164FFB6993F86F4093F86E30EA
S21400BA500434E41AE4B20CB9042507E0012017F018
S21400BA6079FB014688B9C4F10405EDB2304622F0F0
S21400BA7078FA44B1FA694FF00060936F43F0100310
S21400BA80936703F00FFF2846F8BD064817F091FAB3
S21400BA90FA69013C92F86E30013382F86E30D9E7CD
S21400BAA0280B00203C0B00202DE9F843DFF86C80C3
S21400BAB00546D8F81C3093F86E4093F86F30E41AB9
S21400BAC0E4B298B122F052FA2E460746306820B10A
S21400BAD0042C0ED1304617F0C8F929680E4817F026
S21400BAE05EFA384622F03DFA00232B602046BDE879
S21400BAF0F883D0F8009017F023FB3368D8F81C20A2
S21400BB00C3F8009092F86E30013401333668E4B220
S21400BB1082F86E30DAE700BF3C0B0020280B0020CE
S21400BB202DE9F0414FF0000882B00546CDF80480BC
S21400BB3038B3154F01AC0AE023601B687B612368AD
S21400BB40C3F800802668453D002D344610DD7B692D
S21400BB50002BF1D1012017F0FDFA064620600028E0
S21400BB60F1D101A8FFF7A0FF304602B0BDE8F08192
S21400BB70019E3046737943F00103737102B0BDE84D
S21400BB80F0810646F5E700BF280B002008B504F054
S21400BB9031F8024B1030D86108BD00BF280B0020DA
S21400BBA038B504460A4DFFF7F1FFEB692A689A6735
S21400BBB064B1A08803F078FC03F092FC0122EB69E4
S21400BBC083F87C20FFF73AFF002038BD0120F3E71A
S21400BBD0280B0020042238B5084B0D46DB6983F895
S21400BBE07C20FFF779FE044608B100F0B7FB2A4632
S21400BBF00021012017F06DFE204638BD280B0020DE
S21400BC00022238B5094B0D46DB6983F87C20FFF726
S21400BC1095FE044608B100F0A1FB2A46002101204B
S21400BC2017F057FE17F074FE204638BD280B00208C
S21400BC30034A136823F40043136000F065BD00BF99
S21400BC40280B00207FB52D4E0446F569102295F886
S21400BC507C300021022B14BF02230823684685F897
S21400BC607C3016F08BFE237A002B3DD001238DF816
S21400BC70043063680293A37A53B195F87D0003F00D
S21400BC80FDFB029B02881344029301238DF80D30BE
S21400BC90637A207B8DF80E30FFF750FE0546C0B95C
S21400BCA0E07A17F038FE6A460346717930691FF06D
S21400BCB04FFE054668B9F369227AB3F87A10E37A3C
S21400BCC001F001019AB11A46012017F002FE17F0A2
S21400BCD01FFEF269936F23F48033936715B12846ED
S21400BCE000F03CFB04B070BD23680093C1E70A4631
S21400BCF02068012117F0EEFDE9E700BF280B0020C1
S21400BD00F0B51B4B87B0DD6995F86C4004EBC404B6
S21400BD10A600AF5905EB840417B1204607B0F0BD66
S21400BD201A79A7736273032101AA1869A7601FF026
S21400BD30EBFEA8512046039A049B1036AA513544C0
S21400BD40BDF808209DF804106B60BDF80630072982
S21400BD50A3EB0203638308BFA368228308BF43F0F4
S21400BD600103A783276208BFA36007B0F0BD00BF2A
S21400BD70280B002083689B0700D5704730B5154D0B
S21400BD8087B0044601686A4628691FF0BFFE50B9AE
S21400BD90238B628B6946134403332869ADF804305D
S21400BDA01FF0B6FE08B107B030BD009B9DF90E002F
S21400BDB0636000F099FC2073EB699DF8111093F80E
S21400BDC07D0003F04FFBA368A07343F00203A3605B
S21400BDD007B030BD280B0020F8B54FF6FF741E469E
S21400BDE0A142038BB0F81AC008BF818B9C4418BFD1
S21400BDF081836145054636DA4FF6FF708242ACEB2A
S21400BE00010C02D09445A8BF94468B421FFA8CF4CE
S21400BE1007D80027A74216D3AB8B38463B44AB83E4
S21400BE20F8BD5B1AA342A8BF23462A6930461144D0
S21400BE309AB2174617F096FA80B2B84218D1298BF4
S21400BE40A7420B46E8D23046C91AE61B6B69B6B263
S21400BE50324613FA81F117F085FA80B2361AB6B276
S21400BE6026B92746D8E700273846F8BD384480B2BA
S21400BE700746AB8B1844A8833846F8BDF8B5242689
S21400BE800F4FFC6994F86D3006FB0344214617F00B
S21400BE905DFD054622F06AF80022F969226291F8F3
S21400BEA06D305E438A5103220133B3FBF2F202EB9C
S21400BEB042029B1A81F86D3022F053F82846F8BDEE
S21400BEC0280B00202421044BDB6993F86C2001FB2F
S21400BED0023117F03BBD00BF280B0020044BDA6987
S21400BEE0926F920503D5002118691FF027BE704790
S21400BEF0280B002010B5154CE36993F87C30012B15
S21400BF0008D000221146104617F0E3FC0122E36930
S21400BF1083F87C200122032120691FF010FD0022F7
S21400BF20012120691FF0F6FDFFF7D8FF002017F06B
S21400BF30F6FC17F0F6FC002017F0F4FCE269936FAD
S21400BF4023F4847343F4C043936710BD280B00208A
S21400BF5010B522F00BF80446FFF7CCFF074B56202F
S21400BF60DA69B2F876300133A2F8763003F0C6FB11
S21400BF702046BDE8104021F0F4BF00BF280B00208B
S21400BF8010B5114CE269936F190704D523F0080326
S21400BF909367FFF7DDFFE269936FD80604D523F0B9
S21400BFA010039367FFF74AFDE269936F990609D578
S21400BFB023F02003936704F029F818B1BDE8104079
S21400BFC0FFF7C6BF10BD00BF280B002008B5FFF75F
S21400BFD091FF00F099FB094A1368D16923F40043E6
S21400BFE0136053690022501C23B981F86E2081F833
S21400BFF06F3008BD02461B68F5E700BF280B00201F
S21400C000014B18691FF0AABD280B0020002208B5B6
S21400C0101046114617F05DFC034B18690BF026FC22
S21400C02017F07CFC08BD00BF280B0020024B587898
S21400C030C0F38000704700BF280B002038B5154CB1
S21400C0400546E36993F87D3083420ED0431E042BE9
S21400C05008D8DFE803F0030B0F14160020690CF075
S21400C0601FF810B9E36983F87D5038BD206917F0D2
S21400C0705BFCF6E70021206917F058FCF1E7022187
S21400C080F9E7FFF7D3FF0028ECD0206917F050FC43
S21400C090E7E700BF280B00207FB50446114E407A24
S21400C0A00025307117F0F6FB7071207AFFF7C6FF97
S21400C0B0636869460093236830690193637A8DF854
S21400C0C00A50ADF80830ADF80C501FF00BFE2A46AB
S21400C0D02946284617F01BFC206817F021FC04B000
S21400C0E070BD00BF280B002038B50B4C05462368F2
S21400C0F0206923F4806323601FF0A4FD38B10DB9D6
S21400C100002038BD236843F480632360F8E7002DE1
S21400C110F6D00C20F5E700BF280B0020F0B53B4C0E
S21400C1200746216889B011F0010165D1202220461A
S21400C13016F024FC36481FF015FC064610B11020F9
S21400C14009B0F0BD334D344B01A82B6003F056FD0B
S21400C150029B2046AB82019B32462B622F4B294620
S21400C1601B886B822E4B1B68EB612E4B1B882B8229
S21400C1702D4B1B68AB614FF0FF3340F8103F0BF0C0
S21400C18019FB0028DBD1BB68DB0237D4012000F0A6
S21400C190F1FA0028D3D102224FF0FF3120691FF0B8
S21400C1A074FC0028CBD10120FFF79EFF20691FF00A
S21400C1B06EFD0028C3D11D4E01AD0FCE0FC596E80B
S21400C1C0070085E80700206901A90BF0F7FB0028A7
S21400C1D0B5D1012120690BF053FB0028AFD1144ADA
S21400C1E01449206917F077FB00F002FA0028A6D160
S21400C1F0236843F0010323600020A1E70E4920696D
S21400C2000BF016FB0028C1D099E700BF280B0020D2
S21400C210690345ECFC1F002085C30000B8FB020044
S21400C220BCFB0200BAFB0200C0FB0200A4F702003F
S21400C23091380200BF3802009EF7020070B505462E
S21400C2400E4614460AB117F064FB044823463246ED
S21400C2502946BDE8704000691FF054BC280B00203A
S21400C260024BDB6993F87D00704700BF280B002067
S21400C270044BDA69936F034393674FF0006019F03D
S21400C28056BC00BF280B002038B500F003FE324C29
S21400C29028B3857D25BBE36993F87C20022A10D15C
S21400C2A0B3F8722053200132A3F8722003F026FA66
S21400C2B0012017F037FB2421E26992F86C304B43DB
S21400C2C0D550E26992F86E3092F86F209B1ADBB276
S21400C2D0032B40D8BDE838401020FFF7C9BFFF2524
S21400C2E0284603F053F9002831D0E36993F87C2000
S21400C2F0022AE6D1B3F8722053200132A3F8722046
S21400C30003F0FCF9012017F00DFB23681D0407D588
S21400C310E36993F87C30012B02D0522003F0EEF94B
S21400C3202422E16991F86C305A4388188068C0F37B
S21400C3308005400741BF03220133B3FBF2F202EB54
S21400C340420246BF9B1A81F86C308D50B9E7322006
S21400C35003F0D4F9B5E738BD280B002038B50546FC
S21400C36021F0FBFD0446064B0820DB6983F87E506F
S21400C370FFF77EFF2046BDE8384021F0E9BD00BF4C
S21400C380280B0020F8B515461C46064619461046EA
S21400C39017F0C3FA2A462346304617F01FFB4E4EC8
S21400C3A0D6E9022300EA020401EA03050D2C75F122
S21400C3B000034DD20D2C75F1000318D3474B2340D4
S21400C3C02BB124F0011323F4A0432B4376D004F1C1
S21400C3D07F432B4365D0610152D5F369996FCA0537
S21400C3E04ED521F4807193F87C20996726E00C2CBA
S21400C3F0E4D801A353F824F04FC40000BDC30000E6
S21400C400BDC30000BDC300009DC40000BDC3000046
S21400C410BDC30000BDC3000033C40000BDC30000A0
S21400C420BDC30000BDC300002DC40000002017F0EF
S21400C43079FAFFF729FFF36993F87C20082A04BFEE
S21400C440022283F87C202046294617F045FAF8BDDC
S21400C450A4F58043083B2B43B0D1FFF715FFF369E3
S21400C46093F87C20022AE9D140F60201986F8143B6
S21400C47018BF0122552083F87C2003F03FF9DAE745
S21400C48021F06BFD64220746F369082083F87E20BE
S21400C490FFF7EEFE384621F05BFDCCE717F043FAD7
S21400C4A0C9E7F2695120B2F870300133A2F8703053
S21400C4B003F024F9012017F035FABCE7F36993F886
S21400C4C07C20012ABFD040F60202996F8A4314BF2F
S21400C4D001220222CEE700BF280B002001500100F7
S21400C4E030B50C460021054685B009480091006924
S21400C4F003AB0DF10E02FCF7E1F915B1BDF80E30F5
S21400C5002B8014B1BDF80C30238005B030BD00BFC1
S21400C510280B002013B504460DF106010020FFF796
S21400C520DFFFBDF90600074BC828A8BFC820A042F9
S21400C530A8BF2046B3F904209042B8BF10465880E2
S21400C54002B010BDBE2A002070B586B0ADF80C2033
S21400C550ADF80E304FF0C8124FF08213ADF8080059
S21400C560ADF80A1000200DF10601CDE90423FFF70F
S21400C570B7FF02A804220346BDF9066004ACB0F972
S21400C580001034F9025BB142A8BF3146A942A8BFE9
S21400C5902946013A12F0FF0220F8021BEFD103CB26
S21400C5A0034AC2F80600C2F80A1006B070BD00BF03
S21400C5B0BE2A002013B5044600210DF10600FFF741
S21400C5C08FFFBDF90600084A084B9042B8BF1046D8
S21400C5D0A042B8BF2046B3F902209042A8BF10463A
S21400C5E0988002B010BD00BFD4FEFFFFBE2A002018
S21400C5F038B5144B00211869FCF718F90446E8B959
S21400C60047F6FF7310498D1E086048608860881CD6
S21400C61021F8023CFFF764FFB5F90420B5F90230B3
S21400C6209A420DDCC820FFF775FF0848FFF7C2FFE7
S21400C63064231A4619461846FFF786FF204638BD7B
S21400C6401024FBE7280B0020C02A0020D4FEFFFFA2
S21400C650084B10B5B3F9024030B903EB4103B3F908
S21400C66004309C42A8BF1C46A242A8BF22461046E1
S21400C67010BD00BFBE2A00200346044AB2F90400DB
S21400C6801BB1034B1B8BC01A00B27047BE2A00209A
S21400C690280B0020C82838B50EDC084B084D1A8B2E
S21400C6A0801AB5F9002004B2A24205D021461869C6
S21400C6B00BF0E4FA00B92C8038BD00BF280B002030
S21400C6C0BE2A00208BB200294FF00A01B4BF053BFA
S21400C6D005339BB21BB293FBF1F3024A10835383DC
S21400C6E0704700BF280B0020024B5B8BC01A40B27D
S21400C6F0704700BF280B0020024B1B8BC01A00B2ED
S21400C700704700BF280B00200022044BDB691A602C
S21400C7105A629A64A3F86C20704700BF280B00206A
S21400C7200A4B418BDA6992F86E3092F86F209B1AAA
S21400C7305BB203EB031203EB8203028B50180A3042
S21400C740834234BF00200120704700BF280B002022
S21400C750074B418BDA69038B0B4445214E33B3FB01
S21400C760F1F392F86F100B4482F86F30704700BFF9
S21400C770280B002007B50A490A4AD1E902030243FA
S21400C78043F02003C1E90223CDE900234FF0FF3236
S21400C7904FF0FF3308691FF04BF903B05DF804FB58
S21400C7A0280B00200DD50155054A08B5926882422F
S21400C7B005D0427942F0030242710AF03DFD08BD01
S21400C7C02020002010B5074816F04FFB054B1C46EE
S21400C7D0181D16F04AFB04F10800BDE8104016F0DC
S21400C7E044BB00BF2020002010B5022016F0B2FC8B
S21400C7F0034C6060022016F0ADFCA06010BD00BFC8
S21400C8002020002008B5FFF7DDFF0022024BDA608B
S21400C810BDE80840FFF7E8BF20200020014B58681D
S21400C820704700BF20200020014B9868704700BF6B
S21400C8302020002038B5104DEB681BB1EB689847F8
S21400C8400023EB602B688BB10B4816F02DFB0446DB
S21400C85060B12B681BB14FF0004019F068F9204614
S21400C86017F029F918B1204617F027F938BD2046E9
S21400C8701AF073FDFAE700BF2020002010B5084C20
S21400C880E0604FF0004019F052F900BF00BF00BF53
S21400C89000BFE3681BB1E36898470023E36010BD60
S21400C8A02020002038B5827943790244527B044622
S21400C8B012F0300F06BF23F0020343F0010303F02B
S21400C8C0FC03437121F052FB05462146054816F04D
S21400C8D066FB4FF0004019F02AF92846BDE83840BC
S21400C8E021F03FBB202000202DE9F041244E0021FE
S21400C8F07468FE20A57900F09DFC074617F0A9F89D
S21400C90050B141F20C00C2B20023B06842F20501F9
S21400C910BDE8F04117F0D2B817F09DF80028F0D126
S21400C9200C352C44237AE51C9B09022BE9D0012BFD
S21400C93018D9237AA11C03F03F02073443F0C00342
S21400C94011F8010F8C4242EA000203EA0003F7D115
S21400C950002AD6D0FF2BD4D057B9284619F08FF826
S21400C9600020D0E7294619F09DF80028E1D0C8E756
S21400C9702946384617F0C1FD0028EED0C3E700BFB1
S21400C9802020002010B5084C6068837918440F30CA
S21400C99002F0DCFE0023A0681A46BDE810404FF601
S21400C9A0284117F08BB800BF20200020F8B50746B6
S21400C9B00D4616461C4623B9012016F0CBFB04464E
S21400C9C0C8B106220C21204617F093F8691EC9B29A
S21400C9D0032988BF0022A37998BF074A03F10C03F6
S21400C9E098BF525C234420469F80DE70DA719A71AD
S21400C9F0FFF7DAFE0120F8BDC0F70200F8B5FFF732
S21400CA000DFF83791844B0F80F60B0B201F006FC51
S21400CA100446C0B118F041FD0138C0B2032814D84E
S21400CA2000270B4B1C5CFFF7FFFE054604233A4627
S21400CA3042F2300117F042F8AB790C33E818C680A2
S21400CA4004724472F8BD0227EDE700242746EAE7A1
S21400CA50C0F702002DE9F0411D46134307460C4679
S21400CA601646BDF8188006D12046BDE8F0411A46A5
S21400CA70194617F09CB9414620461AF07BFD78B15E
S21400CA802146384618F07BFA40238674C574214642
S21400CA90069338464346BDE8F041024A1AF090BD78
S21400CAA0BDE8F0818B3E0200F7B50E46054618F04D
S21400CAB0F1FCB37900780C3333445F789B7800EA56
S21400CAC010101F40384017F03AF9044668B9284657
S21400CAD017F03EF9384017F032F9044628B92846D0
S21400CAE018F0DBFC02F0B4FC04462846002118F0DF
S21400CAF064FB172130461AF019FD30461AF007FD80
S21400CB0031464470847028461AF0F6FC0321284605
S21400CB1018F08CFA40220346009229460020024A6A
S21400CB201AF04EFD03B0F0BD3F3E020010B5074CB4
S21400CB302368DA0607D523F01003236018B902200D
S21400CB40A16816F0CAFE0023A36010BD30200020A6
S21400CB50F8B50023027D0446950703600CD550F80F
S21400CB60081FC90C01F4FC7141F005011AF0A6F883
S21400CB70227D02F0FD022275A06817F05CFA0546D9
S21400CB80100703D5FFF73CFA28446060194F626827
S21400CB903E4656F8041FAD1A79B921603460BB686A
S21400CBA0E3B1607D597D884219D2217D09070FD5F2
S21400CBB0BDE8F8400020FFF7B9BF886817F03BFAD9
S21400CBC04B682B441B1A002BE7DA0E460968E3E78E
S21400CBD059681B690B449B1A002BE9DAF8BDD3E9A8
S21400CBE0011017F028FAE3681A44521AC242F5D523
S21400CBF0DEE700BF30200020014610B504460320C3
S21400CC0016F06BFE054B1B68D90305D4237D5A0727
S21400CC105CBF43F00203237510BD00BF3020002028
S21400CC20014BD868DC3870473020002018220021DD
S21400CC30014815F0A3BE00BF30200020034B1B6840
S21400CC4003EA0040003818BF01207047302000205B
S21400CC5030B5B8B14468ACB1104D2B691A4692B9DC
S21400CC6043B19A688A1A41BF5242B2FBF4F202FB01
S21400CC70044409190A4C81604BB9036020602B7D7F
S21400CC8001332B7530BD8242FCD01268E7E79A6804
S21400CC90521A002AF1DA1C461B68EDE73020002005
S21400CCA04020002040B1436833B1084B1A7D013A5A
S21400CCB01A7553F8102F02B970471A68904202D1BD
S21400CCC002681A60704713461268F4E730200020A6
S21400CCD038B50446094D0846AB68A34201D1FFF7B4
S21400CCE025FF6A68064B22B11A68A24202D1226862
S21400CCF01A6038BD13461268F5E700BF30200020E2
S21400CD00342000202DE9F3475C4E33685A0700F1C3
S21400CD10B280B368002B40F0AE8056E8003F43F088
S21400CD20040346E80032002AF7D17468B4B1FFF76E
S21400CD3067F901AA074601462046256917F083F9D8
S21400CD4008B9204621E0019BA5EB03082568ADB98C
S21400CD50636808F1DC084344C6E9024356E8003F2E
S21400CD6023F0040346E80032002AF7D1B468002C0A
S21400CD704DD102B0BDE8F047FFF748B9394628461E
S21400CD8001AA17F060F918B92846FFF735FFCCE777
S21400CD90D5E901A017F04FF92B7DAAEB0000DB07C1
S21400CDA005D4019A2B699B1AEA689B1A1844626894
S21400CDB002EB08031B1A002B25DD984504D9E3680F
S21400CDC0801ADC3383421DD994F8149019F0010FB1
S21400CDD00DD1A06817F02FF92369E9681A44A2EB71
S21400CDE00A02E368521A121ADC339A420DDC6A7D94
S21400CDF0637D9A4207D219F0080FA2D0D5F80C80AE
S21400CE002C4600E080462D68A1E78846F8E7A36830
S21400CE1013F4601FC3F3C24526D1002533682146AC
S21400CE2043F010030120336016F057FD1DB3A368CE
S21400CE3004F1080513F4601F4FEAD341C3F3C2445C
S21400CE4007D0013CE4B201F4FC712846214319F0F6
S21400CE5035FF0321284603F09BFC64B9284602B040
S21400CE60BDE8F04703F07ABC04F1080003F02EFC9E
S21400CE700028D2D1D2E702B0BDE8F08730200020EB
S21400CE8008B5034B996809B116F027FD08BD00BF29
S21400CE9030200020014B9868704700BF30200020EB
S21400CEA00C4B70B59C68844212D12146022016F0C5
S21400CEB014FDD4E9016017F0BEF80546FFF7A0F8A8
S21400CEC0801BE84221464CBF0120032016F005FDDA
S21400CED070BD00BF30200020114B70B59D682C69D6
S21400CEE02E6816B96868204470BD727D6B7D9A42C4
S21400CEF00FD8B06817F09FF86FF0DB036A687168A8
S21400CF009B1A0B4429691B1A8B42D4BFD0185018A1
S21400CF10EAE7304617F0E4F80028EAD13668E0E79A
S21400CF2030200020014B1878704700BF422B0020AD
S21400CF30437D0F4A1B01DBB282F81F3382F8203391
S21400CF4082F8223382F8213382F8233382F824339E
S21400CF5082F8253382F8263382F82A3382F827337C
S21400CF60037E23B9037D1B01DBB282F8223C7047A7
S21400CF7000E100E037B5054602F0B6FC044698B975
S21400CF802846FFF7D5FF2B8A0DF10601ADF80430D1
S21400CF906B8A01A8ADF8063017F0B1F80122034BF2
S21400CFA01A70204603B030BD0224FAE7422B002058
S21400CFB0982238B50546164B00211C6B2D0202FB45
S21400CFC00044204615F0DAFC124B45F001051B68BC
S21400CFD004F10800DB7800216375E58219F068FE2D
S21400CFE04FF0082363651323A4F858304FF60773F1
S21400CFF0A4F86030FF23084A84F86230074B2046C6
S21400D000C4E91E32C4E92232BDE8384017F05CBEDF
S21400D01048200020D420002055555500D6BE898EC5
S21400D02010B50A4B98241A6B93F834000023803A04
S21400D030D9B2884201D8002010BD013304FB03F1A9
S21400D04051580029F4D00120F6E700BF4820002000
S21400D050034B1B6BC01A034BC0105843C0B270473B
S21400D060482000201BCA6B28F8B580F85E200022F6
S21400D0701E1E0D460CBF4FF48C718C2180F85F206D
S21400D080026A00F1080722F480720262C26804464F
S21400D090026101F26311384619F00AFE0120FFF71B
S21400D0A0CDFD28B9237D5A075CBF43F002032375E4
S21400D0B0A1683846C1F3C84141F0A00119F0FEFD51
S21400D0C05DB140F27123B4F85620C2EB05125A4304
S21400D0D0236A626243F4807323621EB1236A43F4B8
S21400D0E0002323620C4B1B68DB78637520F03EFF41
S21400D0F0237D064643F00803237525B1FEF780FF1F
S21400D100636A03446362204616F0C2FF304620F08E
S21400D11028FF0020F8BD00BFD4200020F8B51F4629
S21400D12083690446164613B1C9B1002515E00029E7
S21400D130FBD017F0FBF9054678B9B4F858309B07D2
S21400D14010D5E36B73B916F005F8E06350B92946BD
S21400D150204617F04EFD41F207052846F8BD17F0A9
S21400D16048FDE2E7044B3A46A361314601232046D8
S21400D170FFF77AFFD9E700BF55DE000038B5044652
S21400D18000284CD0083003F0E9FA0025FF2304F10C
S21400D190380084F86130A56115F067FE04F14000A0
S21400D1A015F063FE04F1340015F05FFE04F12C0068
S21400D1B015F05BFE04F13C0015F057FE04F130005C
S21400D1C015F053FE04F1440015F04FFE154B186B96
S21400D1D0154B201AC0105843C0B216F08FFB0146FC
S21400D1E0284616F086FBA06C10B101F0D9FAA564AB
S21400D1F0E06C18B116F01BFC0023E364206D16F0FB
S21400D20058FC00232365FFF70BFF08B1002038BD4C
S21400D210064815F02AFE064815F027FEF6E741F206
S21400D2204200F4E7482000201BCA6B286C20002030
S21400D23070200020F0B5104B02461E6B93F834C0E9
S21400D24035464FF0FF3400239C4508DC91B1631C43
S21400D25010D0982303FB046080F86120F0BD95F899
S21400D260617028469742F9D0FF2F08BF1C469835B4
S21400D2700133E9E70020F1E748200020014BD86A97
S21400D280704700BF4820002070B500249826074D40
S21400D29095F83430A34201DC002070BD286B06FBF5
S21400D2A00400FFF76BFF0134F2E700BF48200020C0
S21400D2B038B50A4DFFF7E8FFEB6A13B100221A6093
S21400D2C0DA8019F001FD002495F83430A34200DC22
S21400D2D038BD2046FFF76CFE0134F5E748200020F5
S21400D2E0F8B5054600249827074E96F83420E3B292
S21400D2F09A4201D80020F8BD306B297807FB03005E
S21400D30017F030F90134F0E74820002070B52D4CB6
S21400D3100646E06A18B1FDF711FF0023E362002518
S21400D320294815F0A2FDA562FFF7C2FF284616F0B1
S21400D330E9FA7EB90025032084F834602563E58683
S21400D340FEF7C2F8AE4217DC94F8340016F0DAFAAC
S21400D35030B970BD022015F0FDFEE0620028E9D16C
S21400D3600025E06A84F83450256338BB002016F0A8
S21400D370C9FA41F20700ECE706EBC60106EB4101ED
S21400D380C9002B460122032089B2FEF759F805464C
S21400D3900028E5D10320FEF7C1F820630028DFD07F
S21400D3A098222946724315F0E9FA94F83430AB42D5
S21400D3B0CADD2846FFF7FCFD0135F6E7FDF7BEFEA1
S21400D3C0E562D3E748200020702000202DE9F043D6
S21400D3D000268BB0DFF8E08008AF98F83430B34210
S21400D3E002DC0BB0BDE8F0839823D8F8304003FB8E
S21400D3F0064494F86130FF2B0DD0236A980306D5B7
S21400D40004F14409484615F0B7FD054628B9226AD6
S21400D41012F4A02F1DD10136DFE7AB7939460C3365
S21400D4202B44D8689A7A1B8AC2F38012BB800023EA
S21400D4308DF81F2038601A460DF11F0016F018FBF5
S21400D4403B4628469DF81F2094F8611016F095FB81
S21400D450D8E7B4F8583003F01D031D2B17D13C2332
S21400D460FF210020CDE90431CDE902000121CDE9FC
S21400D470000004F16903C2F3800219F009FEA8B99E
S21400D4804FF080500BB0BDE8F04302F00BBA12F438
S21400D490803F08BF3C214FF0000218BF432194F89C
S21400D4A05F3094F8610019F0BFFCE8E7236A23F4C4
S21400D4B0A0232362AFE700BF482000202DE9F74FE6
S21400D4C099465A4B88461B681646019305469DF8B2
S21400D4D030B00D9CFFF7BCFD16F010FA98F80070FF
S21400D4E082461EBB00260021384602F055FFC7F3D1
S21400D4F08002C2EBC202024493B216FA82F2FF2AFC
S21400D5001CD9C3F1FC039EB247F0100716F0C0F911
S21400D5102523B0FBF3F202FB13010020C9B202F090
S21400D520EBFF4FF0010985F891000CE0304615F04E
S21400D5302BFD4845D6D9A0EB0906D4E7FB06B6B2C4
S21400D540C7F30019E2D4BBF1000F01D095F858B02C
S21400D55000235A463946204618F09AFC204618F012
S21400D560CCFC2946204618F0D5FC5146204618F03B
S21400D570FAFC204605F1730118F050FDB9F1000FD2
S21400D58048D095F8902095F89110204602F0DAFEE3
S21400D5902946204618F051FD90B1019B6968DB686A
S21400D5A0E2791944A379286DD21A0C3353FA82F221
S21400D5B02244A0B316F075FA0146204615F02CFC5E
S21400D5C0B9F1000F2FD0B5F99410204618F038FDA9
S21400D5D05146204618F009FD2946204618F02DFD34
S21400D5E020B1286D10B1214616F05EFA314620466D
S21400D5F018F03AFDB9F1000F06D0284616F0FDFFE8
S21400D6000146204602F0E6FE304688F8007003B079
S21400D610BDE8F08F95F8802095F88110B5E7E86CA6
S21400D62016F0FEF9C8E7B5F98410CEE718210020F9
S21400D6302DE9F04F01280C468DB007D0312800F0B8
S21400D6409E810DB0BDE8F04F00F004BCDFF8E88224
S21400D65000264046B74B40F8246B1D6815F005FCC5
S21400D660D8F8283003B1DE80204600F0FDFA218D80
S21400D6702046276A16F0F3FF84F86F00204600F075
S21400D6800BFAAB8A204643F00203AB8294F8903044
S21400D69005F12409AB76FF23EB76FFF7D9FCA877D4
S21400D6A0B4F85A30204603F5FA73AB6016F0A5FFBF
S21400D6B02B7EAA689B09534303F59673EB6028619B
S21400D6C0204617F01EFB002194F8810018F09FFEFC
S21400D6D018F06CFA484618F06DF9FFF7CFFD94F88D
S21400D6E06F100646204616F0D0FF01230093002355
S21400D6F04FF0000A1A468DF8200008A92046019629
S21400D700FFF7DCFEB07921460C30304418F068FD97
S21400D7103046C6F800A018F04EFAB4F85830286222
S21400D720D807C7F3405726D5236AD8F828009904A7
S21400D730C3F34032C3F3400658BF1146CDE9002676
S21400D7404FF0000248BF04F16301C3F30033CDE994
S21400D7500213114608ABCDF820A0ADF824A018F0AF
S21400D760E6FD0023D8F82800036018F024FA0146E6
S21400D770484618F029F9636B214693F806A00593EE
S21400D7800AF10C0A03EB0A06304618F029FD20467B
S21400D790D4F804B0D5F80C8017F063F808B3059BEE
S21400D7A013F80A3003F00F03072B1AD1B3789A0642
S21400D7B017D0002108AAB01C18F028FD9DF82930C3
S21400D7C07BB1089A206DD84402EB030A002875D076
S21400D7D016F065F9002871D052464146206D16F0C5
S21400D7E060F9206D28B316F05AF910B3B37803F039
S21400D7F03F03012B1DD90121F07802F0CDFDB3784F
S21400D8000138ADF81C003221F01C03F03F0307AAD4
S21400D81018F0D5FB064660B10378092B09D1206DB8
S21400D82008A916F040F908AB03CBC6F80200C6F804
S21400D8300610002F4FD02046FFF70AFC16F05EF8C1
S21400D840804600234FF0250BB4F858A00893CAF37F
S21400D850800A606B08A915F0E2FD064600283CD158
S21400D860B4F858309B0714D507A9204616F0ACFE2E
S21400D8704FF0250A8046E06B214683790C33184426
S21400D88018F0AEFC0896E06B08A915F0C8FD002855
S21400D89054D1AB8AC3F3C0032B772FB1A87F16F001
S21400D8A02DF88388013383802120237D43F00103F4
S21400D8B023750DB0BDE8F04F01F0D8BEE06C00282F
S21400D8C08FD016F0AFF800288BD052464146E06C59
S21400D8D016F0A6F885E7B846B3E7089EB3790C338A
S21400D8E01E44BAF1000F03D02146304618F0FAFC69
S21400D8F015F0CEFFB0FBFBF303FB1B010020C9B203
S21400D90002F0FAFD0146304618F0E9FBB8F1000FC8
S21400D91008D04146304618F0D6FC3046B8F8041019
S21400D92018F0B4FB089818F046F90146484618F077
S21400D9304BF88EE71821002048200020089EB37977
S21400D9400C331E44B8F1000F03D0304607A918F078
S21400D950DAFB15F09DFFB0FBFAF303FB1A0100207B
S21400D960C9B202F0C9FD0146304618F0B8FB089867
S21400D97018F021F90146484618F026F883E7194BB7
S21400D98008461D680B7D23F008030B7500F03CFA73
S21400D99020B3154B687F1A68637DD17A28B99278D0
S21400D9A00B44934205DCDAB203E0D2785B1A93426A
S21400D9B0F9DA2046218D627516F036FE20B1002178
S21400D9C094F8910018F023FD697F2046B1FA81F1A2
S21400D9D049090DB0BDE8F04F17F0BEB90DB0BDE86F
S21400D9E0F08F00BF18210020D42000202DE9F0433E
S21400D9F0002685B00E6000284AD089460546CDE947
S21400DA000166284602A915F00AFD00283DD00298B6
S21400DA108379034493F80E80039608F03F0808F1D4
S21400DA2003070CE0A7422AD201983944E41BD0B180
S21400DA30224615F097FCA04223D10027029803A99E
S21400DA4015F0FBFC0028DCD003998B79CC7903F128
S21400DA500C02E41AE4B21144002FE3D1002CECD0FF
S21400DA6001980028E4D10A462346014615F0B5FC85
S21400DA7001900028E1D1192005B0BDE8F0833F1BD6
S21400DA80DCE701A815F0F1F9F5E7019BC9F80030CD
S21400DA90002005B0BDE8F08338B50546B0F858203C
S21400DAA01F4BD1071C68C2F340034FEA830348BFED
S21400DAB043F00803A382530742BFA38A43F0100330
S21400DAC0A382036AD80642BFA28A42F02002A2823C
S21400DAD0590742BFA28A42F04002A2829A0642BF7B
S21400DAE0A28A42F08002A2825B0642BFA38A43F467
S21400DAF08073A38295F88030E37595F8600017F080
S21400DB007FF90023207663766B682360FF232377F4
S21400DB10D5F86930A364B5F86D30A4F84C3038BD3C
S21400DB201821002000232DE9F347054601A801939C
S21400DB30FEF7A4F968B9019F97F8069009F10C0959
S21400DB4007EB0906B37A03F00F03032B04D0052B6B
S21400DB5010D002B0BDE8F08705F14400394615F054
S21400DB601EFA2B6A4FF0805043F400332B6217F0F6
S21400DB70DEFFEEE7DFF89480012241460DF1030058
S21400DB8015F085FFAB6CA8F1100448F8103CB5F80A
S21400DB9058308246C3F3001384F821303189F07977
S21400DBA057F8099018F01CF9174B48441B68A060FA
S21400DBB05B7906F118026B750123E260237106F1AA
S21400DBC00C03BAF1000F14D09DF80330C4F8188087
S21400DBD0237794F8212095F86130637701236AB99A
S21400DBE0A37795F89030E3777379676284F82030EE
S21400DBF0AFE7A361B37AC3F38013E9E7B27AC2F35F
S21400DC004012A277EFE700BFD42000205820002063
S21400DC1037B5134605466A460C46124908684968F1
S21400DC2003C295F8602008326A4412F8081CB5F85A
S21400DC305820D00607D4224628461AF09EFB00F548
S21400DC40FA7003B030BD920704F10A044FEAC40428
S21400DC501CBF03F50C73E418E823481E584304FB66
S21400DC600100ECE7C4F702002DE9F041044620F07D
S21400DC707DF9236A5B4A0646134203D1BDE8F041AC
S21400DC8020F06FB99F05C3F3402572D5E06A15F002
S21400DC907BF9002704F134082085404615F0E5F8A6
S21400DCA0A56BA76365634DB104F12C0015F0DDF894
S21400DCB0E762236A23F40023236205E0B4F85830B1
S21400DCC0D806C3F3001747D40027236A590560D443
S21400DCD03D46B4F85830C3F30017DB061BD5E36A9D
S21400DCE05BB104F1340015F0C0F80023E06AE3628B
S21400DCF0606315F049F93D462085236B5BB104F15E
S21400DD00400015F0B2F80023206B2363206415F062
S21400DD103BF93D466085236A304623F4002323F40E
S21400DD20C063236220F01DF9204616F0CDFF8DB1AA
S21400DD3094F8742094F8733002F00F0143EA01233C
S21400DD40013384F8733022F00F02C3F303231A431F
S21400DD5084F87420BDE8F081E36A002BB4D0404616
S21400DD6015F083F8E06AE562606315F00DF920852A
S21400DD70ABE7A36B002BA7D004F1340015F075F8C1
S21400DD80A36B04F12C00C4E90D3515F06EF8E562BE
S21400DD908FE7206B15F0F8F8B4F858306085DA068F
S21400DDA0C3F300150ED5236B002B91D004F1400071
S21400DDB015F05BF80023206B2363206415F0E4F86D
S21400DDC0608586E704F13C0015F04FF8236CC4E943
S21400DDD00F35002B3FF47CAF04F1300015F045F80A
S21400DDE0256375E700060800064B1B68D97ADA78C3
S21400DDF0437D5B1A9342A8BFDAB20021427516F043
S21400DE00ABBF00BFD420002070B50F4E0546B36AE6
S21400DE100BB10022DA803368A3B10C4B1B685C7F21
S21400DE2074B9094800F02AFD01212846AC6416F0B2
S21400DE30E0FE00230648336015F017F8204670BD54
S21400DE400124F6E70124F9E74820002018210020E5
S21400DE506C20002003282DE9F7430C4600F01981BA
S21400DE6007D8012810D0022800F0FC8003B0BDE8D7
S21400DE70F083312800F0FC803228F7D1084603B042
S21400DE80BDE8F043FFF74EBE4FF000098E4B8F48BB
S21400DE901E6840F8249B14F0E8FF2046FFF7FCFDC0
S21400DEA006F124072046FFF7DFFE17F07FFE384610
S21400DEB017F080FDFFF7E2F90622037BB4F828800E
S21400DEC003F04F03A0F806900373B4F858300546E5
S21400DED0103BC0F8009042730D2B31D8DFE803F0FA
S21400DEE05C305807300C303030303030300C037B2C
S21400DEF023F00F032B7323E00123027B04F1690157
S21400DF0063F3030202730C224273206A05F11402C3
S21400DF1010F0080F0CD001924FF0FF32C0F38000D3
S21400DF2000921A4615F0ABFD2B7B43F08003E1E729
S21400DF30D4F869306B618B889380236A5B07F3D4CF
S21400DF40B4F858202B7B05F10E0162F345132B73B2
S21400DF50204618F01CF92B7B697B60F38613023190
S21400DF602B732846C9B214F057FFB4F8583003F0A4
S21400DF701403142B13D0B8F1000F13D06B7B43445B
S21400DF806B73002342462846616B15F08CF909E056
S21400DF90037B62F30303ADE70222037BF9E7B8F1E4
S21400DFA0000FEED1284617F006FEB38A30625807F7
S21400DFB030D54FF00009E56BB4F82A8008212846D2
S21400DFC0C5F80090A5F8069014F026FF0623297BD6
S21400DFD06B7301F0400141F004012973204605F1FE
S21400DFE00E0118F0D4F82B7B60F386132B7308F120
S21400DFF006036B73B8F1000F05D0D4E90F014B464A
S21400E000424615F050F9E06B17F0D5FD014638464C
S21400E01017F0DAFC40F27121B4F85430B4F8562008
S21400E0202046D21AE36803F59C53083301FB0233FB
S21400E030236116F066FE237D2120190742BFB38AAE
S21400E04043F00103B38201F011FB236A1A037FF544
S21400E0500DAF204623F40023236203B0BDE8F0434F
S21400E06016F032BE084603B0BDE8F04316F0B5BD64
S21400E0700B7D084623F008030B75FFF7C5FE002846
S21400E0803FF4F4AE104B1B685B7F43B1012B7FF46B
S21400E090EDAE204603B0BDE8F043FFF7A5BE0C4B3F
S21400E0A0617D1A68D37A92780B449342D8BFDAB26D
S21400E0B0A3696275002B3FF4D9AE0121204603B058
S21400E0C0BDE8F04316F048BE182100204820002086
S21400E0D0D420002038B50446D0F8A400D0B194F877
S21400E0E0305114F0FDFE81B20631284617F078FE56
S21400E0F083B240F271200849B4F87C20098C424370
S21400E10041438A42B8BF0A4603F548709042B8BFFA
S21400E110104638BD0346ECE78020002030B5174B8C
S21400E120826A1B68D206597926D5828F1C79836B42
S21400E1301203B2FBF3F2631AB2FBF3F2B0F8A030AC
S21400E14003B1013BD0F8A45005B15B101B02B3FB32
S21400E150F2F35B180CD090F899200F2A08D9120910
S21400E160B3EB820FB8BF00234FEA8201A8BF5B1A49
S21400E1709C42A8BF1C46E1B2417530BDD4200020A9
S21400E18010B50446FEF786FEA0420AD1054B1B6872
S21400E19093F8203080F83430BDE81040222001F09B
S21400E1A065BA10BD182100202DE9F0411A4C06462C
S21400E1B02368A3B92EB100254FF4A478EFB2B74276
S21400E1C011DB0020BDE8F0812068013507FB030065
S21400E1D015F087FBA27BEBB29A42F5D8EAE700255A
S21400E1E04FF4A477F6E72068013508FB070015F022
S21400E1F076FB0028E2D000254FF4A476EBB2BB42B3
S21400E20002D341F20700DDE7206806FB050015F0A3
S21400E21068FB0135F2E700BF802000200A4B9A7B9E
S21400E22082420ED94FF4A4721B6802FB0030836A48
S21400E2305B0707D490F8383113F0100F08BF0020A2
S21400E24070470020704700BF80200020084A094918
S21400E2501368C31AD810002B01FB00F005DB937B74
S21400E2608342D8BF4FF0FF3070474FF0FF30704703
S21400E27080200020199C8FC170B504460E461FF002
S21400E28075FE054604F1300252E8003F334342E88B
S21400E29000310029F8D12046FFF7D8FF01230B4AAA
S21400E2A003FA00F002F11C0353E8003F034302F1B7
S21400E2B01C0444E800310029F4D14FF4807017F0B4
S21400E2C036FC2846BDE870401FF04BBE802000207C
S21400E2D070B505460C46C2B90126204616F00EFE5D
S21400E2E0B5F84010441C284619F016FA14FB06F43C
S21400E2F00028A4B207DD844205DB84B2012C1CBFD3
S21400E30004F1FF34A4B2204670BD836ADE07E3D56D
S21400E310C28F002AE0D0D906DED5DA05DCD4D0F8E4
S21400E320A430002BD8D10C4B1B6893F8213013F087
S21400E3300C0FD1D103F01202122ACDD15B06CBD539
S21400E340FFF784FF80B216F0DBFD0028C4D1EE8F05
S21400E3500136B6B2C1E700BF182100202DE9F0470C
S21400E36089466D490446CB8A63B9826812F4601FF9
S21400E3704FEAD24301BFC3F3C40303EB830302EBAC
S21400E3808302CA82B9F1000F02D1204616F0F5FDCD
S21400E390B4F8A050002D40F0B280A36A082113F014
S21400E3A0100F0CBF3E230823204684F87B3002F073
S21400E3B033FC2046FFF7B2FEFFF748FF86B207465B
S21400E3C0304616F0A5FD8246304616F09FFD30B169
S21400E3D0304616F091FD0021304616F096FD236B70
S21400E3E0590409D54FF4804104F1300016F047FD7A
S21400E3F000212046FFF740FFFFB24A463946204636
S21400E400B4F84080FFF764FFB4F84030A4F880000A
S21400E4101844A4F840005DB1204615F022FB2046C3
S21400E42015F060FA2046B4F8401019F02AF80546B0
S21400E430304616F06DFD504510D0A36ADA070DD4AD
S21400E4404A4639462046A4F84080FFF741FFB4F814
S21400E4504030A4F880001844A4F84000B4F84030D7
S21400E460434502D2304616F04FFD304616F045FDC5
S21400E470B4F88020B4F8A03094F874109B1AA4F86E
S21400E480A03094F87330204602FB01332522B3FBFC
S21400E490F2F102FB1133202184F8733002F0BCFB4A
S21400E4A07DB3A36ADB0714D5A26BB4F88030204690
S21400E4B0534340F2712204F14401534394F842203E
S21400E4C002F020FB606C85082046FFF703FE284418
S21400E4D0E06040F27125A16B20460139694316F0D1
S21400E4E0D7FCA36BB4F8802020465A43636801210A
S21400E4F005FB02336360BDE8F04715F0E6BD012575
S21400E50057E720460221FFF7B7FE29462046BDE81A
S21400E510F04715F0C9BD00BF8020002008B501F007
S21400E5205DFAFB220F4B10F0020FDA7344F29022D2
S21400E5301A820CBF012203224107197B48BF42F012
S21400E540040262F303011973197B62F307110322B5
S21400E55019731A760421002219755A82DA61DA8252
S21400E56008BD00BF802000202DE9F843564C054624
S21400E570A06818B1FCF7E2FD0023A360EEB23046B7
S21400E58018F069F88046002841D1304616F0C9FCDC
S21400E59000283CD1FFF708FE07460220FCF794FF50
S21400E5A075B105EB850105EBC101C90043460122A3
S21400E5B0022089B2FCF744FF074638B141F207074C
S21400E5C00023C4E90033A373EFB120E002204FF428
S21400E5D0A479A673FCF7A2FF394609FB05F2206072
S21400E5E014F0CCF92368681EF9B2814209FB01F2E7
S21400E5F007F101072DDB0021284699506360FFF7DD
S21400E600D3FD0028DAD1304616F072FC30B3002570
S21400E610002018F020F8002016F083FC0020FFF7FA
S21400E620C3FD0220FCF750FF2846C4E90055A57339
S21400E63016F05EFC284615F012FA284616F055FC31
S21400E640284615F05DF90220FCF73EFF4FF007085C
S21400E65037E002F5A47119449950C5E7304615F025
S21400E660FEF90028D3D1284615F04AF90028CED165
S21400E670304616F03AFC0028C9D1304616F04BFC5E
S21400E68006460028C3D1002D1BDD022014F062FDD3
S21400E6900221A060C68014F0BFFBA06831468379D3
S21400E6A0C279D21A0C33D2B2184414F067F9012199
S21400E6B0A3689A7913441A7B61F301021A73FFF771
S21400E6C02DFF4046BDE8F88380200020014B987B54
S21400E6D0704700BF8020002030B50A4B4FF4A47569
S21400E6E01A689C7B002318462832D9B28C4200D880
S21400E6F030BD05FB03F151580133C1F34011084406
S21400E700C0B2F2E780200020F8B51FF02FFC234DA2
S21400E71006466C685CB123684FF4A472002120465C
S21400E720E7696B6014F02AF92023E761A36230469C
S21400E7301FF017FC84B30123237584F83031A3F14E
S21400E7400113E367EB7BAA8984F842312B8A002108
S21400E750A4F84031072384F889304FF4A473A4F852
S21400E7608A3003F1A473C4F88C3003F1CE5303F55A
S21400E7709813C4F8903041F61B33A4F894301B234A
S21400E78004F10800A4F8442184F8963018F090FAB2
S21400E7901021204602F040FA2046F8BD80200020D6
S21400E7A070B5044616F068FC04F1080001F0D6FFC8
S21400E7B01FF0DCFB4FF4A472054600212046E669F4
S21400E7C014F0DCF8064BE66153F8042F2AB9284605
S21400E7D01C60BDE870401FF0C4BB1B681A68F5E7F4
S21400E7E0802000202DE9F04106464FF480400F4679
S21400E7F001F068F8044630B90E4B1D6893F80E8099
S21400E8007535A04502D80020BDE8F08155F84D3C8E
S21400E8105A0709D5C3F34003BB4205D10622294651
S21400E820304614F082F818B1013405F5A475E8E70F
S21400E8300B20E9E78020002010B5044610B9084BED
S21400E840198410BDA0F87C10A0F87E20FFF742FCCB
S21400E8502169E0602046BDE8104016F019BB00BFF5
S21400E86080200020014BD87319827047802000203A
S21400E870014BD87B704700BF802000202DE9F04F69
S21400E880D0E9029590F9201087B0027F029190F8A7
S21400E89021100192046807798369427F90F81EA0D0
S21400E8A090F81F80002940F0FD80A8F1030101299F
S21400E8B094BF032602260393B5F808B084F89F2079
S21400E8C02A4652F8101BBAF1000018BF0120C4F8FF
S21400E8D0281104F1480101F0CBFD204618F005FE92
S21400E8E0204616F020FB17F098FD414602462046CB
S21400E8F017F0C0FEC8220DF116012046ADF816200E
S21400E90016F00BFB43F6FF7104F5947015F069F8EA
S21400E910AA88039BA4F82C21AA7984F82E211A68C9
S21400E920C4F875209B88A4F87930019B1BB1A36AB4
S21400E93043F00203A362BAF1000F03D0A36A43F4C4
S21400E9400073A3624FF4607000F0BCFFC0F3C01AFF
S21400E950C3054FEA8A1A48BF4AF0800A810548BFB5
S21400E9604AF4807A1FF002FBA36A43F00403A36212
S21400E970E36A43EA0A03E3621FF0F3FA94F83430DA
S21400E98043F0100384F83430BB1E012B00F28C8059
S21400E990A36A43F48043A36201212046FFF76CFC80
S21400E9A00421204602F038F96B7D2046C3F30403A9
S21400E9B084F874306A8907F0FD075200A263697B09
S21400E9C02A7B42EA0122E287E97BAA7B42EA01220D
S21400E9D0A2876A7D84F87330C2F3421284F842201C
S21400E9E000220523A4F840200122A4F8A030A4F8B1
S21400E9F08020029916F09CFA00F0EAFF20F40060EE
S21400EA00C4E908012046FFF789FB424BB3F816A07D
S21400EA10BAF1000F05D1002F40F2C71A18BF4FF405
S21400EA20D77A2046FFF712FCC0B23B4B000240F0FC
S21400EA300300E082C4F80490A361002F3AD1204678
S21400EA40FFF748FBB8F1010FE06005D041462046CD
S21400EA5084F8308116F0B1FB04F1080630465146C2
S21400EA6018F026F90120FEF7E9F828B9237D5A07A1
S21400EA705CBF43F002032375A1683046C1F3C8416A
S21400EA8041F0880118F01AF940F271216B8920468E
S21400EA90013B594316F0FCF9204615F0F9FA07B089
S21400EAA0BDE8F08F012606E7012F7FF475AF40F230
S21400EAB0014172E740F27127760006EB4B067E4373
S21400EAC009EB06036360A36A04F1440943F00103FB
S21400EAD0A36294F83430494643F00103204684F894
S21400EAE0343018F08BFC33464946204694F84220D2
S21400EAF002F008F8EB7901225B00494620467B438A
S21400EB0018F082FC636C20469E08FFF7E3FA304458
S21400EB1098E700BF8020002031F0000010B4C46ADF
S21400EB2014F0080F11D144F0080423F41053C46203
S21400EB3023F01003064C1B0414401B0CC0E90843CA
S21400EB4040215DF8044BFFF797BB5DF8044B704718
S21400EB502FCF87F700232DE9F341ADF804304B792A
S21400EB609DF804209E074EBF032303F001030133E4
S21400EB7063F30102054608468DF804200C4614F09F
S21400EB80B2FE064616F01F0318BF01239DF80420A8
S21400EB9018BF4FF0030863F34512EB6A08BF4FF047
S21400EBA0020898058DF8042004D521462846019AC7
S21400EBB017F0DFFC204614F0E7F9074641462046EA
S21400EBC014F09DF9A3798DF80570BDF804100C3388
S21400EBD0E152E2189DF80430990648BF96706379B2
S21400EBE043F0010363711FF0C1F92146074605F1A2
S21400EBF0A40014F0D4F995F84631013385F846316F
S21400EC00AB6ADA070ED52846FFF720FB80B216F06F
S21400EC1071F930B34388B5F880209A4202D9284665
S21400EC2016F03EFCFEF736F9854214D10E4B204610
S21400EC301E6816F0C0FF2C360146304616F0C4FE9D
S21400EC40AB6ADB0707D4304616F0B7FE022802D8B8
S21400EC50232000F00BFD384602B0BDE8F0411FF05F
S21400EC6080B90123D7E700BF182100202DE9F04F17
S21400EC7085B004460191084661B34B799A071AD4C9
S21400EC8014F082F9019A60B9537901A8DB0742BFF4
S21400EC90A36A43F40063A36214F0E7F805B0BDE886
S21400ECA0F08FA36A1F0506D523F40063A362537989
S21400ECB043F001035371019E1FF058F973793146F2
S21400ECC09E0705461ED504F1AC0014F077F92846D9
S21400ECD01FF047F9DFF89C911FF048F9A36A8046B9
S21400ECE05D0614D5D4F8AC3043B19A7913441B7B37
S21400ECF03A2B03D829FA03F3D80711D440461FF05D
S21400ED0030F9CBE704F1A80014F049F9DFE794F9ED
S21400ED104631022BF2DCD4E92A6376B9002BEDD01B
S21400ED2004F1AC0014F0C0F8054640461FF019F98F
S21400ED3029462046FFF70EFFCEE7002BF0D194F8C9
S21400ED409670039304F1A80B96F807A0B379AAEB84
S21400ED50030A5FFA8AFABA4527DC584614F00CF91B
S21400ED600546A7EB0A076B79294623F008036B7163
S21400ED7003A814F014F9D4F8A86036B17379DA074A
S21400ED8003D49B0701D4002FDED1039B002BB5D004
S21400ED909B79022B46D8002014F0DCF9039980BB3F
S21400EDA004F1A80014F00AF9A8E7002014F0D2F93C
S21400EDB0054630B9039904F1A80014F0FFF803954E
S21400EDC09CE78079B1790C300C313A463144FFB279
S21400EDD0284413F0FAFD3946284614F01DF8B37996
S21400EDE072791F44B7716B79D1074CBF43F00103AA
S21400EDF003F0FE036B717379002723F00103737130
S21400EE00B1E74A794379D5074CBF43F0010303F0D5
S21400EE10FE0343714B7923F001034B71014603A8AF
S21400EE2014F0C7F8E36A9A0513D5039803460068FA
S21400EE300028FBD1DB79C3F14503DBB2032B08D8EE
S21400EE4014F088F9014608B90399A9E703A814F055
S21400EE50A6F8D4F8A83013B15B79DB0704D5039A7B
S21400EE60537943F00803537140461FF07AF803992C
S21400EE705FE700BF7C2C020000232DE9F0411B4E0B
S21400EE8006F11C0252E8007F42E80034002CF7D15D
S21400EE904FF001088FB934B306F11C0353E8003F66
S21400EEA0234306F11C0141E80032002AF4D1BDE8F4
S21400EEB0F0414FF4807000F0F5BC97FAA7F080B1EF
S21400EEC0B0FA80F308FA03F5184627EA0507FFF7B5
S21400EED0A5F90028DED016F01EFB0028DAD12C4358
S21400EEE0D8E72023EEE7BDE8F08100BF80200020B1
S21400EEF02DE9F74F04460190002867D04FF000092F
S21400EF00C5794E460C3505441FF030F84F46DFF8FD
S21400EF10C080009098F80E205FFA89FA52451AD9F8
S21400EF204FF4A47303FB0AFBD8F800105944886A10
S21400EF30430748D5B1F89810C1F30B01002942D019
S21400EF40E179C1F14501C9B2032916D8022014F0AF
S21400EF5001F9044648B900230098A8F812301FF0BB
S21400EF6000F8304603B0BDE8F08F0027014601A840
S21400EF7014F015F8E5790C3525440123002039B244
S21400EF8003EB810305F821A0E854D8F8003005EB20
S21400EF90810C5B44B3F8983001378CF802300323B9
S21400EFA003EB8103E854D8F8003004215B44B3F83F
S21400EFB09820013660F30B02A3F89820204613F041
S21400EFC02BFFFFB2F6B209F10109A3E70646C8E730
S21400EFD080200020F7B5684601F03EFA00254FF481
S21400EFE0A477124EB37BAB4201DC03B0F0BD3468AD
S21400EFF007FB0544A36A03F00503042B13D105227F
S21400F000694604F1490013F090FC60B101212046E6
S21400F01018F02BFC38B9012014F09CF8014610B10A
S21400F020204602F0ADF90135DCE700BF8020002065
S21400F0302DE9F04F31280C4685B000F091810AD8B2
S21400F040022800F0E280032800F0E580012847D07F
S21400F05005B0BDE8F08F322800F0ED803328F7D1F8
S21400F06001F1A40013F020FF94F846310390013B11
S21400F07084F8463143799D0722D4180720D5B4F882
S21400F080983004205A1C62F30B03A4F8983000F062
S21400F09019FCA8B12046FFF7D9F880B215F02AFF70
S21400F0A0002800F055814188AA4A937C0B44DBB2C5
S21400F0B09374127D9A4203D84FF0806016F037FDA5
S21400F0C003A813F0D2FED4F8A8301BB9D4F8AC309D
S21400F0D0002BBDD04FF480512046FFF7CDF8B7E7A0
S21400F0E091F89930084623F0F00381F8993015F02E
S21400F0F0EBFE84F83101204617F014FBB4F9340116
S21400F100FDF7C8FA944B20461D68FFF79FF885F870
S21400F110240094F834304FF4003085F82030002373
S21400F12085F8213085F8233063686B60A36ADA07B8
S21400F13042BF636C9B08AB6000F0C4FB002859D04C
S21400F140FDF7CAFED4F82831E8602B6194F8313117
S21400F150804E6B76D4F82C3105F12C076B6194F851
S21400F16030312B76637D85F8223094F8953085F81B
S21400F1702530E26A02F4C062B2F5C06F04BF043301
S21400F18085F8253016F012FD384616F013FCB068E8
S21400F19016F011FD0023A8620393D4F8A40003A977
S21400F1A014F03DF948BB212000F060FAD4F8A830EE
S21400F1B013B9D4F8AC3023B14FF480512046FFF792
S21400F1C05BF8042000F07EFB00283FF441AFB37CE0
S21400F1D0002B3FF43DAFF37C327E0133DBB29A4224
S21400F1E0F3743FF635AF4FF0806005B0BDE8F04FE2
S21400F1F016F09DBCFDF714FDA4E7039816F0DBFCA3
S21400F2000146384616F0E0FBC7E7084605B0BDE8FD
S21400F210F04FFEF7B5BF91F89930C3F303120132F1
S21400F22062F3071381F899300021204605B0BDE847
S21400F230F04FFFF793B8002603A80396FCF71EFED0
S21400F2402046FFF703F8C0B214F054FB05462046EC
S21400F250FEF7FCFF039B29460193B4F8403082B2C8
S21400F26000930220334614F041FB03998B7903F197
S21400F2700C050D44AA7A0A3312F0200F14BF03229D
S21400F280022213448B71E36A5B050FD5AB7AEA7AE8
S21400F290204643EA022217F085F938B903A813F08E
S21400F2A0E4FD3D21204616F027FBD1E6A26AAB7AA4
S21400F2B01706039903F0030312D5032BEED18B79BF
S21400F2C00B441A7B3A2AE9D8244BD340DE07E5D50F
S21400F2D04B79204643F002034B7101F06BFDB7E615
S21400F2E0032B4A79F4D022F002034B71084695F8B6
S21400F2F0068095F9059095F80AB013F045FE0621AC
S21400F3000646039813F0FBFD2046FEF79FFF039D7D
S21400F3100BF0030B95F806A0C0F303230AF10C0AC2
S21400F32005EB0A0743EA0B13FB702B46F6B2B870E0
S21400F330BE8005F80A9087F801805A7922F002020A
S21400F3405A711B68002BF8D1284614F051FC7FE652
S21400F3500121A9E680200020182100207C2C020034
S21400F360344B8E8F1D68360195F8203081F8343086
S21400F3708B6BE08FB6FBF3F6B1F8A010B3B21B1A96
S21400F380994295F821204CDCD1064CBF0021022181
S21400F39094F8310117F03BF895F82130DB071BD5C0
S21400F3A0A36ADF0706D52B682046636004F1440194
S21400F3B018F024F895F82130D80602D4A36AD906A6
S21400F3C006D4A4F8A060204695F9271015F0B0FDE5
S21400F3D0A36A43F01003A36295F82020E36A92061E
S21400F3E04CBF43F0010323F00103E36295F821309C
S21400F3F09B0606D52046FEF729FF012180B215F0B0
S21400F40084FD95F82130204603F01203122B0ED10E
S21400F41015F0B4FD95F82610204615F0ADFD012137
S21400F42003E79207B8D5032194F83101B2E715F047
S21400F430A4FDEFE718210020012838BF012001298C
S21400F44038BF0121014B18751976704780200020BF
S21400F4500138C0B203289ABF014B185C00207047E1
S21400F460CFF70200431E012B05D9022902D8024B12
S21400F470585C704700207047CCF70200431E042BF0
S21400F480054A07D8052808BF03200621431E01FBAE
S21400F4900320704710467047F8F70200014B53F8F8
S21400F4A020007047D4F7020010B560B10022074C68
S21400F4B0D3B2013354F823101346814202F10102FD
S21400F4C0F6D2D8B210BD0120FCE700BFD4F7020088
S21400F4D0024BDB6993F87F00704700BF280B0020C3
S21400F4E0024BDB6983F87F00704700BF280B0020C3
S21400F4F070B51646028B04468A420D461DD2438BD3
S21400F50023B90EB1D5B23570206970BD0C4B216998
S21400F510184613F05AFA0346208B61692D1A1844D0
S21400F520638B9D42A8BF1D46EAB213F04EFA16B191
S21400F530238B1D443570024870BD002EE3D1E3E7EF
S21400F540432B00200022024BC3E90022704700BF75
S21400F550C820002010B524220021064813F00EFA19
S21400F5600623044C2384044BE36100F043FB9430F1
S21400F570206010BDA4200020815B0200024B03EB3C
S21400F58080035960704700BFA4200020034B03EBA4
S21400F59080035868003818BF01207047A420002058
S21400F5A010B504461EF0D9FC0022044BDC61044B67
S21400F5B0BDE810405A601EF0CBBC00BFA42000205F
S21400F5C0C820002070B5C6B2212E0446144D10D1B6
S21400F5D0FCF72EFB230CC4F3074405EB84042B84B2
S21400F5E06368EB61EB69CBB130462968BDE87040D3
S21400F5F01847222EF6D11EF0B9FCEB69044633B14B
S21400F6000020FFF7CDFFFF232B84FCF7DFFC00F084
S21400F61025FA2046BDE870401EF0A3BC70BD00BFB2
S21400F620A420002038B5104B04461A7812B10022E8
S21400F6301A7038BDC5B2FDF72DFC68B1C38AB3EBAE
S21400F640144F0BD1312D02D1012014F0E7F92846D2
S21400F650BDE83840FDF714BCFF23F0E72846BDE8B8
S21400F660384016F06CBA00BFC820002038B5A0F1AC
S21400F67021030E2B044612D8FDF70CFC68B3C58A8E
S21400F680FF2D2AD0212C02D1002014F0C7F9222CFD
S21400F69044EA054025D1BDE8384016F063BAA0F12B
S21400F6A031031E2B0ED8134B188C44EA004000F092
S21400F6B073FA312C11D10020FFF772FFBDE83840F5
S21400F6C014F03AB9A0F111030E2B06D8132C40F40F
S21400F6D0C02003D009D9142C03D038BD0122064B14
S21400F6E01A70BDE8384000F03BBABDE8384000F07C
S21400F6F053BA00BFA4200020C82000200B4A10B533
S21400F700D36904461BB11168BDE810401847084B82
S21400F7105B6813B1BDE810401847FDF7BBFB014618
S21400F72018B183690BB12046EEE710BDA420002077
S21400F730C820002008B500F05DFA034B1A68026086
S21400F7409B88838008BD00BF862B002037B5054602
S21400F75000F050FA044600F055F90D4B002808BF9B
S21400F7601C462DB12B682360AB88A38003B030BD48
S21400F77014F0E0F80322CDE900010DF105010DEBD0
S21400F780020013F0E2F80098BDF804302060ECE7C1
S21400F790862B0020024B186908B107F0F5BC7047AD
S21400F7A0480B00200D4B37B51C6804B10C340C4BCD
S21400F7B068461D6800232B6000F020FA009B204658
S21400F7C06B60FCF7EDF9FFF7B5FF044813F04DFB4F
S21400F7D00122044B83F8202003B030BDD020002047
S21400F7E018210020480B0020002310B52C4A02F1F7
S21400F7F0100151E8001F02F1100C4CE80034002CF8
S21400F800F5D140EA0104A00201D5FDF77BFA2101FB
S21400F81001D5FCF7B5FBE20301D500F055F9002C45
S21400F82001DAFDF707F8630001D514F016F9E000D9
S21400F83001D5FDF7CBFD610101D516F002F8A20156
S21400F84007D516F0E3FDFFF7C5FB14F02EF914F00C
S21400F850F0F8E30101D514F005F9600201D502F0D5
S21400F86019FA210201D514F043F8E20201D515F089
S21400F8703EFBA30501D501F041FAE00501D5FFF7EF
S21400F880FBFA610503D514F0D6F814F0D5F8220576
S21400F89001D514F0DEF9A30301D514F0CEF810BD9F
S21400F8A0480B0020064A02F1100353E8003F0343CA
S21400F8B002F1100C4CE800310029F4D1704700BF6B
S21400F8C0480B0020014B1B6818407047480B00206F
S21400F8D010B5044BD3E9064204430A43C3E9064283
S21400F8E010BD00BF480B002038B50546FDF79EF951
S21400F8F000212822334813F041F84CF20C00002176
S21400F900FFF7E6FFCDB1AB682E4A00201360E98A08
S21400F9104FF6FF72FEF790FF022013F01BFC2A4BF7
S21400F920186000284BD02B460C3005F11C0253F80B
S21400F930041B934240F8041BF9D1224A234B101DA6
S21400F940936000231373FBF72DFC00F09BFE284604
S21400F950FCF7E4FB044668BBFCF764F820B14FF400
S21400F96080700021FFF7B4FFFCF762F820B14FF477
S21400F97000600021FFF7ACFF2DB1B5F90E10B5F908
S21400F9800C00FCF79FFE16F04CFD0020FFF7DEFE95
S21400F99000F0A8FC02F01EF8044658B9FCF732FF47
S21400F9A0FFF7D0FD00F078F830B900F07BF8044699
S21400F9B016F0FCF8204638BDFFF7F4FEF8E7012401
S21400F9C0F8E700BF480B0020D020002095F7000085
S21400F9D0014BD3E906017047480B0020054B9B6995
S21400F9E0DA054CBF032001201B0548BF40F0040089
S21400F9F0704700BF480B0020014B1860704700BFDF
S21400FA00D4200020014B93F820007047480B0020BC
S21400FA102022034BC3E900229A6000221A76704720
S21400FA20FC20002010B50024094B1C222146094862
S21400FA30C3E9004412F0A2FFFFF7EAFF3023054AAD
S21400FA40C2E90333536154760122034B1A7010BD8A
S21400FA50D8200020FC2000200431002008B51EF02D
S21400FA6085FAFFF7D5FF3023084A0949D3601361AA
S21400FA705361CB600B614B610023537601224B76BA
S21400FA80044B1A70BDE808401EF06BBAE020002058
S21400FA90FC20002004310020014B1878704700BF7E
S21400FAA08C2B002010B5044C23781BB916F05CF89C
S21400FAB001232370002010BD8C2B0020014B1868FA
S21400FAC0704700BFD82000202DE9F0411EF04EFA06
S21400FAD0DFF88880074698F8003043B94FF4803046
S21400FAE016F025F83846BDE8F0411EF03ABA184E32
S21400FAF0184C35460FCD0FC495E8070084E807007C
S21400FB00FFF786FF3023C6E90333736100233846C8
S21400FB10737688F8003003251EF023FA0E4E103C4C
S21400FB20E068302804D07368C6E90030FFF77AFD35
S21400FB3054F8040B202801D0FFF744FD013D15F0D2
S21400FB40FF05EDD1012388F80030BDE8F08100BF45
S21400FB50FC200020E0200020D820002004310020D7
S21400FB6038B50C4C0546237E022B12D854F82330A9
S21400FB70202B0ED11EF0FAF9237E44F823500133D1
S21400FB8023761EF0EEF9BDE838404FF4803015F0CD
S21400FB90CEBF38BDFC20002038B50D4C0546637E30
S21400FBA0022B14D804EB8303DB68302B0FD11EF036
S21400FBB0DDF9637E04EB83020133D56063761EF0C5
S21400FBC0D0F9BDE838404FF4803015F0B0BF38BDEE
S21400FBD0FC2000204FF482720021014812F0CEBEB5
S21400FBE01C210020014B024A1A6070471821002091
S21400FBF0B0210020004870471C210020024A026005
S21400FC004FF40072426070472022002070B5044610
S21400FC100025314A314B88B0CDE90423438B04A834
S21400FC20CDF81A50ADF81E50ADF81830FCF734FA7F
S21400FC30E2682368CDE9025513440193A37D01A829
S21400FC408DF80930A38A13F00C020FBF1346C3F3D6
S21400FC50802383F001035B0018BFDBB28DF80A3007
S21400FC6013F06BFE217F04F1240015F0BCFE06465F
S21400FC7015F09DFF054615F0B7FFA38A28B3D4E913
S21400FC8003210A44E260027843F40063C2F30502EB
S21400FC90E276A3822B7803F00F03072B19D1A978FD
S21400FCA011F03F0100D0E9782046C1F3800118F03A
S21400FCB06DFB304615F080FFA38A43F48063A38271
S21400FCC0237F0133237708B070BD23F400639BB213
S21400FCD0DFE70021E8E700BFD6BE898E5555550000
S21400FCE070B5427E037E0446B2EB931F88B05BD2AB
S21400FCF000255200344835491341CDE9040103F08C
S21400FD000303E17D253304A88DF818108DF819300B
S21400FD10CDF81A50ADF81E50FCF7BEF918F02FFBC0
S21400FD20627EA1682368206A01FB02330193A37DEB
S21400FD30CDE902558DF8093015F039FF15F054FF5E
S21400FD40A28A68B3D4E90263617E06FB11332049B8
S21400FD508B4293BF1E214FF496710125B3FBF1F33E
S21400FD6088BFB3FBF1F30178437065F3C71185785C
S21400FD70C3F3042325F01F0501702B4301F03F0158
S21400FD808370E17642F40063A38201A813F0D5FDE8
S21400FD90206A15F011FF637E0133637608B070BDEC
S21400FDA022F400639BB2EFE7838AC3F3C0211B05EE
S21400FDB004D508B0BDE87040FFF728BF08B0BDE81E
S21400FDC0704013F097BB00BFD6BE898E55555500C0
S21400FDD0C3BF030053282DE9FF410C4619D0552810
S21400FDE000F0CE80512840F0D1808B8A13F00C0FA3
S21400FDF000F0C6805B0540F1C3800B7F013B012B02
S21400FE0000F2BE800120897D04B0BDE8F041FBF71A
S21400FE10F7BE0023204603A9039313F032FB0546E2
S21400FE20002800F0A780037803F00F03032B59D1B6
S21400FE30A18A04F12408C1F3C001404615F0D3FDA1
S21400FE4015F0B5FEA18A0646C1F38001284615F0D6
S21400FE505FFF002840F08E808023324629462046E9
S21400FE6015F020FF002840F085804B48FFF798FBF0
S21400FE7001214046039F15F0B6FD01232377054672
S21400FE8015F095FE15F0B0FE06463846FBF772FFF5
S21400FE900E21B87B15F0C1FDA28AFEB17B6842F444
S21400FEA000623178A2822269963313442268C1F335
S21400FEB005019B1A0344E176E360237FA17D0133AD
S21400FEC023770020FBF786FE284615F075FE2046B1
S21400FED0039913F006FB04B0BDE8F08122F400623B
S21400FEE0A282EAE7052B45D1A18A04F12407C1F3D3
S21400FEF0C001384615F077FD15F059FEA18A04F1C9
S21400FF0048030193C1F3801306460093C1F3001221
S21400FF1001232846C1F3C00115F002FF50BB32464C
S21400FF204FF480732946204615F0BCFE064608BBF3
S21400FF301A48FFF735FB3146384615F054FD07469C
S21400FF4015F035FED5F802300278C0F80A30EB8896
S21400FF50C3812B78C3F3801363F3C7120270A17DAD
S21400FF603046FBF737FE384615F026FE039813F0AA
S21400FF70BFFAB0E7FBF7BEFF2046FFF7B1FEAAE7E1
S21400FF80204604B0BDE8F041FFF7AABE04B0BDE8C5
S21400FF90F04113F0B3BA00BF3B5C02001B5C0200EA
S21400FFA0212810B50C4607D10548FFF7F9FA204678
S21400FFB0BDE81040FFF794BEBDE8104013F09EBAAF
S21400FFC0D5FD0000034637B50C4C6A462068A58868
S21400FFD00090A079ADF804508DF8060013B9481CBF
S21400FFE003B030BD0220D90748BF117802F10102E4
S21400FFF044BF401880B25B08F5D1F1E72DEE020051
S214010000014B186E80B2704700C001B80B4BD86820
S21401001000F07060B0F1106F0ED008D8B0F1E06F4C
S21401002018BFB0F1006F0CBF01200020704700F12F
S214010030744358425841704701207047000002B887
S2140100402DE9F04F89B0074691469A46ADF814104F
S21401005012F09AFF051E46DD1DF088FF9DF814B0CC
S21401006003900BF023030493002F3FD03C464FF040
S2140100700008254EA079E27900F10C01121A5FFA08
S21401008082FB214406EB08005A4612F09EFC2468C7
S214010090D844002CEED1049B1C480093C0F808906D
S2140100A00DF11C0953462A461749CDF80490A2467D
S2140100B01EF05FF83C46A379E57903F10C00ED1AD2
S2140100C0EDB206EB0A0120442A4612F07EFC2468B3
S2140100D0AA44002CEFD103981DF043FF04224946A1
S2140100E0384613F03FF909B0BDE8F08F0748009392
S2140100F0C0F808900DF11C0953462A460249CDF86E
S21401010004901EF036F8E6E720240020402F002059
S2140101102DE9F04784B0904699460390ADF8081053
S21401012012F032FF071F002F25DD039D002D40D062
S2140101304FF0000A204EAB79EC7903F10C01E41A7A
S214010140E4B2294406EB0A00224612F03EFC2D6872
S214010150A244002DEFD11948F119C0F80880019189
S2140101609DF808104B4601F0230100913A461249CA
S2140101701DF0F3FF18B1002004B0BDE8F087039D21
S2140101807DB10746AB79EC7903F10C00E41AE4B2D1
S214010190F1192844224612F018FC2D682744002D38
S2140101A0F0D103A8042112F03AFF012004B0BDE803
S2140101B0F087014ECFE700BF20240020402F00200B
S2140101C030B514460D460246064883B00195802197
S2140101D08360234600941DF0D8FFB0FA80F04009F2
S2140101E003B030BD402F0020002370B50D46D16806
S2140101F08AB009BA0291C17890F800C061F307038A
S214010200817802AE61F30F23417806AC61F31743A0
S2140102106CF31F630993936851681BBA0393836851
S21401022009BA1BBA0793136842681BBA05930F4BAA
S21401023012BA9E60C36804911BBA089206932346BD
S21401024080220120094900941DF0A2FF0028F6D162
S214010250DDE90810DDE9063200BA09BA12BA1BBA9E
S21401026028606960AA60EB600AB070BD402F00206C
S2140102702DE9F84FDFF868808246D8F800B00F46BF
S2140102801646BBF1000F28D0002498F804904C4580
S21401029007D1347098F80400A04214BF0120022050
S2140102A017E004EB09056910C1EBC10159448879CF
S2140102B0C5F3470500F00100381A03D1062250465F
S2140102C012F033FB002806DB02D06C1CE4B2DEE73A
S2140102D03570BDE8F88FA946D9E70320F9E700BFD6
S2140102E0302500200022024B1A7116F0ECBC00BF2C
S2140102F030250020F8B505461DF038FE104C85F374
S214010300070563790646AB4205D1002430461DF049
S21401031028FE2046F8BD002720686571277110B1B8
S21401032013F0ADF827606379002BEED0C5EBC5005E
S214010330FBF75EF920600028E7D160710724E5E746
S214010340302500207FB50E4610210546144615F0CF
S21401035092FDE8B10F4B01A918681B7902908DF840
S2140103600C300023ADF8043066F305038DF8043035
S21401037004F110030DEB03044FF0000314F8082CEE
S214010380284662F3471303228DF8063012F050FD1B
S21401039004B070BD10F80200034637B50C4C6A462F
S2140103A02068A5880090A079ADF804508DF8060065
S2140103B013B9481C03B030BD0220D90748BF1178D5
S2140103C002F1010248BF40185B08F6D1F2E700BF10
S2140103D02DEE020038B583790C460C33C518C35C84
S2140103E003F00F03072B25D1AB789A0622D0E878C5
S2140103F0C3061FD5012100F00F00FFF7CDFF0E4BFE
S21401040002359C4295BF1E234FF4967300210121AD
S21401041094BFB4FBF3F4B4FBF3F42B5C2A1861F33A
S214010420C7132B549378547023F01F03C4F304248A
S2140104302343937038BD00BFC3BF030048407047D5
S21401044000EB0010084480B2704700BF90FAA0F09D
S21401045000BA80B2704700BF044BD3F80120026097
S2140104605B7903F01F030371704700BF8D2B0020DB
S214010470204BF0B5002914BF0C461C460025064645
S214010480174613688BB0C4F8013013792570637171
S214010490EAB21146384615F0AEFF38B1237803F1BB
S2140104A028016944013301F8282C23700135252DD4
S2140104B0EED122782EB16946A01D12F086FA0BB055
S2140104C0F0BD002AFBD00534F5B22946384615F0B2
S2140104D092FF40B9B5FBF2F302FB13550AAB53FA90
S2140104E085F515F8285C0136252E04F8015FEBD159
S2140104F0E5E700BF8D2B0020034B002818BF0346FD
S2140105000B449879704700BF8D2B002070B50E46BE
S21401051082EA124294B2214603463046FFF78EFF26
S214010520FFF794FFFFF78CFFFFF790FFFFF788FFB9
S214010530FFF78CFFFFF784FF174D002B14BF1E46F5
S2140105402E460546FFF77AFF0246144B701CA3FBA6
S2140105500213D11A03EB51035B0903EBC30103EB4F
S2140105608103D21AD2B2114615F045FF40B933784D
S2140105706C40A4B204FB03F306EB1346B07970BDDE
S214010580731D2A3601E09E4204D013F8010F824201
S214010590F9D1F4E7104670BD8D2B00204D91CFBAEE
S2140105A070B504461DF0E2FC0B4E0546306818B1E6
S2140105B012F065FF002333602CB12220604312F055
S2140105C05CFF30B13060002428461DF0CAFC20468E
S2140105D070BD1A24F8E700BF3825002008B5FDF7DE
S2140105E035FE431C1BBF2222034B00201B6818BF8D
S2140105F002FB003008BD00BF382500202DE9F04180
S2140106000F46164614F0D8FC002239464FFA80F8F9
S2140106100446174815F0DEFF054601223946144800
S21401062015F0D8FF454501DB804512DA054405EB98
S214010630D575C4EB650040B20E4A92F9003083428C
S21401064009DAC01A00EBD07003EB600358B2BDE8BC
S214010650F0810020F0E792F901308342F7DDB2F92C
S2140106600230B342DCBF00EBD07040F34700EEE748
S214010670B82B0020CC2A0020014B1878704700BF09
S214010680C12B0020104B1A7842F0F0021A701A7C27
S21401069042F0F0021A7493F8202042F0F00283F838
S2140106A0202093F8302042F0F00283F8302093F8AF
S2140106B0402042F0F00283F8402093F8502042F0A8
S2140106C0F00283F8502070473C2500204288F8B598
S2140106D002F00702072A05461E4F2AD11DF046FCE6
S2140106E0002211017B5C07EB021C1B090F2B0AD0B1
S2140106F00132062AF5D1184A1388013313801DF0FA
S21401070030FC1920F8BD2B681446ACF802301123D2
S2140107107B5496B21DF025FCFBF772FC07EB041325
S214010720D8602B68002023F4E02343EA06432B60BD
S214010730E8E71301F95C1446C1F30312013202F033
S2140107400F02052A28BF002262F307112646F95434
S214010750E2E700BF3C250020D02A002038B54488B7
S214010760054604F00704072C0FD01DF0FFFB074ACF
S2140107702401135D43F0F00313552B6843F4E02383
S2140107802B60BDE838401DF0ECBB38BD3C25002091
S2140107902DE9F047B0F80280074608F00708B8F1DF
S2140107A0070F894632D01A4D4FEA08142E5DFBF723
S2140107B027FC05EB081ADAF80C30360906EBC806F2
S2140107C0C01A05EB460670802B5D03F00F02042A63
S2140107D09EBF013262F303032B55B9F1030F12D109
S2140107E0295D0234281901F00F0117F026FB044693
S2140107F01DF0BCFB3A68074B134023433B60BDE842
S214010800F0471DF0AEBB4FF6FF74F1E7BDE8F08789
S2140108103C2500200000FF7F242816D80F2805D885
S21401082002280CD8B0FA80F040097047084B1038FF
S21401083080B2C34003F0010383F00100704705381E
S214010840012894BF0020012070470120704700BF97
S2140108502D2011002DE9F04F95B0FBF7DFFF42F296
S2140108603603867905460C3630F806808419984595
S2140108700ED1FBF7D3FF022112F0CEFA7F22A37826
S2140108800233A370AA550023202223776270637770
S2140108900121E078FCF7CEFC00230546ADF8463092
S2140108A0002800F0C280CDE91233237AE2888DF861
S2140108B04A30E37AADF848208DF84E30E378B4F844
S2140108C00920FE2BA388ADF84C2003F01C014FF63F
S2140108D0FF7208BF4FF480421C2922D0DDE91201C5
S2140108E0884201D81F281AD841F21105FBF79CFF50
S2140108F00446EAB20123414613F0E0F8A3791C440A
S214010900BDF94630002BACBF05226FF0040213443C
S2140109100A2293FBF2F3A37415B0BDE8F08F91425F
S214010920E2D813F01003E67D677E04D0012E0AD0CC
S21401093041F21205DAE706F0FD02012AD4D17A1E49
S214010940D2B2022AD0D8227B013A062ACCD87BB969
S214010950FFF744F8032E08BF04260640F6B2002E21
S214010960C2D0032F08BF04273840C0B20028BBD02E
S214010970E07817F0E2FC20B1A088FFF74DFF0028D1
S214010980D6D02B4A237F1278002A47D0042BCFD803
S214010990677F042FCCD8E07D94F91620032808BF82
S2140109A004207F2A08BFC822667B1CBF02EB820296
S2140109B052000E96A67B18BF92B2B4F804C0E18826
S2140109C094F80C9094F815A094F818B00F96ADF81A
S2140109D04620667EB4F80920CDE90B37E37E032E68
S2140109E008BF0426003B18BF01230A93A37E04F127
S2140109F00F0ECDE908630DF14603CDE904A30F9B65
S214010A00CDE9060B01930E9B284600935FFA8CF303
S214010A10CDE902E913F09EFB054667E7002B7FF45C
S214010A2063AF677F002FB6D05EE741F207055DE74B
S214010A30C22B00202DE9F047FBF7F0FE83790C333B
S214010A40C4182679E7787EB14FF000080534B04522
S214010A502FDB0025FBF7E8FEEAB20023BDE8F047EE
S214010A6042F2390113F02AB8012F42D035464FF031
S214010A709809DFF88C8098F834309D42E4DAD8F88B
S214010A80300009FB050090F86130FF2B0AD0B0F862
S214010A905820C2F30013D20606D500231A4619467B
S214010AA0FCF73CFB0135E6E71A46194600F0CEFF97
S214010AB0F8E72078B4F80150A0F1FE0359425941F5
S214010AC094F803900434FCF7B5FBA8B1B0F858309D
S214010AD02A4613F0100F39464B4607D0FCF71EFB8B
S214010AE005460028B6D108F10108B0E700F0AEFFD0
S214010AF0F6E741F21205ADE741F24205AAE700BF6B
S214010B00482000202DE9F0411D4690460E46074636
S214010B10FEF7DEFCFEF7C2FC04464046FEF7BEFCCE
S214010B20194B04449D4225D9184B9D4215D9184BA3
S214010B30013D93FBF4F3002BB8BF03339A1005EB8A
S214010B40A305B5FBF2F379683268A1EB930102EBDA
S214010B50430279603260BDE8F0810E4B0E4AA3FB7A
S214010B6005535B0904FB03F303F6C313A2FB03233C
S214010B70DB0AE8E704FB05F3084A03F574338F3311
S214010B80A2FB03231B0CDEE74C621000136666060D
S214010B9040420F001F85EB515917B7D183DE1B4327
S214010BA03A289ABF014B185CFF20704715F80200DF
S214010BB0024B1A6818600260704700BFA02500202B
S214010BC00022024B1A601A71704700BFA025002050
S214010BD070B5064615460C461DF0C8F9337B23EA68
S214010BE0050344EA030131730A4C1DB923791943FD
S214010BF0217106E000231946226823712AB9002BC9
S214010C00F6D1BDE870401DF0ACB9137B12681943EC
S214010C100123F3E7A025002070B50E4B06461B798D
S214010C2001EA0304994313D194B11DF09FF90546D7
S214010C30304614F0BEF930B103781C4304704FF40B
S214010C40007014F074FF2846BDE870401DF089B9A5
S214010C5070BD00BFA02500202DE9F047074614F01F
S214010C60A8F9044600283DD045784DB91DF07EF917
S214010C70237825706370204B1B6863601DF071F943
S214010C804FF00108DFF87090667836B923784BB3D9
S214010C904FF4007014F04BFF24E096FAA6F5B5FA6F
S214010CA085F508FA05F55FFA85FA636833B9D9F868
S214010CB0003026EA050565706360E5E79A68A2B12B
S214010CC01B7B3AEA030310D1BAF1000F0DD051464F
S214010CD03846904748B102280BD0012805D16368F1
S214010CE01B6863600120BDE8F08763681B6863606A
S214010CF0DBE70020F7E700BFA025002070B5002540
S214010D000E4EFDF7E3FCA84200D870BD3068FDF733
S214010D1085FA40B1FFF7A0FF28B94FF40070BDE88F
S214010D207040FEF7BFBD3468FDF7D0FC0134B4FB5C
S214010D30F0F303FB104401353460E2E79C25002004
S214010D40F8B506460C4617461D4614F027F910F06E
S214010D50080003D00221304614F089FD4FF0290C1B
S214010D60134BC5F12001A5F12002EB400CFA01F16D
S214010D700B432CFA02F21343DB0700D470B11121A6
S214010D80204616F0D3FB204616F0C1FB457087704F
S214010D9021463046BDE8F84016F0AEBB0D21204690
S214010DA016F0C4FB204616F0B2FB4770F0E700BF12
S214010DB0000040842DE9F34105460C46009114F0ED
S214010DC0E7F8030705D5684612F04FF802B0BDE80C
S214010DD0F081009F97F8068008F10C0817F80800C4
S214010DE0FFF7DEFEFF2806460ED10021009B01A874
S214010DF01A681960019212F038F8284617F8082088
S214010E00009916F0A5FBE1E7384612F0BDF8013867
S214010E10B042EAD10B4B1E684EB921462846A3794B
S214010E2023441A7B02B0BDE8F04116F091BB73680B
S214010E300BB93668F0E72146284698470028F8D0CF
S214010E40C4E700BFA025002037B504460D4608219B
S214010E50FFF7E2FE2046082114F09CF829462046BA
S214010E6014F0E1F82146012016F019FC2146002075
S214010E7016F015FC012000232146034A009016F0C7
S214010E809FFB03B030BD00BF7174020037B5044646
S214010E9016F082FD0321204614F0C8F8002503460B
S214010EA021460120034A009516F08AFB284603B026
S214010EB030BD00BF7F7802002DE9F74F80460F4610
S214010EC014F06CF810F4801450D1022012F042F99C
S214010ED0064600284CD0BB7921460C333B44B3F878
S214010EE00490B3F806B0B3F808A016F01FFB30461E
S214010EF016F00DFB02210546404614F097F8A5F8BA
S214010F0004906881A5F806B0A5F808A012F0C0FC08
S214010F1009F10109B0FBF9F303FB1900022368800C
S214010F206B70B3793146BB71FB71F2793846D21AD0
S214010F30D2B2234612F0B7F94146012014F01FF849
S214010F401022C7606B89414601200092094A16F0BB
S214010F5037FB4FF48031404614F022F840463146C4
S214010F6016F0CAFA204603B0BDE8F08F2320FAE750
S214010F700720F8E7D57902002DE9F34104460D462E
S214010F800146012013F0FBFF01210746284616F013
S214010F90CDFA284616F0BBFA064600F1010840468F
S214010FA0FFF75AFAD6F801300221C7F812307379E2
S214010FB02046BB7514F03AF829460746F0802046CD
S214010FC016F09AFA20232146009301203B46034A55
S214010FD016F0F6FA002002B0BDE8F081657902004D
S214010FE07FB504460D4613F0D3FFC2073BD5204616
S214010FF013F0D4FF430715D5002320461A460DF1FA
S2140110000F0114F030FA9DF80F30062B0AD8284647
S214011010FAF794F8012200232046FDF77FFD002011
S21401102004B070BD0E21284616F080FA284616F048
S2140110306EFA0646FEF7CCFCC6F80510FEF7C8FCAD
S2140110402946C6F80100204616F056FA0321204626
S21401105013F0ECFF00220346009221460120034ACA
S21401106016F0AEFADBE70821DDE700BF8378020061
S21401107008B5074A0749084816F0F1FB0648FFF786
S21401108097FDBDE80840002204210348FFF7A0BDF4
S214011090537A020001120100A82500202DE9F04133
S2140110A091F806800F4686B008F10C0803910446B5
S2140110B001EB08060146012013F061FF17F808301E
S2140110C00546023B0F2B00F29280DFE803F0089002
S2140110D090909067907190903160909090511CF034
S2140110E045FF71780546204613F09DFF08212046EE
S2140110F013F050FF2146012016F0D1FA21460020B8
S21401110016F0CDFA0123009300233A4A18462146E9
S21401111016F056FA08212046FFF77EFD03A811F0C7
S214011120A4FE28461CF01DFF012006B0BDE8F08194
S214011130B38820467288717814F080F9204613F03F
S2140111402DFF830708D42046039916F025FC0121BC
S2140111502046FFF761FDE7E7AA68274B9A4203D1CD
S2140111602146012016F06BFA03A811F07EFEEEE789
S214011170836843B103AA0492B27803218DF8142040
S21401118004AA2046984703A811F06FFECCE78368AF
S214011190002BF8D003AA04927278EEE78368002B3E
S2140111A0F1D00022059203AA0492042104AAE8E7DA
S2140111B0039D21460120AE7913F0E1FE0F4B8268B4
S2140111C09A4203D02846F9F7B9FFADE7AB19D3F831
S2140111D00D202046D3F81130FDF7A0FC2846F9F77C
S2140111E0ADFF2146012016F02AFA0221B0E70020C1
S2140111F09BE700BF8D7902007F78020083780200AA
S214011200F7B50D46044613F0C3FEAB790C33EF5C1D
S214011210EE18C3076DD5012F48D0082F41D0002FF7
S2140112205AD17189204616F0B9F9B1887278092920
S2140112300B4638BF0923013B9BB29A4209D87388F3
S2140112408B428CBF00230123002A08BF002300EA3B
S21401125003072046FCF7FAFF80B213F04BFE70B18D
S2140112604088B188F38832890090084616F0D6F88F
S21401127038B92846F9F762FF012003B0F0BD012016
S214011280EFE7002FF5D02146002013F078FE10225C
S214011290C560738900921A4A2146002016F090F91B
S2140112A0EAE72946204616F00FFBE5E72046F188D7
S2140112B016F074F90746701C15F0C1F80028D8D04E
S2140112C0002FD6D02146002013F059FE2022C560FB
S2140112D0F38800920B4ADFE72946204612F099FE72
S2140112E00028C9D12946204603B0BDE8F040FFF7E3
S2140112F0D5BE0E2FD5D02946204612F079FEEFE74F
S214011300D57902001D79020038B504460D4613F062
S21401131045FE42070FD4204613F040FE83070AD449
S2140113202046022113F03CFE29462046BDE83840FF
S214011330034A16F029BA2846F9F700FF002038BDFF
S2140113408D0E010038B504460D4613F021FE00F05F
S214011350050004280CD1204613F020FE10F4C02FFF
S21401136006D129462046BDE83840044A16F00CBA94
S2140113702846F9F7E3FE0C2038BD00BFB90E010080
S214011380014A16F001BA00BF790F010070B5054693
S2140113900C460146012013F0F2FD0646284613F0DE
S2140113A0FDFD010704D52046F9F7C8FE002070BDF3
S2140113B033685A05F7D4284613F0EAFDC30708D563
S2140113C021462846FFF7A0FF18B911F0C3FE0446D0
S2140113D070B156E8003F43F4806346E80032002AC5
S2140113E0F7D121462846BDE87040024A16F0CCB92E
S2140113F00720DCE7E10F010073B504460E4613F043
S214011400C7FD00F00C0004284FF0020035D111F0A2
S214011410A1FE054698B34379022143F002034371C6
S21401142016F084F8284616F072F8294646702046CB
S21401143016F062F81621204613F0F5FD0821204625
S21401144013F0A8FD2146012016F029F921460020B7
S21401145016F025F9204616F0CCF90121204613F0A6
S214011460E5FD034601202146064A009016F0A8F83D
S21401147020460821FFF7D0FB002002B070BD0720F0
S214011480FBE700BFAD780200F0B50D4689B0044613
S21401149013F07EFDAB7910F0010003F10C0305EBB0
S2140114A00302EB5C00F09E80033B082B00F23181C7
S2140114B0DFE813F009002F012F0182002F012F0111
S2140114C02F015C007C00D2F80100D2F8051003ABB6
S2140114D0B2F8097003C302F1130301210B3220464F
S2140114E014F0C0FF0421284616F020F8284616F00E
S2140114F00EF806460C2105A800F080FA05AB03CBD2
S2140115003346C6F80100C6F80510079A002143F8CD
S214011510092F2046721C14F0A5FF2146002013F067
S2140115202EFD034603AA478303CAC3F81200C3F875
S214011530161020460821FCF79FFE8021204613F056
S21401154029FD204614F0AAFF2946204615F0D4FFAF
S2140115500321204613F06AFD0346002021466E4A09
S214011560009016F02DF8012009B0F0BD0B21284699
S21401157015F0DCFF284615F0CAFF2946204615F06F
S214011580BBFF1CF0F3FC0546C021204613F002FD0C
S2140115904FF48051204613F003FD28461CF0E1FC71
S2140115A04FF48061204613F0FFFCDCE72846F9F78C
S2140115B0C5FD4FF40071F5E70621284615F0B6FF84
S2140115C0284615F0A4FF204613F05FFF2946204663
S2140115D015F092FF204614F086FF2146002016F0F3
S2140115E02EF8C0E7043B072BBED801A252F823F021
S2140115F01116010035160100971601006915010044
S214011600691501006915010069150100AD16010093
S2140116102046802113F0BEFCAA7920460C322A44CB
S21401162002F109030021013214F01CFF2846F9F7E4
S21401163085FD98E74FF48060FEF744F9B0B10027C6
S2140116404FF40061204613F0ABFC2046CDE9057748
S214011650FCF7FCFD0646204613F098FC3946034687
S214011660009505AAB0B215F0FDFD7CE721460120E4
S21401167013F085FC00F11201204614F049FF062103
S214011680284615F053FF284615F041FF2946204607
S21401169015F032FF67E72846F9F750FD214601208D
S2140116A015F0FDFF204614F01EFF5CE71CF05EFC03
S2140116B006468021204613F06DFC4FF480512046EB
S2140116C013F06EFC30461CF04CFC4FF4C061204613
S2140116D013F06AFC2946204615F00EFF214601202C
S2140116E013F04DFCC268054682B1937901210C3393
S2140116F01A4402F1130320460B3214F0B3FE2046BF
S21401170014F0CCFE2046E96815F0F6FE0023EB60E7
S21401171029E7002028E700BF8D7A020008B50749AF
S2140117200022074816F09BF80548FFF741FABDE886
S214011730084001200021FEF7CBB800BF8914010044
S214011740B825002038B50C468B7905460C3319446C
S214011750E35C142B03D0152B0FD0002038BD0131CC
S21401176016F06AFA15212846224616F0AFFA2146E7
S214011770284615F0C1FE0120F0E70146012013F0CE
S214011780FEFB0B4B82689A4203D02046F9F7D6FC43
S214011790F1E7A179284621440D3116F04DFA20468D
S2140117A0F9F7CCFC2946012015F049FFE3E700BF15
S2140117B0217D020037B504460D460A46142116F06F
S2140117C085FA2946204615F097FE0321204613F098
S2140117D02DFC30220346009221460120024A15F0D4
S2140117E0EFFE002003B030BD217D020008B5094A96
S2140117F009490A4816F033F80848FFF7D9F90221D3
S21401180006480022FFF7E4F9BDE808402020002141
S214011810FEF75EB8257D020045170100C8250020A9
S21401182073B51E46ADF800208DF80230009B0446C5
S21401183001A801930D46114616F0E8F99DF8063009
S214011840B34203D1BDF804308B4205D02846F9F7E0
S21401185075FC122002B070BD204613F0ACFC9DF85A
S2140118600230827A9A4209D18288BDF800309A42C3
S21401187004D12846F9F762FC0020EBE769462046CA
S21401188014F063F829462046014A15F07DFFE1E78A
S214011890B517010037B5044615F02EFE0321204684
S2140118A013F0C4FB0025034621460120034A009598
S2140118B015F086FE284603B030BD00BF7F7D0200CE
S2140118C02DE9F0478846212104461746994613F02C
S2140118D0CEFF88B3204613F061FB10F4103F2ED1E3
S2140118E0022011F037FC054658B34FF00A0A2321AF
S2140118F015F01CFE284615F00AFE012397FBFAF7A1
S21401190008F1FF3293404370064687704846FAF75F
S214011910F3FE90FBFAF04FF48041F070204613F08E
S2140119203FFB4146204614F0ACFF29462046BDE861
S214011930F047054A15F028BF1120BDE8F08723209F
S214011940FBE70720F9E700BF95180100F0B5074649
S2140119500E46144685B00C4B6946384603F1100214
S214011960FEF72EFC0028F6D0102C254628BF1025A1
S21401197030462A46694611F028F8641B2F442E4447
S214011980E9D105B0F0BD00BFC32B002030B589B04A
S21401199020226946FFF7DAFF6A460C4D04AB14466F
S2140119A003CC9C4228606960224605F10805F6D101
S2140119B0074C1A4603CA616008A98A42206013468A
S2140119C004F10804F5D109B030BD00BFC32B0020D7
S2140119D0D32B002010B588B0694620200DF072F98F
S2140119E0044630B96846FFF7D1FF0122024B83F85F
S2140119F02020204608B010BDC32B002070B5124B26
S214011A00054693F820300C468CB00BB9FFF7E2FF81
S214011A1010220021684610F0B1FF4CB92022214661
S214011A2004A810F0ABFF04A8FFF7B0FF0CB070BD20
S214011A30102C264628BF1026294632466846FFF750
S214011A4085FF3544A41BE8E7C32B00202DE9F341AD
S214011A501E46836904460D4617462BB171B3002511
S214011A60284602B0BDE8F0810029F8D0B0F8583019
S214011A70990703D5438D002B00F00481204612F010
S214011A8055FD05460028EBD12046628D218DFCF7D9
S214011A90BFF8012E27D040F27123B4F854205A43E0
S214011AA0904220D9B4F856205A43904215D9294677
S214011AB0204613F09EF841F24505D1E71CF056FA90
S214011AC006462946206D11F0E9FF2046294613F007
S214011AD090F830461CF045FAC1E700F51C70B0FBE3
S214011AE0F3F0A4F85400636BABBBD4F83880B8F1BC
S214011AF0000F0DD1204612F00DFF054640B14146BC
S214011B00204613F076F8192DAAD141F20705A7E76A
S214011B10A26B42B1236A13F4007104D1C4E90D210A
S214011B2023F400232362B4F858309A0742D520469E
S214011B3016F0FDFAA0B3204616F014FB0546002861
S214011B4000F084802046002113F053F804F1400091
S214011B5011F08BF9D7E7204601A916F074FA002890
S214011B60E1D02046019916F0ACFA054640B1204670
S214011B70002113F03EF804F1380011F076F96FE712
S214011B80A36B002BCFD0236A13F40075CBD104F1DD
S214011B90340011F06AF9A36BC4E90D35236ABFE777
S214011BA0E36B3BB9D4F84080B8F1000F3ED0226C0D
S214011BB0002A4FD1B4F85830DB0755D4334B3246A0
S214011BC0A361394600232046FBF74EFA0546002856
S214011BD07FF446AF206D012111F060FF206D11F0FA
S214011BE05EFF00283FF43BAF616B29B9A16B00296A
S214011BF03FF435AFC4E90D15204616F062FA0546E6
S214011C0000283FF42DAF1CF0B1F906460021206DE7
S214011C1011F044FF2046002112F0EBFF236A304604
S214011C2023F4002323621CF09CF919E7204612F0E6
S214011C30E2FE054650B14146204612F0DAFF04F1B5
S214011C40340011F012F904F1380081E7E36B002B40
S214011C50B0D1ACE7236A13F4806102BF23F40023FA
S214011C60C4E90F212362A5E7094DA86A0028A5D17A
S214011C7011F070FA0146A86200289FD1204612F0A2
S214011C80B8FF42E741F20C05EAE600BF31D6000094
S214011C904820002070B5002498260C4D95F8343065
S214011CA0A34200DC70BD2B6B06FB043393F8612066
S214011CB0FF2A03D0186D18B111F0FCFE0134EDE7D0
S214011CC0D86C0028FAD011F0AAFEF7E748200020C9
S214011CD030B51546102289B00C4601460DEB0200C0
S214011CE016F0AAFC4FF4105380221021CDE90132E0
S214011CF0084B224600930DEB010005F5807316F0A4
S214011D0088FB102104460DEB010016F09FFC2046CF
S214011D1009B030BD004440041FB502464FF41053CD
S214011D208020CDE90130054B009301F58073002139
S214011D30084616F06EFB05B05DF804FB004440044F
S214011D40102210B588B00C4601460DEB020016F0C5
S214011D5073FC4FF4105380221021CDE90132094B58
S214011D60224600930DEB01004FF4806316F051FB01
S214011D70102104460DEB010016F068FC204608B061
S214011D8010BD00BF0002C003002370B510250C462D
S214011D9016468AB00146102206A8059316F04CFC9A
S214011DA005AB06AA029330462B46CDE90045084905
S214011DB0EFF71AFA0646294606A816F047FC3346F8
S214011DC029462046059A16F00DFB0AB070BD00BFE5
S214011DD00044400430B51C460023102587B0059307
S214011DE005AB0293CDE9004513460A4605490DF0B9
S214011DF0D2FB29460346059A204616F0F3FA07B0A9
S214011E0030BD00BF0002C003F7B50027054603201A
S214011E100E460197F3F7D0F80122014601AB1046B2
S214011E20F5F774FE044618B12F60204603B0F0BDE6
S214011E303146094A01980DF05CFB0646019846B109
S214011E401CF0F0FA2C60304616F0C1FA40F2074456
S214011E50EBE72860E9E700BF0002C0032DE9F04187
S214011E6047F2121380460F464FF48070002196B059
S214011E701160CDE901301F4B084600934FF48043B3
S214011E80164616F0C6FA0446F8B9049041223068A0
S214011E9004AB05A90DF0AEF9054640B9049D412DE8
S214011EA003D19DF81430042B13D06FF08305412124
S214011EB005A816F0CBFB30680DF0DAF800232846AB
S214011EC0336016F084FA40F20744204616B0BDE8A7
S214011ED0F08140460DF11501202216F0ADFB384683
S214011EE00DF13501202216F0A7FB294605A816F0AC
S214011EF0ADFBEAE70000020910B58CB00C462022C3
S214011F00014604A816F098FB00234FF48072236064
S214011F1047F21213CDE90132084B224600932021E5
S214011F204FF4804304A816F074FA0446202104A84E
S214011F3016F08CFB20460CB010BD00BF0000020955
S214011F4030B504230D4697B01446014620220DF104
S214011F5015008DF8143016F06FFB29460DF135008B
S214011F60202216F069FB00234FF48072236044F2AE
S214011F701213CDE90132084B2246009341214FF45A
S214011F80804305A816F045FA0446412105A816F037
S214011F905DFB204617B030BD0000020970B51C4637
S214011FA00E46042396B01546014620220DF1150073
S214011FB08DF8143016F040FB31460DF13500202225
S214011FC016F03AFB00232026049304AB05AA294603
S214011FD00293CDE90046412307480DF0EFFA054686
S214011FE0412105A816F032FB2B4631462046049ABD
S214011FF016F0F8F916B070BD00000209074A137909
S214012000834208D9012303FA00F013681840003808
S21401201018BF012070470020704700BFD825002058
S214012020054A03461068002208B91A60704700F096
S21401203001010A444008F7E7D8250020014B18792A
S214012040704700BFD8250020102A2DE9FF47064615
S2140120508846154621D800244FF0010ADFF844903F
S2140120600F4FD9F800200AFA04F3134212D046EAB9
S214012070042038436A46E9B280B205F015F948B93A
S2140120802A464146684610F050FC18B9E0B204B042
S214012090BDE8F0870134202CE3D1FF20F7E700BF2D
S2140120A00080FFFFD825002070B506460D46FFF7D5
S2140120B0A5FF40B1054C44EA0624204616F01BFA5B
S2140120C000B92C6070BD40F20640FBE706800400B4
S2140120D0F7B5044619F0D2FBFF2C4DD100F0B8FD40
S2140120E00024594E3379A34221D84FF400410024ED
S2140120F0084605F03BF92022FF215448346010F0D1
S2140121003DFC204600F008FEFF260446504D0CBB61
S21401211000F0E2FB0C214C4A43F6FF7005F0A8F8EC
S21401212020213820494A05F0A3F800202AE0E5B22C
S2140121302846FFF763FF58B10521284616F08EFAA8
S2140121400321284616F08AFA0621284616F086FA52
S2140121500134C7E794F87530FF2B05D02B7843B9C7
S2140121601321204617F069F8204600F0D5FD0446F5
S214012170CDE784F87560F7E72046FFF73FFF18B90B
S21401218040F2064003B0F0BD6B4606220021204611
S21401219016F0B0FA00283FD049238DF80630200209
S2140121A04FF47F4140F4004005F0E0F80521204659
S2140121B016F054FA0321204616F050FA062120465E
S2140121C016F04CFA0122204DA2402B68204623EA45
S2140121D002032B6000F030FD00211C4B2A790846D3
S2140121E01D46013A8A4221DCFF260020AE5400F04B
S2140121F093FD0546164F002D8CD095F87530A342F9
S21401220005D13B78E3B91321284617F016F828467E
S21401221000F082FD0546EEE76B46062201212046C8
S21401222016F068FA0028BAD07223B6E71E78A642DE
S21401223000D010B158781870012001310133D1E770
S21401224085F87560E3E700BFD8250020E62B00205F
S214012250E42B00202DE9FF41334C064601A8FFF789
S214012260DFFE019A237993421ED86379012B3CD174
S21401227000274FF0FF383D4610E02368EB40DB07B0
S2140122800BD5082202AB1146E8B216F033FA20B19C
S214012290039B43453CBF2F469846013523799D4213
S2140122A0EBD3F8B2FFF714FF00250122236802FAE8
S2140122B005F73B4233D13B432360A3680C2101332E
S2140122C043F6FF70184A7361A36004F0D1FF98B11A
S2140122D0236823EA07032360A368013BA3607361B5
S2140122E0FF25284604B0BDE8F081022BF8D10F4B3C
S2140122F0134413F8010CD5E723790C4A013B52FA33
S21401230083F3934207D1EDB215702021074A382096
S21401231004F0AEFFE5E713F8011D5970F1E701354A
S214012320202DC4D1DCE700BFD8250020E62B0020F5
S2140123302DE9F04F00258BB0754C04213F2003AAF0
S214012340257004F0B1FF00B10395039E002E63D003
S2140123500027721E56425641002525706D4C0C21F1
S214012360224643F6FF7004F09FFFC0B10D23A38001
S214012370039B2560032BA56011D805AD2A461421C1
S21401238043F6FF7004F090FF48B995E8070084E82B
S214012390070022460C2143F6FF7004F069FF039BF9
S2140123A0042B05D004213F2003AA039104F060FF0B
S2140123B020213820584A04F077FF20B12022FF213F
S2140123C0554810F0DBFA0322237900255B00B3FBA6
S2140123D0F2F3524A137000F03BFC23799D421ED360
S2140123E0002F58D01021372005AA04F05DFF78B9D8
S2140123F0102105A800F004FB0546102105A816F0DB
S21401240025F9372004F06CFF15B1FF20FFF760FEB9
S2140124104FF00008424F3BE001273E469CE7236809
S214012420EB40DB070BD508225FFA85F811464046DC
S21401243005AB16F05FF910B94046FFF749FE0135C6
S214012440CBE75FFA88F94846FFF7D8FDF0B14FF0C1
S214012450000ADFF8D0B01BF8015B10222946484677
S21401246005AB16F047F9102827D105AA2946019091
S214012470484616F0F9F8019B0090194605A816F093
S214012480E5F8009A9AB14846FFF722FE08F10108DE
S21401249023799845D5D336B13D2004F021FF002598
S2140124A023799D420FD300200BB0BDE8F08F45EA9B
S2140124B00820384380B204F013FF0AF1010ABAF18A
S2140124C0030FC8D1E2E7EEB23046FFF797FDE8B159
S2140124D004220C21304604AB16F00CF904280AD16C
S2140124E0049B0122C3F300238DF814300C213046DF
S2140124F005AB16F0CCF81022002105A810F03EFA24
S21401250010220D21304605AB16F0C1F80135C7E79C
S214012510E42B0020D8250020E62B0020E52B002008
S2140125200080FFFF50F80200F0B4114B114A1D79EC
S21401253014460023D9B28D4204D914F8017B5E1CDF
S214012540874205D10C4C24788C4203D9F0BC7047E5
S2140125503346EFE71344934206D110702021F0BCB6
S2140125603820044A04F084BE13F8011D5970F2E7BE
S214012570D8250020E62B0020E52B0020002110B5F1
S214012580821D83880446084610F027FF024648B19C
S2140125906188208817F0D9FE044603481AF024F90A
S2140125A0848010BD1A24F8E720020A17002380222F
S2140125B013B5CDE90032421DB0F80330B0F8011072
S2140125C0007816F0ACF8044602481AF00DF984803B
S2140125D002B010BD20020A1A40F2055320F0004056
S2140125E098422DE9F0410BD840F20153984209D8A0
S2140125F040F2014398420DD040F20A43984214D06B
S214012600BDE8F081A0F20350022816D8DFE800F0FA
S21401261024495C000D784C882D4810F0C8FA002833
S214012620EED00571A0F80540EAE72A480C7810F0CC
S214012630BEFA0028E4D00471E2E727480F784E88F6
S2140126400D79CC8810F0B3FA0028D9D00771A0F81C
S2140126500560C5710481D3E78C684E880D790F78C3
S21401266084B1B1F8068001F108021C48002110F07F
S214012670D9FA0028C4D00771A0F80560C571A0F882
S2140126800880BDE7234622462146144810F0A0FAEA
S2140126900028B5D00771A0F80560C57104724472B0
S2140126A0AEE70F4891F800804F880E79CD880C89E7
S2140126B010F07DFA0028A3D080F80480A0F80570F9
S2140126C0C671058144819BE70D784C680548A4E7EF
S2140126D078F8020064F8020074F8020070F802004C
S2140126E06CF8020068F8020030B587B005460C4663
S2140126F000930749134603A802220BF059FF28B995
S214012700049B03A89D80DC8019F0D5FF07B030BD7F
S21401271084F8020030B587B005460C460093084998
S214012720134603A802220BF043FF30B9049B03A80B
S2140127301D71A3F8054019F0BEFF07B030BD00BFFC
S2140127407CF802004FF0FF30014670B5084A9368E6
S214012750127B03EBC202934200D170BDD3E9005451
S214012760854274EB01063CBF284621460833F2E752
S214012770E42500204EF6602337B50B4A15795479C7
S2140127805D435C43A5420BD004210DEB010015F01F
S21401279032FF28B9019B641B0134A3FB04342C448B
S2140127A0204603B030BD00BFE425002038B5FFF752
S2140127B0C9FFB1F1FF3F08BFB0F1FF3F04460D4628
S2140127C00CD019F08FF8064BA042A94134BF211A4C
S2140127D000211869BDE8384004F08EBE38BD00BF40
S2140127E0E42500202DE9F84F1E4DAB79DB0736D5E1
S2140127F019F078F84FF0000906460F464FF0FF3AF9
S2140128004FF0FF3B2B7B5FFA89F4A34203D8BDE868
S214012810F84FFFF7CBBFAB684FEAC40853F8342034
S21401282003EBC4014B68964277EB030308D32046BB
S21401283016F090FA0A2806D1AB684344C3E900AB08
S21401284009F10109DEE7FFF795FFAB6880199844A7
S21401285047F1000243F83400C8F80420F0E7BDE869
S214012860F88F00BFE425002008B518220021024891
S21401287010F084F8002008BDE425002038B504785F
S214012880C4B10022082120460B4BF5F73FF990B959
S214012890024610210120094BF5F738F958B9084DC1
S2140128A0FF21A868E2002C7310F068F80549286932
S2140128B019F00EF8002038BDEC250020F425002084
S2140128C0E4250020E5270100024B987900F001007D
S2140128D0704700BFE425002010B5094C206830B9C8
S2140128E015F0D3FE0138C0B2012802D8054815F00C
S2140128F0F4FD00232360A37923F00203A37110BD26
S214012900E42500203700040070B586B0FFF7E4FF29
S21401291015F0BBFE431EDBB2012B154B88BF00230F
S214012920144E05460121684633600093FFF7F4F91B
S214012930044638B90098032D306006D0B37943F0C9
S2140129400203B371204606B070BD102201AB02A986
S21401295015F0F4FD054618B9102102A816F08CF8FA
S214012960102102A815F072FE002DE7D02C46E9E7EB
S21401297037000400E425002038B5104CA3799B07E6
S21401298009D5206815F0B7FDB0B12D2815D1BDE8E1
S2140129903840FFF7B9BF15F078FE0138C0B20128FC
S2140129A0F5D8074D284615F0A6FD0028EDD1A379E8
S2140129B0256043F00203A371002038BDE425002002
S2140129C03700040073B50E460546A8B1102913D189
S2140129D0FFF7D2FF044660B9084832462946006828
S2140129E001AB15F0ABFD044618B13146284615F08B
S2140129F02DFE204602B070BD2124FAE7E425002012
S214012A0037B505460C4616F099FB10B1022003B007
S214012A1030BD16F0BAF90028F8D124B903B0BDE8E4
S214012A203040FFF771BFE5B1102C1AD1FFF754FF04
S214012A3015F02BFE431EDBB2012B0B4B88BF002388
S214012A400A4C0122284601A923600193FFF740F9A9
S214012A500028DCD1019B2360A37943F00203A37114
S214012A60D5E72120D3E700BF37000400E425002086
S214012A7073B5044616F080FCE51C0321284615F0C4
S214012A80BAFD30BBE2786379E2B922791A43F4D011
S214012A9003F07F0343F040036371FFF76DFF78B9DE
S214012AA00D4B01AE3246294618681AF090F838B92F
S214012AB09DF80630BDF80420A37053232280A3712D
S214012AC002B070BDFF2AE3D122791A40FF2AD4D082
S214012AD0DEE740F20740F3E7E42500202DE9F04168
S214012AE0154F0446BB79DB0723D53B7B834220D9B0
S214012AF0BB684FEAC00803EBC00153F830204B68AF
S214012B00B3F1FF3F08BFB2F1FF3F12D118F0EAFE62
S214012B1006460D46FFF72EFEBB688019984445F120
S214012B20000543F83400C8F80450BDE8F041FFF74B
S214012B303DBEBDE8F08100BFE425002010B5144C71
S214012B40237B834222D9A26802EBC00352F83010DD
S214012B505A68B2F1FF3F08BFB1F1FF3F16D04FF000
S214012B60FF304FF0FF31C3E90001FFF7EBFDB1F194
S214012B70FF3F08BFB0F1FF3F04D12069BDE8104018
S214012B8004F010BDBDE81040FFF710BE10BD00BF39
S214012B90E4250020FF232DE9F74F264E0B7005464E
S214012BA088460622014630460FF0BFFE044690B125
S214012BB0FFF744FA4FF0000A814605F1030B5FFA6E
S214012BC08AF7B94510D82B683360AB88B380FF23EA
S214012BD0B3712D2404E0B379FF2BFAD088F80030C6
S214012BE0204603B0BDE8F08F3846FFF707FAF0B18C
S214012BF0384601A9FFF758FA2D28044617D00028B1
S214012C00EED16A465946019819F0E1FF04460028BC
S214012C10E6D10322294668460FF087FE38B92B68AD
S214012C203360AB88B771B38088F80070D8E70AF1D3
S214012C30010AC4E7062C0020044B9A79824204D18B
S214012C4000221A609A80FF229A717047062C002093
S214012C500022034B1A609A80FF229A71704700BFC8
S214012C60062C002070B504460D461B4A13686BB34C
S214012C7093F87D1011F004012AD1586810608C2257
S214012C80184693F870600FF079FE034680F870607E
S214012C902268C0F85A20A288A0F85E20A27980F89F
S214012CA060202868D864AA79A98883F85220FF2270
S214012CB083F8752083F8762040F6FF72A3F86E201D
S214012CC0064AA3F85010116813605960184670BD83
S214012CD01A1D5B68CBE700BF00260020FC250020FC
S214012CE0054A0346106800B97047B0F86E209A424C
S214012CF0FAD04068F7E700BFFC250020054A0346E6
S214012D00106800B9704790F870209A42FAD040686F
S214012D10F7E700BFFC25002010B9024B1868704782
S214012D2040687047FC2500200023114A2DE9F04138
S214012D308C211360804602460120F8F781FB044689
S214012D4020B905460B4E3060454502D32046BDE806
S214012D50F0810120F8F7E2FB07468C2200210135BD
S214012D600FF00CFE87F8705037603E1DECE700BF91
S214012D70FC25002000260020012310B58B4090F88A
S214012D807110044621EA030149B280F87110002946
S214012D9049D118F06FFD204617F002FE102104F10C
S214012DA0180015F053FC204601F0D6FE04F1380059
S214012DB010F05BF8204617F0A7FD224A13681BB1F6
S214012DC09C4231D163681360A36859050BD51A0577
S214012DD009D443F40063A18994F87000A36004F158
S214012DE0780203F063FE00232046636019F097FD26
S214012DF015F0CEFC4FF48072B2FBF0F2424394F829
S214012E0070300344B3FBF2F102FB1133DBB2591EFF
S214012E10C9B2FD29F5D884F87030002363600A4BE7
S214012E201A6852B91C6010BD1A465B68002BCBD0DD
S214012E309C42F9D163685360C6E71A68131D52684D
S214012E40EFE700BFFC2500200026002090F8743034
S214012E5003F00B03013BDBB20A2B9ABF014AD05C9D
S214012E60002070478CF802001FB5014690F87030BC
S214012E708DF80430FFF7EAFFB1F862308DF80C00E8
S214012E80ADF80630B1F8643001AAADF80A30B1F8F1
S214012E906630054840F20311ADF8083019F053FDCD
S214012EA005B05DF804FB00BF4426002007B590F886
S214012EB070308DF8051001AA40F2072103488DF8FD
S214012EC0043019F040FD03B05DF804FB44260020F1
S214012ED038B50A4B04461B680D462BB143699B0760
S214012EE002D516F07DFA30B12A4620680421BDE8E5
S214012EF0384017F0B7BCA3699D6138BD0426002091
S214012F00024B1868003818BF0120704704260020BD
S214012F1013B50446019120B901A80FF0A6FF2120A0
S214012F2012E008460029FAD010F02EF880B20028E8
S214012F30F2D0094B20461B6801994BB1984728B936
S214012F402046019900F0D4FF02B010BD0020FBE737
S214012F5001F00CFCF3E700BF04260020436A73B5BA
S214012F609904044625D4FFF7AFFC636A03F4804353
S214012F7008B3A26AD2041ED4D4F80100002BB4F818
S214012F800520E37904F10105009029460CBF532082
S214012F901420ADF804208DF8063016F0CCF940B9AF
S214012FA06946284600F0D6FB18B9636A43F0080361
S214012FB0636202B070BD002BFBD1084D661C29462A
S214012FC0304600F0C7FB0028F3D12B68C4F8013067
S214012FD0AB88A4F80530AB79E371E6E75326002009
S214012FE02DE9F0411E4E3071C0B333460022482110
S214012FF0F4F78CFD38B905464FF048080746337993
S214013000AB4202DC0020BDE8F0813468002108FBF9
S21401301005441422A76104F134000FF0AFFCA0228E
S2140130204FF4A073C4E90723072304F1100084F8C2
S2140130303130E773E7710FF018FF04F114000FF059
S21401304014FF204615F01CFD40F20113E3857F2393
S214013050A76284F8323067620135D0E73060D1E785
S21401306008260020074A03461179814208D91068CC
S21401307038B1482202FB0300406A00F001007047A5
S214013080002070470826002038B505460C46FFF795
S214013090E9FF034638B148220020044B1B6802FBB7
S2140130A00533236038BD2120FBE700BF082600203A
S2140130B02DE9F04F0446364A93B0106851680FABBD
S2140130C003C3906812AA1860E37B02EB4303626AAB
S2140130D033F80C5C170548D40127B84645F01005AF
S2140130E0A67BC2F30043C6F3C006920348BF43F073
S2140130F0020386F00106B8F1010FD4E9072194F81E
S214013100009094F831A004F1080B0B9194F9324029
S214013110F6B209D0B8F1020F06D0B8F1040F14BF09
S2140131204FF000084FF00308012F05D0022F03D0FF
S214013130042F14BF002703274846CDE90C2315F0BA
S2140131403FFD0D9BCDE90770CDE903B30123294669
S214013150CDE900A3DDE90B324846CDE905480296E4
S21401316001F03AFD13B0BDE8F08FA36A94F82E8003
S2140131709E0648BF45F02005580648BF45F0400565
S214013180110494F82F7048BF45F00405A8E700BF66
S21401319098F8020037B5044648B104782046FFF790
S2140131A061FF10B9002003B030BD0134E4B2074D11
S2140131B02B79A342F6D9204601A9FFF765FF08B986
S2140131C00198F0E70134E4B2F2E700BF08260020D8
S2140131D070B5144B0546197918680023994201DC2D
S2140131E01A201AE0426AD60718D490F839406407C4
S2140131F014D4DCB203460C4903F8014BD1F80B603A
S21401320042F00902C0F80160B1F80F60497C9E8067
S21401321099714262FFF74CFF2C7070BD0133483044
S214013220DCE700BF082600204826002073B5057994
S214013230C67801A92846FFF727FF00BB019C284650
S214013240636A23F010036362FFF778FC76B92946B8
S214013250A069621C0F4B00F0E1F8222231460D48AE
S214013260A66102B0BDE870400FF088BB204615F09D
S21401327007FC636A5A0604D523F04003636202B072
S21401328070BD284604F1340102B0BDE8704003F079
S21401329099B900BF6C26002010B500F0F3F904467A
S2140132A0FFF712FB28B11248837A13F0180F14D0D7
S2140132B0104C2146104800F04DFAB8B9A3792046C3
S2140132C01B0710D501F0D8FA60B922680A4B1A60BC
S2140132D0A2889A80A2799A7104E00430FFF7C8FBAD
S2140132E00028E5D010BD01F0ABFAEDE70020F9E7C4
S2140132F0482600204C2600200D2C002010B5044640
S21401330020B9064816F038F8204610BD012802D12B
S214013310024816F031F8FFF7BFFFF6E74C2600200B
S21401332037B504460D4615F00DFF6988204615F0A1
S21401333024FA6A7E2B7E204643EA0223A4F86230F2
S2140133406A7F2B7F43EA0223A4F86430EA7EAB7ED1
S21401335043EA0223A4F866301B23A4F86C302D4BF5
S2140133605A8B9B8BA4F86820A4F86A30022384F851
S214013370723018F07EFA204617F0E6FA94F87330A9
S214013380022B15D101F052FE70B194F87530FF2B67
S2140133900AD105212046A36843F48053A36003B0F5
S2140133A0BDE8304015F049BF0021204615F0E8F988
S2140133B00021204600F048FA4FF6FF73288C984209
S2140133C025D000F0F3F9009400F0DCF96A46ADF878
S2140133D0040040F20621104819F0B5FA002240F226
S2140133E00221204619F06BFA2046FFF73DFD2046E4
S2140133F017F0BDFA204601F027FBA368012123F44C
S21401340080432046A36015F01CFF03B030BD0020AA
S214013410D9E700BF4826002044260020F7B5044619
S2140134200F46164668465A79991D1D4600F070F9F2
S2140134302CB969463046FFF715FC0446A0B140F2A8
S214013440032384F87670A4F8723033682946C4F8EA
S2140134505A30B3882046A4F85E30B37984F86030D9
S214013460FFF75EFF03B0F0BD032140F2064017F000
S214013470B9F96B88A0F803300D2343710148F9F7B9
S214013480FDF9EFE7076F0200A0F11B03E02B10B573
S214013490044618D8042142F2240017F0A3F96FF06D
S2140134A06F0343714223A0F8034083710748F9F77D
S2140134B0E5F917F09AF9407920B117F096F94079B5
S2140134C040F4805010BD2120FCE700BF23700200AD
S2140134D007B590F870304FF4887101AA03488DF84B
S2140134E0043019F030FA03B05DF804FB44260020DE
S2140134F0F7B5C67805463C2E00F1020404D103B0A8
S214013500BDE8F04015F0F9BD87792FBB234A156A4F
S2140135101762D6B12146284646F4805615F012FEAB
S21401352040F201216A462846EE6085F87270CDE9C0
S214013530005619F008FAAB68394643F4806328460A
S214013540AB60FFF719FC03B0F0BD2146284603B077
S214013550BDE8F040FFF7E4BE4FF6FF73408C98429B
S2140135600DD000F023F950B100F090F82346024642
S214013570FF21002003B0BDE8F040FFF74FBF234610
S214013580074A2235144618685968083303C4AB4203
S2140135902246F7D11B882380D5E700BF48260020A6
S2140135A06C2600201FB50446B0F80300FFF798FB11
S2140135B008B3B4F8053090F87020A0F86C308DF898
S2140135C00420ADF80630227AE37940F2091143EA85
S2140135D00223ADF80830A27A637A084843EA022348
S2140135E0ADF80A30227BE37A43EA022301AAADF85A
S2140135F00C3019F0A8F904B010BD00BF4426002015
S2140136001FB504468088FFF76BFB80B190F87030D9
S2140136100E218DF80430D4F806300648CDF8053072
S214013620D4F80A3001AACDF8093019F08CF904B0A3
S21401363010BD00BF4426002013B504468088FFF75E
S2140136404FFBD8B190F870306A468DF80030E378B9
S2140136504FF403718DF80130A37909488DF80230D3
S214013660E3798DF80330237A8DF80430637A8DF888
S2140136700530A37A8DF8063019F065F902B010BD51
S21401368044260020004870475326002008B5FFF75F
S2140136901BF9044B1A460733002808BF1A46104682
S2140136A008BD00BF4C26002010B58379044613F0F0
S2140136B0280F21D00268114BC3F80B208288A3F88B
S2140136C00F20827900205A74FFF764FD20B9BDE807
S2140136D010400320FFF712BE436A13F4C04FF3D124
S2140136E0226843F00803C0F80120A288A0F805204C
S2140136F0A2794362C271E7E7212010BD4826002067
S2140137004379024A9B09D05C704700BFB4F80200B7
S2140137100B6810B503608B88FF2A0446838002D1AC
S2140137200723A37109E0032A08D8054B9B5C072BE6
S214013730837102D1FFF7E4FFA07110BD0023F0E70B
S214013740B8F802008379024A03F00703D05C704799
S214013750ACF8020010B58B798279094C02F00702A9
S21401376003F00703A25CE35C9A4206D106220FF03F
S214013770DCF8B0FA80F0400910BD0020FCE700BF7D
S214013780A4F8020060B11422074B1B68C31AB3FBEE
S214013790F2F3007CDBB240EA032000B280B270474D
S2140137A04FF0FF30FAE700BF542F002010B5024655
S2140137B0142408490B7A0968FF2B01D1002010BD9B
S2140137C06343C818CB5AC3F30B039342F7D0437C29
S2140137D0F2E700BF542F0020F722014B1A807047F2
S2140137E0E630002010B5044658B30068836CA34247
S2140137F01FD1636883642246124919F070F804F1F8
S2140138000C0019F08CF804F144000FF02EFBA069AF
S21401381048B114300FF029FBA06918300FF025FBD2
S214013820A0690FF02CFE2046BDE810400FF027BE21
S2140138301346002BDFD05A68A242F9D162685A605B
S214013840D9E710BD7194020070B5054648200E46B2
S2140138500FF013FE044650B1FFF752FB60B11C2077
S2140138600FF00BFEA06128B920460FF008FE0024D9
S214013870204670BD002303700321284614F080FF04
S214013880AB6C22466360AC641723268100266381F5
S214013890144928462560267766640BF05DF902F028
S2140138A05BFF3246014604F10C000BF055F902238A
S2140138B02374FFF725FB18B90B4B1B78002BD7D0C9
S2140138C00A4B19881729D3D9204614F0EBFF002894
S2140138D0CED11321204615F090FD636943F0020313
S2140138E06361C5E771940200142C0020E6300020C5
S2140138F0F8B5054610B34C1C20D0114C2468247E24
S2140139008C421BDD3F2919DC032701F0030600EB7F
S214013910A10191F831407600B74002F0030224EA93
S2140139200704B240224381F8312013B1002115F07B
S2140139301DFE2846BDE8F84015F077BEF8BD00BF6D
S2140139401826002070B5164600221A7032800A7AB0
S2140139500D46072A4DD8DFE802F004090D111A1E9C
S214013960304AE86830F8023B338043E0EB68981D44
S2140139705B88F9E7EB68981D9B88F5E7697B15F08E
S21401398042FE02221C4B18801846328032E0022387
S2140139901A4833802EE01A4C2B7BE88923702B883B
S2140139A0E11C013363702B8801331B12A37000F0F6
S2140139B0A7F90330308020461CE0124CA889EB8919
S2140139C0020AA3701B0A20706270E37000F00EFA00
S2140139D058B1C3681A88022A07D19A782271DB780F
S2140139E0637106230748338004E00423FAE7802244
S2140139F01A70002070BD00BF2E2C0020BCF80200FB
S214013A001B2C0020152C0020054A064B1860136855
S214013A1043F001031360828B034B1A80704700BF8B
S214013A201026002018260020D22A002010222DE978
S214013A30F04FDFF858818FB0002105460DEB0200EC
S214013A400EF09CFFD8F8001011F008040AD04D4B78
S214013A5003F1100253F8041B934245F8041BF9D1F5
S214013A6000242CE02146102228460EF087FF02A9EA
S214013A7004A80294FEF764F9044600BB0390029979
S214013A8003A8FEF7C1F90446B0B982463E4BA2B27E
S214013A901B68D988914216D8294603A814F071FDEF
S214013AA00446029814F019FD002C5AD01022002169
S214013AB028460EF063FF02E0029814F00EFD204641
S214013AC00FB0BDE8F08FD3F800B0A7B24FEA0719E0
S214013AD00BEB07173846ADF806A016F095F9064623
S214013AE0384600F053F9002839D0A6F520539BB28A
S214013AF0032B02D9B6F5245F23D13BF809303946AA
S214013B00ADF820300DF1060200200DF10503ADF8E9
S214013B102260FFF717FFBDF806600146324609A886
S214013B200EF053FF321D039808A914F021FD064636
S214013B30A8B103A814F045FD029814F0CEFC344653
S214013B40BDE706F55643FF339BB2042B07D83BF877
S214013B500930ADF82260ADF820300026E2E70134E6
S214013B6094E7084B05F1100255F8041B954243F8FB
S214013B70041BF9D1D8F8003043F00803C8F8003028
S214013B806EE700BF302C00201826002010260020EB
S214013B90134B01461B6870B513F0040306D00022D0
S214013BA0104B1C68E38990B2834209D80E4A146808
S214013BB00022E58990B2854209D84FF6FF7005E0EC
S214013BC0A56835F8125001328D42ECD170BDA66859
S214013BD036F8126001328E42ECD1034498B2F5E712
S214013BE0102600201426002018260020094B1B68EA
S214013BF05B070AD5084B1A68D389834203D99368B1
S214013C0033F810007047C01A80B2044B1B689B68DB
S214013C10F6E700BF102600201426002018260020F4
S214013C2038B5046805460C22204608490EF07DFE8C
S214013C3050B90222064904F10E000EF076FE18B9BC
S214013C4002200C342C6038BD1020FCE7BFF80200BF
S214013C50CDF802002DE9F7431028019146D101A8BD
S214013C60FFF7DEFF022806D1019B1888FFF790FFB9
S214013C7003B0BDE8F0831F4B019F1E6816F00406D3
S214013C8008D000241C4BD3F80080B8F81660A5B203
S214013C90AE420BD80025194BD3F80080B8F8169021
S214013CA0ACB24C4510D34FF6FF70E1E7D8F81000E0
S214013CB0102200EB041039460EF037FE01340028BE
S214013CC0E5D145F40040D3E7D8F81000102200EB08
S214013CD0051039460EF029FE01350028E0D1A0195D
S214013CE06FEA40406FEA504080B2C1E70228DAD15D
S214013CF0BAE700BF10260020142600201826002050
S214013D00020408B51DD5124BC0F30E001B685B07F5
S214013D1013D5104B1A68D38A98420CD2136903EB59
S214013D20001000F1100350F8042B984241F8042BC0
S214013D30F9D1102008BDC01A80B2074B1B681B6959
S214013D40EDE7FFF753FF0870000A48700220F1E71D
S214013D5010260020142600201826002038B5044618
S214013D60094B1B681D68A54209D2204621B916F0E9
S214013D7055F830B1103402E016F059F808B1204673
S214013D8038BD103CEFE700BF18260020437ADA075B
S214013D9002D5C3F380007047034BC0881B881840C8
S214013DA0003818BF01207047D22A00200C4B02466B
S214013DB0186810F001000AD03AB10A4B1B68DB887C
S214013DC0934234BF002001207047104670472AB145
S214013DD0054B1B88934294BF00200120704700BF0B
S214013DE01026002018260020D42A002070B501468F
S214013DF0FFF7DCFFE8B10F4B1A68D5888D4209D36F
S214013E0001F1805013680138040103EB00101B5BBD
S214013E108B420ED0002398B2854201D8002008E0DC
S214013E2016681C01345B06EB03108C4203F1010398
S214013E30F1D170BD182600202DE9F34100250E466C
S214013E40A846174F01903A68ABB2D18899421DD95E
S214013E501468ABB204EB0314B4F90430002B1CDA7B
S214013E602046FFF793FFC0B1E1680B889E4214D14C
S214013E703246019802310FF075FAE36882B21B8868
S214013E80934207D0114601A80FF0C9F8404602B088
S214013E90BDE8F08143441FFA83F80135D3E700BF3C
S214013EA0182600207FB5114B0E460546044603939F
S214013EB020B9204615F013FB0446A0B1204615F0A4
S214013EC03FFB024668B93146204615F083FC0228BE
S214013ED007D18023314600932046042303AA15F018
S214013EE0CBFF002DE5D004B070BD00BF0100FFFF81
S214013EF02DE9F04F97B08346099115F067FA0998B6
S214013F0083790C33C45CC5180FF03EF8202C0646A6
S214013F10099F17D8012C05D9C44BA21ED2B2D34093
S214013F20DB0713D42146062300225846009714F0D7
S214013F30CAFC41F20614584615F04DFA204617B051
S214013F40BDE8F08F04F07F03522BEBD1384697F88B
S214013F5006800FF019F8BBF80A2083B29A4214D2F1
S214013F6014F0010240F08F8004F07F03522B00F022
S214013F708A801E2C00F08780099B214600935846B4
S214013F80042314F0A0FC2124D5E747443A7B013BE7
S214013F90202A9BB246D8012AE2D9023A1E2ADFD845
S214013FA001A151F822F000BF41400100613F01002C
S214013FB045400100613F01003B400100613F0100B7
S214013FC031400100613F010041400100613F0100B5
S214013FD045400100613F010049400100613F010089
S214013FE031400100613F010073400100613F010063
S214013FF0613F0100613F010077400100613F010020
S2140140007B400100613F0100613F0100613F01000B
S214014010613F0100613F01007F400100613F0100F7
S21401402049400100522A24D0D22A99D10D2B05E00D
S214014030062B0DD0142B93D10AE0052B90D907E05F
S214014040022BF8E7042BF6E7032B89D9DF0787D481
S214014050022C00F00B81DBF800309B68980516D423
S2140140600BF144000EF001FF099BCBF8443000240D
S21401407061E7012BE2E7032BE0E7012BDBE7002BEF
S2140140807FF46EAFE4E709A80EF0EFFE7BE71E2C87
S21401409000F03683584615F053FA0746002840F0DC
S2140140A08280584615F047FA00287CD004F07F033A
S2140140B0522B00F0CC80082C68D1B6B2152E14BF56
S2140140C002201020691D15F021FA00285ED0DBF8C9
S2140140D014305846D9074BBF23F0010343F00103C0
S2140140E0394601214CBFCBF81430CBF8143015F00B
S2140140F03DFA09980D9014F051FB0446B0F8018082
S214014100B0F803900D980EF03FFF152814BF022556
S2140141101025053421462846FFF79CFD21460390CD
S214014120284615F0F3F90D9A0490B8F1000F00F047
S2140141304F81C84500F24C810221092014F04FFB43
S214014140BBF80A708246023FBFB23E4640464FF079
S214014150FF354946039A15F0DDFC0446002800F0B9
S214014160788115F0BFFA002800F0908101222146DF
S214014170584615F048FB03468DF82E00002800F03F
S2140141802B810D9A009222460821B0E0DBF814300C
S21401419013F001064CD023F0010300215846CBF85A
S2140141A0143015F0E3F9202C55D8231F1C2B57D8B3
S2140141B001A252F823F000BFA344010061420100AE
S2140141C09B45010061420100F3400100614201008C
S2140141D08546010061420100A346010061420100DB
S2140141E0B946010061420100A3420100614201009B
S2140141F0D1460100614201006142010061420100B5
S214014200ED46010061420100F746010061420100EE
S2140142106142010061420100614201006142010008
S2140142200147010061420100C74601005555515042
S21401423043F0010301215846CBF8143015F096F9E6
S2140142401223324621465846009614F03CFB09A834
S2140142500EF00BFE0BE7522C00F04182D22CF6D06A
S214014260099B002200932146062340E0099DB94C94
S214014270284614F093FA2188B0F801602A46584679
S21401428014F036FB2388BBF80A10B34228BF334626
S214014290172BB8BF17235846ABF80A3015F082F82B
S2140142A0E5E6099F384614F079FA0546B0F801802C
S2140142B0B0F803A038460EF067FE15280CBF20465E
S2140142C00220691DFFF7C6FC0590B8F1000F0AD061
S2140142D0D04508D8B5F80530049315F077FD50B9E8
S2140142E01023009701E0012300974246102158460B
S2140142F014F0E9FABBE63A460221112014F06FFAEF
S21401430044464FF0FF35BBF80A3006909E1E0393D5
S214014310063B9BB2B6B2089351462046059A15F065
S214014320F9FB814668B35146049A15F040FC0446F1
S214014330484615F0D7F940B94FF6FF739C4201D0B5
S2140143400134A4B25445E7D91BE04FF000030DAA8F
S214014350ADF8343049460CAB584615F0E9FA039AE5
S214014360BDF83430053A9A42089A0790D8BF1346EA
S214014370002DADF8343009DB9D4202D1EB1CB3426F
S21401438008DB6A1C1CD10A230097AEE7351F9D4245
S214014390A8BF1D46042211A93846ADF84490ADF8D1
S2140143A046400EF0DFFF2A46384607990EF0DAFF40
S2140143B04FF6FF73043E761B9C42B6B2C0D1E0E7CF
S2140143C03946069B04355D705846FEF781FD4EE67C
S2140143D0012300924246D7E6049B13B1204615F00E
S2140143E06AF9204615F096F9D8B1002D54DC0DA8CF
S2140143F00EF03BFD082358468BF81C3050F80C2B6A
S21401440040F2025192F870208DF8483000238DF862
S214014410442011AAADF84640ADF84A3018F093FA98
S21401442025E6ADF844000DF12E032146584611AAA3
S21401443015F07EFABDF844300590BB4228BF3B46D6
S214014440002DADF844300ADB9D4202D16B1CB3420D
S21401445009DB6B1C20D10D9B00930A23BAE7B51E1E
S2140144609D42A8BF1D4602220CA90D98ADF830400A
S2140144700EF078FF2A4605990D980EF073FF4FF659
S214014480FF73023E761B9C42B6B2E2D0601C80B23D
S2140144908145BFF45EAEDCE702350D998AF801501E
S2140144A092E7DDF82490484614F078F9B0F80180D8
S2140144B0B8F1000F47D0B0F803309845049342D8BE
S2140144C04FF6FF774A460221052014F088F9454643
S2140144D0BA46BBF80A400590023CA4B229465846A3
S2140144E015F0FAFB504506464FD04FF400622946B8
S2140144F0584615F088F9002842D1304615F082FC5E
S21401450000280CBF022310235745039324D03046BE
S21401451015F078FC0690384615F074FC069B83422D
S21401452006D1039B022B0CBF03231123A34214DBEA
S214014530384615F067FC059B0130194658705846F9
S21401454014F0AAF993E50123CDF800904246042120
S214014550CDE600BFE630002037460DF14601304675
S214014560ADF84450FFF7CCFB039B48469A1C11A9B3
S2140145700EF0F8FE039B023CE41A5545A4B2D7D0D0
S214014580049B0135ADB2AB42A8D24FF6FF739F42F2
S214014590CED10A23CDF80090D8E7DDF82490002488
S2140145A0484614F0FBF8B0F80530B0F803A0B0F8B0
S2140145B001600746484603930EF0E6FCC51FADB200
S2140145C0102D0C945AD82A46F91D0DA80EF0FDF9A7
S2140145D0002E55D0564553D84A460121072014F0DF
S2140145E0FEF8A046074633460A249A45049307D99F
S2140145F03946BBF80A0014F0D5F80328049B04D802
S214014600B8F1000F1CD0394699E7ADF84430039B4A
S2140146105846ADF848300DAB139300230BAA009310
S21401462011A90DF12E03ADF846A0ADF8505015F0C6
S214014630EAFA0A280446E3D0BDF82C3030B11E460B
S214014640234632460621CDF8009050E6ADF83030CC
S214014650BDF82E300CAAADF8323039460423BBF82B
S2140146600A0014F0AAF84FF6FF72BDF82E309342F6
S214014670C9D001334FF001089BB2B6E70424DFE747
S2140146800124DDE70A23099C8BF81C30204614F030
S21401469085F823460022B0F80110584615F0BCFCF8
S2140146A0E5E4099C204614F079F80C238BF81C30BD
S2140146B0B0F803202346EEE75A460F210E20099B49
S2140146C015F002FDD3E45A4621212020099BF7E785
S2140146D05846099AB5F8011015F07CFEC7E458460D
S2140146E0099AB5F8011015F0CBFEC0E458460999B1
S2140146F015F005FFBBE45846697815F06EFFA6E590
S214014700584615F08AFFA2E57FB5174A0646136894
S21401471042F6052023F00803136015F036FA054625
S21401472050B16846FFF782F9002014F0D8FE04461F
S21401473020B92946FFF7B6FB04B070BD10226846C3
S21401474004F121010EF0F1F838B10121204614F0F0
S2140147500DFF636923F0010363611EB131462046F4
S21401476015F0EBFA2046E0E71026002037B58B79E6
S2140147700A460C33CD180191C95C044611F00103B9
S21401478029D01D290AD101211E2014F028F801463E
S214014790204614F081F8012003B030BD032916D15C
S2140147A00E4BB5F801201B884189934228BF13465A
S2140147B0172BB8BF1723438114F0F4FD636940F249
S2140147C0094123F002032046636114F013FE01A899
S2140147D00EF04BFBDFE71846DEE700BFE6300020B1
S2140147E00022024BC3E900229A607047202600206F
S2140147F0014B1860704700BF1C26002013B500F05F
S214014800C9F978B1019083790C33C418204602F0B7
S21401481023FF034610B1204601A9984701A80EF0D0
S21401482024FB08E000F0C2F9019020B1034B1B689D
S214014830002BF3D0984702B010BD00BF1C26002005
S21401484010B50446062142F2050015F0CBFF236899
S214014850C0F80330A388A0F807300648F8F70EF82A
S21401486015F0C3FF407918B1BDE8104015F083BFBD
S21401487010BD00BFE9C8000010B5044606214FF67A
S214014880284015F0AFFF2368C0F80330A388A0F8CE
S21401489007300648F7F7F2FF15F0A7FF407918B181
S2140148A0BDE8104015F067BF10BD00BF85C9000008
S2140148B038B505460C4669B9022142F21B0015F0CF
S2140148C091FFB5F86E30A0F803300D48BDE83840CA
S2140148D0F7F7D4BF122142F21A0015F083FF2146E2
S2140148E0B5F86E30053020F8023C04F1100351F89B
S2140148F0042B994240F8042BF9D10248E6E700BFA1
S214014900856E0200C16E020008B5002142F20E005B
S21401491015F068FFBDE808400148F7F7AFBF00BFD4
S214014920F36F020038B590F872300446032B154633
S21401493006D1FFF7E9FF0123002084F8723019E061
S214014940C9B9012B2DD9032140F2064015F04AFFC3
S214014950B4F86E304571A0F803301348F7F78EFFB0
S21401496015F043FF8378002BE5D015F03EFF8078E5
S21401497040F4805038BDA3B102214FF6044015F033
S21401498031FFB4F86E30A0F803300848F7F776FF29
S21401499015F02BFF4379002BCDD015F026FF40797B
S2140149A0E6E70220E6E700BF076F02003D6F020060
S2140149B0F8B507460E4642F213000E2115461C4670
S2140149C015F010FFB7F86E30A0F80560A0F80330B8
S2140149D0BDF81830A0F80750A0F80B30BDF81C3011
S2140149E0A0F80940A0F80D30BDF82030A0F80F302F
S2140149F00648F7F743FF15F0F8FE807820B115F06A
S214014A00F4FE807840F48050F8BD00BF7F6F02004E
S214014A1070B506460D4642F27A000421144615F09A
S214014A20E1FEA0F80360457184710648F7F726FF9A
S214014A3015F0DBFE407918B1BDE8704015F0A2BE56
S214014A4070BD00BF9B73020010B50446022142F2FE
S214014A50300015F0C7FEB4F86E30A0F803300B48EE
S214014A60F7F70CFF15F0C1FE43792BB915F0BDFE23
S214014A70017A2046FEF71AFA15F0B7FE407920B102
S214014A8015F0B3FE407940F4805010BDFDC900001A
S214014A9001480EF009BA00BF2426002040F6FF7335
S214014AA02DE9F3410D46B0F86E100192994205D1F9
S214014AB001A80EF0DAF902B0BDE8F08111461446FD
S214014AC00122002C38D123480EF069FAFFF7E0FFE7
S214014AD004460028EFD00EF057FA94F8058087B206
S214014AE028F00103637104212046A6680EF036FB08
S214014AF00446437918F0010F14BF43F0010303F095
S214014B00FE0343718179B6F86E200C3103F0010380
S214014B10866083F001036254C2F30322084442EA2A
S214014B2003124270478022463046294616F0A3FEFD
S214014B302046F7F7B7FEC9E76379A0603AB143F0BC
S214014B40010323F00203637100222468B9E703F02E
S214014B50FE03F6E724260020F8B50024094F054693
S214014B60786800B9F8BD836806689D4207D1F6F7F4
S214014B70E5FA14B126603046F3E77E60FBE70446AB
S214014B80F9E700BF20260020014601480EF007BACB
S214014B902826002001480EF087B900BF28260020ED
S214014BA0014601480EF0FBB92026002003480368A1
S214014BB00BB10EF079B91846704700BF20260020C9
S214014BC0044B1A6822B99868003818BF012070474C
S214014BD001207047202600202DE9F04115460646A3
S214014BE00F4642F2360019211C46DDF8248015F0E6
S214014BF0F9FD2B0AC371230A83729DF8183085715B
S214014C0003739DF81C30447243739DF820302D0CBD
S214014C10240CC67087800572C4728373D8F800307E
S214014C20C0F80F30B8F804308676A0F813309DF837
S214014C30283043759DF92C3083759DF83030C37547
S214014C40002303769DF8343043769DF83830C376DA
S214014C500648F7F713FE15F0C8FD407920B115F0A8
S214014C60C4FD407940F48050BDE8F081550801004C
S214014C7038B505460C464FF61940052115F0B2FD2C
S214014C80C57044600548F7F7F9FD15F0AEFD4079AB
S214014C9018B1BDE8384015F0AFBD38BDC96D02008A
S214014CA038B505460C464FF61A40052115F09AFD13
S214014CB0C57044600548F7F7E1FD15F096FD4079AB
S214014CC018B1BDE8384015F097BD38BDF96D020042
S214014CD070B50D4606460121DAB1FFF7C9FF044655
S214014CE0A8B9072142F2350015F07CFDC6702B6885
S214014CF04360AB8803810848F7F7C0FD15F075FDE2
S214014D00437923B115F071FD447944F4805420466B
S214014D1070BDFFF7C5FFE2E7CB6C02000A4610B58F
S214014D200421044642F2370015F033FD03230371D4
S214014D300023C470437183710548F7F79FFD15F092
S214014D4054FD407918B1BDE8104015F055BD10BDB1
S214014D50036D02000A4610B50421044642F23800EB
S214014D6015F017FD032303710023C470437183718B
S214014D700548F7F783FD15F038FD407918B1BDE811
S214014D80104015F039BD10BD676D0200F8B5064636
S214014D900F4642F23900062114461D4615F022FD43
S214014DA001238471240A0371C7704671C4710572A8
S214014DB00548F7F763FD15F018FD407918B1BDE811
S214014DC0F84015F019BDF8BD350A01000148FFF796
S214014DD00FBD00BFD94D01002DE9F04F867987B090
S214014DE00C3605900546805BC0F30B00FDF778FF97
S214014DF0044618B905A80EF038F84EE090F872305F
S214014E00022BF7D1AB5B059AC3F30B0103F44053B6
S214014E10B3F5805F9060A95342D1537923F0010323
S214014E205371836B002BE5D0042105A804F13806E5
S214014E300EF0CEF8304605990EF0B1F8A06B0023BF
S214014E4001465A1CA9BBDBB2012B01D90EF018F999
S214014E50A06B0EF099F803281FD9D4F8389048466D
S214014E6099F806700EF090F80C3709EB070539F83B
S214014E700770A0F104084745D4F8389020D9514F5F
S214014E8007F1100A57F804BB4B464246294620460E
S214014E90D847574510D00028F4D007B0BDE8F08FAA
S214014EA038300DF0E2FF059A537943F00103537150
S214014EB0BAE713460968C4E70028EED130469AE7F8
S214014EC048460EF061F804378742F7D36988A1F1A6
S214014ED040033F2B0BD8042130460EF079F82046CC
S214014EE0A26B698815F008FD0023A363D5E70529A1
S214014EF00BD0062961D00429E0D130460EF068F8BF
S214014F00A16BA06CFEF704F8EEE72946204615F0E3
S214014F10F1FC02460028D1D12B79122B06D0132B97
S214014F2036D02046697915F0BDFCC7E794F8733092
S214014F30022BF6D040F67A4029898B1F9BB283421A
S214014F4024D86A89931F9BB283421FD891421DD8E9
S214014F50AB89B3F5FA7F19D240F6764CEF89A7F103
S214014F600A0080B2604511D8B4F86A000290B4F81D
S214014F706800CDE900702046FFF71AFD021E18BF33
S214014F8001222046697915F049FC97E70122F8E7E6
S214014F9094F87330012B03D12046697915F082FC11
S214014FA0A3681A048AD523F40043A3602B89012B36
S214014FB084D12046FEF78CFA80E72046A16B15F0D7
S214014FC0C1FC91E7D0F802000C4B01461A7892B961
S214014FD05B689B070FD490F87520FF3A18BF012233
S214014FE091F8523013F040001EBF91F86000C0F3F4
S214014FF08010104070470122F2E700BF2C260020E7
S214015000024B586800F00200704700BF2C260020B3
S214015010024B586800F00800704700BF2C2600209D
S214015020014B1B68184700BF602F002008B513F01E
S2140150302CFB012809BF034B0020586800F0100024
S21401504008BD00BF2C26002007B5024605290846E4
S21401505034BF0846032012F0010101D0032811D005
S214015060094B5A6002F08003019302F0400300935B
S21401507002F0200302F0040200F076F9002003B0EB
S2140150805DF804FB2120FAE72C260020094B0A4A8A
S21401509010B51A60094A5A60094A9A6000F0C6F9C2
S2140150A0032104460020FFF7CFFF0022054B2046D0
S2140150B01A7010BD602F00205D530100A953010036
S2140150C0715D01002C26002038B505460320F6F751
S2140150D08FFA0446C8B195F87030037095F87530AC
S2140150E043702846FDF7B2FE2246A07040F20261E8
S2140150F0064817F0E4FB064B28469B6801219847B3
S214015100BDE83840FF20FDF797BD38BD4426002096
S214015110602F002070B5054608200E46F6F768FA9F
S214015120044680B195F8703000210370064B466046
S2140151309B68284698472246BDE8704040F20161C8
S214015140024817F0BCBB70BD602F0020442600202B
S21401515038B5054608200C46F6F74AFA024638B135
S214015160C0E90054BDE838400D21024817F0A7BB3E
S21401517038BD00BF4426002038B5054608200C4639
S214015180F6F736FA024650B195F8703040F20561EE
S214015190037044600248BDE8384017F090BB38BD44
S2140151A0442600201FB504460191C2B104210DEB2F
S2140151B0010013F020FA58B14FF0FF3345F2180200
S2140151C003930021204603AB15F009FD04B010BD82
S2140151D0019B0F4AB3FBF2F102FB1133019345F237
S2140151E01802002101AB204615F0F9FC0820F6F75D
S2140151F0FFF902460028E9D094F8703040F20461C5
S2140152000370019B4360034817F059FBDEE700BFBC
S21401521040420F004426002010B504460120F6F750
S214015220E7F9024648B194F8703040F20361037022
S214015230BDE81040014817F042BB10BD44260020CF
S21401524038B5054608200C46F6F7D2F9024650B1A5
S21401525095F8703040F20761037044600248BDE87B
S214015260384017F02CBB38BD4426002010B50F4C33
S2140152702368D3B10022D3F8A0001A7783F83D2023
S21401528083F85E2013F029F920684421603013F07A
S214015290DDF9206821211D3013F0D8F9206821217D
S2140152A0BDE810403E3013F0D1B910BD34260020C1
S2140152B070B50C46064615462046202214490DF0C8
S2140152C034FB60B92022284612490DF02EFB30B976
S2140152D0114B1B681B7DC3B140F2034070BD366C99
S2140152E02022204606F151010DF01FFB38B920227D
S2140152F0284606F171010DF018FB0028ECD029466E
S214015300204613F06AF90028E6D10020E6E700BF40
S2140153106CF902004CF902003426002000F0C003AC
S214015320402B07D1094B1B6873B100F03F0053F8BF
S21401533020007047802B01D1054BF4E7054A06484B
S214015340C02B18BF10467047024870473C26002005
S2140153503826002019550100B3B30200014B1B6823
S214015360187A704734260020003918BF0121003B07
S21401537018BF012310B50B4C003A246818BF012250
S214015380A3749DF808302070003B18BF0123E37416
S2140153909DF80C302174003B18BF012362742375FD
S2140153A010BD00BF3426002001280AD002280ED0E6
S2140153B098B90B4B1A68936943F001030020936177
S2140153C07047074B1A68936943F00203F6E7044BEC
S2140153D01A68936943F00403F0E72120704700BF81
S2140153E03426002038B5094D2C685CB9A4200EF08F
S2140153F044F8286040B12246BDE8384004490548D3
S21401540009F0AABB002038BD1A20FCE7342600208C
S21401541027AA020040260020024B034A00201A60F9
S214015420704700BF3826002014F9020010B50C4C56
S214015430FFF71CFF2068A42113F008F90322236854
S21401544000201A704FF0FF32DA601022187783F8C6
S2140154503D0083F85E00188298741A72986110BD38
S21401546034260020F8B594461A46274B06461D6892
S21401547008462B7F022B19D10F4605F1600405F172
S214015480800354F8041B9C4247F8041BF9D160467C
S21401549005F1A00354F8041B9C4240F8041BF9D103
S2140154A0D5F8A030136046BB0020F8BDAB69DB071A
S2140154B01FD5164C04F1200354F8041B9C4240F8F7
S2140154C0041BF9D16546124C04F1200354F8041B61
S2140154D09C4245F8041BF9D111460E48FCF70CFD19
S2140154E00028E0D016B1304615F0D9FC4FF0FF3059
S2140154F0DBE76146FCF7B2FCF2E7002245F2160153
S214015500304615F05CFBCFE73426002035EE02006E
S21401551056EE02008CF9020045F20603994210B5D8
S21401552004463ED00DD840F2032399421CD045F2E2
S2140155300203994246D040F20123994214D04820F2
S2140155402EE045F21703994240D045F21A039942DC
S2140155501ED045F20C039942F1D115F005FB412806
S2140155601DD0052120462EE0194894F8701017F03A
S2140155707DF994F873304FF4A041012B14BF8020BD
S2140155804020FFF7CBFE0022034620469847D6E789
S214015590C02115F0F9FA07212046FFF7BBFD0020D0
S2140155A010BD93791A44517C41F49051FFF7B2FD36
S2140155B094F873302046012B14BF8021402115F04A
S2140155C0E3FAECE7052115F048FCE8E70220E7E7F7
S2140155D040260020B1F5A04F2DE9F04105461746BB
S2140155E000F0E680A1F5A043DC1F042C00F2E78062
S2140155F09279083B0C321744026C92F85061032BE7
S21401560003D8DFE803F03A718CC416F0010600F007
S214015610C2807E1D102231466B480DF086F90028A7
S2140156205CD013F032F803462A6C012B92F85E0127
S2140156300AD13246032113F017F8044610213046EA
S21401564013F004F8002634E033461022032113F049
S2140156501EF895F873300446012BEFD1334605F159
S2140156601802153753F8041BBB4242F8041BF9D144
S214015670AB6843F48073AB60E0E716F0010600F018
S2140156808A8013F002F8012816D0286C07F1050865
S21401569043460A22022190F85E0112F0F8FF044602
S2140156A0D7F80530AB62D7F80930EB62B7F80D30A2
S2140156B02B86002C6FD00AE02B6C93F85E01434BCF
S2140156C043EA002012F017FF04460028DDD02046EA
S2140156D00021FFF73DFD284615F0E1FB284615F0B1
S2140156E0DEFB40F2034061E016F0020653D012F0F2
S2140156F0CCFF03462A6C012B92F85E0107F10507E1
S21401570007D13A46062112F0AFFF0446102138466B
S21401571096E73B461022062112F0B9FFF5E716F090
S214015720020638D012F0B1FF01280FD07979C9B13D
S21401573000394FF0060218BF0121286CBB1D90F8F6
S2140157405E0112F0A4FF02260446B2E72B6C93F822
S2140157505E011F4B43EA002012F0CDFE04460028EE
S214015760E4D0B4E70A467B1D13F8010F0028DFD109
S2140157700132062AF8D195F85210286CC1F3C001FF
S21401578081F0010105F14C0301F00101D7E7C6F3F1
S2140157908006B600F6B22A6C92F8503123EA060368
S2140157A082F85031284615F0B2FB0020BDE8F081A2
S2140157B015F046F900222B6C83F85C21F2E7BDE870
S2140157C0F041FFF7A9BE00BF3CF9020003800400C8
S2140157D006800400F0B545F20E06B14204461546B1
S2140157E08DB00ED045F21306B1425BD0B1F5A04F95
S2140157F040F0BD8015F024F9236CD3F85831190711
S21401580056D5236CD3F8582112070CD4AA7903F580
S21401581084730C3215446A1D153552F8041BAA42CE
S21401582043F8041BF9D10021256C08AF1022384635
S21401583085F85C110DF0A2F895F85D31042B2AD19C
S2140158404D4B1B6893F83D205AB1BC4603F11D022F
S2140158502D33664610685168083203C69A42B4462C
S214015860F7D105F5A073069304F15A03059304F1E5
S214015870530304932B7905F1C80203936B790293C2
S214015880AB79CDE9007305F1B803204605F1F801BF
S21401589015F0E0FC0CE0013B022B9CBFD5F82C3147
S2140158A00893DEE7056C95F85C3123B1012B55D0E2
S2140158B000200DB0F0BD102205F5A07105F584702D
S2140158C00DF033F820B10B21204615F0C6FAEFE7AC
S2140158D0D5F8583108AF9B0748BF94F874304FF09D
S2140158E0100244BF43F0020384F874300123002100
S2140158F085F85C3138460DF041F895F85D31042B9A
S21401590025D11D4B1B6893F85E205AB1BC4603F1A6
S2140159103E024E33664610685168083203C69A4204
S214015920B446F7D105F58C73069304F1530305933A
S21401593004F15A030493EB7A05F1B80203932B7B27
S21401594002936B7BCDE9007305F1C8039DE7013B2C
S214015950022B9CBFD5F82C310893E3E705F58C7133
S21401596015F08AF88821204615F00EF9A0E70DB04B
S214015970BDE8F040FFF7D0BD3426002037B545F22C
S2140159801405A942044633D00CD8B1F5A04F13D064
S21401599045F20E0399423AD0204603B0BDE83040A6
S2140159A0FFF7BABD45F219039942F5D1137853BBF7
S2140159B00C2115F052FA13E015F042F8206C00F5B0
S2140159C0947300F1C802009300F1510100F1B8038D
S2140159D0113017F0D9F8024628B1204615F05FFAC3
S2140159E0002003B030BD2946204615F0E8F8F7E759
S2140159F0036CD3F82821114BB2FBF3F103FB112101
S214015A00FFF7BAFBECE7872115F0BEF8E8E79179D6
S214015A10036C0C310A44511D03F58473153251F899
S214015A20040B914243F8040BF9D1226CD2F8583199
S214015A3043F00803C2F85831D2E700BF40420F00D6
S214015A4045F2100330B59942044685B000F09E80B9
S214015A500CD8B1F5A04F27D045F20503994227D0BF
S214015A60204605B0BDE83040FFF756BD45F21103AC
S214015A70994200F0A88045F212039942F0D1016CD8
S214015A8091F85D3113B1043B012B03D82046B831A0
S214015A9015F00EF8236C93F85D31042B40F2D98093
S214015AA0052B03D186218AE014F0CAFF002049E0C5
S214015AB09179036C0C310A44511DC833153251F8E3
S214015AC0040B914243F8040BF9D1216CD1F85831FB
S214015AD013F004034DD091F85D31042B18D0216CDE
S214015AE091F85D3101F1C80273BB01F1F80303932C
S214015AF001F59873029304F15A03019304F15303D9
S214015B00009301F1B8032046D83115F0CBFBCDE761
S214015B10514B1B6893F85E2062B101F1110201F549
S214015B20A07101910021009111463E33204615F0E7
S214015B30B9F9BBE72046B83115F0DAFB0028CED01C
S214015B4040F2074005B030BD043B012BCDD901F52D
S214015B50A073019391F85C01D1F82C31C34003F096
S214015B60010343F080030093134601F15102113102
S214015B70DCE781F85C3101F1C8020093204601F5AB
S214015B80A07301F5987115F0C0FB8FE7056C102224
S214015B9005F1980105F5A0700CF0C7FE20B10421AF
S214015BA0204615F05AF981E78821D5F858319B0728
S214015BB042BF94F8743043F0020384F874302046F0
S214015BC014F0E2FF72E7056C95F85D3105F5A070FB
S214015BD0042B20D1204B102219684E310CF0A5FE63
S214015BE00028DCD1204605F1B80115F081FB00281C
S214015BF0A6D1216C01F1F803039301F59873029382
S214015C0004F15A03019304F15303009301F1C8020E
S214015C1001F1B80377E70146102205F198000CF070
S214015C2084FE0028BBD105F1B801204614F040FFE0
S214015C30216C91F85C310133DBB2142B81F85C31B5
S214015C40D8D0D1F8583123F00103C1F85831842156
S214015C50B5E78721B3E700BF3426002070B545F2CB
S214015C601505A942044658D00BD8B1F5A04F1CD053
S214015C7045F20D0399421CD02046BDE87040FFF75F
S214015C804BBC45F216039942F6D1006CD0F894202D
S214015C9000F1D80300F131011130FCF77FF902461B
S214015CA0B0B3204615F0FBF801E014F0C9FE002061
S214015CB070BD93790C331A44551D02F12506324600
S214015CC02946FFF7F5FA30B120460B2115F0C5F845
S214015CD040F20340ECE72946236C113351F8042BBC
S214015CE0B14243F8042BF9D1236C01F12002313380
S214015CF051F8040B914243F8040BF9D1216C20466C
S214015D0001F1940301F171025131FFF7ABFBCEE7CC
S214015D102946204614F053FFC9E714F001FF236C0F
S214015D2093F85D31052BC2D8DFE803F01903111192
S214015D301E192046822114F027FF0C4B20461B68B3
S214015D40D9684B1C5A425A41FFF72CFAAFE7204656
S214015D50822114F019FF2046FFF75EFAA7E7832198
S214015D60204614F011FFA2E78521F9E7342600202A
S214015D701F4B10B51B6804469B6913F0040310D132
S214015D8041B180F8773090F87010BDE8104019489E
S214015D9016F06CBD90F87330012B03D18368580759
S214015DA005D410BD022B02D183685907F9D494F9A2
S214015DB0772094F87730002AF3DB1BB9012384F8A7
S214015DC07730EEE75A064FF47A725EBF5B00DBB2BD
S214015DD084F877305B08534394F870100022054826
S214015DE008F098FE94F8773063F07F03E7E700BF8A
S214015DF0342600204026002045F21E0399422DE954
S214015E00F7430446154611D845F21603994214D8AD
S214015E1045F20103994200F03F8345F2020399429D
S214015E2000F0A480B1F5A04F00F03C832A4620463E
S214015E3003B0BDE8F043FFF76FBBA1F5A043173BE6
S214015E40072BF3D801A252F823F000BF6D5E0100C4
S214015E502D5E01002D5E01002D5E010055640100DE
S214015E602D5E010041600100016001008C4E336827
S214015E701A7F022A11D1DA7C7AB193F85E3063B9BF
S214015E8041F20221FFF746F920460121FFF770FF94
S214015E9041F2022003B0BDE8F083A36813F00405C5
S214015EA001D00220F6E72046FFF78EF83268003868
S214015EB0167818BF0120032E2DD0136903F0FF13A7
S214015EC0003B18BF01239B0040EA030194F874309D
S214015ED00D469B0723D54F0721D4032E1DD141F232
S214015EE003212046FFF716F9A368224643F0040370
S214015EF0A3606C49204608F02FFE0221204612F0CE
S214015F003FFC47F23053002245F21A01204608F0C2
S214015F1001FE0020BEE72B46D6E741F00405936953
S214015F209E0704D4137F012B18BF45F00805537C48
S214015F300BB12807D3D502210B2014F091FD0246A0
S214015F400028D1D0837903445D7394F87530FF2B14
S214015F5003D094F87430D90703D5A36843F002033D
S214015F60A3600621204614F07DFCBDE783685A072E
S214015F7003D490F97730002B05DB236C53B1D3F8AB
S214015F805831DB0606D52046092114F066FF41F29A
S214015F9009207FE7204614F025FD20B9204614F09D
S214015FA07EFF212076E7226CD2F8583143F01003A9
S214015FB0C2F85831AB790C332B445968C2F8031038
S214015FC01989A2F807109B7A53720122236CDA70A2
S214015FD0A26812F0040610D122463249204608F083
S214015FE0BBFD0221204612F0CBFB47F2305332466E
S214015FF045F21A01204608F08DFDA3689F0588D555
S214016000236C002B85D0D3F85831DE0681D5FEF7F8
S214016010FFFF94F8751030B1A368980703D42046A3
S214016020FFF70EF975E70846FBF7E8FF40B194F86D
S2140160307430D90704D40521204614F00EFFB0E7CA
S214016040236C002B3FF42DAFD3F85831DA067FF5D9
S21401605028AF9F063FF525AFFEF7DAFF48B1A368E4
S2140160609E0706D42B7823B90521204614F0F5FEA9
S2140160704FE7A368256C23F00203A360D5F85831D7
S214016080074F43F02003C5F858313B68EA791B7A7D
S214016090934202D8A37C934206D90621CCE700BFDF
S2140160A034260020DFAB020094F9521094F85230E7
S2140160B00029B2BF0123C3F3C00383F00103102AF2
S2140160C028BF10226B7094F860302046C3F3C003DB
S2140160D083F00103AB70A27495F8068008F00D06F4
S2140160E0FEF772FF002800F0928018F0010F00F012
S2140160F08E8094F87530D4F84090FF2B7CD089F8C8
S2140161005E313B6899691A7F880703D4012A01D05A
S214016110310701D406F0F7061978032900F0E88163
S2140161201B6913F0FF1F01D046F004060721022069
S21401613014F096FC019000285BD090F806E03A68CF
S2140161400EF10C0E137800EB0E0C8CF80130137F59
S214016150012B06D0022B5DD192F85E30003B18BFB2
S21401616001238CF8023010238CF8036016F0010628
S21401617007BF324631462A7A697A8CF80430236C96
S2140161801DBF02F0030201F003018CF805208CF814
S21401619005608CF8061083F8511183F8502150F8E9
S2140161A00E20C3F80A20BCF80420DA819CF80620E9
S2140161B01A748EB3206C90F8501111F002062BD190
S2140161C094F852100622C1F3C00181F0010190F843
S2140161D05E0104F14C0301F0010112F058FAD8B146
S2140161E03146FEF7B5FF204614F059FE01A80CF023
S2140161F03CFE40F203404DE62046FCF72BF889F8BA
S2140162005E01236C93F85E31FF2B7FF47AAF08F0C2
S2140162100C0676E70023A4E7019E002EE9D0FEF7E0
S214016220EFFE95F806C018B994F87530FF2B0FD01D
S2140162301CF0010F04D0236C93F85E31FF2B07D1BD
S2140162400521204614F009FE3046F4F777FFA8E64C
S2140162503B680CF00802597C29B112B16A7B12071F
S21401626003D40321EDE7002A5BD0697B080758D5E4
S214016270D5F8582142F00402C5F85821B5F8502146
S21401628022F4807222F00102A5F85021187F6A7963
S21401629002280FD092B941EA0C0149074DD52A7957
S2140162A01978052A28BF0322944801EB810101448D
S2140162B08A5C11E022B993F85E1011B90221C0E799
S2140162C00122D97C83F83D2029B1002AF6D093F823
S2140162D05E20002AF2D0042285F85D211B7C1BB9C2
S2140162E094F87430980701D5002ABAD094F913307F
S2140162F0022B03D1D5F858315907B2D512F0C5F99A
S21401630001282BD194F87500FF2827D001A9FBF7A7
S214016310CBFE18BB236C93F85021920718D40A21A0
S2140163208FE71A7F012A02D16A79002AD3D11CF09D
S214016330040F04D16A7B520701D40022CCE72A79E4
S2140163401978052A28BF03226D4801EB8101AEE7C3
S21401635093F851319B0701D40A216DE694F8750034
S214016360FF2818D0226C0821D2F8583143F0400398
S214016370C2F8583112F09FF9052194F8750012F011
S2140163806DF9032194F8750012F068F9062194F866
S214016390750012F063F932460621204614F062FABF
S2140163A095F85D31206C042B00F598701BD13B6885
S2140163B003F11D022D3352F8041B9A4240F8041BC8
S2140163C0F9D195F85D31D5F858118BB921F0020253
S2140163D01946C5F858215507E1741CD58121204678
S2140163E014F0D2FB95E5102200210CF0C7FAE8E77D
S2140163F041F002024E07C5F858210AD5A17C0F29A3
S21401640007D994F8741041F0080184F87410022139
S214016410E1E70121DFE7042B3FF67BADDFE803F080
S2140164201803101018002046822114F0ADFB3B68BB
S214016430D968481C424242412046FEF7B3FE68E551
S2140164402046822114F0A0FB2046FEF7E5FE60E51B
S2140164508421C4E790F87430D90706D4802114F05B
S21401646093FB29462046FEF755FEA3685A077FF59B
S21401647050AD45F21A01204616F0F8F9224620469C
S214016480204916F02CFAA36823F00403A360022126
S2140164902046FCF771FC3CE502461A491A4808F00A
S2140164A05BFB36E545F21A0116F0E0F9A36823F026
S2140164B03E03A360236C6BB193F85E01FF2809D0FD
S2140164C094F87520FF2A03D0D3F858315B0601D51E
S2140164D0FBF7FEFD224620460A4916F000FA224640
S2140164E00849094816F0FBF9204614F0BAFBCEE736
S2140164F0002A7FF41BAE06F0FB0617E6E0F8020062
S214016500F9F80200DFAB0200442600200138C0B2D1
S2140165100A289ABF014B185C00207047ACF90200AC
S21401652010230748282243826423C0E905234FF637
S214016530FF738383002340F8043B12F01DBF00BFA6
S2140165404826002038B5FDF79DF80446FDF7FAF811
S2140165500546064816F048F900230371437123687F
S214016560C0F80630A3880573438138BD20090205AB
S21401657013B5C37A0093B0F80930D0F80520D0F8E7
S2140165800110007812F023FD0446034816F02CF99A
S214016590848002B010BD00BF20020403FF2337B57C
S2140165A00DF107008DF80730FCF712FE044604488B
S2140165B09DF8075016F018F98480857103B030BD38
S2140165C02003040137B54B7905465B070C460CD40E
S2140165D020461421064A0CF0B7FA01A801940CF0E3
S2140165E0DFFA10B9A3791C44257403B030BD00BF8F
S2140165F0DCF90200024B1B6803B11847704700BF65
S2140166009026002070B5064608460C46FDF79AF817
S214016610054606480CF0CBFA38B106712268C0F878
S2140166200520A288C572A0F8092070BDD8F902001D
S21401663010B500210446007815F0FDF848B16178E0
S214016640207812F0B1FC0446034816F0CDF8848099
S21401665010BD0224F8E700BF2002560110B54178AC
S214016660007812F024FD0446024816F0BDF8848036
S21401667010BD00BF2002560210461946F8B522F09A
S214016680004340F20A4293420ED8B3F5806F13D905
S2140166906FF480621344092B0ED8DFE803F0520F23
S2140166A01E2F4F4F4F4F0D5240F20152934233D09F
S2140166B0A3F20253032B44D900200DE00D784C6859
S2140166C08A6901F10803204800210CF081FA10B113
S2140166D00571C0F805400120F8BD0E784D880C798B
S2140166E08A6901F10803194800210CF071FA0028A3
S2140166F0F1D00671A0F80550C471ECE70D784C880E
S2140167004A690B1D124800210CF062FA0028E2D0FB
S2140167100571A0F80540DEE70F784E880D79CC8824
S21401672001F108020B4800210CF07CFA0028D2D0B7
S2140167300771A0F80560C5710481CCE715F09FF8D4
S214016740C9E7FBF749FFC6E7FCF90200F8F90200C2
S214016750F4F90200F0F9020000487047796601007A
S214016760014B186816F031B8E826002030B5124BF8
S2140167700D469942144689B01BD1930011D505A93F
S21401678006A808F075FA062300220393059BE1B2DA
S2140167900293069B2846CDE9003241F0005116F0DF
S2140167A06FF806480CF003FA00B10471012009B035
S2140167B030BD0020FBE700BF9426002020FA02002F
S2140167C022F00042B2F1A04F08B504D103480CF004
S2140167D0EEF9012008BD0020FCE700BF24FA020004
S2140167E010B5047ED4B1102C28BF102416F0C2F8C0
S2140167F0621C81B200230620D2B2F4F721FE0446C1
S21401680050B90749074816F066F80748074916F0D1
S21401681062F80748F4F7F0FD204610BD0424E5E7CA
S214016820742F00209826002094260020842F002014
S2140168306C2F002070B504460D461646FFF790FFF4
S21401684038B133462A46002102480CF0C1F900B19E
S214016850848070BD28FA020022F00042B2F5887FDB
S2140168602DE9F0471C4600F0E2800ED840F20313F3
S2140168709A423CD040F209139A4200F0C2800E2A96
S21401688000F0B3800020BDE8F08740F207239A426B
S21401689047D0B2F5037F56D040F206239A42F1D193
S2140168A020684C30FCF74EFF25680746644895F88B
S2140168B0736095F870A095F8759095F87680A48821
S2140168C00CF075F90028DDD0EB6C4360B5F850305C
S2140168D087720381731E5E425E41C67280F80CA009
S2140168E080F80D9080F80E80A0F80F40CAE7207857
S2140168F0FCF704FA0028C5D0524894F8008067884F
S214016900A688E588247A0CF052F90028BAD080F8D7
S2140169100480A0F80570A0F80760A0F80950C472BA
S214016920B0E72078FCF7EAF90028ABD06078257844
S214016930FFF7ECFD044644480CF039F90028A1D0D5
S214016940057144719EE7A578012D1ED0022D2DD02C
S214016950CDB9E37894F80080023BDBB2022B8CBF02
S21401696001253A4A94F90470667998BFD55C94F982
S214016970064037480CF01BF928B180F804804571B1
S2140169808771C671047201207DE7E37894F8008070
S214016990023BDBB2022B98BF2C4A94F9047066794D
S2140169A098BFD55C94F906402A48E3E7E3782A487D
S2140169B0023BDBB2022B94BF244A012594F80180E6
S2140169C0277898BFD55C94F90490667994F90640C7
S2140169D00CF0EDF80028D6D0A0F804808771C571B8
S2140169E080F8089046728472CDE72346082200217B
S2140169F013F8014B19480CF0EBF80028C3D00471CA
S214016A00C1E7174894F800806788A688E588248936
S214016A100CF0CDF80028B6D080F80480A0F80570F8
S214016A20A0F80760A0F80950A0F80B40ABE70D48A6
S214016A301C780CF0BCF800283FF424AF047121E761
S214016A4064FA020060FA020058FA02002CFA020008
S214016A5050FA02004CFA020054FA020048FA020008
S214016A6044FA02005CFA02000022084B10B51A60D4
S214016A709A8002681A60187812F0DDFB044618B98D
S214016A800349044815F027FF204610BDD62A0020EA
S214016A90942F00204426002008B5034B5888FCF7A5
S214016AA0F3FC002008BD00BFD62A002073B51446AB
S214016AB006460D4620461421094A0CF045F801A861
S214016AC001940CF06DF848B9A3790C331C44054BBE
S214016AD0A6711B79A5800BB114F0C7FE02B070BD7C
S214016AE040FA0200D62A002022F000420D2A73B591
S214016AF01C460ED06FF4C0631A440B2A12D80B2A18
S214016B0010D8DFE802F03B12242C370F46505F8482
S214016B10878E0422002153F8044B44480CF058F8A1
S214016B2000B18480002002B070BD2078FCF7E6F842
S214016B300028F7D03E48267894F90150A4780CF046
S214016B4036F80028EED0067145718471EAE724789C
S214016B5038480CF02CF80028E4D00471E2E72578D8
S214016B60354864680CF023F80028DBD00571C0F8BE
S214016B700540D7E7257831486468F3E7304825783B
S214016B8064680CF014F80028CCD00571A0F8054014
S214016B90C8E72C48257864680CF009F80028C1D0AD
S214016BA005714471BEE7637827480D2B96BF274AC7
S214016BB00125D55C24780BF0FAFF0028B2D00471C9
S214016BC04571AFE7637800210D2B98BF1F4A204817
S214016BD098BFD55C6368A27888BF012526780BF03C
S214016BE0F7FF08B1067145716378012B9AD88DF8C5
S214016BF007300122002116480DF1070324780BF017
S214016C00E7FF00288ED00123047143718AE72478B8
S214016C1010489EE70021636822780F480BF0D8FFE2
S214016C2080E70E480BF0C3FF7CE700BFA8FA02001E
S214016C3094FA02009CFA0200A0FA020098FA0200F6
S214016C4090FA02008CFA020088FA020068FA020042
S214016C5084FA020080FA020078FA02007CFA020046
S214016C6073B5064617F082F91C4C054663795B0737
S214016C700ED4204614211A4A0BF066FF01A801948F
S214016C800BF08EFF20B1284617F06BF902B070BDED
S214016C90A3790C332344032E08D8DFE806F0020D4F
S214016CA013191A79FF2A01D001321A71284602B047
S214016CB0BDE8704017F055B95A79FF2AF6D001326F
S214016CC05A71F3E79A79FF2AF0D001329A71EDE70B
S214016CD0DA79FF2A1CBF0132DA71E7E79C26002029
S214016CE0A4FA020030B585B005460A4901A807F0A6
S214016CF03FFC044650B901A807F0A8FC044615B1AC
S214016D00029B9B792B7001A815F0D1FC204605B09B
S214016D1030BD00BFB4FA02002DE9FF4180460F46A0
S214016D2001A80C4916461D4607F022FC70B9029CC4
S214016D309DF8283084F80480C4F80570C4F809600A
S214016D40A4F80D50E37301A815F0B5FC04B0BDE836
S214016D50F08100BFACFA020030B585B005460C469E
S214016D6001A8064907F004FC28B9029B01A81D7179
S214016D705C7115F0A0FC05B030BD00BFC4FA02007E
S214016D8030B585B005460C4601A8064907F0F0FB6C
S214016D9028B9029B01A81D715C7115F08CFC05B029
S214016DA030BD00BFBCFA02007FB505460E4601A8FD
S214016DB00C4907F0DDFB044680B901A807F046FC44
S214016DC0029B044625B1D3F806202A605A89AA8078
S214016DD00EB11B7B337001A815F069FC204604B088
S214016DE070BD00BFCCFA020008B507F017FD08B168
S214016DF0012008BD07F0CCFE0020002107F016FD9B
S214016E000028F5D10BF03DFF0028F1D1014B187891
S214016E10C0B2EEE7412C002010B5204C88B02060AF
S214016E20F4F7E4FA1C22002101A824680BF0A6FD61
S214016E300AF0A1FF628BA368ADF81020A28B43F481
S214016E408063ADF81220226AADF8080005926268E8
S214016E500393019214F00BFD18B1039B43F0040356
S214016E600393039B01A843F48032039222689205A0
S214016E7044BF43F4102303930DF036F9044650B98A
S214016E800A20074A074907F027FE044618B907F003
S214016E904FFCFFF745FB204608B010BDD826002062
S214016EA081B8020061DB020070B58EB007F0A8FF62
S214016EB0002302AE31460DF107008DF80E308DF835
S214016EC00730E9F73FFE002840F09380304614F083
S214016ED096FC002800F08D80302800F08A809DF80E
S214016EE00730012B17D172238DF80E30EEF75EF8BE
S214016EF0CDE90601030C8DF81230BDF81D30ADF852
S214016F001000ADF813309DF81F308DF81530492369
S214016F108DF816300AE049238DF80E3096E8030006
S214016F20ADF81410090C04908DF816109DF80E306B
S214016F3013F0280F07D1DDE90401ADF80C10090C98
S214016F4002908DF80E103A4D2B68D868002856D15D
S214016F502B681A690AB9374A126837490A605A69AA
S214016F600AB9364A126836490A609A7FD1074ED462
S214016F7004A814F09FFC0446002845D11C220146B3
S214016F8006A82D680BF0FAFC0AF0F5FE6A8BAB68D2
S214016F90ADF82420AA8BADF81C00ADF826202A6A8D
S214016FA043F480630A926A680893069214F05FFCC1
S214016FB018B1089B43F004030893089B06A843F402
S214016FC0803208922A68920544BF43F4102308933E
S214016FD0E9F75AFD0446B8B9BDF92A0014F0EDFBED
S214016FE014F06DFC3046FCF75FFB164807F06EFDAB
S214016FF00AE09DF80E3018077FF578AF8EE713F09C
S214017000B2FB04460028A3D020460EB070BDDA7F3E
S21401701000234FF0FF3006A9CDE906338DF81A207C
S21401702014F008FD0028A3D040F20C44ECE700BFA2
S214017030D8260020B4E70200B4260020B0E70200FC
S214017040B0260020B970010037B5154D286815F037
S214017050C1FB10BB134B1B780BB100F0BDFA07F058
S21401706097FD14F099FB07F09DFB0446286815F080
S214017070ACFB20B92868F4F701F8019048B90BF089
S21401708000FE08B9002CECD103B0BDE8304014F086
S214017090EDBB01A80BF0E9FEECE703B030BD00BF85
S2140170A0E8260020412C0020024B1B6803B118473C
S2140170B0704700BFB026002050EA010337B50446EA
S2140170C00D4604D103B0BDE83040FFF7EDBFB1F186
S2140170D0FF3F08BFB0F1FF3F13D016F041FD221865
S2140170E045EB010308490948C1E9002300239D42F5
S2140170F00CBF21464FF0FF31CDE90033044A17F0AB
S2140171009EF903B030BD00BF700B0020B8260020EA
S21401711015710100D3B516F029FF044616F020FDBF
S2140171200B46104AD2E90067B04273EB070107D35A
S214017130FFF7BAFF204602B0BDE8D04016F011BFF7
S214017140D2E900670022311A67EB03039342CDE9C7
S2140171500022134618BF4FF0FF31034A034817F0C9
S2140171606EF9E7E7700B002015710100B8260020C4
S2140171700023044A52E8000F42E800310029F9D101
S214017180F8F732BBDC260020054A52E8003F0343ED
S21401719042E800310029F8D1024B1B68184700BFAE
S2140171A0DC260020B426002013B51C68E10705D5AF
S2140171B014F0E9FA1549164815F08DFBA20722D5F9
S2140171C0FDF7FEFCC8B9019016F0D0FE0446114842
S2140171D00BF06AFE0190204616F0C3FE019890B1AE
S2140171E043799B070CD401A802210BF0F1FE01980C
S2140171F0FDF7D6FCFDF702FBE6E7FDF7FFFADFE752
S214017200FDF7C2FCF6E7002002B010BDA42F002057
S21401721044260020E026002008B5054807F094FA29
S214017220044B01211870BDE8084007F09DBA00BF65
S214017230B42F0020402C002038B5044648B116F083
S21401724095FE0546214608480BF0A9FE284616F08D
S21401725088FE064B022193F9000007F085FABDE887
S2140172603840FFF721BF00BFE0260020402C002059
S2140172702DE9F0410A4B0B4F04460E463868196853
S2140172801546EBF7A1FD40B933462A46386844F463
S2140172908021BDE8F041EBF7B9BFBDE8F08100BF42
S2140172A0742E0020942E00202DE9F0410A4B0B4F3E
S2140172B004460E46386819681546EBF785FD40B951
S2140172C033462A46386844F48021BDE8F041EBF79E
S2140172D043BEBDE8F08100BF742E0020942E00202E
S2140172E038B5084D084B044619682868EBF76CFD5D
S2140172F030B9286844F48021BDE83840EBF7CABFAE
S21401730038BD00BF942E0020742E00202DE9F047D2
S214017310144B0F461968144B06468CB018689046F5
S214017320EBF752FD044680B93B460A223046CDF8BB
S214017330008002A909F0F5F84FF0000905460DF1A5
S214017340080A4D4505D1002DEED120460CB0BDE80A
S214017350F08730465AF8041BEBF79CFF09F1010948
S214017360EFE700BF742E0020942E0020F8B50B4BDB
S2140173700B4F06460C4638681968EBF725FD05469F
S21401738048B9E24316FA82F2386842F4802246F49B
S2140173908021FFF7BBFF2846F8BD00BF742E0020F2
S2140173A0942E0020F8B50E46054618B311B3134FB8
S2140173B03B680BBB00F03EF90446B0B9F4F712F98E
S2140173C007F054F96D6A002D08BF4FF48075284602
S2140173D007F0A6F8044640B932462021384607F0A1
S2140173E051F9044618B107F0B3F82046F8BD044B2E
S2140173F01D60FAE72124F8E72E24F6E7E8260020A8
S214017400E4260020014B186815F0A0B9E8260020F4
S214017410064B10B5186815F0ADF9044618B900F01A
S21401742043F911F02AFB204610BD00BFE8260020D4
S214017430014610B50446064808F0EDFB00234FF060
S214017440FF3223604FF0FF33C4E9022310BD00BFB3
S2140174500C2700201A4B37B51D6845B9194C2378FF
S214017460C3B1194816F00CFB257003B030BDD5E941
S214017470024516F075FBA04271EB05020B460BD3D5
S2140174800022104B1A700122104B1A70104B18680C
S21401749014F0F2F90020E8E7211A65EB0305002352
S2140174A09D4218BF4FF0FF31CDE90033094A064827
S2140174B016F0C5FF0028D8D10122024B1A70D4E776
S2140174C00C270020432C0020EC260020412C002015
S2140174D0E8260020D97401000022044B1A7001220C
S2140174E0034B1A70034B186814F0C6B9432C0020DE
S2140174F0412C0020E8260020264BF7B504461868E4
S2140175000D4615F067F930B9284601A916F048FB73
S21401751018B114F0D8F903B0F0BDD4E90223B3F1E1
S214017520FF3F08BFB2F1FF3F02D02046FFF780FFC2
S21401753016F016FB019B1818174B41F100011D7838
S2140175404DB1164AD2E90032834272EB010602D3EC
S214017550581C42F10001124AC4E9020113687BB9C2
S21401756023601460002DD6D1FFF774FF054600286E
S214017570D1D02046FFF75CFFFFF76CFF2846C8E72F
S214017580D3E90276B84271EB0606E9D31A461B68C0
S214017590E5E700BFE8260020422C0020780B0020FB
S2140175A00C27002008B598B1D0E90223B3F1FF3FBC
S2140175B008BFB2F1FF3F0BD0FFF73AFF054B1B7830
S2140175C033B9FFF747FF18B1BDE8084014F07BB99F
S2140175D008BD00BF422C00200022F8B5114B124D09
S2140175E01A7016F0BDFA0123104EC5E90001104FBE
S2140175F033703C6834B1D4E90212D5E900038842FD
S214017600934108D200233370FFF724FF48B1BDE849
S214017610F84014F058B92046FFF70AFF6368984708
S214017620E7E7F8BD412C0020780B0020422C002013
S2140176300C270020074BDA69D20407D51B6A40F2F3
S214017640044013F0010F18BF0020704740F20440B9
S214017650704700BF0080E00F10B503783E2B0AD1BB
S214017660837843F478530D4A0D49107800229042EE
S21401767008D800200DE0FF2B0ABF83781B0243F4D5
S2140176807F43F0E731F8024BA34203D1054B53F891
S214017690220010BDEDD30132E9E700BF5AE7020030
S2140176A094E702005CE7020030B5002485B002A82A
S2140176B0EDF766FC01A8BDF80850019407F09CFBA5
S2140176C000B101940E48019C0BF071FAB0B1002391
S2140176D04371C371037243728372C3726FF05703AF
S2140176E0837449230B22C37411230271037501228B
S2140176F06FF001038271C4600582437505B030BD29
S214017700D4FA02001046044A1368591E033102D8FF
S2140177100021116018477047C42F0020034B1868DA
S214017720034B002808BF1846704700BF10270020EB
S21401773084FB0200014814F036BA00BF1827002067
S21401774013B50B4C0229226005D10A4814F02BFA16
S214017750002002B010BD0A4600930146064B0548BC
S21401776014F002FA003818BF01204000F1E700BF0C
S214017770C42F00201827002005770100014814F0C7
S21401778023BA00BF182700200021014814F03EBA92
S2140177901827002008B5064B1B68013305D0FFF7F4
S2140177A0EDFF80F00100C0B208BD0020FCE700BF7D
S2140177B0C42F00202DE9F843DFF860900646D9F87B
S2140177C0008008461746B8F1000F03D00E24204665
S2140177D0BDE8F88306B3336801331DD1E1B100F08B
S2140177E075F805460028F1D0C9F8000000F0D4F875
S2140177F0284614F0BEF8044640B14046C9F8008059
S21401780000F0CAF8284614F0AFF8E0E73560002F1C
S214017810DDD02846B847DAE72124D8E71427002028
S214017820024B1868003818BF012070471427002043
S21401783038B50C4601F08CFAA3780B4A13705A1E21
S21401784055425541A8420CD0012B04D02846BDE82C
S214017850384001F05FBA204601F02EFA0028F5D034
S21401786038BD0020FCE700BF442C0020002108B5ED
S214017870024B08465B689847002008BDE42F0020AD
S21401788010B5FFF74BFF0D4B0C461A1A53425341E6
S2140178908B4201D1002010BD094B1B683BB9094A38
S2140178A0064B002C08BF1346074A1360F2E714F094
S2140178B08CFA0028F3D00220EDE700BF5CFB020043
S2140178C01427002084FB020010270020F8B5044688
S2140178D016F043FB002607460E4B1B6893B19E68C5
S2140178E0AEB196F82420D20711D435460FCC0FC579
S2140178F00FCC0FC523682B6096F8243043F00103A4
S21401790086F82430384616F023FB3046F8BD1B684F
S214017910E4E700BFD42F0020431E033306D8044BF0
S214017920984228BF1846642838BF6420704700BFB5
S21401793040420F0038B505460C4641B10B6833B1DD
S2140179401B68013303D0CB680BB18B6843B902F0D7
S21401795047FC00209122412100F0C6F9212038BDC4
S214017960084602F0ADFC0023094A85F83C31C5E91A
S2140179703A4313605360636943B1064A4221106873
S214017980B322C31A5842584100F0AEF90020E6E788
S214017990C82F00208C29002010B5044618B9054BC5
S2140179A0054A136010BD00F01DFCD4F8F430002B1E
S2140179B0F6D1F4E73BBA0200D82F002008B50246FC
S2140179C00868FFF7A9FF08604868FFF7A5FF486049
S2140179D08868FFF7A1FF8860C868FFF79DFF0B69FD
S2140179E0C860581C03D00B48834228BF03460B616E
S2140179F04B69581C03D00748834228BF0346886951
S214017A004B61FFF789FFBDE808408861104601F029
S214017A10D5B800BF40420F00D0F8EC302DE9F04158
S214017A2005460C4613B1838D8B424ED0D5F8E8300F
S214017A30002B4DD09E68002E4AD0D868002847D02B
S214017A40013800B200281DDB002107E0128A0CF184
S214017A500101A24219D209B2884213DB0B1803EBCB
S214017A60D3735B1003EBC30206EB8202B2F80EE09F
S214017A701FFA83FCA6450CF1FF3EE7D90FFA8EF0FC
S214017A808842EBDA2120BDE8F0814FF6FF7294457B
S214017A90F8D09BB203EBC30306EB83062846B6F980
S214017AA0122095F83011D5F8FC80F0F73BFE07461A
S214017AB0B8F1000F04D00023324628461946C047C5
S214017AC0AC85C5F8EC6085F839710020BDE8F08119
S214017AD00E20BDE8F08100BF2DE9F04782B00446D4
S214017AE00E46904601F03AF900286FD1504D2F68A6
S214017AF0D4F8E8A0D4F8EC9017B1574579D0002710
S214017B00AE6001F08BFD0128064604D0012100225B
S214017B10084613F05DFF2B68DAF80010D9F800204C
S214017B2013B1186888426ED0204614F044FBB7B1F2
S214017B30B8F1000F13D1204601F070FB0546D4F8CA
S214017B409430002B3BD1012E05D025B1394B0021B5
S214017B5003205B689847284602B0BDE8F087364B9D
S214017B60C5F800A01A78C5F804908DF807808ABB7E
S214017B70D4F8FC50002D4DD0114620460DF10703D8
S214017B80A847204601F04AFB054617B1B8F1000F99
S214017B90D5D0B5FA85F040F205423321400900F010
S214017BA0A3F84146204601F057FC244B49461B6882
S214017BB0054620469847D4F89430002BC3D00022BF
S214017BC04FF40073204600F01DFBBCE70023184D60
S214017BD06B608CE7D4F8EC30B4F9441023B1B3F9F8
S214017BE012309942A8BF19464246204601F08CFA47
S214017BF0C7E76F68002F83D04F4580D1AB68B3428B
S214017C0014D001277CE7696811B1096891428ED0CA
S214017C10596889E794F8281094F839314246994210
S214017C2028BF1946204601F03DFAAAE7002592E74B
S214017C30C82F0020E42F00204BF10200D82F00208F
S214017C40F8B505460E4616F088F931460746284629
S214017C50FFF7E2FE044620B1384616F079F92046D1
S214017C60F8BD01F0B3FC224631462846FFF734FF43
S214017C700446384616F06CF92046F8BD70B50D4638
S214017C80044614F019FA02F0F9FA094B1B784BB9BD
S214017C90D4F8FC6036B129462046B446BDE87040AB
S214017CA01A46604729462046BDE8704014F009BAD6
S214017CB04BF10200024B1860024B1960FEE700BF51
S214017CC030290020DC2F002038B5044D044C054B2C
S214017CD0286021601A60FFF7EDFF38BD30290020CB
S214017CE0DC2F00203429002010B550B90548064B7A
S214017CF00160064802601868054B18601868FFF7AF
S214017D00E3FF10BDDC2F00201427002034290020BB
S214017D1030290020054B1B680BB918467047834273
S214017D2001D01B69F8E70120704700BF3C290020FD
S214017D3018B10A4B1A680AB9104670471A68824287
S214017D4007D1026901201A60054A1368013B1360D6
S214017D50704702F110031269EDE700BF3C290020CD
S214017D60382900202DE9F74F064616F0FFF8DFF810
S214017D702081012398F800B0DFF818910190BBF13B
S214017D80000F06D089F8003003B0BDE8F04F16F0BA
S214017D90E8B83D4F88F8003089F800B013F075FF59
S214017DA008B113F070FF3D6838495DB9DFF8E8A007
S214017DB0DAF800200024AA423B682ED84FF0FF31A3
S214017DC0324838E06B7D8BB12B68B34202D09A1BE8
S214017DD08A420BD96A6813442B60AB68003A18BF15
S214017DE00122003B18BF01236A75AB752D69DCE7DC
S214017DF0907D20B1107D88429CBF014614461269D1
S214017E00002AF5D1002CD9D094E80B00A275411AAE
S214017E10E268204698470135CAE71A46FF21EFE790
S214017E205A7D3AB11A68B24228D0921B824225D8AE
S214017E30914226D21B69002BF2D15CB12046FFF796
S214017E4077FF38B13B683C602361DAF800300133D4
S214017E50CAF800303B685C7D1CB1186800F0DEF89B
S214017E60044613F00EFF0646002C95D199F8003013
S214017E70002B91D1019888F8004085E71C46002127
S214017E80D8E711461C46D5E73C290020FCFFFFBF7A
S214017E90462C0020452C00203829002038B5054600
S214017EA010B3182200210AF069FD16F05FF80246A9
S214017EB02846FFF72FFF20B1104616F052F8022091
S214017EC038BD0A4B1C6854B909491D600B68104639
S214017ED001332C610B6016F044F82046F0E7196870
S214017EE00C6901F11003EEE72120E9E73C290020A7
S214017EF03829002038B50446FFF70CFF16F036F88F
S214017F0005462046FFF706FF637D23B9284616F08F
S214017F1028F80E2038BD00236375064B1B68A34264
S214017F2003D113F0AEFEFFF71DFF284616F019F831
S214017F300020EFE73C2900202DE9F84FDDF82890D6
S214017F40984604460D469246FFF7E4FEDDF830B04B
S214017F5016F00CF8074613F094FE06462046FFF787
S214017F60D9FE637D23B12046FFF7C4FF0023A37526
S214017F70BAF1010F21D175B9B8F1000F1FD1B9F1CE
S214017F80000F03D05A4631462046C847384615F0FA
S214017F90E8FF002017E035440C4BAA1B9A420ED886
S214017FA0012363759DF82C30304684E82003237541
S214017FB0C4F80CB0FFF7D6FEE8E7AE42ECD138467F
S214017FC015F0CFFF2120BDE8F88F00BFFCFFFFBFF3
S214017FD02DE9F04107468846FFF79CFE15F0C6FFDF
S214017FE03D68064613F04DFE7B7D7BB185420DD084
S214017FF0094B2C1A9C4209D8304615F0B2FFB8F14D
S214018000010F08BF25462846BDE8F081304615F029
S214018010A8FF0025F7E700BFFCFFFFBF0023024AC9
S214018020194600F0B1B900BF4DBC02000D232DE981
S214018030F74F06460F46144600254FF00609DFF8AF
S2140180405C801370EBB209FB03F3D8F80010CA1872
S2140180505079012806D923780D2B1DD0002003B0B6
S214018060BDE8F08F31F903B01379B2F902A08DF8AB
S2140180700730002330461A460DF1070113F0D9FDEB
S21401808040B19DF807302370B7F900305B4501DB3E
S2140180905345E3DD0135D5E72120E0E7E02F002059
S2140180A0024B0022196814F09FB800BF482C030049
S2140180B0024B0122196814F097B800BF6829002006
S2140180C090F82530FF2B0FD0012904D90239012958
S2140180D006D9212070470222044B196814F084B88F
S2140180E0034B03221968F9E702207047402C03006E
S2140180F03C2C0300024B0422196814F075B800BF2B
S214018100382C030038B5094B5A68094B9A420AD1F4
S21401811015F023FF054606F013F90446284615F028
S21401812017FF204638BD0024FBE700BFE42F0020E0
S214018130FDBC0200024BD868C0F30360704700BF65
S214018140000002B810B5054C237823B103F08CFB70
S2140181500020207010BD0E20FCE700BF482C002038
S21401816008B503F04FFB0122014B00201A7008BD31
S214018170482C0020F8B504460F46164615F0EDFECD
S2140181800546A047044620B1284615F0E1FE2046E4
S214018190F8BD05F071FD04220549D1F8EC3E23EA4D
S2140181A007033343C1F8EC3E024B1A64ECE700BF09
S2140181B0003000B0002002B800F01803182B0AD0D7
S2140181C003070AD410F0100F40F2011308BF002372
S2140181D0034A936770470023FAE70123F8E700BFD5
S2140181E0003F00B038B10368044A002B08BF1346AD
S2140181F0034A13607047014BFAE700BF05BD020052
S214018200F02F002010B4D0E9524122400B4052EA30
S214018210030104D003495DF8044B096808475DF87B
S214018220044B7047F02F00200F2938B505460C4641
S2140182300ED801F0F3F901280CD1074A2846536EEF
S21401824023F00F032343536613F0C4FF002038BD09
S2140182502120FCE70220FAE7003F00B008B50E4BEC
S2140182601A6C12F0A00F13D15B6C5B0712D40B4B88
S214018270D3F8EC3E23F07F4323F0FF0353B1FFF71F
S21401828059FF6FF4905343FA00F000F0010008BD67
S2140182900020FCE70120FAE7000002B8003000B039
S2140182A070B50D46064620B91A4B1B68EBB10E2079
S2140182B01AE001F0B3F9012827D1174BD6F8F000E0
S2140182C093F9004013F0FBFE0022C4F12704241AA0
S2140182D0641BC4F11C03002BB8BF5B42232B16DCC6
S2140182E03AB10D4B1D70002070BD0122C1F127046B
S2140182F0EFE786F8265015F030FE054660B200F02E
S2140183002DFE284615F024FEEDE70220ECE721209D
S214018310EAE700BF14270020472C002008B513F019
S214018320F2FC8022024B5867024B1A6108BD00BF5F
S214018330003F00B0000002B8014B1868704700BF4C
S2140183405429002037B515F008FE01230022002429
S21401835000930023054619461046019405F05EFA7F
S214018360022002F07DFB064B21461C60054B0220D5
S2140183705B689847284615F0EBFD204603B030BDF4
S2140183805C290020E42F00202DE9FF4102290C463C
S21401839015469846039005D1FFF7D4FF002004B098
S2140183A0BDE8F08115F0D9FD1E4E0746336853B17E
S2140183B0AB4208D00024384615F0CAFD002CEDD19A
S2140183C021203460EBE7184B0022C3F800803560AB
S2140183D0002301254FF00008104619460195009527
S2140183E005F01CFA114B022083F8008002F038FBDE
S2140183F022464346022003A902F050FB0C4B039A87
S21401840004461A600028D5D0DFF82880D8F8003056
S21401841098472128CFD12946D8F80430022098471A
S214018420C9E700BF5C290020582900204A2C0020FB
S21401843054290020E42F0020034B5B6E5B055ABFD6
S214018440024B18780120704700C001B84A2C002062
S21401845090F82530023B022B05D84B7C2BB1012B23
S21401846005D0022B05D013F0C9BC0348704703485A
S21401847070470348704700BF20A1070048E8010085
S21401848040420F000A78022A11D0101F4242424190
S21401849052004B781201022B0BD0191F4B424B4155
S2140184A05B000549054842EA8312FFF763BE0122D5
S2140184B0EFE70123F5E700BFF0FFFF006596010037
S2140184C00B78022B10D0181F434243415B004A78B9
S2140184D0022A0BD0111F4A424A4152000F2104487A
S2140184E043EA8202FFF746BE0123F0E70122F5E7E1
S2140184F091960100D0F8B03010B5994204460ED0DE
S214018500C0F8B01001F092FF0649A4F83401012327
S214018510054AD1F8FC1004F5827004F09BF800209F
S21401852010BD00BF004F00B0A43F00B02DE9F74FCB
S21401853004468B4615461E46FFF790FE28B3A38ACF
S2140185401BB3204613F0F2FA78B91EB10E2003B021
S214018550BDE8F08F6B4BD3F8EC3E03F03002102AE7
S214018560F4D003F0C003402BF0D0674F03F0B6FF02
S2140185707B69DE07EAD515F0F0FC0646032002F01B
S2140185807BFB20B1304615F0E3FC0220DFE77A6979
S21401859012F0060AF6D1304615F0DAFC594B4FF4C4
S2140185A000612046D3F8EC9ED3F8CC8E05F0D4FCBF
S2140185B048B14FF400760121544F524608463E64B6
S2140185C013F006FA3E6459462046FFF739FB4D4B39
S2140185D0C3F8EC9EC3F8CC8E0028B8D194F82430AA
S2140185E0980601D4002D4DD0C5F3400004F036FBAB
S2140185F0022315F4807F1FBF454A002113644FF004
S2140186003A420BBF414A91611364536305F034FB50
S2140186104FF4806315F0040F14BF3E4A3E4A3B4EAA
S2140186205362042328463364FFF7C6FD204613F041
S2140186300DFC38B14FF4807315F0010F16BF344AA4
S21401864033641364A90647D54FF6FF72E38F93424E
S2140186500FD0324A3249526E100CC2F30112013267
S214018660B3FBF2F308802B4A2B492E481B044866BD
S2140186705366003D18BF012594F8243065F3451371
S21401868084F82430204613F0A2FDF0B1204613F002
S214018690DDFBD0B14FF40031204605F05DFC431CF4
S2140186A003229BB201A9204813F017FE9DF804206F
S2140186B09DF8053002F00701052916D112070ED4E0
S2140186C043F48073194AC2F8D43040F2366003B0DE
S2140186D0BDE8F04F01F0D2BD00F058FFC9E713F036
S2140186E0040F09D19DF80630EAE703F03002202A8C
S2140186F005D113F0010FF4E74FF48073E2E79DF81C
S2140187000630DFE7003000B000C001B8002002B834
S214018710001002B8005001B8006001B8004001B86E
S214018720E83000200000FFFF0C0000BA003E00B059
S2140187302DE9F74F0B460746154619B9212003B018
S214018740BDE8F08F002AF9D0032905D8002201F0F0
S21401875095FC03460028F1D01C889A78B4F5804F22
S21401876002F0070180F0E980A1F1070C187993F86F
S21401877005A0DE88DCF1000343EB0C0305292B730F
S21401878094BF0023C2F30013C2F3801C6B739309DA
S21401879085F810C003F00203C2F3C00C43EA0C03D1
S2140187A0C2F34012E8746B74AA74D7F89C30AE8298
S2140187B0D80600F1AD800639012900F2A980002013
S2140187C0B7F81280D7F81C9008F1FF385C4B0A3CCA
S2140187D004EA08045B6D19F804300134802B1CBFD1
S2140187E0323BDBB204EA0804AB73E31D03EA080379
S2140187F05A1CA86002EA080219F8036019F8022058
S21401880097F8253046EA0226FF2B36B24AD1631D79
S21401881003EA080319F803B0013303EA080319F859
S21401882003303846019313F0D3FA88B1019B4BEA23
S214018830032B42F210732BF0010B4FEA0B4B4FEA5E
S2140188401B4B03FB0BFB6423B0FBF3F3BBFBF3F007
S214018850F204A86055D5D7F8F03013B11B68022B87
S21401886005D841F27C324C210020FFF73DFAD7F8BB
S214018870F030C6F30B0093F82430C0000BB1B0FB08
S214018880F3F0824542D838B1CAEB0A2ABAFBF0FAAD
S2140188906FEA0A0A5FFA8AF0D7F8F83013B195F949
S2140188A00E109847631CE87303EA080319F803409F
S2140188B0013303EA080319F80320013303EA080326
S2140188C044EA022419F80320013303EA080319F8DD
S2140188D0033044EA024444EA036416F4804306D0B3
S2140188E0384600F097FAB0FA80F35B095B00214640
S2140188F038466A7C03F056FF062328600020AB71D9
S2140189001DE719F804004000C0B2C5E70020C3E720
S2140189100023EB730B4BDB691A0A1B0406D4D3B294
S214018920323BDBB2AB7300232B60E7E762F0FF0359
S21401893052B28032F4D18023F4E70220FFE600BF72
S214018940004000B800C000B8F8B507460D4614460A
S2140189508BB113F02EFC29463846BE8A01F00EF87C
S214018960B44228BF3446A4B222462946044801F040
S21401897055F92046F8BD13F0CEFA0646F0E700BFDB
S2140189800C0000BA082310B1024A13647047024A69
S214018990FBE700BF001002B8002002B8054A1268C3
S2140189A01AB190F82A1119B91047084602F0D0BC3E
S2140189B0014870474429002000FEFFFF354B2DE992
S2140189C0F7431C6801F4007900F00103174653EAE7
S2140189D0090206460D4637D04FF000084BB3002378
S2140189E0002201200021CDF80480CDF8008004F09B
S2140189F015FF41462046FFF7D1FF01224146E0859B
S214018A00DFF8A480104612F0E3FFD4F89C1094F827
S214018A10250002F007FDD8F8000000F0E5F94FF058
S214018A20FF33C8F8003094F8243043F0040384F888
S214018A302430B9F1000F07D00121204613F0FAFDCA
S214018A4025F4007506430D432B4632462046FFF7B4
S214018A50D9FBFB070FD51049104A08680021136897
S214018A60116001210E4A117003B198470D4B002188
S214018A7002205B68984717F00E0F08D04FF4EC728F
S214018A803B21002003B0BDE8F043FFF72DB903B04A
S214018A90BDE8F08314270020582900205C29002017
S214018AA04A2C0020E42F0020EC2F002008B5582285
S214018AB00021064809F062FF1022FF21044809F050
S214018AC05DFF05F053FA002008BD00BFF03E00B080
S214018AD0343F00B073B52D4A2D49137809784FF00D
S214018AE0FF350B4313700D23742280F83031A0F844
S214018AF020216D238222C0F80C31C0E9442364236F
S214018B00C0E946336FF07B438362224B0026C36382
S214018B1000F15003C3644FF6FF73044680F8253016
S214018B2003F58003C0E90C3580F82660C0F8B05024
S214018B30858503F003FF2046FFF7B8FF94F926105A
S214018B402046FFF7ADFB6023134A40F6FF71D3645E
S214018B504FF03A4211631167104A2946D364402206
S214018B600F4B20461A64D4F89C2013F022F90E23EA
S214018B7000220193009340F202231046194604F0A6
S214018B804DFE01F023FC304602B070BD4C2C002097
S214018B904BF102000700FFFF004000B8005000B88C
S214018BA0002002B8044BD3F8EC3E13F0806F14BFDC
S214018BB023200020704700BF003000B002462DE998
S214018BC0F843B0F8344100F58275FFF7EBFF0F6804
S214018BD0D1F804807E1C08BFD2F80C718E6808BFDD
S214018BE00F60B8F1FF3F04BFD2F81881C1F80480C6
S214018BF0731C48D1D2F81431D1F80CC08B60BCF18B
S214018C00FF3F47D1D2F81061D1F810E0D1F814C077
S214018C10BEF1FF3F08BFD2F804E1D1F8189008BFB3
S214018C20C1F810E0BCF1FF3F08BFD2F808C1CE6022
S214018C3008BFC1F814C0B9F1FF3F08BFD2F81C91B4
S214018C40B9F1000F2DD1C0F164048C6117B16D2FFD
S214018C5038BF6D2716492846C2F80C71C2F8106154
S214018C60C2F81431C2F81881C2F81C41C2F804E1F6
S214018C70C2F808C107230F4AD1F8FC1003F0EAFC3A
S214018C800020BDE8F88304F16D031B1AB34238BF18
S214018C903346B1E704F17406361A664538BF6646B0
S214018CA0B2E76D34241A4C4538BF4C46CDE700BFB9
S214018CB0004F00B0A43F00B038B5054C054B4178D5
S214018CC000782568236002F0B7FC00B1256038BD46
S214018CD060290020E0FB020038B515F03EF9054694
S214018CE000F09CFC012805D0284615F031F9022435
S214018CF0204638BDFFF71EFA0028F1D1044BDC6888
S214018D0014F08054ECD1284615F022F9F0E700BFA4
S214018D10000002B80A4B10B51B68044673B1094B34
S214018D2048B10121084A1A60022003F0EBFB00203B
S214018D30064B1C7010BD01461860F5E70220F9E7E6
S214018D406029002064290020D8FB02004B2C00205B
S214018D50014B1878704700BF4B2C00204FF40022BF
S214018D60034B186C03F500531A64C0F3C0407047F8
S214018D70000002B8024B586900F00100704700BFBE
S214018D8000C001B8064B5A69D20702D508B901F0EE
S214018D9043BE5B69DB0702D408B101F02FBE704702
S214018DA000C001B84FF0806310B1024A53617047AA
S214018DB0014AFBE7001002B8002002B8202350B198
S214018DC0064AC2F8F433064B196C11F0010104D1BE
S214018DD0032003F097BB034AF3E77047001002B87D
S214018DE000C002B8002002B8431C07D06FF0FF0293
S214018DF0034B10405A62A3F580535862704700BF78
S214018E0000E000B8024B586E00F00F00704700BF3C
S214018E10003F00B0014B986E704700BF003F00B0A6
S214018E20014B002099667047003F00B003282DE9EA
S214018E30F74F0C46914678D83D4B1E5C3D4B13F8D8
S214018E4000A03D4B13F800B015F087F8804604F0FB
S214018E50DFFE074640B10023002201930093012064
S214018E600023002104F0DAFC04F0DAFE48B1002306
S214018E70002201930093002000234FF4004104F0E8
S214018E80CDFC002E49D02D4BDD6C05F0080506EB18
S214018E900A002B4B23305844DD64C0B201F012FDAA
S214018EA05146304604F000FF5A465146304604F01B
S214018EB067FF244BDD6477B1234B1B68D3F89C1006
S214018EC093F8250002F0AEFA20490868FFF78CFFF8
S214018ED04FF0FF330B60B9F1000F04D01C4B00219B
S214018EE003205B689847D4B14FF48062194B1D6F1D
S214018EF003F50053C5F380251A67404615F028F898
S214018F0000F08CFB01280CD11DB14FF48062124B8E
S214018F101A67002003B0BDE8F08F3546B7E725464F
S214018F20EBE7002CECD10520F4E72120F2E700BFA7
S214018F30F8FB0200F4FB0200F0FB0200004000B860
S214018F40006000B8005000B814270020EC2F002065
S214018F50E42F002000C001B800D001B8034A136A0C
S214018F6060F3D22313620020704700BF00C000B830
S214018F70094A536A13F400130BD1D2F80001C00753
S214018F8007D4D2F8800000F47060003818BF0120C2
S214018F90704741EA53507047004001B8F8B514468F
S214018FA00D4601F00B0323EA0201384A2340D1643F
S214018FB0A2F58052D3646A07064610D50121FFF751
S214018FC0D7FF60B104F058FE4FF4007314F0040F9D
S214018FD014BF2F4A2F4A536204222F4B1A64EB0602
S214018FE006D514F0100F14BF00221B222B4B5A6516
S214018FF02F061DD5200616D54FF40012244B1A62F3
S214019000012203F58053C3F8002114F0A6FF0E21B8
S2140190100746032002F08AF940F201221F4B384628
S214019020DA6214F095FF214696F8250002F0FAF967
S214019030E90503D5E20523D502F0CEF9AB0503D544
S214019040A70520D502F0D4F915F0600F04D03046FC
S214019050D6F8F010FFF762F928050FD504F00CFEDC
S2140190600F4A2105D2F8EC3E4CBF43F0006323F0D3
S2140190700063C2F8EC3E0422074B1A640020F8BDD8
S21401908002F0A4F9DAE702F0ADF9DDE7006000B816
S214019090005001B8006001B8002002B8004000B8D6
S2140190A0003000B070B5054690F830010C460D282A
S2140190B022D0FF2901D1212070BD1AB14FF0FF3215
S2140190C00F4B1A6013F043F9064695F8300101F08C
S2140190D09FF9844228BF0446E4B2B44238BF3446FE
S2140190E0E0B285F8290001F09BFA064A034610789B
S2140190F020B9FF2BE0D1DEE70220DDE70020DBE729
S214019100F42F00204BF102000C4B73B51B7804467C
S2140191100E4615467BB9694612F0F2FC32469DF8BA
S21401912000102046EFF7FEFA2A4601462046FFF7D2
S214019130B9FF02B070BD0020FBE700BF4BF1020093
S214019140F8B50E4690F8301104460D29174603D19E
S2140191502D4B1B78002B4FD032462046EFF7E2FA14
S214019160D4F8EC3084F82800002B41D0274A157833
S214019170D4F8FC204DB1002A40D1B4F94400B3F92B
S2140191801210884206DC002507E0BABB94F83921A4
S214019190824202D20125B3F91260002231462046EE
S2140191A084F82B70FFF7B0FF08BB75B1C4F8EC006C
S2140191B0204612F068FC4FF6FF739842014615D020
S2140191C02046BDE8F840FEF73BBD114B1B7813F077
S2140191D0FD0F0BD1204601F029F90E4901230E4A55
S2140191E0D1F8FC1004F5827003F034FA0020F8BDC3
S2140191F0FF2384F82930F9E70220F8E7B4F9401094
S214019200B3F912209142BDE74BF102004C2C00202D
S214019210EA300020004F00B0A43F00B0D0F8A430E0
S214019220012B01D10020704770B505464B498EB021
S21401923013F0D4F8D5F8EC600146AC8DC5F8F00013
S21401924026B1336813B15B68002B60D114F085FE3C
S21401925014F07EFE0123D5F8F0108DF80E30B38998
S214019260B0687268E31A9BB200FB03223C48ADF873
S2140192700C30036802928B4202D02846FFF74EF864
S214019280384C394E00F0CAF90128FBD1236CDA07B5
S214019290F8D4336CDB01F5D4D5F8F01028460D91DF
S2140192A09DF80E20029908AB02F0A4FE60BB00F008
S2140192B0B5F90128FBD12C4A2A49136CDE01FCD4EE
S2140192C00B6CDC07F9D408A901A803F0AFF8D8B9EC
S2140192D0AA8D264B5A6495F8243060F3410385F82D
S2140192E0243012F0BAFFD5F8EC40024663691968DB
S2140192F0431EDBB2FD2B04910FD9C81C0DD90131D9
S21401930010D000200EB070BD02200EB070BD1A68DD
S214019310032A9BD99B6A5B0E9FE7284604A912F095
S21401932085FFEEE7124B62689A420AD8D5F84C31AF
S2140193309B050CD495F8243043F0020385F82430BD
S214019340DFE7284600F0B6FB0028DAD0EEE728462D
S2140193504FF4803113F06EF9D3E700BFFC4F00B035
S2140193604829002000C002B8000002B8008001B8F9
S21401937000CA9A3BF8B590F83C61044666B314F00F
S214019380ECFD1F23154F013E7B621E40144B054624
S2140193905E62D4F84021A3F580539A66D4F844213E
S2140193A0DA66D3F80031DB0711D5204612F06AFDE4
S2140193B04FF0FF3318B1C0F120029340DB43C7F8EA
S2140193C00431D4F8A8201340054AC2F804312846CF
S2140193D0BDE8F84014F0BCBDF8BD00BF006001B8A0
S2140193E0005001B810B504234FF03A4101240A4A4F
S2140193F0D1F81801C2F81831C2F814314C634FF491
S21401940000511163410742BFC2F81431A2F58052E0
S214019410C2F8183110BD00BF002000BA70B54FF079
S2140194203A434FF480640A4DD3F818610020C5F81A
S2140194301841C5F8144104F07BFC4FF400532B6728
S214019440730542BF034BC5F81441C3F8184170BDFC
S214019450002000BA001000BAF8B504460D46D0F850
S214019460F07019B990F82430590651D44FF6FF73AD
S214019470218E994204D0384B1B680BB12046984781
S214019480364E3368BB425FD0354B1B683BB11FB1CC
S2140194903A68002A5AD0BF683946204698470727B7
S2140194A0204600F0C3FF002D44D0062504F05EFDE3
S2140194B02C4B2D4993F9003094F926700A6AC3F1B2
S2140194C02703DB1B63F3D2222848D4F8F0300A6264
S2140194D03360856701F00CF900220120244B2549F1
S2140194E0087083F88020204612F074FE224B1B6C15
S2140194F05A0203D4D4F89C301B0607D54FF400104B
S21401950001221E491E4B0862C3F800210020F8BD47
S2140195104FF6FF72114E65F3861380F824303368D8
S21401952002869F4214D00E4B1B68002BAFD100F071
S2140195307DFF072713493B46134AD1F8FC1004F573
S214019540827003F087F8B0E70127A9E71746A3E77B
S21401955000F06CFF0127EDE7502900204829002084
S2140195604C290020472C002000C000B8006000B83D
S214019570003F00B0492C0020000002B8005001B89E
S214019580006001B8004F00B0A43F00B038B514F039
S214019590E4FC4FF6FF710A4A13888B4203D114F09C
S2140195A0D7FC0E2038BD074C074D1B046566A4F595
S2140195B080546366118014F0CBFC0020F2E700BFF4
S2140195C0E8300020006001B80000FFFF08B50F4B2F
S2140195D0D3F84C21531C17D012F0804214D10C4BF7
S2140195E01B78012B10D9082B0ED00A4B1B681BB118
S2140195F011460320FFF71AFC4FF08062064BDA642F
S21401960001225A6102229A6208BD00BF0080E00F63
S2140196100531002014270020001002B80F4BDB682C
S214019620C3F30363013B0B2B0FD8DFE803F00606F9
S2140196300C06060606080A080808022070470420D9
S21401964070470520704703207047054B5B6913F090
S214019650060F14BF04200120704700BF000002B8A7
S21401966000C001B8094AD368C3F303630B2B08D0C3
S2140196706FF49050184100F0010080F001004000A6
S2140196807047106C10F48030EDD17047000002B8BE
S2140196900C4AD368C3F30363062B07D8042BD8B24E
S2140196A00BD8C31E5842584140007047072B06D1BD
S2140196B0D2F844010028ECD1704702207047002000
S2140196C0704700BF000002B8084BDA68C2F30362B5
S2140196D0931E012B8CBF00230123037040F6220347
S2140196E0D34003F001030B70704700BF000002B8BF
S2140196F0F0B5CF072CD5002A0CBF5525AA250E4656
S2140197001E24154F01F0030383F001033B449B78AD
S21401971006F0070C17F80CC0013C63444FEA5606E6
S214019720F6D10E4E73436FF481769B0C33448AB99F
S21401973091FAA1F195FAA5F54A082D0F490042EADA
S214019740C57201F00204C0E92A2380F82740F0BD63
S214019750AA25D4E7024AF6E7FCFB020036FC100015
S214019760B756351213B5019147F6FE711A4BC3F879
S2140197703012D0F8AC4001EA4401184CC4F830125B
S2140197800F2159660199C90723D512BB01216166CC
S2140197904FF0FF31C3F80411D0F8A8400F49C1F8C3
S2140197A004414FF0F044C3F8104190F82730DB062F
S2140197B02340C1F8103152B10422C06C0DEB0201F6
S2140197C009F003F94FF03A430222C3F8F42002B03D
S2140197D010BD0221DBE700BF006001B8005001B8F0
S2140197E013B590F825100446FFF71AFB012001F087
S2140197F075F84FF4F0620B4BDA644FF40072A3F580
S2140198008053DA6494F82530023B012B08D80421F2
S214019810054B01229B6E0DEB0100019300F0C4FA8B
S21401982002B010BD006000B8004001B838B5184B52
S21401983005461C6844B1E36833B1206801F0BEFCFC
S214019840A368186801F0BAFC124B134A1B68136030
S2140198502BB1DA681AB19B68186801F0AFFC0F4BA0
S2140198601B682BB1DA681AB19B68186801F0A6FC70
S2140198700B4B1B682BB1DA681AB19B68186801F0AC
S2140198809DFC21462846BDE83840002212F0ACBCBB
S214019890482C0300442C030068290020402C0300B8
S2140198A03C2C0300F8B5D0F8403104468B420D46F7
S2140198B0164603D190F83C31202B0ED0324629466D
S2140198C02046FFF715FF202384F83C310023C4F817
S2140198D04051C4F84431FFF74DFD4FF00077074B78
S2140198E032461F6429462046FFF73CFF8022044B80
S2140198F01A6103F500531F64F8BD00BF001002B8DB
S214019900000002B810B50724144BDC6309B34421E8
S214019910A3F5005359631249096891F825100629E1
S2140199201CBF40F04000986301230E484FF480416D
S214019930C3630A4B12B9C3F8041101E0C0F804115D
S2140199404FF48042C3F80821C3F80C21C3F8102154
S21401995010BD4FF48041034BEDE700BF006000B837
S21401996014270020005000B8034BD3F8F80780F006
S2140199700070C0F340607047000002B810B590F860
S2140199802500FF2814D02E4BD3F8B82012F0060F6E
S21401999001D001280DD94FF470622A4BDA604FF4DA
S2140199A08072A3F58053DA600022254BC3F8B420F9
S2140199B010BD12F004043CD00B7813F0200300D045
S2140199C08B78920718D50B7803F00F03072B32D14B
S2140199D04B78022B2FD98B7813F03E0F2BD0CA78F9
S2140199E012F0040F27D012F0010F14BF0A2304232C
S2140199F0920748BF0633CB5CEBB1002C14BF0221A3
S214019A000121012840F6FF7003F01F0208BF520033
S214019A10013A40EA02320C4802654FF47060094A86
S214019A200902D060A2F58052D160054AC2F8B4306E
S214019A30BEE72346C5E70023034A01211365ECE789
S214019A40003E00B0006000B8004000B80A68064B4F
S214019A5012F0802F1CBF42F20101C3F82812C3F88E
S214019A608822C3F88C227047004001B8F0B50E4634
S214019A700E4B85B0074615460FCB8DE80F000C4BF5
S214019A806C46D3F848325A1C08BF002326B16A1E1A
S214019A90D2B2FD2A88BF33602A4621463846009353
S214019AA012F0C4FB002005B0F0BD00BF0CFC0200A4
S214019AB00080E00FF0B5144B85B0D0F8E8600FCB0E
S214019AC08DE80F00114B6946D3F84842FF20631C0E
S214019AD008BF00240094FFF7B9FF00232420F16893
S214019AE00B4D994202D1002005B0F0BDB26800FBD3
S214019AF003225768AF4205D952691AB11768013770
S214019B0008BF14600133ECE70CFC02000080E00F94
S214019B1000CA9A3B30B50823054685B078B9094A8C
S214019B20C2F8FC3349B9084B0FCB8DE80F00074B41
S214019B302A4669461868FFF799FF05B030BD044A02
S214019B40EEE700BF001002B81CFC0200142700203C
S214019B50002002B84FF03A43D3F81421D2031ED5A1
S214019B604FF480320E49C1F81421A1F58051C1F895
S214019B7018215A6DD1B2C2F30722C3F8A410C3F854
S214019B80A4200422C3F8A4200022C3F8A420C3F80A
S214019B90A420C3F8A420C3F8A420C3F8A4207047C7
S214019BA0002000BAF0220D4BC16C9A64A022A3F5E6
S214019BB080539A64438E4FF03A42B3FA83F30120FE
S214019BC0C3F11903DBB2C2F8F400C2F8CC304FF48B
S214019BD00053C2F8D010C2F8F0307047006000B8E9
S214019BE0F8B50D464FF03A441746064614F0B5F957
S214019BF001230421074A6363E76026616561C2F8B1
S214019C001411054AC2F8843114F0A2F90DB10223E9
S214019C106363F8BD002000BA00E100E02DE9F843D7
S214019C2005460124036803F00703063304FA03F02C
S214019C30AB68EC68461EA34278D06C6803EA060758
S214019C4007EB040CC41B13440643A24206EA0306B0
S214019C50634637D9101A3A189CB3631E062B40F296
S214019C60978041EA0C039F0740F092804B1CACEBB7
S214019C700303022B40F28C800B4624F003084FEAC4
S214019C80940901EB0807ACEB010E186843F80E00C7
S214019C9004339F42F9D144450CEB0800A4EB0803BA
S214019CA054D097F800E0012B0CF829E04ED00C4474
S214019CB0214697F801C0022B80F801C01CBFBB7873
S214019CC083706B684AB3501E062801F1010040D923
S214019CD01C1A022C3DD941EA0304A40739D122F00B
S214019CE00307A1F1040C4FEA920ED8195CF8044F51
S214019CF043F8044B8342F9D1BA42A2EB070001EBC9
S214019D0007040AD011F82E2001281A7005D06278AF
S214019D1002285A7001D0A2789A7014F01EF9022314
S214019D20AE60AB62BDE8F84314F012B9042A1BD941
S214019D300B78043AAB614B780431AB6111F8023C05
S214019D40AB6111F8013CAB61AB6876E70C44214688
S214019D50B7E71144013B00E0013010F8012C8842BE
S214019D6003F8012FF8D1D8E7013A032A0ED8DFE825
S214019D7002F00B08050211F8013BAB6111F8013B3B
S214019D80AB6111F8013BAB610B78AB61BDE8F883C1
S214019D900C44ACEB010E01EB0E0311F8010B8C42E7
S214019DA01870F8D121468CE738B50B4615460146A2
S214019DB04FF03A4468B101221048C4F8F4201A461C
S214019DC0FFF72CFF25B14FF03A430422C3F8F420E5
S214019DD038BD73B1D4F8D8209A4284BF0122C4F8A2
S214019DE0F4204FF03A42C2F8D4300223C2F8F430DD
S214019DF0E8E70123C4F8F430E4E700BFCC0000BA7A
S214019E0038B5044614F0A9F84FF03A420121238FE1
S214019E10054651674BB3B3FA83F3C3F11903DBB2BB
S214019E20A069C2F8B410C2F88C300723C2F89000BB
S214019E30C2F8B0304FF4A02302F50052C2F8143134
S214019E40A2F58052C2F8183100220C4B1A600C4B56
S214019E501B6C5B0209D54FF480020A4B1A64D4F8D6
S214019E609C1094F8250001F0DDFA00236387072390
S214019E702846A387BDE8384014F06AB86C2900204C
S214019E80000002B8002002B82DE9F84305460C464A
S214019E90C1B1D0F81880078F14F05FF8B5F83AC052
S214019EA0791EDFF8049101EA0C0323F00702032C64
S214019EB00646D9F800E042445CD1BEF1000F04D159
S214019EC014F046F80E20BDE8F8832EF001042EF0BB
S214019ED0010EA64553D10023C9F8003023889442C9
S214019EE06FEA43436FEA534323803ED1AB8F08EBBF
S214019EF007091846083880B202F108044C4528BF05
S214019F004446082804D9B4F800E0BEF5804F40D294
S214019F1063440F431B1A3B409BB26B87A887947818
S214019F2011884FF03A42C1F30C019165C2F898309E
S214019F30C2F8B0004FF48022174B04F00704C3F8B0
S214019F4014210122154BC3F88421FFF703FE042CCC
S214019F500BD14FF48002124B1B6C124B1A64D5F8CE
S214019F609C1095F8250001F05DFA304613F0F0FFDD
S214019F700020A8E7601E012898BF1446A7E7A88F0F
S214019F804344E31A48BFDB1908389842A6DC30463A
S214019F9096E72246AEE700BF002000BA00E100E0E7
S214019FA0000002B8002002B86C290020154B10B53D
S214019FB019688A8F4B8F088F13440138073B8C69C9
S214019FC0034023F007031C4402F108034FF03A4212
S214019FD09BB28B87C2F8B0304FF480220A4BC3F88D
S214019FE014210122094BC3F88421A07800F0070050
S214019FF0042803D1064AD3681B03FCD4054B1C6016
S21401A00010BD00BF14270020002000BA00E100E0C8
S21401A010000002B86C29002010B5064C216839B141
S21401A020CB0703D4044B1868FFF72EFF00232360E9
S21401A03010BD00BF6C290020142700204FF4803289
S21401A0400C4B0D49C3F818214FF03A43C1F81421BF
S21401A050D3F8AC10D3F88C20012302F007020632A5
S21401A0609340C1F30C01083B994201D8FFF772BD3A
S21401A070704700BF002000BA001000BA2DE9F04179
S21401A08006460C46078F1546D0F8188013F065FF74
S21401A090728F07F1FF3E02EA0E0323F00701032C3D
S21401A0A0B6F83CC0414419D14A4C24689CB9624474
S21401A0B0073A02EA0E0222F0070208EB02044344C2
S21401A0C0E31A48BFDB19634510DB13F041FF002498
S21401A0D02046BDE8F08124F00104F0E7012C03D00E
S21401A0E0022CECD1ACF1080C0C46E8E7002D37D079
S21401A0F08C4238D14FF03A42926D4FF03A4CDCF830
S21401A100AC70718AC7F30C079F423FDD2388B3F515
S21401A110804FDAD2A77801F1FF3C07F00707C3F3B7
S21401A1200C039B1A41EA0C0E052F2F7003EA0E034F
S21401A13024D81BB223EAE3776F80E7782F74F66999
S21401A14002EA0C02B718AF609FB212FA83F38B4291
S21401A15091BF00238B1AAB80EE609CBFAF80EB6093
S21401A16013F0F6FEB4E7A4F10802904584BFFF0899
S21401A17002EBC7021288C2F30C02BEE7164F7F6DD0
S21401A180002F14BF0A270027DB1BD2E7DCF8543068
S21401A19001F1FF3CA3EB020E41EA0C030EEA030EAB
S21401A1A0DFF838800FFA8EF3002BD8F80C700FDC2E
S21401A1B007F07067B7F1407F14BF00270127FF0043
S21401A1C02F70D8F84870A5F802E03F0A2F74B6E75A
S21401A1D00827F5E76C290020004000B8000002B807
S21401A1E01022024B1A70FFF7F1B900BF05310020AB
S21401A1F0054A1378102B04D018B123EA0103137013
S21401A2007047FFF7EDBF00BF0531002008B5134BBF
S21401A2101349D3F84C215B6823F0404323F44003F1
S21401A2201B0C1B048B4216D10E4B13400E4A934255
S21401A2300CD10E4A0E4B904208BF13461B1A5842C9
S21401A24058410121FFF7D4FF002008BD094A934277
S21401A25001D1094AEEE7064BF0E700BF0080E00FA8
S21401A26000001602007FF01F00026000E17DF95F2A
S21401A270690345EC000460009839F49608B550B1BE
S21401A280064B1A88824206D2002018800421FFF766
S21401A290AFFF002008BD0120F8E700BFDC2A002040
S21401A2A010B5044612F05DF900B1A08A034B0421F3
S21401A2B018800120FFF79CFF002010BDDC2A00203B
S21401A2C010B5104CD4F84C315B0004D401F00EFEEE
S21401A2D00221FFF78DFFD4F84C31591C0FD05A00DC
S21401A2E00DD4094B1878012809D9A0F10803584262
S21401A2F05841A822BDE810403121FDF7F5BC0120E8
S21401A300F7E700BF0080E00F05310020024A13780E
S21401A31043F008031370704705310020014B588045
S21401A32000207047EA30002038B5124D04462978DF
S21401A33019B92022104808F021FB002123780F4A82
S21401A340022B13700E4A0F4BC2F8CC104FF0FF01D0
S21401A3500D4A4FF0000011704FF007010B4AC2F88A
S21401A360FC130CBF04220122C3F8FC2301232B702B
S21401A37038BD00BF4D2C0020E03F00B0EA30002081
S21401A380004001B8001002B808310020002002B8D1
S21401A39008B50622024908F018FB002008BD00BFD8
S21401A3A0EA30002010B5044600F00EFE064BD3F846
S21401A3B0F83724B983F40033C3F3404010BDA31E1D
S21401A3C058425841FAE700BF000002B84FF63F7204
S21401A3D00A4BD3F8FC37934206D0094AC3F301135C
S21401A3E01370E022074B1A7041F66A02064B1B688F
S21401A3F0B3FBF2F3054A1360704700BF000002B8D2
S21401A400093100200A3100208C2900207029002003
S21401A41020B1022804D1034B18787047024BFBE7A2
S21401A42000207047093100200A3100202DE9F74F3E
S21401A430D0F8B0204C23022A38BF0222064690F8F4
S21401A44030B16A48013A016AD0F8CC706848C1F365
S21401A4508211CB40016803F0010591422B46654904
S21401A460DFF8B0A1DFF8B091DFF8B08116D10C7833
S21401A470AC4213D19AF800405C450FD1D6F8B440EF
S21401A48064B1BC420AD196F8297099F80040A742F7
S21401A49004D1B8F8040003B0BDE8F08F02600B7079
S21401A4A0002D00F08C8004234FF07F400025524998
S21401A4B0C1F8B830514BC3F8B80096F829301B06DE
S21401A4C0C1F8B8304FF080514B4B2C04C3F8B41090
S21401A4D040F271214A4B1B68B3FBF1F31921534338
S21401A4E0B3FBF1F1182B8CBFB1FA81F22022002CBC
S21401A4F079D0B4FA84F3D21A002A72DDC2F10F03BE
S21401A500012B38BF0123D440A14201D2013B64088C
S21401A5106A1C03F01F0152008A403A4F121B920830
S21401A520C7F8B0201A0242EA03121343019305EB5F
S21401A530052305EB0325344B40F6C20218682B2190
S21401A540003818BF0120FDF7CFFBFA222E4B02FB85
S21401A55004F01B6840F6FF72B0FBF3F00A23584381
S21401A5602A4B00F57A74C3F8C420019AA3F58053E8
S21401A570C3F8C420A3F58053C3F8CC50D3F8CC302D
S21401A58000F58C50C7F8FC30C6F8B450204D143096
S21401A5902C6001F0E9FF4FF47A72C7F8A400C7F8FF
S21401A5A0F8002B68B4FBF2F0B3FBF2F3A8F8043022
S21401A5B096F829308AF800B089F800306BE798F8E9
S21401A5C000100846FFF724FF002914BF1025202598
S21401A5D096F82930834294BFED182D1805F0FF0533
S21401A5E070E70F2390E70F2392E700BF004001B802
S21401A5F0F42F00204E2C0020001002B8002002B8D4
S21401A6008C290020003F00B070290020006001B8AE
S21401A610742900200731002006310020EA3000208E
S21401A62010B5114B01461B78104C0D2B02D1FF20A3
S21401A630207010BD184611F08AFE02461846FFF734
S21401A640E7FE884228BF0846C0B2904238BF10468F
S21401A6502378C0B28342ECD0054B20701868FFF710
S21401A660E5FE2078E5E700BFEA300020083100204B
S21401A6701427002010B50446FDF7D2F878B1154B23
S21401A6801B786BB964B1144B1B784BB1134B1B7819
S21401A690013B012B04D84FF40042114BDA6410BD84
S21401A6A0104BDB6C1B04FAD413F057FC044603F082
S21401A6B0E3FA4FF400420C4B2046BDE81040DA6442
S21401A6C002220A4BC3F87C240422054B1A6413F0B9
S21401A6D03FBC00BF4F2C0020502C002078290020C2
S21401A6E0002002B8000002B8001002B800D00350E3
S21401A6F04FF48022014B9A64704700BF005000B8A7
S21401A70037B5044600F060FC01213A20E9F78AFAE1
S21401A710364D374B00201C702B78002B0CBF0024C5
S21401A72004F00104FFF7A6FF2B78013B012B08D8A4
S21401A730EB7B01A88DF804302B7C8DF8053005F0F5
S21401A7405EFB00222B4BC3F87C24002C46D06A68A3
S21401A750002A39D0284B1B6803EB5203B3FBF2F3F4
S21401A760013B1B0243F0F8032A78022A2ED0032A63
S21401A77030D0012A35D1072243F002034FF6FF708D
S21401A7801E49C1F88400A1F58051C1F88430194BE7
S21401A790C3F87C2493070BD5EB7B01A88DF8043016
S21401A7A02B7C8DF8053005F018FB0120FFF762FFC2
S21401A7B04FF08043BCB1124AD36400204FF480228C
S21401A7C0104B9A6403B030BDF823CDE7062243F060
S21401A7D00103D3E7042243F00503CFE72246F8231B
S21401A7E0CCE70022CAE7084AE6E700BF782900203E
S21401A7F0502C002000C003508C290020006000B8B7
S21401A800001002B8005000B8002002B8F0B52A4F78
S21401A81006463D4604460FCE85B00FC533682B600D
S21401A82000F0D2FB01213A20E9F7FCF90022234B84
S21401A830C3F87C24A17A627A42EA0142C3F88824EA
S21401A840217CE27B42EA0142C3F88424217B627BBD
S21401A85041EA0240C3F880043B78032B29D8DFE89D
S21401A86003F022020C178DF8041004218DF8052040
S21401A8700DEB0100002205F09CFAE37B00228DF827
S21401A8800830237C042102A88DF8093005F091FADE
S21401A890637A01228DF80C30A37A042103A88DF87F
S21401A8A00D3005F086FA064B1878FFF729FF0020D1
S21401A8B000E0212005B0F0BD7829002000C003503B
S21401A8C0502C0020034BDB6C002BBCBF024BC3F8A3
S21401A8D088007047000002B8004000B84FF00063DF
S21401A8E038B1064AD364064B4FF40032C3F88420CD
S21401A8F07047044AD364044BF6E700BF001002B861
S21401A900005000B8002002B8006000B82DE9F047FA
S21401A91000F0B4FB4FF47A752F4BB0FBF5F51860D9
S21401A9204FF4FA736B4307462C48190E1B0218188E
S21401A9302B4A4FF0000341F10001EFF78DFD294B43
S21401A940A0F5807182460246196330B94FF0010ABC
S21401A9504A222B21FDF7C8F952464FF47A735A431F
S21401A960290200235008EFF777FD1E4B1E4AB7F564
S21401A9707A7F9A601D4B4FEA0A6619601C4BA946FE
S21401A9808846044618604FEA1A2A06D201259D22F7
S21401A9902B210020FDF7A8F9A9464FF47A73A6FBF0
S21401A9A0030103FB0A116D0840194FF0000341F142
S21401A9B000014A46EFF750FD0E4B023419600E4B6C
S21401A9C048F10008A408186044EA8874054B013C65
S21401A9D09C63BDE8F08700BF8C29002020A10700FA
S21401A9E040420F0000C001B8021101009C2900205E
S21401A9F09829002094290020902900201022044B39
S21401AA00C3F884215A600122024BDA60704700BF06
S21401AA1000E100E000C001B81022064BC3F8842113
S21401AA20C3F88420BFF34F8FBFF36F8F0422024B0E
S21401AA30DA60704700E100E000C001B810B50446D6
S21401AA40A242A2EB0000A3EB010104D2034B0139A1
S21401AA509B6B0133184401F0030110BD00C001B81F
S21401AA6038B501250A4B02019D504FF48073044608
S21401AA70084A8340536613F070FA074AA5401378D4
S21401AA8023EA05031370BDE8384013F061BA00BF2E
S21401AA9000E101B800E001B85A2C00202DE9F84F7A
S21401AAA0164604468A461F4613F057FA022E00F051
S21401AAB09380804613F05AFA604B614AD3F820908F
S21401AAC092F88D505A6EEDB2520744BFD3F82090DB
S21401AAD0013505F0030513F044FA4846294600F00F
S21401AAE03DF98446DAF80000012E04BF01306044C7
S21401AAF0ACEB000C08BFCAF80000BCF1804F7ED357
S21401AB0000F040F98145A1EB050188BF4B4BDFF80A
S21401AB1054E188BF01F1FF3101F0030188BF9B6B4F
S21401AB20A0EB090C0EF80410A1B1F90742BF41F6DB
S21401AB301F72444B5A67BA0742BF424B424A5A6792
S21401AB407B0742BF00223D4B9A673D0742BF00226A
S21401AB503A4B9A6511254FF0010A384B04F1100261
S21401AB60120103EB041BCBF80C0138499D501A6AFD
S21401AB700AFA04F5586E0B78A2EB0902EDB22B43E4
S21401AB8062450B704FEA041925D34FF48073A34036
S21401AB90034220D11EF80420002A4BD10EB32C4AC2
S21401ABA0F807536607D541F61F7140F20110254B91
S21401ABB0596750675967B90706D5224B224A244977
S21401ABC024485A6748675A677A0742BF0122224BD0
S21401ABD01A613B0719D4404613F0BAF90120BDE8C3
S21401ABE0F88F1E4A42F809A042F89C3C13F0B5F9CA
S21401ABF016490B7823EA05030B7013F0A9F94046B2
S21401AC0013F0A6F90020BDE8F88F2120FFF75AFEC1
S21401AC104FF48031094A124BD1601A78002ADAD0F3
S21401AC2000222D201A70FFF74DFE1022084B4046D9
S21401AC305A66D1E7064A40465366CDE700C001B8DA
S21401AC40003E00B000E001B800001F1F5A2C002093
S21401AC5000D001B800000101000002B800E101B80F
S21401AC60512C0020522C0020024B1878003818BFB7
S21401AC70012070475A2C0020034B10300001185851
S21401AC8000F00100704700BF00C001B870B506466D
S21401AC90FEF770F8044608B1FFF7BEFE00230A4D22
S21401ACA03046AB61EB612B6200F06CF8074BC9B222
S21401ACB083F88D1028622CB1FFF7A0FE4FF080625A
S21401ACC0034B1A64002070BD00C001B8003E00B0FE
S21401ACD0002002B810B504462120FFF7F3FD1CB191
S21401ACE04FF48032064BDA60064B1A783AB10022EE
S21401ACF02D201A70FFF7E6FD1022034B5A6610BD91
S21401AD0000C001B8512C002000D001B838B513F0AE
S21401AD102DF9084B084A1D6A92F88D405A6EE4B226
S21401AD20520744BF1D6A013413F01BF9284604F08C
S21401AD30030138BD00C001B8003E00B00346064A14
S21401AD40103302EB00111B01D1F80C01D158C1F3ED
S21401AD50400111F01ABB00BF00C001B8074B084AFA
S21401AD601B6810B54343146803EB817300224FF050
S21401AD700041E4FB0012981810BD00BF9429002082
S21401AD80902900200C4A20F04043014610B50020CF
S21401AD9014684FF00042E4FB0320084A890F12684A
S21401ADA002FB0300064B9B6B984204D90133013129
S21401ADB0C01A01F0030110BD982900209C2900202B
S21401ADC000C001B8044B01F0F071103041F00301EE
S21401ADD000011950704700BF00C001B808B5222015
S21401ADE0FFF770FD4FF48022014BDA6008BD00BF0B
S21401ADF000C001B870B51646054610B92124204694
S21401AE0070BD0029FAD0002AF8D042680F4B0068BE
S21401AE1003321B68920800F1304098470446002828
S21401AE20EDD1EA68A86803323146920800F1304055
S21401AE3011F0CBFA04460028E0D1286921466A6958
S21401AE4000F1304007F09AFDD9E700BFFC2F002043
S21401AE5070B50C68651C15D0C4F302669E42C4F337
S21401AE60074530D1A4B294422DD804EB8506B242F0
S21401AE7029D2141BA50824F003040E59340F04D05C
S21401AE80012C08D00022212402E06B1C51F823205B
S21401AE90C0E9002470BD0E4C34F8133042EA034377
S21401AEA01A686B1C51F8234001EB83014B68224062
S21401AEB05E4036F0704404D11B0F032B04BF8B6831
S21401AEC01A430024E4E7013501EB8501C1E700BF21
S21401AED034FC020007B501A8E9F7C6FE9DF8053067
S21401AEE0022B02BF40220B4BC3F8FC23C8220A4B9D
S21401AEF05A650A4B0A4AD3F86032DBB2FF2B08BF09
S21401AF0003239B0043F47F53C2F8F83303B05DF884
S21401AF1004FB00BF001002B8008001B80080E00FFB
S21401AF20000002B80022012108B51F4B1A645A64BA
S21401AF309A641E4A51610221916242F20101DA6865
S21401AF40C2F3036221FA02F2D207F8D51122184998
S21401AF509A631848184AFFF74DFF01F075FC174A27
S21401AF6093685BB9164A93689BB94FF080620F4BA2
S21401AF705A61012203F580535A6108BD1149D2680E
S21401AF80096803F13043032AECD943F8041B043A59
S21401AF90F9E70C49D268096803F13043032AE4D97A
S21401AFA043F8041B043AF9E7000002B8001002B89F
S21401AFB0B0FC020094FC0200ACFC02007CFC020027
S21401AFC064FC020000300020012341F6FF710D4AA7
S21401AFD0C2F8803291660C4A53600C4A53600C4AA0
S21401AFE05360A2F580425360A2F54042536002F5D9
S21401AFF0C032536002F580425360A2F500425360AE
S21401B000704700BF0090005000D000B8001000BA92
S21401B010005001B810B50324FFF7D6FF114A124BB2
S21401B020DA64FFF757FF114BC3F8E04000F0CEF9A2
S21401B03001F054FA4FF460720D4B5A614FF40072EE
S21401B040DA6411F00AF90021FEF764FD8022094B4B
S21401B0501C64A3F580535C64074BC3F884215A60D3
S21401B06010BD00BF0048F000000002B8005001B853
S21401B070001002B800A002B800E100E008B511F027
S21401B080E5FD044B1B6FC3F300430133B0FBF3F044
S21401B09008BD00BF008000502DE9F04F064687B07E
S21401B0A002900F4657F8044B631C06D1029B34608E
S21401B0B0F01A801007B0BDE8F08F3E4BC4F3016A6A
S21401B0C05FEA147B33F81A1008BFC4F30742A4B230
S21401B0D044EA014404F06F4118BF0122B1F1804FE8
S21401B0E002D0B1F1204F0ED124F070444FEAC209CC
S21401B0F0314B09F10401314499424BD901339E4247
S21401B10048D80020D6E704F06041B1F1204F08BFCF
S21401B11024F08054EAE7059B2BBB072015F0420F6D
S21401B12020FA0AF000F001002CD115F0280F21D1E9
S21401B13000222244BBF1010F48F8082C4FF0FF32E1
S21401B14018BF0022019B043453F8041B08F10808B9
S21401B1504A4048F80C2C0193039B9C42DBD104998E
S21401B1604E4439449DE740F6F30232210020FCF7B5
S21401B170BBFDDDE740F6F7023221FCF7B5FD4FF4E3
S21401B1808052D6E740F6FC023221FCF7ADFD4FF4C3
S21401B1900052CEE701259300049305FA0BF504EB64
S21401B1A08203039305F0940306F1080801970593BB
S21401B1B0D2E700BF2CFC0200DF4F00B0F8B5064610
S21401B1C0E0B10024144B25461F46144953F8042BBE
S21401B1D0AAB91348314600EB8500FFF75DFF30B989
S21401B1E040F6A8223621BDE8F840FCF77DBD0D4BA0
S21401B1F00135281847F8246023F81400F8BDB24238
S21401B200FCD001340C2C02D031F81450DEE740F6A5
S21401B210C22236210020E6E7A0290020DC2A0020F1
S21401B220404000B0DE2A002070B5A8B1002971D0D8
S21401B230002213463849394C51F8045B85420CD13B
S21401B240374A116CC907FCD49B0003F58043403391
S21401B2501360344B01221A6470BD01320C2A59D096
S21401B26034F81230E8E7C2F3016334F8131012F42D
S21401B2707E0F93B243EA014321D00430C2F3074262
S21401B280022A016808D946688568033AC3E90016A8
S21401B2909D600C300C33F3E70CD142680830C3E9EB
S21401B2A000120268531CDED100221D4B1A6003F502
S21401B2B08053CFE7012AF4D104301960F1E7120F69
S21401B2C000F108054068072A09D8DFE802F00704FC
S21401B2D00A0E1114191EC04303F5005318602846C0
S21401B2E0DFE71A6842401A60F9E703F58053F5E78D
S21401B2F011F040F8F3E7012203F580538240F2E7AC
S21401B300012203F500538240EDE71A6830EA020293
S21401B310FBD1E4E7044CC4E7A0290020DC2A002086
S21401B32000C002B800D002B834FC0200064BDB684D
S21401B330C3F30363984206D1044A536E23F0F00325
S21401B34043EA011151667047000002B8003F00B0A1
S21401B3502DE9F347054611F006F800278046194EF9
S21401B360DFF864A012F0F9FD0DF1070181460DF139
S21401B3700600FEF7A9F99DF806300BB3DAF80C3093
S21401B38013F4603F1CD0DAF8180011F066F8044692
S21401B3906B1C03D010F0E7FFA0EB0807484612F03D
S21401B3A0D7FD14F5007F07D19DF8063013B99DF837
S21401B3B007300BB1AF42D5D3204602B0BDE8F087C7
S21401B3C03446E5E700FEFFFF00C000B80122014B4E
S21401B3D0DA647047001002B80122014BDA64704744
S21401B3E0002002B84022014BDA647047002002B800
S21401B3F04022014BDA647047001002B80122024B6A
S21401B40098611A61704700BF000001B8044BD3F879
S21401B410AC3010B1C3F30332027003F00F00704773
S21401B420000002B8094B01F080011B6C03F4800395
S21401B4300B430AD14FF40012054BFF281A621EBFB8
S21401B4400122A3F58053C3F800217047000002B81B
S21401B450006001B810B512F080FD084B04461B6869
S21401B4603BB1984728B1002200204FF4806101F0DB
S21401B47045FA2046BDE8104012F06ABDD0290020EA
S21401B4804FF604014FF60502044B01201B6C9BB2DC
S21401B4908B4208BF1346024A136670470080E00FCE
S21401B4A000C001B8074BD3F8483203F00303012B61
S21401B4B003D0022B03D00020704712F05DBD11F0BF
S21401B4C009BC00BF008000502DE9F74F81460E46AB
S21401B4D04FF0FF34FFF71AFC002501908A46A0467C
S21401B4E02846DFF8D0B005F110031B015BF80370A6
S21401B4F007F00307012F15D12846FFF71FFC024668
S21401B5000B4601985146FFF799FADBF8643005F1CE
S21401B5100802D340DB0736D5002E3DD00024A046D6
S21401B520356038460135082DDDD148B30022114675
S21401B530204DAF68AB6B0133E8FB034107F44033A2
S21401B540B3F5003F30D16B6B07F44057013342F13E
S21401B5500006B7F5805F22D12D6B15F5807505FBCA
S21401B56006F642F1000203FB0266A5FB03323244F3
S21401B570594304FB0212A3FB04342244C9E90032F6
S21401B58003B0BDE8F08FA04271EB0803C9D206B143
S21401B590356004468846C4E73446B046C1E7320201
S21401B5A042EA13621B02E3E72B6B13F5807342F149
S21401B5B00002DDE700C001B8F8B5062010F0F6FE7F
S21401B5C0044610F0D0FE42F21073041B9C4205465E
S21401B5D018D94FF080624F240B4B1A6441F26F77F3
S21401B5E00A4E0BE010F0BFFE401BB8424FF48372C8
S21401B5F021468CBF00200120FCF776FB336C5B01F3
S21401B600F0D5F8BD1A24E9E7002002B8000002B818
S21401B61008B510F039FF0122054B93F88930023343
S21401B6205B00DBB202FA03F3024A536108BD00BFB6
S21401B630003E00B0002000B8FF2870B500F0A080E2
S21401B640FF2900F099800B2800F29480012900F26E
S21401B65091804E4B83F8880083F889104C4B5B68C9
S21401B66013F4007327D14FF038425360494A506EA5
S21401B67044026BD5484B5B6803F00303022B65D08D
S21401B6800223C2F848320122444B9A604FF03843F5
S21401B6905A60DA60996A0807FCD11969C907F8D5B2
S21401B6A040F2FF323E4B9A615A614FF40072384BBA
S21401B6B0C3F884215A60354C01213B20E8F7B2FAE1
S21401B6C094F8893094F88820364943F440230632AA
S21401B6D043F4106341F82230334B1D68FFF7E2FE56
S21401B6E06E08ED070246002328463146EEF7B4FE03
S21401B6F0090241EA1061C0F3C05040EA41002B4BF9
S21401B700A067186B10F5807005D14FF4D7722B2106
S21401B710FCF7EAFA02200246002300200121EEF798
S21401B7209BFEE067FFF7BEFE40F649435843000D17
S21401B730FF2828BFFF20022838BF0220002184F8F6
S21401B7408C00012000F0DEFE002070BD10F4001019
S21401B75006D0174B586800F00300023818BF0120C6
S21401B76040F237121B21FCF7BFFA0122094BC3F83E
S21401B770482288E72120E8E70B28FBD8012168E763
S21401B780FF294FF007007FF461AFF7E7003E00B0F6
S21401B79000E100E00080005000000250001000B8F8
S21401B7A0002000B8008003508C29002000C001B89A
S21401B7B0004002502DE9F34105460F466846114602
S21401B7C0FFF782FE0646B0B1AFB1DDE900321B0AD3
S21401B7D043EA0263A5FB0384094B120A05FB0244F4
S21401B7E01A6812B9FFF74AFC024600234046214672
S21401B7F0EEF732FE3860304602B0BDE8F08100BF99
S21401B8008C29002070B5FFF7D7FE0021022000F03A
S21401B81079FE10F0A8FD04460F4D104ED5F8F4330E
S21401B8201B070BD512F099FBBDE8704002220C4BAA
S21401B830DA6001220B4B1A7012F08ABB10F093FDEE
S21401B840001BB04240F216224FF045018CBF00208B
S21401B8500120FCF749FAE1E7000002B83F420F0079
S21401B86000C001B85B2C0020254838B50378002BB2
S21401B87044D00121234C244D94F889309A1C53005E
S21401B88001FA03F3AB6102FA01F34FF40072DBB283
S21401B89099401E4B6961C3F88421002303701C4B39
S21401B8A040F2C522186C3921C0F38060FCF71CFAFF
S21401B8B04FF48041174B184AC3F894100C2194F8A2
S21401B8C089304B4303F138435B6BD4F880109942BF
S21401B8D002BFD2F86C31C4F88430D2F86431D4F89F
S21401B8E0840008BFA4F88E30B4F88E1000F0E0F89B
S21401B8F0BDE838400121022000F004BE38BD00BF7B
S21401B9005B2C0020003E00B0002000B800E100E003
S21401B910000002B800E001B800C001B810B5044646
S21401B920FFF7C0FD6043044B00F5F42000F590706E
S21401B930B0FBF3F010BD00BF40420F002DE9F74FFA
S21401B940FFF7ECFF0446FFF737FE12F006FB002177
S21401B9504F4D064668462970FFF7B6FD4FF038434F
S21401B9601F6A03F50033DB68804613F0706F1BD146
S21401B970484B5B6913F0060A16D1D8B1464B611DD8
S21401B9801868A1FB00B9FFF78DFD534602464946EC
S21401B9905846EEF761FD009B090241EA106100027C
S21401B9A09842019B994105D3304603B0BDE8F04F5C
S21401B9B012F0CEBA0021022000F0A4FD10F0D3FC54
S21401B9C08146DFF8E0B0DFF8E0A0DBF8F4331B07D0
S21401B9D049D5B8F1000F55D0DDE90089FFF762FDC2
S21401B9E04FEA182141EA09614FEA1923A0FB0198A1
S21401B9F000FB0388284B1A6812B9FFF73FFB024683
S21401BA00002341464846EEF727FD4FF00C088646D0
S21401BA100121224B013493F889203F1B931C08FB1C
S21401BA2002F25800DFF884C0C0B2774402F138420F
S21401BA3001FA00F0CCF814008B405763184F01FA56
S21401BA4003F3BB614FF038473F6A526BA4EB0E0419
S21401BA50BA1AA24216D2CCF81830CCF8140002203A
S21401BA6000F050FDA0E710F07EFCA0EB0900504569
S21401BA704FF41B724FF045018CBF00200120FCF7EC
S21401BA8033F9A2E70222034BDA6001232B708BE71E
S21401BA905B2C002000C001B88C290020003E00B0BD
S21401BAA0001000B8000002B83F420F00002000B8A6
S21401BAB02DE9F04F4FF00C0B0027BC4A87B092F8E7
S21401BAC0894088460BFB04F303F138431F6392F861
S21401BAD08820B74B0646C3F8B4204FF40032B54B66
S21401BAE0C2461A610222A3F58053DA604FF038434A
S21401BAF005461A6AB04B013493F8241304F0010486
S21401BB00C9B2059193F8291302F1FF39C9B204911C
S21401BB1083F8247383F82973A31C0BFB04F45900E0
S21401BB200191029104F13844A2EB0902002A40F384
S21401BB3013810137022F7AD9EC220D210020FCF760
S21401BB40D3F84FF080529D4B9B495A66059A9C4C00
S21401BB5002F0F00281F82423049A02F0F00281F840
S21401BB602923924A4FF40031C4F86C51C2E920955A
S21401BB700025C4F864A1A2F88EA019618C4BC3F805
S21401BB80B4500C2392F889205A4302F138421563C7
S21401BB9012F0E3F92B464FF4807E276AD4F864C08E
S21401BBA003F110021201A25802F00302012A10D179
S21401BBB00EFA03F212EA0C0F0BD104EB0311BE428C
S21401BBC0D1F80C1100F20D818E4202D28F4280F024
S21401BBD00B810133082BE3D17A4C2268012A08D85D
S21401BBE079490B78142B02BF0023784E337001334A
S21401BBF00B70BDB16D49012AB1F88A3043EA0503DD
S21401BC00A1F88A306B4B5D660CD870490B7801330E
S21401BC10DBB2022B0B7005D10023013222606A4A87
S21401BC200B70137007B0BDE8F04F12F091B9002504
S21401BC30DFF878A19AF889300BFB03F303F1384358
S21401BC401D6312F08AF94FF080515C4B03905966E0
S21401BC504FF03843186A9AF8893000F101090093C9
S21401BC600BFB03F303F13843C3F83490514B023016
S21401BC701967012302992563606303FA01F05449A9
S21401BC804F4A486101998B4052498B61106B93680A
S21401BC90DB0340F1A380DAF88030DAF87CE0A9EB28
S21401BCA0030CDAF8783000F58070ACFB032CA2FBAD
S21401BCB00E13ECFB0E351946A0FB033E00FB05EE0A
S21401BCC0D31A6CEB0E0E1A0A42EA0E624244B2EB2B
S21401BCD0102F4FEA102A05D34B1C194645F10005D3
S21401BCE0A2EB0A02AAF1040A924528BF92463448FA
S21401BCF02E4AC0F818A092F88D207318016AD2B2A5
S21401BD0045F100058E42816B84BF02F1FF32D2B24B
S21401BD10481C0CD04FF0000C481C99427CEB050ED9
S21401BD2007D201321B1AD2B265F10005F5E72A44A3
S21401BD30D2B21D461D49224B02F0030281F88D2026
S21401BD401D620222009B03980BFB03F303F13843A9
S21401BD501A63226312F0FCF84FF038431A6A009215
S21401BD6012F0FBF81C490B6923F004030B61BFF3C7
S21401BD704F8FBFF36F8F30BF0123019A1449934051
S21401BD808B614FF080510D4B1967002310212363FF
S21401BD90094BC3F8841112F0DBF8094B009A5B6E6D
S21401BDA013F0805F3FF4C0AECBE600BF003E00B0AC
S21401BDB00080035000D001B800E100E000E001B8C7
S21401BDC000C001B8402900205D2C00205C2C00201A
S21401BDD0002000B8001000B800ED00E0C24635466D
S21401BDE0AFE78E42BFF4F2AE2A4395B2F1E600BF4A
S21401BDF04FF00052014B1A60704700BF00E100E0AF
S21401BE004FF00052034BC3F88020BFF34F8FBFF3B0
S21401BE106F8F704700E100E037B50446FFF7D4F8AE
S21401BE2001213A20E7F7FEFEE17822791B4841EA34
S21401BE300243C0F8DC34E579A37943EA0543C0F848
S21401BE40E03423784BB18DF8041004218DF80520D9
S21401BE500DEB0100002203F0ACFF63785BB1042117
S21401BE60A37900228DF80430E3790DEB01008DF8FB
S21401BE70053003F09EFF227801235AB1084AC2F822
S21401BE80D834627802233AB1054A0020C2F8D83481
S21401BE9003B030BD034AF2E7024AF6E700C003509A
S21401BEA000D0035000E003500C4A10B5D2F84C31D4
S21401BEB054680B4A0B49944201EA030106D103F484
S21401BEC0FE43B3F5807F08BF41F4A061064810F039
S21401BED0E4FA2146BDE8104010F0DFBA0080E00F1A
S21401BEE014001501E0FFF01FCF13468B2DE9F84F24
S21401BEF0044610B90020BDE8F88F00F11703B3F52A
S21401BF00002FF7D21E4A002390461E4F3D789D42D1
S21401BF1018D800264FF0240AFFF7C6FF216810F054
S21401BF20E2FA616810F0DFFAD4F80C90B14511D14D
S21401BF3023698342DED1062D08D048F82540013515
S21401BF403D7003E052F8041BA14201D10120D2E763
S21401BF500133DCE70AFB06F3A26812EB030B0CD0F5
S21401BF600BF12301B1F5002F07D2D15810F0BBFA1F
S21401BF7004220BEB020110F0ABFA0136D6E700BF44
S21401BF80D42900205E2C0020F8B50B46002213F8B9
S21401BF90044B944225D91D68854224D106245A793A
S21401BFA01D79124B88181E6804FB0503104F33F8E1
S21401BFB0063C7B43B3420ED900238A5A7A43964203
S21401BFC002D804FB0300F8BD9D42FAD9013304FBF5
S21401BFD003F2825AF2E740F251423D210020FBF77C
S21401BFE083FE0020EFE708330132D2E7EC29002078
S21401BFF040420F0000202DE9F84FA2FB0179C74E01
S21401C000DFF854C3BE19984669F10003B44570EBD6
S21401C010030307D240F243220E21FBF765FE0220FE
S21401C020BDE8F88FD8F814A00C461546BAF1000FF3
S21401C03004D0DAF80030032B00F21B81B84BB94A62
S21401C0409E6BA3F58043D3F8EC30C6F31406590073
S21401C050B54B48BF46F400161B6ED2F8FCA05A0733
S21401C0604EBF4FF440039B0503F0E0731E43AF4BF6
S21401C070D3F8E4309B0748BF46F0807646EA45662B
S21401C08010F01EFE012D8346C9D10028C7D0A84B4B
S21401C090984200F0FD8003F5122303F5F8639842F9
S21401C0A000F03981A34B984200F0938102460023A9
S21401C0B000204FF00071EEF7CFF90130A7FB0072B8
S21401C0C000FB0922C6F31303A3FB0B3B20329209A4
S21401C0D0C8F80020DB0C984A43EA4B33F50214609B
S21401C0E058BF5B42954A964D1C4413602C60BAF1CA
S21401C0F0000F00F00C81F001924A83EAE370A0EB96
S21401C100E370C6F38153D75C4FEAE07E47F34011F4
S21401C11000FB01F14FEA876707FB0E11A0FB07073B
S21401C12048BF64084FEA540C10EB0C0041EB0701C2
S21401C13022460023EEF790F9DAF800700E2F08D9A0
S21401C140794B774A926BD969D3F80C31C90600F15D
S21401C1502081B302C0F31300C8F804004CBFC4200A
S21401C16040F207107849DAF81820A1FB0461490962
S21401C17000FB01F14FF4FA73B1FBF2F101FB03F39B
S21401C180FA33A4FB0006A3FB02328342B24138BF56
S21401C1900131C9B241F4006CC8F808C0002900F0AA
S21401C1A0B880DAF81C60A1FB062024B1B4FA84F347
S21401C1B00E2B40F3D680E303002840F0CF80B3FB7C
S21401C1C0F2F0420002FB0112A2FB06934FEA044E74
S21401C1D0CE454FEA144474EB030309D349000A44DD
S21401C1E0A6FB0293CE4574EB030300F10100F6D2E1
S21401C1F0C0F30E034CEA033C4CF00063062FC8F86C
S21401C200083047D9DAF83030002B43D00023C8F87D
S21401C2100C30C8F8103010F053FDDAF83010FFF784
S21401C220B3FE044618B18378002B40F0DA8010F094
S21401C23007FDDAF83010FFF7A7FE0446002866D09F
S21401C2408378002B63D0407940F27D52003818BFC6
S21401C25001203D21FBF748FD207940F27E5200384F
S21401C2604FF03D0118BF0120FBF73EFD23796279AF
S21401C27048E0042BDAF828607FF402AFF0014CBFE7
S21401C2804FF4400306F0E07326F0E0761E43F7E62F
S21401C2902E4813E710F014FD2C68002C00F09B804C
S21401C2A0B4FA84F3D3F1020358BFDC40284B9C4216
S21401C2B088BF6408002875D0B4FBF0F2642500FB43
S21401C2C0124105FB01F1531E88424FEA530300F267
S21401C2D0A3805208013A1B0243EA0215C8F80C5023
S21401C2E010F0B4FC014600286BD0B4FBF0F26420D9
S21401C2F001FB124300FB03F3994268D8531E520810
S21401C3005B08013A1B0243EA0213C8F8103000200A
S21401C31086E6212084E60F48D0E600BF006CCA8876
S21401C320008001B8004F00B0004001B8000002B81C
S21401C33000F04902005A6202F4290020F029002088
S21401C340EC2900203CFC0200D34D62100A3BB2DF10
S21401C3503FBE4025313641DC807C814A0A460020BA
S21401C36032E7C3F10F0E03F1110900FA09F922FAB7
S21401C3700EF242EA0902AEF1200920FA09F942EA70
S21401C380090220FA0EFE013204FA03F34EF1000010
S21401C39012E702F4801203F400131A4308BFC0F533
S21401C3A08010D6E6631EA51E5B086D08013B2D02B4
S21401C3B045EA031540F2CF422B210020FBF794FCFF
S21401C3C08CE740F2F2422B21FBF78EFC2246013A23
S21401C3D094E7154872E66FF01F0500287FF47EAFDC
S21401C3E0E8E7407940F26252003818BF01203D214B
S21401C3F0FBF77AFC207940F2635200384FF03D019A
S21401C40018BF0120FBF770FC237962791B0243EA0F
S21401C4100213C8F80C300AE7023A013B52081D0124
S21401C42045EA02255AE700BFD694BFD610B50446A2
S21401C43086B059B9214B4168D3F8FC30827A20483E
S21401C440059300686B46FFF7D5FD69461D4B0A68E4
S21401C4505A631A4BD3F8FC3033B34B6843B11A4BCB
S21401C4601A4AC3F80C214A68A3F58053C3F80C2175
S21401C4708B6843B1144B164AC3F8EC208A68A3F5BF
S21401C4808053C3F8EC20134AC868D2F8743123F4F9
S21401C490EE630343C2F87431D2F86C31096923F4B0
S21401C4A0EE630B43C2F86C31002022890A4B9A6274
S21401C4B003F5A033186406B010BD00BF004F00B0EE
S21401C4C014270020008001B8006001B8FFFF0F00AC
S21401C4D0FFF8FF0F000002B8004000B8064B9A6E46
S21401C4E0920607D55B6E002B4FF48043B4BF034A18
S21401C4F0034AD3640020704700800050002002B831
S21401C500001002B8064B1A6C9207FCD4022240EACD
S21401C51001205860034B1A640122034B1A707047BE
S21401C52000C002B800D002B85F2C002010B590B150
S21401C5300468012C0FD902696AB11168094B102CE5
S21401C540196051685960916888BFD268996094BF34
S21401C550D960DA6010BD10220021024806F00EFAFA
S21401C560F8E700BFFC290020084BC1171A68A2FB98
S21401C570000302FB013310F1807043F10003400E0B
S21401C58040EAC310803820EAE07070470C2A002089
S21401C5900722194B70B5DA63184B194A1E68194BF6
S21401C5A0F408E005C0184FEA163141F100010023F6
S21401C5B0EDF752FF144B154D18601548FFF7D4FFE1
S21401C5C04042C5F8DC0049F65800FFF7CDFFC5F834
S21401C5D0A8001048FEF7D6FB024660B1E3015008FA
S21401C5E018184FEA16714FF0000341F10001EDF7FC
S21401C5F033FFC5F8B40070BD000002B88C290020D6
S21401C60065CD1D00B2E60E000C2A0020003F00B0EA
S21401C6107011010040420F0010B5044698B10B4B53
S21401C620D3F8FC00FFF782FF4FF47A7303FB04F0A4
S21401C630074BA0F57A60DA689B681044C01ABDE81B
S21401C6401040FFF791BF49F64040F8E7004F00B0B1
S21401C650FC2900202DE9F0410546084614461E46F1
S21401C660FFF764FF002D00F0818072076BD5286903
S21401C67000287DD04FF47A735843454BA0F57A6075
S21401C6809B68C01AFFF770FFA062A88B002872D0C3
S21401C6904FF47A7358433E4BA0F57A609B68C01AF4
S21401C6A0FFF762FFE0613B4BE9681F68002965D030
S21401C6B04FF47A735943364BA1F57A619A685B68F1
S21401C6C0891AC91A344BC8171A68DFF8D480A2FB36
S21401C6D0011302FB003311F1807143F10003490E8F
S21401C6E041EAC31180392D4B2162D3F8C43063620D
S21401C6F0D8F8003053B138460FF069FD30B1224604
S21401C700D8F800302249D7F8E40098470021A869F4
S21401C710FFF782FF6063A86898B34FF47A735843B3
S21401C720A0F5FA50FFF720FF6061286840B14FF48A
S21401C7307A72174B1B6803F51C53103302FB00304B
S21401C740FFF712FFA061B30710D5284600F06CF87A
S21401C75020636B69C3B10E4AD0684FF47A7202FB4C
S21401C7600300A0F5FA50FFF7FFFEE062BDE8F08196
S21401C77049F6404086E749F6404091E749F6404190
S21401C780A0E747F23050CDE747F23050EBE700BF65
S21401C790FC290020142700200C2A0020003F00B0AE
S21401C7A0F829002070B5064608461C460FF005FE1F
S21401C7B00546D6F8F00000F011F84368054A002B4C
S21401C7C0A8BF4FF4FA721A44034B601992FBF3F2B6
S21401C7D0104470BD0CFEFFFF18FCFFFF40B103685C
S21401C7E0012B05D90069034B002808BF184670477E
S21401C7F00048704744FC020028B1094881420CBF3A
S21401C8002F20BC207047074A536E506AC3F30111AC
S21401C8101B0C01FB033300F01F0001301844704766
S21401C82048E80100004001B8406840B14FF47A7210
S21401C830044B1B6803F51C53103302FB0030FFF753
S21401C84093BE00BFFC29002070B588B06D46124C1F
S21401C8500FCC0FC594E80F0085E80F00D822002101
S21401C8600E4806F08BF8B02200210D4806F086F837
S21401C870202200210B4806F081F80FF0CBFE0A4B70
S21401C8801B783BB16D46044E0FCD0FC695E80F00E1
S21401C89084E80F0008B070BDE03F00B0783E00B0FD
S21401C8A0503F00B0E04F00B04D2C0020064BD3F8AF
S21401C8B0EC0E064B5B6C1A0103D4054B9B6E1B04F6
S21401C8C001D500F580707047003000B0000002B856
S21401C8D0004000B810B511F040FB0E2104460320BD
S21401C8E0FEF724FD40F20122034B2046BDE810402E
S21401C8F0DA6211F02DBB00BF004000B8012370B50D
S21401C900074C2370074B1E68074B3240D3E9005390
S21401C91019402840FCF752F80023237070BD00BF71
S21401C920672C0020142A0020A80D0020024B18793D
S21401C930C0F3C000704700BFA80D002010B5044624
S21401C940FEF768FB00F0FCFE2046FDF72BF9FEF72C
S21401C950E9FAFDF7DBFFFEF751F8FFF719FE154977
S21401C9600723154AD1F8FC1004F58270FFF772FE12
S21401C9704FF080710020FEF725FA4FF000720F4B42
S21401C9804FF400110120C3F80021FEF71BFAFEF751
S21401C99077FD20B940F221121421FBF7A5F90FF01B
S21401C9A037FE0120FDF7ACFEBDE8104000200FF079
S21401C9B058BE00BF004F00B0A43F00B000D001B881
S21401C9C08023074A1364082340B11364054AD2F84A
S21401C9D0C43E23F02003C2F8C43E7047024AF4E77F
S21401C9E0001002B8003000B0002002B810B511F0F7
S21401C9F0B4FA012104460020FFF7E2FF044B196157
S21401CA00044B5B6898472046BDE8104011F0A0BA79
S21401CA10000002B8E42F0020F0B583B014460646A5
S21401CA20FFF75CFDFCF7A6F900285CD0584B5D6962
S21401CA3015F0060557D111F090FA23790095022BCF
S21401CA40054654D1237B022B32D00320FEF714F97E
S21401CA5020B9504BDB685B0440F19280A37B277BB7
S21401CA60003B18BF0123A2684B49012F01920B70AE
S21401CA707BD000F057FE0420FDF7F2FF0420444E61
S21401CA800223716F3A4621F0F85121F4F81141F072
S21401CA90506141F4803171670DEB0001FDF7FEFF37
S21401CAA00446B0B1012030223C493D4B0870DA649F
S21401CAB03C4E336898472128044604D101210020C2
S21401CAC0736898470024284611F042FA204603B0BE
S21401CAD0F0BD0320FDF7C4FF2846334A334B726787
S21401CAE01C7011F035FA0E24204603B0F0BD032069
S21401CAF0FEF7C2F8002843D12179D6F80C31012976
S21401CB0022682FD0D01A0027214B274A00905A6757
S21401CB109F67637B264823F04007002FC3F38013EB
S21401CB2003700CBF012300232249234A0B70D2F85D
S21401CB30C43E214A0CBF43F0200323F02003C2F871
S21401CB40C43E0320FDF78CFF114B1C4A03205A6795
S21401CB50694601232279FDF7A1FF98B10122134B03
S21401CB601A706FE79342CED8CCE72379022B80D098
S21401CB70009BD6F80C1100270B441344019378E769
S21401CB802846AEE7284611F0E3F92124ACE700BFBA
S21401CB9000C001B8000002B8662C0020692C0020F5
S21401CBA0001002B8E42F002000000101632C0020D1
S21401CBB0642C0020652C0020003000B0010C010020
S21401CBC0F7B50D460024074611F0C7F91E4B064679
S21401CBD020461C70FFF7F4FE1C4B1D4A5A679C67E3
S21401CBE06879431E58425841FBF7CCFE40F6014295
S21401CBF0164B9A672A792968012AD7F8143101D188
S21401CC00994200D3CC1A042303200DEB03010194AF
S21401CC10FDF744FF48B988220E4B30461A6411F0DE
S21401CC2097F92124204603B0F0BD0B4D2B68984799
S21401CC302128044604D1012100206B68984700246E
S21401CC40304611F085F9EDE7632C002000C001B8ED
S21401CC5000000101002002B8E42F002038B5164C70
S21401CC60054620784FF42072B0FA80F03E21400944
S21401CC70FBF73AF855B14FF44062104BD3F8043144
S21401CC80C3F3812323700E4BC3F8042160784FF45D
S21401CC902072B0FA80F03E214009FBF725F855B125
S21401CCA04FF44062054BD3F80831C3F38123637018
S21401CCB0034BC3F8082138BD602C0020004000B8A3
S21401CCC0006000B8A82238B51B4B1D6C03F5005355
S21401CCD01A6410229A60A3F5804302F100521A6783
S21401CCE05A6600F0A3FF154B1B7813B90320FDF716
S21401CCF0B7FE0024124B9C6700F0BEFF114A124B90
S21401CD00D2F8EC1E0B40C2F8EC3E04220F4B1A641C
S21401CD100F4BAA06C3F8CC4008D503F580735B6FAA
S21401CD20B3F5817F22BF8022034B1A61FCF72EFCEC
S21401CD300022084B1A7038BD000002B8632C002090
S21401CD4000C001B8003000B0DF0000FF002002B8CC
S21401CD50003E00B0622C00200D4A10B5D2F8A0307B
S21401CD60D2F8A4100B40B3F1804F0CD34FF04040E3
S21401CD700849094CC1F8A400D467C1F8A0004FF4D3
S21401CD808021064AD161034AC2F8A03010BD00BF17
S21401CD9000400050006000500000FF01001002B883
S21401CDA09E4B2DE9F04F9F6EDB6E87B01F409C4B6C
S21401CDB09F664FF03A43D3F81461D3F818311E40FA
S21401CDC0984BC3F81461984BD3F80822D3F80C3269
S21401CDD002EA0309954BC3F8089203F52043DA6982
S21401CDE01B6A02EA0308924B08F47702DA61914B58
S21401CDF0D3F80422D50605D4D3F8045115F010054E
S21401CE0000F0E58011F0A9F88B4B5A695D6E02F0CF
S21401CE10060ABAF1000218BF01221B6F01921D40DB
S21401CE20864A25F0007323F400636C07536606D523
S21401CE30834A92F88D300133DBB282F88D3011F0DF
S21401CE4087F8002F00F0E68017F4004300F0D18049
S21401CE5011F083F80146FFF729FD0446794BD3F814
S21401CE6000B0DBF80020DBF800309A42FBD0DBF89C
S21401CE7000209A42FBD0FFF719FDA04240F0A9809E
S21401CE80084611F065F8704B1C60704BD3F840B043
S21401CE901BF4E05A40F09F8024F07F4424F0DF0426
S21401CEA00CB9FFF70FFF4FF0807B0024B80713D5AE
S21401CEB0664A5F48126C02F460410164002900F082
S21401CEC0A080110400F1A080920440F1A0804FF0F0
S21401CED0006200244BEA020BC7F340377F005C4A2E
S21401CEE03240002A4BD016F4206F0AD040F2C952C5
S21401CEF006210020FAF7F8FE002000F019FF26F4BC
S21401CF008026F30506D5FF21494A4BF4C06B916094
S21401CF10FFF7E0FC16F0090F0BD040F2DE520821B5
S21401CF200020FAF7E1FE00F0F7FE4FF03A42012149
S21401CF30516316F0106F0CD040F2E7520921002021
S21401CF40FAF7D2FE00F0E8FE002211461046FCF782
S21401CF502BFF16F4202F0AD040F2EF5207210020B3
S21401CF60FAF7C2FE002000F0E3FE26F48026F00366
S21401CF7001D5FDF763F8002EB8BF47F00807710723
S21401CF800ED54FF03A42126B12F4005F4FF4005286
S21401CF9017BF24492F490A634BF4000B08BF0A63E5
S21401CFA0720548BF4BF0040B16F48023029300F081
S21401CFB0BB80FCF7FBFF013806284DD8DFE810F0F0
S21401CFC077017A0177017D01800183018301019553
S21401CFD037E7044645E7FFF775FE154B1BF480520D
S21401CFE0C3F840A007D11BF4806407D04FF0806BD4
S21401CFF05BE79B4659E74FF0804B56E74FF0805B67
S21401D00054E74FF0007264E74FF0004261E74FF0DB
S21401D01000525EE7BB463C4661E700BF004000B8F1
S21401D020006000B8002000BA004001B8006001B8F6
S21401D030002002B800E100E000C001B800E001B83D
S21401D040003E00B0ECFB0200102A0020000002B8EF
S21401D050090B0B89001000BA4FF4C46203210020AB
S21401D060FAF742FE4FF03A400121D0F88C20D0F872
S21401D070AC3002F00702063201FA02F2C3F30C0CDE
S21401D080A2EB0C0292B2072A12D9994A126C5302E9
S21401D0900ED4984BC26CC06E5B6D5BB102F007029A
S21401D0A006329140C0F30C00091A89B2092901D849
S21401D0B04BF4007B904A1278002A35D04FF03A4262
S21401D0C0D2F8142112F4A02F2ED18C4ADFF864A2D4
S21401D0D0127882B9EA040ED49AF800205AB1884828
S21401D0E0CBF3C002D0F8EC0E82F00102520020FA17
S21401D0F002F2930718D10420FDF7B2FC814A824858
S21401D100506700F00FFB9AF800204AB97F4A127860
S21401D11032B17F4A7F4912680BEA02020A4201D104
S21401D1204BF4804B25F48055B9F1000F2BD019F440
S21401D130805F18BF4BF4802B19F4807F18BF4BF427
S21401D140002B19F4005F18BF4BF0100B19F4007F89
S21401D15018BF4BF0200B19F4806F08D04FF4806194
S21401D1606D4A4BF0400BC2F80C12C2F8081219F4C3
S21401D170006F08D04FF40061674A4BF0800BC2F88D
S21401D1800C12C2F80812B8F1000F39D018F4802F2B
S21401D19018BF44F4007418F4803F18BF4BF4805B4A
S21401D1A018F4801F18BF4BF4003B18F4001F18BF7B
S21401D1B04BF0020B18F4003F18BF4BF4801B18F419
S21401D1C0800F18BF44F0100418F4002F18D04C4AF2
S21401D1D0D2F8C42E12F0C00F12D0454AD16801F021
S21401D1E03061B1F1407F05D1516CC80602D4926C12
S21401D1F011076BD54FF40021484A28F40028D16165
S21401D200002D00F04E812A051FD54548DFF8F4A011
S21401D21090F80390434AB9F1000F00F08D804FF467
S21401D220006309F1FF3953665FFA89F2C2703AB9B1
S21401D2303D4A1278002A4CD040F601413B4A5167DC
S21401D24000210A464BEA010B1443AB0009D52E20F8
S21401D250FDF738FB4FF00051324A44F008041167DD
S21401D2605166E80608D52B20FDF72CFB10212D4A28
S21401D27044F400141167516615F0306F40F0A48035
S21401D280E90440F1FB80019B002B40F0DD8024493E
S21401D2900A79002A00F04081013AD2B20A7112B925
S21401D2A0224A2349516700224BEA020BE6E04BF47F
S21401D2B0803BD7E64BF4006BD4E64BF4806BD1E6AB
S21401D2C04BF4807BCEE64BF0080BCBE64BF4001B11
S21401D2D096E7DAF8782012F4A05F15BF4FF4807253
S21401D2E040F60142CAF85820CAF87820A8E700BFDD
S21401D2F0000002B8004000B8692C0020682C00200D
S21401D300003000B000C001B800000101642C00200C
S21401D310A80D0020088D0100006001B8002002B8A9
S21401D320522C002000E001B8632C002000D001B888
S21401D3300000010D652C00200320FDF791FB4FF442
S21401D3400060994A5066DAF8140010F0060026D0FC
S21401D3504846FDF7BFFCDAF86400DAF87010924A26
S21401D360014011F0100F1FD010212D2011675166BA
S21401D370FDF7A8FA4FF400198C488D49B0F88A20B9
S21401D38012F4006F1CD022F40062A0F88A200A78FA
S21401D39002F0FF015AB14FF400414A4652E741F606
S21401D3A01F735367CAF878004FF00009E4E703914A
S21401D3B0FDF714FDFFF786FC039949F0200241E7CB
S21401D3C00A784FF40051E8E72A0117D52920FDF71E
S21401D3D079FA784A7849D26802F48049C2F38032F1
S21401D3E00A70FFF7A3FA38B1744A6F4974484A665F
S21401D3F00267B9F1000F1AD144F00404AB0123D53A
S21401D4000420FDF72DFB2720FDF75CFAFFF75AFCF9
S21401D4104FF00071644A51666A4AD2F8EC1E49061A
S21401D42074D4694A0221916044F0020423E00A6739
S21401D43020204A66FDF746FA44F400142D2044F0F5
S21401D4400C04FDF73FFAD9E715F0807FDFF87C91F1
S21401D45047D00420FDF704FB2820FDF733FAD9F85E
S21401D4607820002A39D1FFF72DFC4F4A534944F062
S21401D4700104116751660021544A91652A0405D5B5
S21401D480534A126890474BEA000B0C436B0508D5CC
S21401D49050498A78002A00F08180013A8A70002279
S21401D4A017433A4658462146FFF728FA029B0BB126
S21401D4B0FCF7B2FD0122484B06F00436C3F81461AE
S21401D4C0464B18F4002FC3F884211EBF4FF40022E8
S21401D4D03D4BDA6107B0BDE8F08F0022C9F878202D
S21401D4E0C3E7E804C7D50420FDF7BAFA3C4AC9F8F1
S21401D4F07420FDF773FCD9F8642012F0407FBAD18E
S21401D5002A20FDF7DFF9FFF7DDFB85E7D2F8C42E09
S21401D510930689D4334A85E70420FDF7A1FA032050
S21401D520FDF79EFA294A2E49516710F016FD8146ED
S21401D5300DF11700FDF76AFF2B4A824612780AB1F1
S21401D540FFF7C8F9BAF1030F0ED1DFF868A0002083
S21401D550FDF75CFF032807D1DAF82820D007F6D4B8
S21401D560DAF84420D103F2D49DF81720032A06D115
S21401D57001211E4A4846117010F0EAFC93E64FF06E
S21401D5803A42D2F8142112F4A02FF1D100F0CAF8D1
S21401D590484610F0DDFC4FF4804285E60220FDF798
S21401D5A05FFA01227CE700BF00E001B8003E00B050
S21401D5B0632C0020000002B8622C0020100000201E
S21401D5C000D001B8003000B0002002B800C001B899
S21401D5D0F82F0020522C0020002000BA00E100E0C5
S21401D5E000000101001002B8662C0020682C002003
S21401D5F00122024B1A62DA61704700BF002002B8AE
S21401D600094A08B5D369116A0B40084923F47F001B
S21401D610DB07C86106D5D1684FF0FF30C1F303615F
S21401D6200FF001F808BD00BF000002B8002002B8E4
S21401D6300C4A08B5536C926C13400B4A5364DB07D3
S21401D6400FD50A4B40F67A021878122100F0010035
S21401D650FAF74AFBBDE80840002201200021FFF747
S21401D6604DB908BD00C000B800E000B8A80D002004
S21401D67038B50B4C0B4DD4F88430DB0706D4A36FBA
S21401D680D4F884201340084A936738BDD5F804318E
S21401D6901A06F0D500F0C0FE8023C5F88431EAE70B
S21401D6A0008001B800E100E000A001B808B510F064
S21401D6B054FC0E4B1A78A2B90D4A126812F4843F34
S21401D6C00FD10C4A1021D1641B7863B9084B1B6833
S21401D6D0DB0508D4074B2022DA64BDE8084010F0C9
S21401D6E037BC054AEEE7044BF5E700BF692C00207E
S21401D6F0A80D0020002002B8001002B810B510F0E6
S21401D7002CFC0E2104460320FDF710FE40F20122F8
S21401D710034B2046BDE81040DA6210F019BC00BF8A
S21401D720004000B80022044B1A70044B197811B15E
S21401D7301A70FFF7BBBF7047682C0020692C0020C9
S21401D74038B510F00AFC4FF00043244C0546C4F8E7
S21401D7508030BFF34F8FBFF36F8F0123C4F884303F
S21401D760BFF34F8FBFF36F8F0223C4F88430BFF32C
S21401D7704F8FBFF36F8F0423C4F88430BFF34F8FEE
S21401D780BFF36F8F0823C4F88430BFF34F8FBFF306
S21401D7906F8FFEF735FB1023C4F88430BFF34F8F2D
S21401D7A0BFF36F8F2023C4F88430BFF34F8FBFF3CE
S21401D7B06F8F4023C4F88430BFF34F8FBFF36F8F52
S21401D7C04FF48063C4F88430BFF34F8FBFF36F8F7D
S21401D7D02846BDE8384010F0BBBB00BF00E100E0C2
S21401D7E038B510F0BAFB05464FF000430A4C2360EB
S21401D7F0012363600423636008236360FEF7F8FA7D
S21401D8001023636020236360402363602846BDE8DD
S21401D810384010F09DBB00BF00E100E02DE9F04765
S21401D820DDF820A003EA0108099B06460D4602EA38
S21401D830000703EA0A09BAF1000F40F06C81031FE2
S21401D8400B4300F02C81052871F1000380F0028162
S21401D85050EA010300F0D781431E0B4300F04281DA
S21401D860FFF76EFFC04AD2E9004323EA050324EA24
S21401D87006043C4343EA0807BC4BC2E900471E685E
S21401D88026EA0A0646EA09061E60FFF70FFF14F0AD
S21401D8902A4F0CBF4FF4004348F20203B44AB507BF
S21401D8A0D26EB44848BF43F4005383EA020122EA29
S21401D8B00302C266B04A0B408166D366C4F3804257
S21401D8C01203200348BF42F48072E10648BF42F4C7
S21401D8D00052AA49A30648BF42F4007214F0400F52
S21401D8E0D1F88830A64800F035815D0506D44FF49E
S21401D8F080652B43C0F80852C1F8883014F0800FB9
S21401D900D1F888309E4800F061811D0506D44FF499
S21401D91000652B43C0F80852C1F88830994B9848E7
S21401D920D3F80C3217F4007F82EA030123EA0203DC
S21401D930C0F80C32944B02EA0102C0F80812C3F890
S21401D9400C228E4B07F4007200F0498101224FF43D
S21401D950802583F88420E30448BF45F48035A0037E
S21401D96048BF45F48015A10748BF45F4001514F4D7
S21401D970001FDFF8508206D0D8F800000EF06FFEC8
S21401D98008B945F40025E20248BF45F40035FB0618
S21401D9907E4B48BF45F480051A6A7D4985EA020335
S21401D9A023F001031A400A621D40CB61794B16F041
S21401D9B0010F1D62784B794A08BF1A46784B7D07DE
S21401D9C01B6F48BF42F00062764882EA030123EAF1
S21401D9D002030367744B0A4041661A67734A04F0F0
S21401D9E00103916CA0F5803081EA030221EA03016C
S21401D9F0816442641A406E4B20029A64D8F8002073
S21401DA0048BF6C4B92F8022158BF6B4B610748BF69
S21401DA1043F4806322B114F4C06F18BF43F48073DB
S21401DA2032074FF03A42BDE8F047D2F8181148BF26
S21401DA3043F0004383EA010222F4A0225F4811402A
S21401DA40C0F818111340C0F814215D4AC2F8183105
S21401DA50FFF7C6BEA0F580630B4306D020F48063B3
S21401DA60A3F500730B437FF4FBAE10F076FA3E4944
S21401DA70D1E9003223EA060322EA050242EA080255
S21401DA803B43C1E900324F4A126892F802114B4AF1
S21401DA9009B313F4C06F1ED04FF4807311E010F079
S21401DAA05CFA314AD2E9003123F004033B4341EAF0
S21401DAB0080157EA0807C2E900314FF480633F4A7C
S21401DAC00BD0C2F81431A2F58052C2F81831BDE865
S21401DAD0F04710F03DBA4FF48073C2F81831C2F81F
S21401DAE01431F4E710F039FA1F4AD2E9003123F075
S21401DAF001033B4341EA0801C2E900310123324AEE
S21401DB0057EA08071BBF5364A2F5805293649364D7
S21401DB1008BF5364DBE750EA01037FF4A1AEBAF114
S21401DB20010F7FF49DAE10F018FA104A136823F027
S21401DB30010343EA090313604FF48063194AB9F1FC
S21401DB40000F04D05366A2F580521367BFE7136730
S21401DB505366BCE723F48063C1F888304FF48063D2
S21401DB60C0F80832CAE600BFA80D0020142A00201B
S21401DB70004000B8006000B8005000B8003F00B098
S21401DB80006001B8004001B8005001B8000002B8BA
S21401DB90002002B8001002B804180003041C000399
S21401DBA000C001B800E001B800D001B800C000B85C
S21401DBB000D000B80D0A0A09090A0A09002000BAAD
S21401DBC0001000BA1427002000E000B823F4006318
S21401DBD0C1F888304FF40063C0F808329EE693F827
S21401DBE0841071B183F88420084BD3F8A41003F590
S21401DBF00053C3F8A410C3F8A0104FF05023C3F885
S21401DC00A4200025A7E6BDE8F08700BF004000502D
S21401DC10024B186800F00100704700BFA80D0020F5
S21401DC20014B5879C0097047A80D00200A4B197896
S21401DC3001F0FF0229B10021197008499202C1F8CA
S21401DC400421597801F0FF0229B10021597093028D
S21401DC50024AC2F808317047602C0020005000B814
S21401DC604FF40062034B1A644FF40042A3F5E0330D
S21401DC709A667047001002B8F8B5084C084D236C38
S21401DC800423084F2B64236C5B0300D4F8BD0426E1
S21401DC9002203E640EF06EFB2E64F4E7000002B82C
S21401DCA0001002B8002002B838B5044671B940B178
S21401DCB0154BDB6813F0606F04D04FF4C062134B52
S21401DCC0DA6238BD124B1B6CD907F6D4FFF716FD86
S21401DCD00D4D0020FDF79AFB032801D0092805D138
S21401DCE0AB6ADA07F5D46B6CDB03F2D4FFF7C4FF3B
S21401DCF00122084B5A6102229A62042203F58053DC
S21401DD001A64002CDDD0D8E7000002B8006001B824
S21401DD1000C002B8001002B808B503210920FDF7BB
S21401DD2005FB2022014B1A6108BD00BF000002B8A6
S21401DD3038B5054610F011F90E4B04461868FCF785
S21401DD405FF835B1FFF7EEFC2046BDE8384010F02D
S21401DD50FFB8094B1B78002BF6D0084B1D78002D19
S21401DD60F2D1FFF7DFFC2A464FF480400021FEF790
S21401DD70C5FDE9E714270020682C0020672C002049
S21401DD802DE9F84F5A4B07460E4615461C6C002ADD
S21401DD9040F0A98004F0A004003C18BF0124FBF762
S21401DDA0F5FBA0234FF0000A524A03201364FCF748
S21401DDB057FE0420FCF754FEDFF87081FFF7B2FC33
S21401DDC04D4B4FF0040BC8F87430C8F878A0FFF735
S21401DDD053FF4A4B474AD3F8C41EDFF8149141F06B
S21401DDE02001C3F8C41EFF2191604FF48071C9F869
S21401DDF01010D3F8EC1E42480840C3F8EC0EC2F8E7
S21401DE0040B0C3F8CCAED8F8143013F0060F04D0E7
S21401DE10FCF7E4FF5846FCF723FE0CB1FFF720FFA2
S21401DE2047B1FFF76BFCFFF777FF0420FCF718FEFE
S21401DE30FFF7FCFED9F81430D90752D52C4AD3681F
S21401DE4013F0706FFBD12B4B2E4A1A642E4A536E79
S21401DE5023F0F003536616B12846FFF769FF2B4BF4
S21401DE60D3F84C315A1C05D05B0003D4284B1B78E1
S21401DE70012B3AD801221F4B5A61002D31D0254B78
S21401DE802149DA6E03F500539A6603F5D0331B6A0F
S21401DE90184A23F00103D3611F4BD1F88800D3F849
S21401DEA00C321E490343C1F808321D4BC1F80C025F
S21401DEB0D3F8841003F5005399674FF03A43D3F82B
S21401DEC0181103F50053C3F81411164B996C03F59A
S21401DED000535964144903F5803359664FF60843D5
S21401DEE01364BDE8F88F002459E7082BC5D1C1E7B4
S21401DEF0000002B8002002B800000101003000B0A6
S21401DF00DF0000FF10003000003F00B00080E00F8F
S21401DF1005310020004000B8004001B8006001B89B
S21401DF20008001B800C000B85000002F00C001B842
S21401DF3038B514460D4610F010F8064BD3F8C42E2B
S21401DF4054402C405440C3F8C44EBDE838400FF04E
S21401DF50FFBF00BF003000B0034BD3F8C43E994367
S21401DF600CBF012000207047003000B0214B10B4D8
S21401DF70D3F8C43E13F0010422D01F4B93F8484057
S21401DF801E4B44F08072C3F8CC204FF480121C491B
S21401DF90C1F8B420A1F58051C1F8B820D3F80C31EE
S21401DFA03C21DBB2A3F1FF02504250419C4288BFA4
S21401DFB040F001004FF4AB625DF8044BF9F794BEF4
S21401DFC01A06DDD40F4A92F8471121B1D90602D5B7
S21401DFD092F84441D4E74FF480120020084B0749D9
S21401DFE0C3F8B8205DF8044BC1F8CC00C3F8B420E0
S21401DFF0704700BF003000B0003F00B0004000B8DE
S21401E000006000B8003E00B070B5164E0328044606
S21401E0100D4633781ED023FA04F202F0010295422F
S21401E0201DD053B10122A240A54023EA02032B438F
S21401E030DBB233704BB1012070BD2DB10A4B01200C
S21401E0401B6898473378EDE73570074B00201B684F
S21401E0509847F0E79A07DED003F0FC03E9E70020D3
S21401E06070BD00BF6B2C0020502A0020F8B5054675
S21401E0700C460FF072FF104F06463B7833B1012D68
S21401E08004D01CB90D480FF0FBFC3C702146284615
S21401E090FFF7BAFF0A4B04461B783BB93B782BB90E
S21401E0A00EF008F810B1074B1B68984730460FF082
S21401E0B04FFF2046F8BD00BF6C2C0020282A002008
S21401E0C06B2C0020E42F0020054A0B46117831B155
S21401E0D000211170034A01215268187810477047D1
S21401E0E06C2C0020E42F002038B5074D04462B7811
S21401E0F0834207D0FAF762FE20462C70BDE838400E
S21401E100E9F776BE38BD00BF6A2C002038B5044654
S21401E11080B10FF022FF0121044608460FF0F6F801
S21401E12001210B4A084603F0DAFD2046BDE83840D7
S21401E1300FF00EBF0FF011FF0546214601200FF02C
S21401E140E5F801202146024A03F0C9FD2846EDE71D
S21401E15077EE02001B4B022910B5187002D0032976
S21401E16004D010BD184B1B78002BFAD1F9F758FBD9
S21401E1700028F6D04FF00052144BC3F88020BFF3AE
S21401E1804F8FBFF36F8FFAF7F5FD0028E9D0FAF746
S21401E190A3FD0028E5D10E4B1C6834B123689847CF
S21401E1A0BDE810400020FAF7FDBD0DF0D9FC094B83
S21401E1B0186010F0D0F9084B18602046FAF7E2FD17
S21401E1C0EEE700BF0C3100206A2C002000E100E0E1
S21401E1D0642900204C2A0020482A002038B504462D
S21401E1E00D46F9F71DFB80B14FF00052124B1A6035
S21401E1F0FAF7C0FD48B9012D07D80120FAF7D2FD7C
S21401E2000E4B1B6823B15B6898470D4B1C7038BDDD
S21401E21010F0A1F90B4B1A68801A18600FF0DCFC9D
S21401E2204FF47A72084B1B6802FB00300DF09AFC23
S21401E2300120FAF7A7FDE8E700E100E064290020E5
S21401E2400C310020482A00204C2A0020F0B585B069
S21401E2500FF083FE334D04462B7823B132480FF07E
S21401E2600FFC002847D10FF095FC02AA03A90DF078
S21401E2700BFF0346002837D00DF01AFF029B984289
S21401E2801BD10020294B03991B68294E99423070F7
S21401E2901FD90027C91A012323482B70254A334664
S21401E2A00197009710F007F968BB234A1378D9073E
S21401E2B001D5317861B3204611E00DF0F7FE029BDF
S21401E2C098421ED0002318461849194A0968137047
S21401E2D003910121FFF798FE002320462B700FF0D3
S21401E2E037FE002005B0F0BD20462B700FF030FE43
S21401E2F0212005B0F0BD20460FF02AFE0E2005B005
S21401E300F0BD0220BEE7032320462F703370F3E7EB
S21401E31003F0FE031370002BCDD1084B1B68984702
S21401E3202046DCE76C2C0020282A0020402900200B
S21401E3300B310020C9E001006B2C0020502A002080
S21401E340144B10B55B6F144903F44073B3F5007FAB
S21401E35004BF0222114B124808BF1A600022114B5B
S21401E360114C1A70114B124A1A60124A5A60E9F798
S21401E370E3FC11491148E9F7DFFC114B80202360CB
S21401E380E5F7C4FD052804BF0E4B2360E9F73CFE04
S21401E390002010BD0040005054FC0200402900201F
S21401E3A0182A00206C2C0020502A0020E42F002080
S21401E3B04DE201006DE001005CFC0200202A002015
S21401E3C0E9E001000DE1010070B5FCF79FFC044691
S21401E3D00D46094ED6F8F433DB060BD5FCF796FC52
S21401E3E002460B4620462946FCF728FB652871F1B4
S21401E3F00001EFD370BD00BF000002B80222054B3A
S21401E4001A64A3F500535B68DBB20BB9FFF7DCBFF8
S21401E410704700BF00A002B80C4B10B51C6C5A6CBC
S21401E42014400B4A24F002011164E20705D540F2BC
S21401E430BD1200201968F9F757FCA30704D5BDE8FB
S21401E44010400248FFF7DABF10BD00BF008002B8D7
S21401E45000A002B82DE9F84F0E46884656F8041B70
S21401E46005461446002032461F460EF0FCF8D8F842
S21401E470008040460EF0F8F830B195B9416819B100
S21401E4804FEA18630D683DB90F213B4622464046C8
S21401E4900EF002F90D4617E04A799A4201D008318A
S21401E4A0F0E7DFF83890DFF83880D9F800B0D8F810
S21401E4B000A03046C9F80040C8F80070A8470025FB
S21401E4C0C9F800B0C8F800A02246012052F8041B83
S21401E4D00EF0C9F82846BDE8F88F00BF582A00207C
S21401E4E0542A002070B50C4B04020D4604F4E06477
S21401E4F0C0F307211B680C43084A04349C42126887
S21401E50007D91D210EF0C8F80022134610462B60CD
S21401E51070BD1060043BF9E7542A0020582A0020F9
S21401E520094A10B5116851B9B0F5006F09D2041D3A
S21401E5302046E9F7E3FA08B9044B1C6010BD122027
S21401E540FCE72120FAE700BF642A0020602A0020A9
S21401E55010B5054C206818B10FF064FF0023236046
S21401E5600022024B1A6010BD642A0020602A002097
S21401E57038B5044608680D460EF03DF950B9094B0A
S21401E5801B6800202A68C4E900531A60064B1B6802
S21401E590A36038BD2028FCD1044B1B68002BF0D1AA
S21401E5A00920F6E7642A0020602A00205C2A002061
S21401E5B02DE9F84F1D460C6816464FEA042AC4F3A7
S21401E5C007230AF4E06A4AEA030A1F4B0AEB050B23
S21401E5D01B680BF104029A420746DDF828802DD805
S21401E5E00123F20093409D4228D215B1B8F1000FE5
S21401E5F027D03846FFF7BCFF8146E0B924F47F44B4
S21401E60024F0C70444EA1B244FEA0B2B7B681FFA4D
S21401E6108BFB44EA0B0443F8044B53442DB11846D4
S21401E6202A46414604F0D1F90346012E0CBF03F8F1
S21401E630015C23F8025C4846BDE8F88F4FF01D09DF
S21401E640F9E74FF02209F6E7602A002038B50446BC
S21401E650054B00681D684068D4E901231146A847A8
S21401E6606368988838BD00BF0430002010B5044C9C
S21401E67023781BB90DF0F6FF0123237010BD00BFF0
S21401E6806D2C0020F7B50F461546064610B9222018
S21401E69003B0F0BD00230360002AF8D00F4C2268B7
S21401E6A092B91821012001AB0192E9F72FFA00284F
S21401E6B0EED1019B1F702A691D615A606A699A60D2
S21401E6C02360019B3360E3E723681A78BA4203D0DC
S21401E6D05A6903F11404E3E72E20D9E7682A0020DB
S21401E6E0044A0346106810B102789A4200D1704776
S21401E6F04069F8E7682A0020014B1868704700BF98
S21401E700682A0020094A5168C84390FAA0F048B127
S21401E710B0FA80F0042805DC012383400B435360E4
S21401E72040B270474FF0FF30704700BF942A002078
S21401E7300021034B28220348C3E9001104F01EB947
S21401E740942A00206C2A002038B50546FFF7DAFF28
S21401E75004460448294600EBC4000EF0BCF82046E7
S21401E76038BD00BF6C2A0020C3B2042B10B513D8E5
S21401E7700A4A02EBC00252E8003F0B4342E800346B
S21401E780002CF8D101220649824051E8003F13438C
S21401E79041E800300028F8D110BD00BF702A0020E3
S21401E7A0942A0020F7B501270026184A1849194D62
S21401E7B0106800B30B7807FA03F420421DD0E0433B
S21401E7C052E8004F044042E8004CBCF1000FF7D17C
S21401E7D005EBC303043353E8000F43E80064002C41
S21401E7E0F9D1019048B1087801AA0B4905EBC000A0
S21401E7F00EF0A9F8012003B0F0BD0B7850688342F3
S21401E8002EBF00230133DBB20B70D1E7942A002020
S21401E8106E2C00206C2A002078563412024B1868A1
S21401E820003818BF01207047942A00202DE9F041D6
S21401E830194D06462B680C4613B90020BDE8F08139
S21401E8400FF094FB2F680FB32A680125D2E90478EC
S21401E8500FF087FB002DF0D057EA080319D056EACF
S21401E86004030CD10D4DD5E9006456EA040306D124
S21401E8700B4B1B68984706460C46C5E90001BE428D
S21401E88074EB08042CBF01200020D7E7B8463D46AC
S21401E890DEE70120D2E700BFAC2A0020B00D002041
S21401E8A0A42A0020F7B54FF0FF34274605460E464A
S21401E8B00FF05CFB1A4B1B6883B90FF052FBB7F1E4
S21401E8C0FF3F08BFB4F1FF3F04D054EA070315D158
S21401E8D0002427462046394603B0F0BD5969DA6858
S21401E8E0019119695B685218019941F10001A24230
S21401E8F071EB070C3CBF14460F46DDE755EA0603ED
S21401E90004D1084B1B68984705460E46AC4277EB88
S21401E9100603DDD3651B67EB06062C463746D9E7AB
S21401E920AC2A0020A42A00202DE9F74FDDF840A0EC
S21401E9300E46DDE90C7815469DF83CB008B1016835
S21401E94091B9BAF1000F07D029463046D04740F2B8
S21401E950034003B0BDE8F08F002DF8D0002EF6DBA3
S21401E960284604F08CFDF2E701900FF0FFFA81468D
S21401E9705846ECF7D3FD044648460FF0F2FA019AE2
S21401E9809CB9BAF1000F08D029463046D04703207B
S21401E9903146ECF745FD1A20DBE7002DF7D0002EB7
S21401E9A0F5DB284604F06BFDF1E70E9BC4E906781B
S21401E9B0E3600023636057EA0803A66025622260CD
S21401E9C084F824B0C4F828A001D10E9B33B1184BAB
S21401E9D01B689847C019074648EB01080FF0C6FAAE
S21401E9E0002205461349C4E904780B682BB1D3E924
S21401E9F004AB574578EB0B0011D2A2B90B680C603B
S21401EA0063600D4B1C682CB1094B1B689847FFF7D8
S21401EA1049FFA04728460FF0A4FA002099E7586856
S21401EA201A460346E2E7536863605460E9E700BFAD
S21401EA30A42A0020AC2A00209C2A00202DE9F74FAA
S21401EA404FF0000881460D4692461E460FF08EFA9C
S21401EA504746DFF874B00190DBF8004084B9B8F19E
S21401EA60000F07D0174B1C6824B100200021FFF7C8
S21401EA7019FFA047019803B0BDE8F04F0FF071BA37
S21401EA8022684A4511D12DB1A268296822F00042B8
S21401EA908A420AD126B9626857B9CBF8002008E045
S21401EAA05146206AB0470028F5D027466468D5E766
S21401EAB07A60D4F8048020460DF0B9FE44464FF043
S21401EAC00108CBE79C2A0020AC2A0020014B1860E5
S21401EAD0704700BF9C2A002070B50E4609490446BF
S21401EAE00846154602F0B5FE0023074A302113609A
S21401EAF0064A05201660064A15602246BDE87040A3
S21401EB00ECF79EBC102C0300AC2A0020A42A00209F
S21401EB10A02A002070B50446164618460022002397
S21401EB2086B0CDE904230B4B0D461B6813B9212093
S21401EB3006B070BD04A998470028F8D1DDE9042382
S21401EB400290CDE900232946324620460DF0A9FE63
S21401EB50EEE700BFA02A0020F8B5054610200F46B4
S21401EB601646ECF745FD044601461022074802F01A
S21401EB7075FE44B101230020E3602B68C4E90176E9
S21401EB8023602C60F8BD1A20FCE700BF102C0300A0
S21401EB9000200021014BC3E900017047B00D0020A1
S21401EBA02DE9F04706460D464FF0000950EA0103ED
S21401EBB018BF2B4BDFF8B48018BFC3E90001294FFB
S21401EBC030462946FFF732FEC0B9B9F1000F45D0ED
S21401EBD00FF0CCF9002104460020FFF763FEB1F1E7
S21401EBE0FF3F08BFB0F1FF3F03D01F4B1B6803B1C7
S21401EBF098472046BDE8F0470FF0B3B90FF0B6F9D5
S21401EC00D8F8004014B16368C8F800300FF0A9F9CD
S21401EC103C60002CD4D0A36833F0004307D1386899
S21401EC200DF005FE00234FF001093B60C8E723689D
S21401EC30002BF4D018680028F1D0A26832F0004307
S21401EC40EDD0D0E9009A236A21688068D047002871
S21401EC50E5D1B9F1000FE2D04846EEE7BDE8F0870E
S21401EC60B00D0020A82A00209C2A0020AC2A0020F3
S21401EC70F8B504460D460FF079F9094B1B684BB100
S21401EC80D3E90667C4E90067DB682B60BDE8F84096
S21401EC900FF067B900260027C4E90067F5E700BF53
S21401ECA0A82A002010B5064C237823B9E2F76AFBA0
S21401ECB018B901232370002010BD40F20740FBE77E
S21401ECC06F2C002038B50A4B05461B780C463BB91D
S21401ECD008490948FFF7E6FF10B140F2074038BD82
S21401ECE02946204600F0CAFC0028F8D0F5E700BF08
S21401ECF06F2C0020EFBEADDEBEBAFECA2DE9F04392
S21401ED001D4600239DB00F46DDE9258901461646BE
S21401ED1006A82022019309F08FFC06A920222E487E
S21401ED2002AB0DF038FE0446202106A809F08EFC41
S21401ED30002C39D101A902A8F3F702F8044698BBC2
S21401ED40264B10220E93652339460DF13D008DF8B2
S21401ED503C3009F071FC102231460DF14D0009F0EE
S21401ED606BFC2A4601250DF15E010DF15D000DF0EB
S21401ED7003FE249A0DF1650119A80DF0FDFD4B4621
S21401ED80352201980EA98DF86C408DF86B50F3F77B
S21401ED9021F8044640B94346352201980EA98DF85C
S21401EDA03850F3F717F80446102102A809F04EFC74
S21401EDB03CB11021484609F049FC1021404609F0B3
S21401EDC045FC019809F089FB0EA8352109F03EFCA7
S21401EDD020461DB0BDE8F083252C03000062746C4C
S21401EDE0704708B5ECF72CFDBDE80840ECF76EBDA2
S21401EDF0F8F70EBBF8F7BCB9002303600E20704786
S21401EE00704707B521F07F4141F07D410B0A8DF82F
S21401EE100230FD238DF80110090C8DF800208DF8C5
S21401EE2003108DF8043005226B461B21F3F772FCA4
S21401EE3003B05DF804FB70470F20704710B5044619
S21401EE4008B1E1F7D1FF2046BDE810400FF0EEBA59
S21401EE5000F4E040B0F5805F04D0A0F500535842BE
S21401EE6058417047012070473AB1002918BF002366
S21401EE702121D21A184403F081BD704741F20523BF
S21401EE8098421AD8B0F5905F09D241F20103984230
S21401EE900CD0B0F5885F09D06FF085007047292344
S21401EEA0A0F5905080B2C340DB07F5D511F0070FEF
S21401EEB014BF6FF0860000207047B0F5105FEBD1ED
S21401EEC021F04003802B06D0B1F5807F14BF6FF090
S21401EED08600002070470020704770B5046A05461A
S21401EEE00E463CB9012002F017FE286228B12046E2
S21401EEF06E6270BD6FF08A00FBE76FF08C00F8E77A
S21401EF00F8B50F46114606461546FFF7E6FF0446D6
S21401EF1020B92A463946306A03F057FD2046F8BD27
S21401EF202DE9F041089E88461F460488FAB120461E
S21401EF30FFF78EFFD8B1316809B9D100316020469C
S21401EF40FFF79CFF044678B9CD1DB2EBD50F11D162
S21401EF50069B9A4211D84146384603F036FD33687F
S21401EF60079A0733DB0813602046BDE8F0816FF08F
S21401EF708504F9E76FF08604F6E76FF08904F3E796
S21401EF802DE9F04F9B46002389B08DF81B30159B69
S21401EF909146DDE912A7002B0E460B460CBF4FF437
S21401EFA000624FF4806207A9DDF85080E2F7B2F8FC
S21401EFB00446E8B9079D304629880DF11B02E2F7A1
S21401EFC047F80446A0B99DF81B30BB4222D8D5E9C4
S21401EFD008126868000A20D1CDE90338284633466E
S21401EFE0CDE901BACDF80090E6F7A8FD044608B1D0
S21401EFF0C8F800703A4621465046D8F80030FFF768
S21401F00033FF079800F0E0FC002C18BF204609B03B
S21401F010BDE8F08F6FF08904EAE76FF08604E7E752
S21401F02010B50446006A10B1616AFFF707FF0020B9
S21401F030C4E9080010BD38B50446FFF7F1FF237E8A
S21401F040012B0FD0023B012B0FD8E369012B14BF14
S21401F0506FF09605002528220021204603F08EFC3D
S21401F060284638BDE369002BF1E76FF09605F2E715
S21401F07013B50446C0B101A9E2F756FA044698B999
S21401F080019B1A7E022A12D103221A761A79FF2AC6
S21401F09010D01AB1586900F0ADFC0446019800F092
S21401F0A07EFC002818BF0446204602B010BD6FF053
S21401F0B09604F3E76FF08404F0E773B50546084657
S21401F0C00C4600F0CCFB002328461A4601A9E2F7BD
S21401F0D021F850B9019E35460FCD0FC495E80300BF
S21401F0E084E80300304600F06FFC02B070BD70B5D6
S21401F0F0144602881D461046049EFFF7A9FE68B90D
S21401F10044F2010322F44050984207D002F44F42E1
S21401F110B2F5824F02D0B2F5844F0ED1B4420FD869
S21401F1202246284603F051FC0021321B281903F021
S21401F13025FC0020059B1C6070BD6FF08500FBE779
S21401F1406FF08900F8E72DE9FF4188461F4616460D
S21401F1500AB3002301223B6003A9E1F7DBFF044663
S21401F16090B9039D6B68D5E908121B0A10D1434676
S21401F1702846CDE90067FFF7BAFF0446284600F0A7
S21401F18023FC002C08BF0446204604B0BDE8F081ED
S21401F1906FF08604F2E76FF08904F5E770B5144660
S21401F1A00288049D02F4E040B0F5804F1CD144F281
S21401F1B0010022F44056864207D002F44F42B2F5CF
S21401F1C0824F02D0B2F5844F0ED1AC420FD818460A
S21401F1D0224603F0FAFB00212A1B204403F0CEFB53
S21401F1E00020059B1C6070BD6FF08500FBE76FF08B
S21401F1F08900F8E7F0B50F461E46154685B0FAB108
S21401F200002303A91A463360E1F784FF044688B950
S21401F210039803885B0410D5CDE900563B46D0E938
S21401F220081200F07CFB0446039800F0CDFB002C8E
S21401F23008BF0446204605B0F0BD6FF08604F3E72C
S21401F2406FF08904F6E72DE9F3410C4619460023D1
S21401F25066680B6030461746D4F8148000F0B6FB9B
S21401F260054688B9304600F0B3FB054660B9F6B2EC
S21401F27076B9B8F1000F05D1A06820F47F4020F0E0
S21401F280030060B16FF08605284602B0BDE8F08144
S21401F2900146606900F072FB0028EDD1F2E74FF6F7
S21401F2A0F87362889A4219D894F80480B8F1000F6E
S21401F2B000D101A83946E2F7F7F805460028E3D160
S21401F2C00FCC3F683E460FC694E8030086E803006D
S21401F2D0B8F1000FD8D1019B7B61D5E76FF08505AA
S21401F2E0D2E738B50379044615464BB96369002061
S21401F2F02B60237E012B0AD028606FF0960005E074
S21401F300D0E9081200F091FB0028EFD038BD0223A7
S21401F3102376FBE708B1FFF78EBE70472DE9F04F65
S21401F320054600208BB088461F461446CDE90700E7
S21401F3301860002A6AD0B2F1005F6AD207AA29468D
S21401F34008ABFFF780FF024670B90798436A93B18E
S21401F350079EB14672687388120A099359F824AF5A
S21401F360336A12D06FF08602DDE907010592FFF7D6
S21401F370D1FF059A40E06B681B0AF3D12146FFF7DF
S21401F380ACFD02460028E3D0EEE70DF1240B224641
S21401F39041463046CDE9019BCDF800A00593E6F73E
S21401F3A017FB10F1860F0246059B09D122464146FE
S21401F3B03046CDE9019BCDF800A0FFF7B1FD02462E
S21401F3C0002AD1D10798099B4288CAB943804FF6D3
S21401F3D0F872934217D82B8813B102889A42C1D18A
S21401F3E06B8813B142889A42BCD13A460899FFF716
S21401F3F078FF02460028B7D110460BB0BDE8F08F63
S21401F4009A42AFD1E3E76FF08502ADE76FF086026F
S21401F410F2E76FF08502EFE710B50446006858B1D1
S21401F42006280AD104F1080001F0F2FB002323604C
S21401F430A3886FF30803A38010BD6FF08600F5E77D
S21401F4402DE9F043984600230C46016885B0054631
S21401F45017460393002940D100F108094C2248467B
S21401F46003F08CFAB8F1000F20463B460CBF4FF470
S21401F47000624FF4806203A9E1F74CFE044670BBBC
S21401F480039C384621882A1DE1F7E2FD064658BB53
S21401F4906B7968F300036B716168D4E90823090A84
S21401F4A0B8F1000F12D009BB214648460097E6F78F
S21401F4B0B5FB044698B906232B60039800F084FA3E
S21401F4C0002E18BF304605B0BDE8F08371B921465D
S21401F4D04846009701F09AFBEBE76FF08804284650
S21401F4E0FFF79AFF2646E8E70446F8E76FF086043A
S21401F4F0F5E70123FFF7A4BF38B50546006898B1C4
S21401F50012B90024204638BD06280AD105F10800A4
S21401F510E6F7B6FB04460028F3D02846FFF77CFF43
S21401F520F0E76FF08604F8E76FF08804EAE72DE964
S21401F530F041054600680F461646984610B36A79AC
S21401F540D2071FD52A79EAB1B2421ED806281FD1A2
S21401F55005F10800E6F7E4FB044618B10023C8F8F5
S21401F56000602B7137B1324621463846D8F8003054
S21401F570FFF77AFC2846FFF74FFF002C18BF2046FE
S21401F580BDE8F0816FF08804E8E76FF08904E5E7ED
S21401F5906FF08604E2E71FB501240394089C0294E9
S21401F5A0079C0194069C0094FFF7EAFC04B010BD8A
S21401F5B003681943B1FA81F0400970472DE9F04715
S21401F5C005469A46002388B0079305F0FE43B3F13B
S21401F5D0106F0846DDE910679146DDF8488042D194
S21401F5E02B464FF4804207A9E1F794FD0446002814
S21401F5F03BD107990B8823F0FF03B3F5E24F02D006
S21401F600B3F5E44F04D14B880733B7EBD30F2FD3B1
S21401F61025F47F03B3F1106F2DD1D1E90823486893
S21401F620000A28D12846CDE90378CDE901A6CDF810
S21401F6300090E6F73FF8044666B90023C8F80030A4
S21401F640079800F0C1F9002C08BF0446204608B010
S21401F650BDE8F0870028F3D039463046E1F7DAFCFA
S21401F660C8F80070ECE76FF08604002EE5D0F3E7EB
S21401F6706FF08904F9E76FF08504F6E7E1F7CABC95
S21401F68008B50088DDE90221FFF7E2FB20B1BDE8FD
S21401F69008401046E1F7BEBC6FF0850008BD2DE9B5
S21401F6A0F04F1E46002389B01746129ACDE905335E
S21401F6B01360438881460D46002B00F0CD800388F9
S21401F6C003F4E043B3F5804F00F0C6803146284688
S21401F6D0FFF76EFF002800F0BF804946012006AB09
S21401F6E005AAFFF7B0FD0446002840F08780059B79
S21401F6F05B6A83B1DDF81490CA46D9F80430D9F8AC
S21401F70020B01B0A5AF8248F7DD06FF08604059826
S21401F710FFF786FC72E0D9F804301A0A67D1B9F807
S21401F72000A0B9F802105046FFF792FB80B1504690
S21401F730FFF7A4FB0446002860D10AF4E043B3F5C2
S21401F740805F02D0B3F5005F0FD10731CA081CE015
S21401F7500AF44F43B3F5824F04D10AF4E043B3F5FC
S21401F760E04F07D06FF0850448E00AF44F43B3F545
S21401F770844FEAD047F201039A450FD14908013177
S21401F780C90801EBC10101F13B02079207990598EF
S21401F790FFF7A3FB04460028ACD02FE044F2010398
S21401F7A09A4503D1C90801F11002EEE747F20203B8
S21401F7B09A4505D1C90801EB410101F15A02E4E776
S21401F7C044F202039A4505D1C90801EB410101F152
S21401F7D04A02DAE72AF0FF00B0F5E24FB5D0B0F5FD
S21401F7E0824F01BFCC1DE4086400621CCDE7484689
S21401F7F007A900F038F804460028C7D0DDE905015E
S21401F800FFF788FD19E0B9F800305B0419D43346D8
S21401F8103A4629464846CDE9018ACDF800B0FFF7B9
S21401F8202FFF0446002C7FF472AFDDE90501129A22
S21401F830FFF757FD04460028E0D1204609B0BDE891
S21401F840F08F5346424659464846E5F7DDFF10F12C
S21401F850860F0446E6D1DAE76FF08604EDE7182254
S21401F860002103F08BB8028843884068000A51D112
S21401F87002F4E040B0F5805F02D0B0F5005F05D13C
S21401F8800733DB0840D16FF08500704702F44F4024
S21401F890B0F5844F03D10733DB0853B9F3E747F2DA
S21401F8A00100824208D15B080133DB0803EBC30386
S21401F8B03B3300200B60704744F20100824202D1C4
S21401F8C0DB081033F5E747F20200824204D1DB0879
S21401F8D003EB43035A33ECE744F20200824204D1BD
S21401F8E0DB0803EB43034A33E3E722F0FF02B2F5FA
S21401F8F0E24FD0D0B2F5824FC5D10733DB085B00AB
S21401F9000133012BD5D1BEE722F0FF02B2F5824FBB
S21401F910F7D0CEE700236FF086000B6070472DE925
S21401F920F34747680446DDE90A9A3F0A0D4616463C
S21401F930984611D1CDE9009AE5F7D2FF10F1860F6E
S21401F9400CD14346324629462046CDE90A9A02B0F2
S21401F950BDE8F047FFF722BC6FF0860002B0BDE8B5
S21401F960F087037E022B06D1C3695A1C03D00133EC
S21401F970C361002070476FF09600704703466FF032
S21401F98040420846591E914207D338B103F140431D
S21401F99093428CBF00200120704701207047034628
S21401F9A068B1017E8A1E012A0BD80329C26903D1D8
S21401F9B0012A01D1FFF73FBB1AB1013ADA610020F3
S21401F9C070476FF096007047FFF7E9BF0020704759
S21401F9D0C0B2FF280CBF6FF086000020704707B545
S21401F9E000216A4601F0A4F88C3018BF012003B04C
S21401F9F05DF804FB13B500216A46044601F098F849
S21401FA008C3002D1002002B010BD00212046E5F75F
S21401FA101FFD014610B16FF09800F4E76A462046D4
S21401FA2001F086F88C30EDD0F5E72DE9FF41074669
S21401FA301446884600293FD0002A3DD0B2F5005F23
S21401FA403DD202F124063146012002F065F8054652
S21401FA50C0B303463A4621464046E1F7BDFD7F69FD
S21401FA6000243846FFF7BBFF01281FD021462B464E
S21401FA70324638460094E5F729FC0146C8B93846AF
S21401FA8002AA01F055F8044620B9029B9E4205D011
S21401FA906FF0980438460021E5F7DAFC314628462F
S21401FAA0FFF7CCF9204604B0BDE8F0816FF08A0478
S21401FAB0F4E76FF09804F1E76FF08604F2E76FF071
S21401FAC08D04EFE76FF08C04ECE7FFF7B7B92DE98B
S21401FAD0F047D0F814A086B08146884617465046AF
S21401FAE0002104AA01F024F8044610BB049E01205C
S21401FAF0314602F011F80546002837D02146504617
S21401FB0004AA039401F014F8044670B903AB024644
S21401FB102146CDE9005350463346E5F745FC039BA5
S21401FB2004469E4209D06FF0980431462846FFF7F6
S21401FB3085F9204606B0BDE8F0870028F5D13B469A
S21401FB40424631462846CDF80090E1F763FD04466B
S21401FB500028EAD1D8F800302BB13B68002B08BF4B
S21401FB606FF09104E1E76FF09104DEE76FF08C042B
S21401FB70DFE77047704770B5002506462C46052C12
S21401FB8016D8DFE804F0031E0B0D0F115B210820C9
S21401FB900134E2F753F8112CF1D170BDD121F6E70B
S21401FBA08021F4E70021F2E76B1C2946DDB2EEE77F
S21401FBB0A4F10E03012B06D9102C06D0B31F195D34
S21401FBC0E5E70C21E3E75A21E1E75D21DFE70123C1
S21401FBD007B520F07F4040EA8170019068460093A7
S21401FBE0FFF7C9FF03B05DF804FB0023036070470D
S21401FBF003680B6001607047036813B90B6001600E
S21401FC0070471846F8E70346006818B102681A609C
S21401FC10002303607047036803B970478B4204D121
S21401FC200B68036000230B6070471846F3E710B5B6
S21401FC3038B132B129B100230139D45C14B900239B
S21401FC40037010BD8B42FAD200F8014B0133F4E782
S21401FC50034638B10020814204D01A5C02B97047CD
S21401FC600130F8E770474FF0FF31FFF7F1BF70B58D
S21401FC700C461646054660B15AB151B1FFF7F3FF7F
S21401FC80844206D9211A32462844BDE87040FFF75F
S21401FC90CEBF70BDE1F7B4BEFEE700239A4200D1A5
S21401FCA0704710B550F8234041F8234001339A427B
S21401FCB0F8D110BD436803B1184722207047436945
S21401FCC003B11847FF20704737B50D680C46AB885F
S21401FCD0ADF804302B78022B0CD00DF1030101A8EE
S21401FCE000F09FF89DF80330204683F001032B7047
S21401FCF0E9F76CFC03B030BD03681878704713B59C
S21401FD000468A388ADF804302378022B15D00DF1D2
S21401FD10030101A800F085F8A2799DF80330012AB5
S21401FD2013D1618843EA41034FF6E07163F03F0364
S21401FD309BB28B4203D12270638002B010BD4FF696
S21401FD40DF729342F8D10022F5E7002AF5D183F05D
S21401FD5001032370F1E703681A78022A03D100220F
S21401FD605A80E1F7CBBE704710B504682378022BA2
S21401FD7007D0A379022B02D16079E2F703F80223B8
S21401FD80237010BD4FF060420123D2F8001E83405D
S21401FD900B430020C2F8003E70474FF0604101223D
S21401FDA0D1F8003E824023EA02030020C1F8003E5B
S21401FDB07047F8B50E461746044660B10EF0D6F801
S21401FDC005463A4631462046E4F78AFF28460EF0B5
S21401FDD0C8F80020F8BD2220FCE770B10122417866
S21401FDE003788A4030214B4341F2100103F1A043CE
S21401FDF003F5703300205A5070472220704770B1C7
S21401FE000122417803788A4030214B4342F21001A7
S21401FE1003F1A04303F5703300205A5070472220A7
S21401FE20704738B50D46044698B191B10EF09EF86C
S21401FE3030222378534303F1A04303F570335B6903
S21401FE406278D34003F001032B700EF08AF800208D
S21401FE5038BD2220FCE7416C436910B5DA1CA1F1DC
S21401FE601404B2FBF4F203EBC2000330B0FBF4F06F
S21401FE70B1F5805F00F1010002D1012828BF012001
S21401FE80013010BD38B505460C46FFF7E4FF6B6C34
S21401FE90A3F11402B3F5805F02FB00F005D140F632
S21401FEA0E8736969994288BFCC30E31DB3FBF2F36E
S21401FEB0013304EBC304204438BD38B50546446914
S21401FEC02146FFF7DFFF6A6CE31D143AB3FBF2F33A
S21401FED0013304EBC304204438BDF7B507460E468C
S21401FEE000257C6CA819644280EA06031C4003D0F6
S21401FEF02C46204603B0F0BDFB6B01225B6901A9CD
S21401FF009847019B0133F4D10435EAE770B50546FD
S21401FF100C46E3F76DFAEB6B2046BDE87040DB68F4
S21401FF20184770B50025044686B00562E369AB4202
S21401FF3002D8206A06B070BD666C2068E36B0522A5
S21401FF405B6901A906FB0500984701A800F076FC4D
S21401FF5000F099FC10B1236A013323620135E5E70D
S21401FF6038B50446456C006804F1400305FB010101
S21401FF70E06B00F095FC05462046FFF7D2FF2846C9
S21401FF8038BD2DE9F04700254FF0FF384FF6FF73D7
S21401FF900446C1462F4686B0C0E90853E369BB4212
S21401FFA00DD8A5EB0805012D06D94FF6FF730025E0
S21401FFB06362E369AB4226D806B0BDE8F0872368E2
S21401FFC0E26B606C566900FB0730052201A9B04759
S21401FFD001A800F033FC824601A800F006FC0646A4
S21401FFE0504600F050FC60B1B14588BF6762B0452D
S21401FFF028BFB046B54238BF3546B146236A0133FD
S21402000023620137CAE7666C2068E36B052206FBAB
S21402001005005B6901A9984701A800F0E6FB0135D7
S214020020C7E7F0B50546002687B0EC69013CB44246
S21402003003D80C46204607B0F0BD01B14C1E6F6CCB
S2140200402868EB6B05225B6901A907FB0400984749
S21402005001A800F0F3FB00F016FC0028EAD12146C6
S2140200600136E2E7F0B504460D46466CE36B0068DF
S21402007087B005225B6901A906FB0500984701A81F
S21402008000F0DCFB00F0FFFB20B101A800F0ADFBA6
S21402009007B0F0BD29462046FFF7C3FF0646676C49
S2140200A02068E36B05225B6901A907FB06009847F7
S2140200B001A800F09AFB431CEAD0B54238BF0130D3
S2140200C0E6E72DE9F0434FF6FF79D0F824800446A0
S2140200D00E46C84514BF45460025002787B0E3698B
S2140200E0BB4202D807B0BDE8F083E26B2368606CBF
S2140200F0D2F814C000FB0530052201A9E04701A88A
S21402010000F09CFB022806D0C8450CD1721C29467A
S2140201102046FFF725FFE3690135B5FBF3F2013709
S21402012003FB1255DBE729462046FFF79BFFB0F19B
S214020130FF3F14BF024632460132E8E70368F0B5D5
S214020140CC1A436C0646B4FBF3F4002587B0F36979
S21402015037685A1E9542706C08D3706C336800FB81
S214020160043007B0BDE8F04000F098BB0134B4FBA1
S214020170F3F203FB1244F36B05225B6901A900FB51
S2140201800470984701A800F059FB00F07CFB002899
S214020190E3D10135DBE710B423F0030422449B07C6
S2140201A00A44436C18BF04325B4281EA02042342CB
S2140201B003D05DF8044BFFF7C1BF10465DF8044B51
S2140201C070472DE9F041D0E90A369E42044686B0D1
S2140201D028D11422C369456802FB1355284606B087
S2140201E0BDE8F0812068676C331AB3FBF7F3E26B65
S2140201F007FB0300D2F8148001A90522C04701A814
S21402020000F01CFB012804D0636C1D44013B334004
S214020210ED1A31462046FFF791FF0646A36AB3421F
S214020220E0D1DBE70025F9E708B508301346D1E947
S2140202300012E3F763F8012008BD13B50C4600214F
S21402024021760093616813462246E1F711FE18B143
S214020250E37D03B1A07EA075A07D02B010BD73B58C
S214020260164600F108050C46284609680DF10702F5
S21402027000F098F9032E06D16368834203D128461C
S214020280216800F076F9012002B070BDD01E009BF6
S21402029042424241187E824211D11A688A420ED8E0
S2140202A05A688A420BD35A6901325A61D3E9030269
S2140202B082423FBF986840F8221001321A6101203C
S2140202C0704710B5032A029C07D1A26A5340626C9B
S2140202D05242134201D100F04CF9012010BD08B57C
S2140202E0C36800209847BDE80840E3F789B80128AC
S2140202F014BF0420022070B5002442431C70CC7D3B
S214020300101D02F002024CB91AB1012220F00300BD
S2140203101A7000F108034868184470BD1AB1012229
S21402032020F003001A7000230C7E01F12005DAB2D9
S214020330944201D80020F0E735F833205E1C824252
S21402034006D901EBC30300F10802D8691044E4E7BA
S2140203503346801AEBE773B5054690F842601C46B2
S21402036030460DF10303FFF7C2FFEB6B012E5B690C
S2140203700DD1324601A998479DF8033013B1BDF856
S21402038006300193BDF80430236002B070BD01222E
S214020390214602B0BDE870401847F0B50546002475
S2140203A04868EB6B87B00E4601225B69029402A98D
S2140203B008309847274695F84230012B40F0AC802B
S2140203C0632C00F2AB80612C08D805AB224631467E
S2140203D02846FFF7C0FF9DF814305BB3224605ABF4
S2140203E0314628468DF81070FFF7B5FF95F8422083
S2140203F0059B012A7FD14FF6FF72934256D0082200
S21402040005A904A800F066FA059B9DF81010C3F330
S214020410072291424AD1DBB2029A1A44029245E07E
S214020420DCD005AB224631462846FFF794FFBDF8DE
S2140204301430D2E795F84230012B39D1612C2ED8F0
S21402044022463146284603ABFFF785FF314628464B
S21402045004AB621CFFF77FFF3146284605ABA21CA1
S214020460FFF779FF102208230DEB02010DF10700BA
S2140204708DF8073000F02EFA102205A90DF10700BC
S21402048000F028FA039BDAB24AB99DF80720B2EBCD
S214020490132F04D1DDE9043203EB0243029395F8ED
S2140204A04230012B14BF012302231C44013482E78D
S2140204B0302CF4D822463146284603ABFFF74BFFD2
S2140204C03146284604AB621CFFF745FF1023202264
S2140204D00DEB03010DF107008DF8073000F0FAF975
S2140204E0039B9AB2002ADAD19DF80720B2EB134F8B
S2140204F0D5D1049BD2E70133D8D0102205A90DEB43
S214020500020000F0E7F9059B9DF81010C3F30742BE
S2140205109142CBD19BB27FE7312C81D9029807B0AA
S214020520F0BD13B500240194049C0094E2F74AF946
S21402053002B010BD13B501240194049C0094E2F7A6
S21402054041F902B010BD00234FF0FF3230B54468C7
S2140205509C4202D10023037230BD016801EBC30541
S21402056041F833206A600133F2E7C0E90012FFF770
S214020570EABF002370B545689D4210D0046854F85F
S214020580332004EBC306B2F1FF3F09D0C2F31302D5
S214020590914205D14FF0FF3244F83320726070BDAD
S2140205A00133E9E70023F0B545689D4202D14FF0DA
S2140205B0FF300EE00468DE0054F83340671C09D0B2
S2140205C0C4F31307B94205D1240D147003683344EB
S2140205D05868F0BD0133E8E7704770B594002246CC
S2140205E005460E460EF038F8431C0AD058B9224685
S2140205F03146284602F099F9002814BF3D20002013
S21402060070BD6E20FCE77120FAE713B5044601A818
S214020610E4F72AFB9DF8063023804FF4807363804C
S214020620E4F73AFB6060002002B010BDE4F79CBA23
S21402063008B5E4F789FA002008BD10B5044644EA76
S214020640010313F00303084609D1934201D10020A7
S21402065010BD54F8231040F823100133F5E7214665
S214020660920002F0B2F9F2E710B504460DF0FCFF74
S214020670431C10D088B9E4F70FFB234620F0030092
S2140206802044984201D1002010BD53F8042B0132B9
S214020690F7D03E20F8E76E20F6E77120F4E70A4628
S2140206A001390144E7F7C4BA13B5002304460146EC
S2140206B01B220DF107008DF8073000F00BF92268B7
S2140206C09DF80730B3EBD26F0CBF0120002002B0BA
S2140206D010BD13B500230446014620220DF1070083
S2140206E08DF8073000F0F6F80DF107001A22211DEA
S2140206F000F0F0F862689DF80730B3EB926F0CBF1B
S2140207000120002002B010BD0068431C5842584128
S2140207107047006810F07E0F0CBFC0F3C160002067
S21402072070470068C0F3D3107047006800F07E0080
S214020730B0FA80F040097047036813F07E0F14BFCA
S214020740042008207047036813F07E0F03D1406828
S21402075020F07C40704713F078001CBF03F07F0344
S214020760D81F7047006800F07F007047032809D042
S214020770022803D1C1F10201C8B2704700290CBF9A
S21402078007200020704737B5054601F10C0443697F
S2140207906946012220469847BDF80030012201939F
S2140207A02046AB6901A9984703B030BD37B501F1C1
S2140207B00C044369012269460546204698474FF6CF
S2140207C0FF72009B99B291420DD16FF30F0343F46F
S2140207D0254343F0A503019301222046AB6901A9F4
S2140207E0984703B030BD0020FBE737B50446002526
S2140207F01B22011D0DF107008DF8075000F06AF864
S21402080060689DF80720B2EBD06F03D120F07840E5
S21402081003B030BD0DF107001B2204F108018DF86C
S214020820075000F057F8A0689DF80730B3EBD06F7A
S21402083001D1C043EAE74FF0FF30E9E74BF29A22D4
S214020840036810B5B2EB134F044613D19BB2012BCB
S21402085013D1FFF7CAFF01300CD04FF6FF72E068E3
S214020860B2EB104F4FEA104309D180B2C01A18BF3C
S214020870012010BD2368013303D00420F9E70220CB
S214020880F7E70320F5E701288CBF00200120704718
S214020890033801288CBF00200120704714307047AF
S2140208A02DE9F04105469846036908460E46174666
S2140208B09847044638B943463A4631462846E2F750
S2140208C00FFE044618B131462846FFF75CFF204665
S2140208D0BDE8F0811F2A0B689EBF4FF0FF319140A2
S2140208E08B43590801F055315B1A03F033319B08EC
S2140208F003F033330B44017803EB13130A444FF02F
S214020900013103F00F334B43A2EB136202707047C0
S214020910E2F74EBF08B50CF0CBF9BDE8084000215F
S214020920E3F75AB90029CCBF01210021E3F754B9F5
S21402093002214FF42070E3F709BD7047704700208C
S214020940E3F714BE0120E3F711BE7047C36C0B42F7
S214020950FCD1704708B543680246DB0714D50A2364
S21402096050210363FFF7F2FF136C9907FCD1936AD9
S214020970012110469362FFF7E9FF136C1B0604D4AD
S214020980012302F50052536008BD536BF5E738B5F4
S2140209900A46044619B9BDE83840FFF7DBBF012115
S2140209A000F58053596002F00F0540F2FF71FFF721
S2140209B0CDFF78210563FFF7C9FF02F00103520756
S2140209C048BF43F00203226C02F003029A42FAD1B5
S2140209D038BD036C5B06FCD5C16370470022E3F7A3
S2140209E0BDBFFFF7FBBF70B5054614460E460DF0B9
S2140209F0B4FA2B685C4034405C402C60BDE8704022
S214020A000DF0A6BA4FF0B0435A6812B19A6A002A9D
S214020A10FAD1704770B5054614460E460DF09DFA9B
S214020A202B685C4034405C402C60BDE870400DF0A2
S214020A308FBA0122417803788A4030214B4342F232
S214020A40100103F1A04303F570335A50704730B5D6
S214020A500022044600F0FC05A31803F0030358190D
S214020A6021FA00F3DB0704D50132042AF4D14FF051
S214020A70FF3030BD03782BB94078053818BF4FF0E9
S214020A80FF307047012B09D14378012B17D0032B77
S214020A9008BF042018BF4FF0FF307047022B07D163
S214020AA0437873B1052B0ED0072B08BF0820F1E759
S214020AB0032B0AD14378022B08BF0920EAE703205A
S214020AC0704706207047072070474FF0FF30704788
S214020AD00B781B0683604A788B7843EA024383616D
S214020AE0FF2383620023836303644FF0FF3300F522
S214020AF0005003657047012303FA01F1BFF35F8FCD
S214020B0000F5005300F58050596381647047002059
S214020B107047FFF7FCBF002070470020704738B5CB
S214020B2005460C4619B10A46002101F027FF38BDDA
S214020B3070B506460D4614468CB0CAB11022002186
S214020B4008A801F01BFF002207AB029305AB019336
S214020B5006AB00933046294608ABCDE90522E4F7FA
S214020B6095FA18B9099B6360059B23600CB070BDAB
S214020B706FF08600FAE71FB504A800E90E001146DA
S214020B800198E4F7ADFC30B1E8F7F8F905B05DF886
S214020B9004EB00F00FBC05B05DF804FB38B5044664
S214020BA00D46E4F711FA50B929462046E4F798FCB8
S214020BB030B1E8F7E3F9E4F713FA6FF0920038BDC4
S214020BC0BDE83840E4F70CBA10B5436A8AB0041D93
S214020BD0CDE901430023CDE9052310223C30CDE9BF
S214020BE00331CDE908230790E4F7EEF960B907ABC5
S214020BF01A4604A901A8E8F73FF80446E4F7F0F914
S214020C00002C18BF6FF092000AB010BDE5F706B8C8
S214020C1038B5044630B14C2500212A4601F0AEFE16
S214020C20002038BD6FF08600FBE70020704738B51D
S214020C301C4600230846236011461546FFF7AEFF02
S214020C4000B9256038BD08B50DF046FA002008BD8B
S214020C5070470020704700207047012310B580F8C7
S214020C6088300378044653B100F05DFA21462046E8
S214020C70E5F7C2F82046BDE8104000F049BA10BDBC
S214020C8038B50D460446E5F79FF86B682046C4F86B
S214020C90B032A96800F09AF94FF0FF332046C4F844
S214020CA0B432FFF7D6FF38BDD0F8B43210B50133F0
S214020CB0044601D0002010BD00F0C3FAC4F8B40206
S214020CC00130F7D194F8B80280F00100F3E708B5D6
S214020CD0E5F7B6F808BD0A7801382D2A0ABF0122C0
S214020CE000228918E5F712B907281BD8DFE800F0BA
S214020CF0060A0D101315041701207047002208205B
S214020D00E5F704B900221020FAE700222020F7E7D0
S214020D100820FFF7E0BF1020FBE72020F9E708468F
S214020D20E5F756B9002070472DE9F74307280C4629
S214020D30DDE90A7690461D4608D8013806280AD804
S214020D40DFE800F01D27303A44574A00212850D0E9
S214020D5003B0BDE8F083002220461146E9F79AFF69
S214020D603368C0B205EB83013A6845F823000133C5
S214020D7048F8221033603B6801333B60E8E7002204
S214020D8020461146E9F786FF336880B205EB8301F9
S214020D90EAE7002220461146E9F77CFF336805EBB6
S214020DA08301E1E7002220461146E9F7FBFE33689D
S214020DB040B205EB8301D7E7002220461146E9F749
S214020DC0F1FE336800B205EB8301CDE70022204630
S214020DD01146E9F7E7FEE1E7002389461E461D466F
S214020DE08DF8063019F8013F7D2B06D125702D0AA5
S214020DF065703B6848F82340BDE7202BF2D006F02A
S214020E000102013612B98DF80430EBE710220021F8
S214020E1001A88DF80530E9F7C5FE6319013598700B
S214020E20ADB2DFE72DE9F04F9B46002385B08B4538
S214020E30814688469246CDE902336DDC1E461A4646
S214020E4019F80340212C0AD81F2C05D8103C072C71
S214020E5098BF46F0010600E001220133F0E7FF2CBE
S214020E60FBD15B4432B1013B434551DD2B2005B03B
S214020E70BDE8F08F4EB1013B4345F7DC16463546DA
S214020E803746454504DB0020F1E79845F7D0EDE705
S214020E905D453BDB19F80730202B18D109EB070319
S214020EA05B78FF2BE2D1CEB920465AF82510FFF721
S214020EB01BFF98B303AB019302AB00932046DDE918
S214020EC00E235AF82510FFF72FFF0135D9E7212BFD
S214020ED00ED109EB07035B78FF2BC7D1029B5AF8AA
S214020EE025200E99012641F8232001330293ECE7D0
S214020EF0A3F11004072C02D91C460137D3E709EBED
S214020F0007035B78FF2BB1D1E4B2CCE70624CAE72D
S214020F1000252F462E46B4E72120A8E72620A6E77E
S214020F202DE9F04F07460E4615469846044685B00C
S214020F30DDF84490DDE90FAB206808B3DAF800204C
S214020F40D8F800108A421BDA0E9B53F82210E0F7FC
S214020F5027FD48BBDAF800200132CAF80020626892
S214020F60117BFE291BD10E9B1068012100932A4695
S214020F704346CDE902B9CDF804A0FFF7D1FF0446F7
S214020F802B7843B999F800302BB97EB101233C4641
S214020F9089F800302B70204605B0BDE8F08F01239B
S214020FA08BF800302B70EBE70C34C5E73446F2E7DB
S214020FB010B50446236803B910BD237A13B9204638
S214020FC0E5F73CF80C34F5E77047704710B541B1C9
S214020FD00A7932B901249C300C71FEF709FE2046CC
S214020FE010BD0020FCE72DE9F041A2B005460AAA92
S214020FF0084603A900F062F90446B0B90DF10A03E7
S21402100001930DF10B038DF80A0000930AAA2846F5
S21402101004AB03A9E5F7BAF99DF80A20B2B158B1B4
S2140210209DF80B302BB1E5F709F8204622B0BDE853
S214021030F081FFF7BDFFF8E7D5F89C50002DF4D0FD
S214021040A86808B1FFF7B4FF2D68F7E710B3466843
S21402105012AB06F10C070DF1680801933846049BA3
S2140210600399CDF800800AAAFFF7DCFE04460028A2
S214021070DBD1039B05A8CDE90638049B0595CDE98F
S2140210800837FFF7A1FF05A83368984705A8FFF7BA
S2140210909CFFCAE72D24C8E710B50446AC3001F021
S2140210A0A1FC04F1AB031A180020934200D110BD34
S2140210B013F8011F0029FAD00A2908BF0130F4E705
S2140210C070B50023012400F1AC06D0F8AC52AC4255
S2140210D00FD3AC30B3F5007F10D3012070BD0D687E
S2140210E001350D60156801351560F55C01330A2D72
S2140210F002D0B3F5007FF2D30134E6E7C15C0A29D9
S214021100EBD00029E9D01168013301311160E1E723
S21402111010B50021D0F88C20044601F02FFC0023E5
S214021120C4E9243310BD73B5044600F1AC05802132
S2140211302046FEF78DFD4FF4007106462846FEF760
S21402114087FD0136C0F50070864220461FD801F0A2
S21402115049FC0646284601F045FC01362946421C53
S214021160A81901F0F2FB204601F03CFC214602469B
S214021170284601F02AFC204601F034FC0A232044CB
S21402118080F8AC300023C4F8AC3202B070BDFFF772
S21402119083FF0023C4F8AC02CDE9003338B194F8DB
S2140211A0AC3023B16946204601AAFFF789FF002228
S2140211B0009B234483F8AC20B9E74B1C73B5044666
S2140211C019D1D0F8AC3213B1013BC4F8AC320025C9
S2140211D0204601F007FCA84217D82046FFF798FFE2
S2140211E0D4F8AC322BB10023CDE9003394F8AC30FE
S2140211F0B3B902B070BD0129FBD1FFF74DFFD4F899
S214021200AC328342F5D20133DFE7082000F028F83B
S214021210202000F025F8082000F022F80135D7E754
S2140212206946204601AAFFF74BFF009D04F1AC0673
S214021230019BAB42DDD9715D2046E5F7C7F9013562
S214021240F6E707B500200DF1070100F0EEF820B929
S2140212509DF8070003B05DF804FB4FF0FF30F9E796
S21402126010B5C1B20446002000F0CFF800280CBF2B
S21402127020464FF0FF3010BD0FB407B504AA52F84F
S214021280041B00200192E5F78BFD002003B05DF8F9
S21402129004EB04B0704710B54C1C0B460119045DF4
S2140212A0222C03D07B2C01D05C2C05D1D21A1844F8
S2140212B001F04BFB012010BD0020FCE72DE9F047B2
S2140212C005469146884601F08DFB2A460646134699
S2140212D0197801322029FAD0C9F800305C1B0123A4
S2140212E06FF0404AC8F80030A64201D8002014E049
S2140212F02F5D29197B2F12D0222F2ED1D8F800303D
S214021300621C53442A4449F82320012C09D911F8B7
S214021310013C13F0DF0F04D02120BDE8F0877D27C3
S214021320F3E701342B5DBB4209D12B195B7813F02E
S214021330DF03F1D1222F00D12B550134D4E75C2BE9
S21402134007D1324621462846FFF7A5FF0028E3D0FC
S214021350013E0134A642E5D8DEE75C2F08D13246CC
S21402136021462846FFF797FF0028D5D0013EE4E73E
S214021370202FE2D10022631CB3422A55DDD2EA189E
S214021380EB5C202BD9D0D8F80030072B05DC49F8C7
S21402139023200133C8F80030CFE71E20BDE700F057
S2140213A005B809B1E5F7FCB922207047002070475E
S2140213B0E5F73EBAE0F7E2BA70B50C46154610B944
S2140213C0E5F7E2FC38B143682BB12A462146BDE870
S2140213D0704000681847232070BDF7B50D461646C4
S2140213E01C4638B9E5F7D0FC04B901AC20B9232075
S2140213F003B0F0BD03B901ACC768002FF7D023468F
S214021400324629460068B847F2E707B501228DF84A
S21402141007100DF10701FFF7CFFF03B05DF804FBDD
S2140214200B4601461846FFF7F0BF00230122FFF7DE
S214021430D4BF0EB403B503AA52F8041B0192E5F713
S214021440AFFC02B05DF804EB03B07047D0F8A430EE
S2140214501B681A6C120643BF5B6B00200B701B20C6
S2140214607047D0F8A43001221B6819B103F58053E7
S2140214709A64704703F500539A645A64704708B535
S214021480D0F8A4301868FFF7A4FA002008BD006858
S214021490D0F8A4301B685A6CD20708D5012103F590
S2140214A0005251641B6C9B0601D500F0ADB9704723
S2140214B000207047FEE74FF4005300204B60704751
S2140214C00020704707B5002001AB0190FFF785FFAB
S2140214D00198002808BF4FF0FF3003B05DF804FB08
S2140214E010B514460020FFF767FF204610BD80F8AF
S2140214F09910704790F89900704790F896007047D8
S21402150010B50446E5F798FF38B1236DD4E9120208
S2140215100244934218BF184610BD3022237D53431F
S21402152003F1A04303F58023DB6EEFE792F8543015
S21402153037B5144633B1936D0BB1D06D984700237F
S21402154084F8543094F89A301BB32046E5F774FFBB
S214021550F8B1236E132120465B6898471025236E48
S21402156020461B680DF10701984778B99DF80730A9
S21402157003F0FD02112A05D1A3F111025342534191
S21402158084F8A030013D15F0FF05E8D12046E5F7C6
S214021590B5FF002084F8540003B030BD90F89430B4
S2140215A070B505460C46C3B10B69B3F5006F16D885
S2140215B00CF0DCFC95F88C30064665614BB1214692
S2140215C005F19000FEF718FB30460CF0CAFC00202E
S2140215D070BD2046E6F720F8F6E70E20F8E7212051
S2140215E0F6E70023506910B5903000F8043C144624
S2140215F0FEF709FB08B1E6F70FF863681BB1002196
S2140216002046A2689847002010BD2DE9F04790F8C2
S214021610949004460D461646B9F1000F40F08280BB
S21402162090F899800CF0A2FC94F89530074633B1F6
S21402163094F898301BB184F895900CF025FE384645
S2140216400CF08FFC2E44B54205D1236E01212046B4
S2140216509B68984750E094F89A30002B3DD0207D46
S214021660E5F716FD2046E5F705FF0746207DE5F778
S2140216702BFD97BB0CF07AFC0746207DE5F708FDAC
S2140216802046FFF73DFFA26C00F1FF39914538BFB7
S214021690E36C94F854A038BF03F1FF33207D38BFC3
S2140216A002EB0309E5F710FDBAF1000F12D14B4623
S2140216B0D4F89C1099420BD013F80129112A01D0B4
S2140216C0132A1CD1A2F111035A425A4184F8A020CF
S2140216D0C4F89C9038460CF044FC94F8A030002BDA
S2140216E0B9D0B8F1000F12D1236E20465B6815F808
S2140216F0011B98470028A6D00020BDE8F087A26C00
S2140217009A4282BFE36C03F1FF339B18D2E72B7831
S2140217100A2BE9D1236E0D2120465B6898470028E4
S214021720E2D0E9E70E20E8E7F8B504460D460CF0ED
S2140217301DFC94F8963006466DB13BB994F8983085
S21402174023B10CF0A1FD012384F896303046BDE8A3
S214021750F8400CF006BC002BF8D00CF0FEFB074657
S214021760294601200BF0D2FD38460CF0F1FB84F836
S2140217709650EBE738B548B1002405680CF0F6FB46
S214021780C5E916440CF0EDFB204638BD2220FCE7E6
S21402179070B50468054694F8946086BBFFF7EAFFC6
S2140217A0E5F7F2FA854202D13046E5F7E1FA236E12
S2140217B093F91000E5F7CEFA236E93F91000E5F7D9
S2140217C09BFA236E93F91100E5F7C4FA236E93F998
S2140217D01100E5F791FA207D0BF0A0FC207DE5F7DD
S2140217E033FBE5F717FB0023C5E90033C5E90533EC
S2140217F0EB60236E2046BDE87040DB6818470F207A
S21402180070BD0068E5F77ABE2DE9F04104460CF09B
S214021810ADFB94F89530054603F0FF08A3B90127FF
S214021820236E41469B682046984784F895700CF0D4
S21402183094FB0646414638460BF068FD30460CF0EF
S21402184087FB022384F8A1302846BDE8F0410CF05D
S21402185088BB0E2070470E2070477047704770474F
S214021860F8B50C468D18073552421540A5F1080703
S2140218700646384600F060F9A0883B1B618800EBFC
S214021880E30080B2A1EBE30125F8040C25F8061C60
S214021890A188DA10D1B1A4EBC101B1F802C0C880A8
S2140218A002EB0C004880E188B9B18A1A92B204EBC6
S2140218B0C10125F8022C8A80A2888AB9B26813442C
S2140218C0F268B360934288BFF3600EE015F8081C16
S2140218D041F0020105F8081CE5E725F8021CEBE7D3
S2140218E0A4EBC2042278D207E8D43846F8BD2DE924
S2140218F0F04F17464FF0000887B07A1C109A05463C
S21402190014BF3C460824CDF81480002A00F0CA8092
S214021910C2F80080002900F0C78042688A4240F27E
S214021920C380073103F0010A21F007060CF01EFB04
S21402193005AACDE9008281463A46534631462846F4
S21402194000F0FEF8059F834607B130B948460CF012
S21402195008FB192007B0BDE8F08FB7F802802969A6
S2140219604FEAC802C0EBC8080139B8F1270F29614F
S2140219707DD9BAF1000F54D1864206F108084BD041
S214021980224639462846FFF76BFF04460590A044D8
S214021990404600F0D1F8059906F10F004A88C308C0
S2140219A0A2EBD002A8F80220CA88A8F80430002ABF
S2140219B034D0D31A9BB201EBC202A8F80630938049
S2140219C08B88F608A380B8F804303A46E38041468E
S2140219D000232846668000F01AF9AB68EA680833E6
S2140219E09342AB6088BFEB60237843F00103237019
S2140219F02B6901332B616288AB68083403EBC203A0
S214021A00EA68AB60934288BFEB60109B48461C6056
S214021A100CF0A7FA00209DE73C46B8E7A8F8062097
S214021A20CEE707EB08042046039200F085F80BF198
S214021A300703DB080599638008F10703DB08A38028
S214021A40CB8893B1DB00039AD81D821A5A44C2F39C
S214021A50CF020B44E2809A80A38808F1FF384FEA4F
S214021A60D808A1F80280CB80B7E7E380F4E7BAF1A2
S214021A70000F1BD007F10803B3FBF4F204FB12338A
S214021A80B3B1224639462846FFF7EAFE04462378D3
S214021A903A4643F00103237021460123284600F00C
S214021AA0B6F8A8E7222055E7212053E78642E8D178
S214021AB03C46ECE707B500224FF0FF3101AB01923E
S214021AC0E6F70EF8019803B05DF804FB07B500933D
S214021AD013464FF0FF32FFF70AFF03B05DF804FB30
S214021AE070B5049E15461A4696B1002333608DB132
S214021AF081B14D4333462946FFF7E8FF044628B92D
S214021B00306818B12A46214600F038FF204670BDDC
S214021B102224FBE72124F9E707B5002201AB019254
S214021B20E5F7F4FF019803B05DF804FB0846FFF7FB
S214021B30C1BF08460CF07ABC0023036043607047BE
S214021B40F0B5D0E90554561C08BF0822002B4FF00A
S214021B50000008BF2C46069F3860002C38D09DF83F
S214021B6014606588F60006EBC505C2F1000C207805
S214021B70C00708D523BBE08898B104EBC00465888B
S214021B8006EBC505F3E78D42F4D35BB904F1080012
S214021B90B0FBF2FE02FB1E00C0B10844A842EAD81F
S214021BA03C60F0BD082A11D06088013004EBC0000A
S214021BB0A0EB010E0EEA0C0EA0EB0E008542EFD251
S214021BC0A0880028EDD0A4EBC004D8E70846E7E7D3
S214021BD02046E6E703460069C0B10AB951B91A6859
S214021BE010460378DB0711D531B9C3885BB100EB29
S214021BF0C300F6E79A69F3E7012904D1838823B183
S214021C00A0EBC300EDE700207047184670472DE9A9
S214021C10F041D0E90554074688461646ABB19542D0
S214021C2000D00ABB424600213846FFF7D3FFB44233
S214021C30054600D02EB9424601213846FFF7CAFFB4
S214021C400446C7E90554BDE8F081954208D08D42A6
S214021C5028BF0D46B44205D0444538BF4446F0E797
S214021C600D46F7E74446ECE79442EAD1E3E738B597
S214021C701C46C3E900010023C4E90500C4E9023397
S214021C80236122776362FFF757FF23690139C90888
S214021C90013341802361A368E268083393424FF020
S214021CA00000A36088BFE36038BD08B5E6F732F8E7
S214021CB008BD002307B5684600938DF80430E2F7A6
S214021CC0E7FC03B05DF804FB10B50CF046F90446D9
S214021CD00BF0BAFA2046BDE810400CF039B970474E
S214021CE04FF4C870E6F7ACB870477047704708B54F
S214021CF000F07EFD00F08BFD00F094FDFFF7F6FF8E
S214021D0000F0A9FDBDE8084000F0B2BD08B5E5F751
S214021D10CDFEE3F717F9FFF7E7FFE4F7D1FFE4F7A5
S214021D2073FEFFF745FBE6F775F9E6F72DF8E5F7DC
S214021D3025FFFFF7DAFF00F007F800F066FDBDE8C2
S214021D400840FFF7D4BF704708B500F04CFD00F01E
S214021D504BFD00F04AFD00F04AFDFFF7F4FF08BD18
S214021D6008B500F087FD00F086FD00F08BFDBDE8AB
S214021D70084000F089BD00F000B807B512200DF14A
S214021D800601FFF70EFBBDF8060003B05DF804FB84
S214021D9070472DE9F84F9846DDE90B490D9B15462D
S214021DA09A0706460F4623D02A460A9B03EB040AE6
S214021DB01444A24220D10D9B9B0705D5A2EB050A2F
S214021DC0D14505EB0A0420D82046BDE8F88F4346E5
S214021DD039462020B0470AF1010ACA450AEB0B022F
S214021DE0F5D3A9EB04024C4588BF00222A44DCE75F
S214021DF0A246A5EB040BF0E702F1010B4346394677
S214021E001AF8010DB0475A46D3E7434622463946EA
S214021E102020B0470AF1010AD2E72DE9F047DDE9B2
S214021E200D7616F0020F9DF82880DDE90854DDE9EC
S214021E300BCE1FD106F001094FB1B9F1000F06D043
S214021E40B8F1000F02D116F00C0F00D0013F4FF090
S214021E50300A02E005F804A00134A64501D9202C78
S214021E60F8D1B9F1000F05D04FF03009BC4201D2CB
S214021E70202C2DD116F0100F1FD016F4806F2CD107
S214021E805CB3744501D0BC4227D1B4F1010E23D015
S214021E90BCF1100F46D1023C16F0200F28D1202CA0
S214021EA028D04FF0780C05F804C00134202C21D03D
S214021EB04FF0300C05F804C00134202C1AD0B8F1CB
S214021EC0000F23D04FF02D0C05F804C0013412E0A9
S214021ED005F804900134C9E77446BCF1100FDBD054
S214021EE0BCF1020FE2D1202C04D04FF0620CDAE7EC
S214021EF0202C08D12024CDE90A76CDE90854BDE885
S214021F00F047FFF746BF4FF0580CCCE716F0040F29
S214021F1002D04FF02B0CD7E716F0080FEBD04FF09D
S214021F20200CD1E7BCF1020F7446C1D1DDE72DE9E2
S214021F30F04391B0189D1A9E1D9F0DB927F0100709
S214021F407C0500D515B317F0200F14BF4FF0410ED5
S214021F504FF0610EAC4600250DF12008AEF10A0ED8
S214021F60BCFBF6F906FB19C95FFA89F4B9F1090F49
S214021F7094BF30347444E4B2B44508F8014B05F11A
S214021F800105BCFBF6F401D3202D10D11C9C06974C
S214021F9005941B9CCDE903649DF86440CDE9015489
S214021FA008AC0094FFF739FF11B0BDE8F083A446F1
S214021FB0D6E72DE9F04F95B0269ECDE90A23DDE956
S214021FC01E74DDE9229B57EA040308BF26F01006BA
S214021FD07205CDE9080102D557EA040337D016F098
S214021FE0200F14BF4123612300250DF1300AA3F10F
S214021FF00A0821464A465B463846E8F72DFAD2B228
S214022000092A94BF303242444F45D2B274EB0B04D5
S21402201005F101050AF8012B01D3202D14D1259BC9
S21402202006960593249BDDE90801CDE903939DF806
S2140220308030CDE901530CAB0093DDE90A23FFF7AC
S214022040ECFE15B0BDE8F08F07460C46D1E700253A
S214022050E5E710B1D1E90031184770477047F6F747
S21402206051B813B51AB10024009400F0F9F802B082
S21402207010BD2DE9F0418CB005AC84E807001C4683
S2140220808C42254628BF0D460F46129B1DB314B33D
S21402209011462846002603F53813CDE90A468DE890
S2140220A0030003F241134FEA4328C5EB4323099387
S2140220B002950CAA059B12E90700069500F072FA33
S2140220C0BC4208D93146621BA8EB04000CB0BDE83E
S2140220D0F04100F065BA0CB0BDE8F08130B591B0C1
S2140220E001AC84E807001C461346DA0049BF029A90
S2140220F06200033222F00302014604A8FFF7B1FF92
S21402210004A800F0C2F81499224601F5381101F22B
S21402211041114D0208A8C4EB41210023FFF7A1FF9D
S21402212005F5007100232246091B0CA8FFF799FF4C
S2140221300CA800F0AAF808A904A800F086F811B0C6
S21402214030BD70B590B001AC84E807001C46149907
S214022150164601F5381101F2411122464D0208A831
S214022160C4EB41210023FFF77CFF05F500712246F0
S2140221700023091B0CA8FFF774FF0CA800F085F8D3
S214022180F30048BF029A334648BF033201994CBF58
S21402219022F00302620004A8FFF763FF04A800F01F
S2140221A074F804A908A800F050F810B070BD10B575
S2140221B08CB005AC84E807000E9ADDE9060102F54C
S2140221C0381202F5A0725202CDE9092300228DE8E8
S2140221D003000B9202930CAA059B12E9070000F07B
S2140221E0E1F90CB010BD2DE9F04B4FF0000899460E
S2140221F00746164645468AB003AC84E8070002F056
S214022200805B07AC049A424502D80AB0BDE8F08B60
S214022210139B13B9AA1E012A0AD9129BCDE9077984
S214022220099600955BB194E807004B46FFF721FF3D
S214022230BBF1000F00D14F440135C844E2E74B46DC
S21402224094E80700FFF7B3FFF2E708B5E6F74CFCA1
S214022250E6F780FCE6F788FCBDE80840E6F798BC9F
S21402226010B5044622F07042103060602160A26011
S21402227039B1A26803F070431343A360029BE36084
S21402228010BDA36843F08043F7E701234360C368A9
S21402229043F02003C360836843F0005383607047B3
S2140222A00E2070474FF4806070474FF4807070477E
S2140222B001207047E6F7C2BBE6F788BBE6F78CBBA1
S2140222C0E6F790BBE6F7F0BB37B515464A68044614
S2140222D03AB18C680093096845EA0403FFF7C0FF29
S2140222E00446204603B030BD2DE9F04FD3B0CDE909
S2140222F00123DDE9608500230390042003ACCDE9C9
S214022300050307C907AB83E80700214618465D9E0A
S2140223100494E6F751FC0746002840F0BA805C9A1F
S2140223200AAB07CA83E80700494201F00F090021F9
S2140223305E9B5F9A5B6852680D9113445B4203F0A2
S2140223400F0AD8F8043012915B420093B368DA00A1
S21402235048BF73684FF0100242BF033323F00303F3
S2140223607360AB68DB0041BF6B68033323F0030383
S2140223706B605E9BD3F804B05F9B5C680BEB040358
S2140223805344CDE90E3173685B4203F00F03CDE987
S21402239010136B685B4203F00F03CDE9131316AB01
S2140223A01846159100F0EAFA5C9A516851B9D8F8C5
S2140223B004100C4354EA0B0401BF10229146CDE9E7
S2140223C00B240A9011234FF0005204A932A8FFF7FB
S2140223D07BFF40F611034FF0005207A9FFF774FF88
S2140223E042F611034FF000520299FFF76DFF44F6D2
S2140223F011034FF000520199FFF766FF41230022B6
S2140224005E99FFF761FF4FEA0A234FF000525F9989
S21402241043F04103FFF758FF4FEA09234FF00052FB
S21402242043F001030AA9FFF74FFF009B4FF000524B
S2140224301B0203F47063414643F00103FFF744FFB7
S2140224401038FFF722FF00230DA91A461AA8FFF735
S2140224503BFF002331461A46FFF736FF002310A93A
S2140224601A46FFF731FF002329461A46FFF72CFFCC
S214022470002313A91A46FFF727FF002362991A467C
S214022480FFF722FF1038FFF700FF1AA932A8FFF75E
S214022490DCFE384653B0BDE8F08F084611461A46B1
S2140224A05B68102B01D1E6F70FBC0720704782B09D
S2140224B000B589B00DF1200C20290CE907000B931A
S2140224C012D8DDE90E0102AB83E803005CE90201E3
S2140224D08DE803000BAA059B07CA00F0E7F809B0CF
S2140224E05DF804EB02B070470120F8E782B070B5E1
S2140224F086B00B93119B03AD202B85E807003CD8D2
S2140225000C9AB2EB430F3AD10F9EB34237D1062252
S2140225105A438A4203D003EB83038B422FD1012214
S21402252031462220129BE6F721FA0446F8B9012327
S214022530CDE9003395E807000E253346FFF753FE34
S21402254000950EAA07CA3346FFF793FD23460622D6
S21402255029460220E6F7F6F9E6F724FA06230446A9
S21402256078B900930BAA334607CAFFF7EAFD20465E
S21402257006B0BDE8704002B070470124F7E70724B2
S214022580F5E71C46F3E7034610461944CA1A012A21
S21402259000D5704711F8012D02440A701012F5E7B3
S2140225A000F0ECB982B02DE9F0418AB005AE12F027
S2140225B0804586E80700149C119333D1139B8C4206
S2140225C028BF0C4613F08053884603D1129A9442D1
S2140225D028BF144634B30F2C13D9DDE912018DE857
S2140225E003000294119B96E80700E6F785FAE6F7E1
S2140225F0B1FAE6F7B9FA0AB0BDE8F04102B0E6F77A
S214022600C7BA059E119F93B1A8EB0502042A3B6840
S21402261028BF0422701909A90435099300F0D5F9D8
S214022620AC42F1D80AB0BDE8F04102B0704722468B
S214022630394630460AB0BDE8F04102B000F0C5B9EE
S21402264082B070B586B00E9E0B930C9B03ADB3EBB7
S214022650460F85E8070027D10122314626200F9B28
S214022660E6F784F90446C8B90123CDE9003395E8B4
S214022670070006253346FFF7B6FD00950BAA07CAE4
S2140226803346FFF72BFD2346224621462846E6F729
S21402269059F9E6F787F9041E18BF0524204606B046
S2140226A0BDE8704002B070470724F7E782B02DE914
S2140226B0F04F89B001AC84E80700149A0D468A42AE
S2140226C0139305D0072009B0BDE8F04F02B070475B
S2140226D01E460B4413F8013CDB07F3D50027F35DD7
S2140226E08BB3FF2413EA040A2FD1DDF804803A469E
S2140226F0514608EB07094046EF1B00F03FF9CDE9CB
S214022700067ACDF8149005F1FF3A05AB0ECBDDE95B
S2140227101607B847002101278C46084699F800306C
S21402272023EA040389F80030A94211D1BCF1000F54
S214022730C8D00028E9D1002FE7D101224046FFF792
S21402274022FF3846BFE70137C9E76400E4B2C9E7AB
S214022750725C8A4518F8013008BF02F0FE02A2EB4E
S214022760030E4FEA1E2EBEF1000F0CBF4FF0000BF9
S21402277007F0010B5340013B1B0A002B0CBF00273E
S21402278007F00107002A18BF4CF0010C40EA0B00C4
S2140227900131C9E708B5E6F71FF910F00C0FFAD0B9
S2140227A010F4806018BF062008BD10B50446E6F790
S2140227B037F92046E6F780FB18B9BDE81040E6F781
S2140227C0E7BB062010BDE6F78BBF10B50446E7F759
S2140227D08BF82046DEF7E0F92046E6F7A3FC10BDAC
S2140227E001207047704770477047DEF795B970470B
S2140227F008B5DEF7F3FAFEF7D2FDDEF7E5FAE6F7FE
S214022800D3FFBDE80840E0F7E9BDE6F763BF08B5C9
S214022810DFF7AEF9DFF752FAE7F760F8BDE80840EF
S214022820DFF798B808B5FCF707FBE4F7FBFDFEF701
S21402283070F9DEF7A7FDFEF76AF9FEF76EF9FEF706
S21402284002FA0BF049FCE7F72FF8E6F7B5FFBDE80A
S2140228500840E6F76FBF08B5E5F7DCFFFFF7FFFBBA
S214022860E6F758F8FFF7FAFBBDE80840FCF7C0BAEF
S214022870DEF714BF704708B5DFF728F8BDE8084052
S214022880E6F77EBFE6F73CBF7047E7F71BB808B52A
S214022890FFF73CFAE6F71AFCFFF762FAFFF793FF38
S2140228A00AF098FDF8E72DE9F843074688461446ED
S2140228B00026D4E90195B9F1010905D52468002C52
S2140228C0F7D13046BDE8F883AB89012B07D9B5F9B5
S2140228D00E30013303D029463846C04706436835D2
S2140228E0E9E770B50C46B1F90E1096B01546002908
S2140228F01E460ADAA18911F0800113D14FF48062D4
S214022900002031602A6016B070BD6A46E8F7F6F914
S2140229100028EFDB019901F47041A1F500535942FA
S2140229205941EBE700214022EAE70139024410B59B
S214022930904201D1002005E0037811F8014FA3422E
S21402294001D0181B10BD0130F2E7884210B501EB2A
S214022950020402D98442234607D8431EA14207D066
S21402296011F8012B03F8012FF8E70244824200D146
S21402297010BD13F8011D02F8011DF7E702440346D5
S214022980934200D1704703F8011BF9E710B56AB10C
S2140229900139841810F8012B11F8013F9A4203D12D
S2140229A0A04201D0002AF5D1D01A10BD1046FCE78D
S2140229B070477047704710F8012B11F8013B012A47
S2140229C028BF9A42F7D0D01A70470A44431E914253
S2140229D000D1704710B511F8014B914203F8014F30
S2140229E0F9D110BD034613F8012B002AFBD1181AA1
S2140229F00138704738B50B6905460C4613B90025F1
S214022A00284638BD18B1036A0BB9E8F739F8B4F9A5
S214022A100C30002BF3D0626ED00704D4990502D492
S214022A20A06DFFF7C6FF28462146E8F719FA636E3F
S214022A300546DA07E4D4A3899B05E1D4A06DFFF727
S214022A40B9FFDDE710B50C46B1F90E10E8F79AFAB1
S214022A500028ABBF636DA3891B1823F48053ACBF59
S214022A606365A38110BD2DE9F0411F468B8905469B
S214022A700C46DB05164605D502230022B1F90E10D8
S214022A80E8F76EFAA3893246B4F90E10284623F404
S214022A908053A3813B46BDE8F041E8F785BA10B5FE
S214022AA00C46B1F90E10E8F75BFA421CB4F90C308A
S214022AB015BF606523F4805343F48053A38118BF87
S214022AC0A38110BDB1F90E10E8F780BAF7B5044637
S214022AD014F4004C4FF6FF7608BFFF2620F40040A1
S214022AE0050205F4E065C0F306209E42019145EA20
S214022AF0000504F0380E0846897904D201A800F0D1
S214022B00B4F900271AE06FF30F044EF0800EEE18A9
S214022B1044EA0E0444EA162436020C31B6B24718CA
S214022B2034434450391D2944BCF1000F09D021F822
S214022B30023C1146E8F75AFA0028E2D1384603B0BA
S214022B40F0BD01F8013CF4E770B504460E46156880
S214022B500A460021FFF712FF25F4004520462122EF
S214022B60314600F0D3F8290A04312046C9B200F0F3
S214022B7053F9A3791C44E56070BD026810B501F0F4
S214022B80040022F40044C2F306220021043240F07C
S214022B90290000F04FFB10B183790344DC6010BDBE
S214022BA00346002200681A600179E8F71FBA10B5DA
S214022BB00021FFF7E2FF044608B9002010BD0179A4
S214022BC0E8F714FA0028F8D1A3790C33E018F5E7F1
S214022BD02DE9F0411746056801F0040125F4004589
S214022BE02C0204F4E064C5F306252C4306461A4676
S214022BF0043441F0290507B18BB13B4621462846ED
S214022C0000F0EBFB804650B1E1B200F078F93B46AB
S214022C102A4641463068BDE8F041FFF757BF00201C
S214022C20BDE8F0812DE9F341002401F004010668B5
S214022C30074641F02905106829461460019000F005
S214022C401EF9019800F0A0F926F40046310201F4BC
S214022C50E061C6F30626314380460122043101A80C
S214022C6000F0B9FA30B101A800F0FFF8204602B031
S214022C70BDE8F08143462A4601993868FFF726FFE9
S214022C80F5E708B5FBF738FD08B1C3681BB1003895
S214022C9018BF012008BD4069F6E72DE9F0478846CF
S214022CA0164658B352B3E8F7E9F9074640B3B146B9
S214022CB00025BA469AF806109AF807403F68641A42
S214022CC0E4B2444584BF4446012544B10C3148462B
S214022CD022465144FFF779FEA144A8EB0408504669
S214022CE0E8F72CFA002FE4D165B93246022052F8F2
S214022CF0041B09F0B8FC2846BDE8F0872220FBE753
S214022D001B20F9E71E20F7E77047704738B51446D0
S214022D100A4600210546FFF731FE042324F01C0470
S214022D2044F010042C716B7138BD2DE9F74F1F4625
S214022D309DF83030894683460193002850D00029FA
S214022D4066D00D68002D65D04FF0000AEC79A9799F
S214022D50641AE4B2BC4207D30C31394458462944BB
S214022D60E41B0BEB020836E02868AA463F1B002845
S214022D7036D00546EAE70619464588BFA8EB0004A2
S214022D80224688BF4646FFF720FE019B002B3CD01A
S214022D90A879E4B23FBB2044A871E979AA799142A6
S214022DA033D1D9F800202F68AA4208BFC9F80070AC
S214022DB0BAF1000F01D0CAF800702846E8F7BEF94B
S214022DC067B1BA79FC7902F10C013D4639443046C6
S214022DD00027A41AE4B24045CDD30646A6EB0B0064
S214022DE003B0BDE8F08FEA793919121AD2B29142CD
S214022DF007DA0C302844D21B0144121B3844FFF772
S214022E00A4FDEA79121BEA71C7E7AA462F68D7E73C
S214022E100846E5E72846E3E710B5C4790246C4F15A
S214022E204503D8B2884228BF08460444D47110BD70
S214022E3038B50546C079C0F14504E4B2944288BF6D
S214022E40D4B20C3022462844FFF7BFFDEB79204669
S214022E502344EB7138BD1FB503910021009103A9ED
S214022E60FFF763FF05B05DF804FB38B5044620683B
S214022E7000B938BD0568E8F761F92560F7E703464B
S214022E8001F0EC0103B970471A79834202F013028B
S214022E9042EA01021A715A790CBF42F0010202F0AC
S214022EA0FE025A711B68EDE710B578B1026872B976
S214022EB0002309E0194603600B68002BF8D05C7902
S214022EC0E407F7D500240C600360104610BD1146D7
S214022ED0F2E720B1006810B14379DB07FAD57047F4
S214022EE0034658B10020DA7999791B68521A50FACB
S214022EF082F01BB15A79D207F5D57047704770B584
S214022F000D460446E8B186798E4203D3751A85715A
S214022F10012070BDC27906F145039B1ADBB29942C5
S214022F200FD806F10C010144921BA81BD2B208442A
S214022F30FFF70BFD0023A371E3791D44AD1BE5717A
S214022F40E6E70020E5E710B50C4698B191B189791D
S214022F50E279C379521AC3F14503D2B2DBB2934285
S214022F6008D30C312144FFF763FF2046E8F7E6F862
S214022F70012010BD0020FCE70346006818B1026875
S214022F801A600023036070470346002003B97047A7
S214022F90DA7999791B68521A50FA82F0F6E70368D2
S214022FA00BB9016070471A461B68002BFBD11160F3
S214022FB07047036803B10B600160704739B10B4676
S214022FC01A461B68002BFBD103681360016070472A
S214022FD070B5046806460D4644B12046FFF7D4FF96
S214022FE0A84211D8236813B9E379A37170BD2046AD
S214022FF03360E8F7A3F83468F4E7ED1A236820464E
S2140230003360E8F79BF83468002DEFD0A279E379B5
S2140230109B1ADBB2AB42F0D92A44A271E6E7F8B5B6
S214023020066805460C4646B13046FFF7ADFFA0429D
S2140230301DD8336813B9F379B371F8BD30462B60E7
S214023040E8F77CF82E68F4E7064638460768002F4D
S214023050FAD1C2798379D31ADBB2A34202D9121B00
S214023060C271EAE7E41AE8F769F83EB13760002C65
S214023070E3D028680028E0D00026E7E72E60F6E7CF
S214023080F8B504460F46BC4200D1F8BDA179E579F1
S2140230906D1AEDB2C5F14506B6B20EB92468F2E76E
S2140230A049B10C312A46214404F10C00FFF74DFCCD
S2140230B00023E571A3712368BB42EFD05A79D20789
S2140230C0ECD49979DD79A0796D1AEDB2B54228BFB4
S2140230D03546E2790C3010440C312A461944204415
S2140230E0FFF773FCE379206853FA85F3E37183797B
S2140230F0761B53FA85F5C379EDB2AB42B6B285714B
S21402310003D103682360E8F719F8002ED3D1C5E788
S21402311038B50C46016809B9046038BD0D46096821
S2140231200029FBD1236823B12046FFF7A9FF2C60B4
S214023130F3E721462846FFF706FF0028EDD1F6E71B
S21402314038B100230279036043608360042302716E
S2140231504371704700221146E8F76EB838B5044648
S2140231600D46FFF7CCFEA8B994B12079FFF7F2FF1F
S21402317068B104606279437992074CBF43F0020358
S21402318003F0FD03437145235D1BC371857138BD92
S2140231900120EBE72046FAE738B5036804460D46F9
S2140231A0ABB11879FFF7D6FF98B12268437902606F
S2140231B0527992074CBF43F0020303F0FD034371BA
S2140231C045235D1BC37185712060002038BD012038
S2140231D0E8E71920FAE770B50C461646054628B306
S2140231E0006818B309B9002070BD0AB145291FD876
S2140231F0E1B2FFF784FE0028F5D11EB92B689A7952
S2140232009E71A41A442C08D8002CECD02846E1B2B1
S214023210FFF7C2FF0028E6D004E045212846FFF764
S214023220BBFF08B11920DFE7453CEBE72220DBE7CE
S2140232302120D9E75318452B02DCC9B2E7F7FCBFB9
S21402324000207047F7B5002605460F4601960DB9D1
S214023250019C09E0002238461146E7F7EDFF0446D6
S21402326028B901A8FFF701FE204603B0F0BDA979F0
S21402327043798171EA7923F00303C2716879521A9D
S21402328000F00300034301F10C0063712918D2B267
S2140232902044FFF79AFB019B03B9019406B1346000
S2140232A026462D68D3E72DE9F74F0C46904607468B
S2140232B0002852D0002C53D0E279A579521BD2B204
S2140232C09A4207D9C2460C351D442544BAF1000F6E
S2140232D00ED13EE024689B1AECE7254634E0002C2B
S2140232E039D0002238791146E7F7A6FF386007463C
S2140232F08CB387B3E679F8790C362644761B5645A6
S214023300334628BF5346C0F1450B5FFA8BFB5B453D
S214023310994628BFD9460C304A4629463844019376
S214023320FFF753FBFA794E454A44019BFA714D4426
S214023330AAEB090A08D12468002CCED0A579E27936
S214023340AA42F8D00C3525445B45BFD3BAF1000F2C
S214023350C5D14FF0000AA8EB0A0003B0BDE8F08F13
S2140233602046FAE72DE9F8430E461546074680B38F
S21402337089B35AB30446E279A3799A4202D1A146A6
S214023380A84611E02368002BF9D0D9799A799142A0
S214023390F5D01C46EFE72AB9B9793879E7F74CFF3A
S2140233A0024688B1A1461446424631462046FFF7F9
S2140233B03FFD4C4518BFC9F80040A8EB000822683C
S2140233C00644B8F1000FE6D1A5EB08052846BDE88D
S2140233D0F8830546FAE70D46F8E7452937B5154658
S2140233E01C4611DC0022C9B2E7F726FF019040B165
S2140233F022462946FFF7B6FF844202D901A8FFF704
S21402340034FD019803B030BD0020FBE738B5154601
S214023410C9B2FFF795FE81712944C17138BD0B68A8
S21402342003B11868086010B14379DB0703D500388A
S21402343018BF012070470068F4E70B6813B90860EC
S214023440012070471868086020B1407900F001003A
S21402345080F00100704713B500240246019438B18B
S214023460104601A9FFF7E9FF28B9002C18BF22462B
S214023470104602B010BD019CF2E7E8F7B9B80AF0B0
S214023480D5BF2DE9F0410E460746E8F739FC8368BA
S2140234903060D90703D400242046BDE8F08100221C
S2140234A04321ECF725F80578044605F00F05032DB1
S2140234B090F801800DD1BB8A9A060CD4BB8A9B0772
S2140234C002D4B8F1250FE6D8032DE5D0052DE3D0BA
S2140234D0E1E7052DF2D13068E9F722F90028EDD1AF
S2140234E0D9E7838A9B0602D5084602F0ACBA704733
S2140234F002F0A9BA41773120ECF7B8B856280CBFCB
S2140235000123022331204B77ECF7B0B808B5E8F771
S214023510F1FCBDE808403120ECF7A8B838B500F158
S2140235202C050446284602F048FA50B194F820309A
S21402353013F0180F05D02846BDE83840002102F0E7
S21402354052BAA06A38BD2DE9F84390F823300546F2
S214023550012B0E4602D90020BDE8F88390F82030F1
S214023560D90758BF86F00106002E4AD1077EFFF71C
S214023570D5FF02F01CFB0378417807F1FF389A0664
S21402358001F102015FFA88F80BD5B8F1010F08D8ED
S214023590012F14BF04240824837803F01F0304EBCE
S2140235A0C306384602F039FA95F8213081465B07A1
S2140235B054BF022195F82510384648BF0231B8F1AB
S2140235C0010F9DBF013189B24FF0A0084FF00008ED
S2140235D002F023FA0746EC68E8F712FDA4F59673A4
S2140235E0A3EB09039B1BDB1BA3EB08031B1A002B95
S2140235F0B1DD95F8210000F00C00003818BF01205C
S214023600AAE70120A8E738B504462C3002F0D5F91F
S21402361094F8213001288CBF43F0080303F0F70327
S21402362084F821302046FFF779FF054602F0BFFAFC
S21402363094F82030228CC3F38001C3F340039B002E
S21402364043EAC10394F8211042F40052C1F3C001C8
S21402365043EA0113017842F0080201F023010B430A
S2140236600370437803B122842846BDE8384002F04E
S214023670A3BA5328F8B50C4615D009D8232800F06B
S214023680EA80512800F0C880BDE8F840FFF73EBF48
S2140236905628F9D191F82030DA075CBF23F01003E0
S2140236A081F82030F0E7E8F72BFB054600220221DE
S2140236B0EBF71EFFAB680646D80735D494F82330DE
S2140236C0013384F8233094F82630013384F8263008
S2140236D0002601212046FFF736FF0746C0B194F8C0
S2140236E02030D80740F1818094F8213059077CD4E5
S2140236F004F12C0002F061F9012894BF0023012393
S214023700580094F82210E8F765FA2046FFF77BFF88
S2140237102846E8F72FFB032E69D1284602F093F9D4
S2140237202B7B84F8273064E0002394F8212084F869
S214023730233042F0100384F82130317894F8203098
S214023740C1F38001C3F38000814218D083F00403E2
S21402375043F0100184F8201042F05002090784F862
S21402376021200CD523F0080343F0100304F12C00AB
S21402377084F8203002F03FF93320EBF777FF3278F7
S21402378094F82030C2F3C001C3F34003994228D113
S21402379094F82130D2064CBF43F0040303F0FB0337
S2140237A084F821307378B3B994F8203083F002039A
S2140237B084F82030327897078AD072789AB143F02C
S2140237C0200384F8203094F82130032643F02003A7
S2140237D084F821307DE72846E8F7A2FF0028E3D1E7
S2140237E076E7012675E7022673E7022089E7002EB0
S2140237F096D194F82130DA070AD494F8202043F0C0
S2140238000103D60748BF6A6884F8213048BF2260A1
S214023810002F3FF439AFF8BD91F82030084623F068
S214023820300381F8203091F8213043F0020381F80A
S2140238302130FFF773FE02F0BAF900212046FFF7A7
S21402384082FE00283FF420AF94F822100120BDE843
S214023850F840E8F7D5B991F82030DD06DBD5180731
S2140238600BD46568E8F7CCFB2D1AB5F57A7FD2DB68
S2140238702046BDE8F840FFF7C6BE91F8213019078A
S214023880EFD504F12C0002F098F80128E9D9C2E736
S214023890ECF7B6BB0A2802D80130C0B2704724281B
S2140238A001D80230F9E7252805D0262805D0272892
S2140238B018BFFF207047002070470C20704708B5DD
S2140238C0ECF7A4FB20B1BDE808402020E8F7D0BC06
S2140238D008BD70477047704770478B6918470020CD
S2140238E07047704770474FF00000704700207047DF
S2140238F070477047002070470020704700207047CE
S21402390000207047002070474FF0FF307047704726
S2140239107047002070470020704770477047704716
S2140239207047704770477047F4F7C2BBF4F7C8BBDE
S214023930F4F7E0BBE1F7AAB9704708B5E8F732F842
S21402394018B1BDE80840E8F709BD08BD2DE9F843FF
S2140239500E6A05460C461EB106600020BDE8F883D6
S214023960088B4B8B18440A3080B2E8F7D9F82860E7
S21402397090B32046E8F7FEF9D5F800800A2198F8B9
S21402398006704046FFF748FA0C37A37B08EB070998
S21402399089F80730637B314689F80630628B238BC1
S2140239A020461344A9F80830237B4FF6FF7289F8A5
S2140239B00530636848F807302B68E8F70DFA238B62
S2140239C0628B1344984201D12660C6E72B681BB16E
S2140239D02846E8F769F82E601920BFE71046194610
S2140239E0704737B50C4605460DF1060101A8E8F703
S2140239F077FD43F6FF739C420DD047F6FF739C4259
S214023A0009D0BDF904309C42B8BF1C46BDF9063049
S214023A109C42A8BF1C46AC8103B030BD70477047BD
S214023A200020704700207047704711207047002022
S214023A3070470020704770477047704701238371B4
S214023A40D31CC3714379417343F0030382734371FA
S214023A50704700207047002070477047704700206C
S214023A607047704770474FF0FF307047002070472E
S214023A7070477047002070474FF0FF3070471120A4
S214023A8070470020704701207047002070470020D2
S214023A90704700207047704700207047704700202C
S214023AA0704700207047704770470020704700201C
S214023AB070477047704700207047704770B51546CC
S214023AC01A1D0E46D2B20E21FFF7B8FF83790C33C9
S214023AD018440123A0F803608370457170BD38B5A1
S214023AE004460D46FF21FFF7A9FF83791C44A57300
S214023AF038BD38B504460D463E21FFF79FFF837951
S214023B001C44A57338BD70B50E4615460F21042217
S214023B10FFF794FF83790C33184401238680C37021
S214023B20857070BDFFF78ABF10B504460023FFF705
S214023B30C5FF2046BDE81040E8F736BE2DE9F04145
S214023B40804602200F4616461D46FFF703FB044634
S214023B5088B10C210822FFF771FF83790B441C44BD
S214023B609DF81830A4F803806771E6802581A3705B
S214023B70E8F71AFE0120BDE8F081F8B504460F46C4
S214023B801646132109221D46FFF7B3FF83790C332D
S214023B901C441323E770A37026712B68C4F8053003
S214023BA0AB88A4F80930BDE8F840E8F7FDBD70B56B
S214023BB0054602200E46FFF7CDFA0446B8B128465F
S214023BC0EAF72CFB01F0E4F900F0010004221421CC
S214023BD0A0602046FFF78DFF1422A3790C332344FE
S214023BE09A70A3F803505E71E8F7DEFD012070BDFF
S214023BF008B507F066FE08BD2DE9F041074602202B
S214023C000D4690461E46FFF7A5FA0446E0B1092285
S214023C102121FFF76EFF0A2283790C331C44BDF97B
S214023C20183084F8038093FBF2F323729DF81C305D
S214023C30A7806372BDF92030A67193FBF2F3E5719B
S214023C40A372E8F7B1FD0120BDE8F08100F0F2B9F9
S214023C507047704738B5044602F0DFFB054658B990
S214023C60C820E8F757FCC82202212846E8F7F0FCED
S214023C708442A8BF044624B22046E8F74BFC02F072
S214023C80CCFBBDE83840C8220221E8F7E1BCB0F917
S214023C900020B1F900302DE9F3479A4204460D465A
S214023CA04BDC0AF063F98046EAF716FD002841D19C
S214023CB0E8F7E2FC824602F0B0FBC8220221E8F7EF
S214023CC0C7FC0DF10601814601A8E8F709FC47F694
S214023CD0FF73B5F900209A4204BFBDF806202A8079
S214023CE0B4F900209A4204BFBDF804302380B5F927
S214023CF00000FFF7AFFF0746B4F90000B842C4BFA2
S214023D0038462780E8F756FC02F0D0FF064660B138
S214023D105046E8F74FFC4846E8F7FCFB40460AF0F8
S214023D2020F9304602B0BDE8F087E8F7A5FC20800F
S214023D302F80F3E741F20C06F0E72126F1E730B1D7
S214023D4090FAA0F00123B0FA80F08340D8B2704710
S214023D5070B5064601F022F9C0F3801484F001041F
S214023D6002060546E4B206D40821304601F0AEFD4E
S214023D7044EA4004E4B2EB0506D40B21304601F0D7
S214023D80A5FD44EA8004E4B2204670BD4B1E032B18
S214023D9010B50C4601D8032902D10023184610BDDF
S214023DA0FFF7D6FF04EA00038443F6D1F6E72DE9CF
S214023DB0F743044688461646019301F0EFF8C0F32F
S214023DC04015204601F066FB21468146284601F052
S214023DD0D6F8074606B32046EAF738FA8046204663
S214023DE001F05BFB32460146019B1FFA88F0E8F7BA
S214023DF0DDFD2146284603F022FC2021204601F064
S214023E00D3F857E8003F43F4805347E80032002ACD
S214023E10F7D103B0BDE8F08301A8FFF726F899F8BA
S214023E200110404601F00F0101F0EBFD2A4606287C
S214023E3014BF01463146204601F0DEFAD9E70329CF
S214023E4070B506460D4614460CD0042919D0012931
S214023E5015D1222101F0E7F82846314603F01FFC6F
S214023E60002070BD136812791B680021FFF79FFFC0
S214023E7000222368314601201A6003F010FC01205C
S214023E80EFE713680C221B68EFE7012910B504461A
S214023E900CD101F083F82146C0F3401001F06FF810
S214023EA00023817C1A462046FFF781FF012010BDC1
S214023EB02DE9F7430F46054601F070F800F0200999
S214023EC0C0F34018284601F0E5FABB7900780C33B7
S214023ED03B445E789B7800EA10101E403040FFF7A5
S214023EE02EFF044648B9B9F1000F06D12846FFF75F
S214023EF02FFF3040FFF723FF0446284601F0CDFA95
S214023F00EBF7A6FAA04223D01CB30221284601F002
S214023F108DF800210646284601F04FF9182138464A
S214023F2003F004FB384603F0F2FAB6B239464470A0
S214023F308470A0F80360284603F0DEFA2346224681
S214023F40294640460096E8F785FD03B0BDE8F083B3
S214023F5000242646E2E770B504460D4603F0CFFB82
S214023F6028B929462046BDE87040FFF7A1BF402881
S214023F7029462046BDE870404FF0160314BF2A2299
S214023F802322ECF7DDBE38B505460C4601F006F8EE
S214023F90830604D42046BDE83840E7F7CFB821466A
S214023FA02846BDE83840FFF783BF2DE9F3418C79F8
S214023FB006460C340C440D4600F0F0FFA178074686
S214023FC03046FFF7E3FE617880463046FFF7DEFEB6
S214023FD0B4F8032003460092C7F340104246314627
S214023FE0E8F738FD284602B0BDE8F041E7F7A6B884
S214023FF008B58B790B441B7B162B03D0172B05D0E9
S214024000002008BDFFF7A7FF0120FAE7FFF7BBFF76
S214024010FAE708B58B790B441B7B162B03D0182BBB
S21402402005D0002008BDE8F73FFD0120FAE7FFF7BC
S214024030BCFFFAE77047C0F3845303EB830300EB3D
S214024040830080B27047F8B500231360047D0546EE
S2140240508068FFF7F0FF14F00807034603D00B440E
S2140240606B600120F8BD6E68701AB0EB030CF8D5D1
S21402407014F001000AD1D5E90374E41B14EB0C0F0B
S214024080F0D419448E1B16606960EAE73846E9E701
S21402409010B50446E8F75CFD6168E069E8F7D8FD0C
S2140240A0BDE8104001F045BD38B50C46C94301F0E5
S2140240B001010546E8F70CFEA30702D4E869E8F713
S2140240C0F1FDBDE8384001F034BD10B50446E8F70E
S2140240D0FFFD2046E8F73CFDBDE8104001F029BD93
S2140240E0007D00F00100704707B5036801A8019340
S2140240F0E7F74CFA03B05DF804FB01F0FCBCFFF7EF
S214024100C6BD70B504460D4609F030FF236A064662
S2140241102B432362A36973B16368C3F57A75E7F725
S2140241206FFFE84202D52046E8F7BAFE3046BDE801
S214024130704009F016BFB5F5007F04D1E06AFEF7BD
S21402414023FF2085F2E7206BFEF71EFF6085EDE772
S21402415002F0BABD2DE9F04F85B09146139A8A4611
S214024160B2F900201D46009200229DF838301399BD
S21402417001930A809DF84830826902930446DDF86E
S21402418040B09DF850309DF858609DF864809DF8C8
S2140241906870002A40F00C8105F01C021C2A00F010
S2140241A0EF80EA0617D405F00302032A08BF05F0DB
S2140241B0FD0505F0F70500222046218D0393E9F759
S2140241C027FD40F2712202FB09F29042039B08D9B6
S2140241D041F24500D1E0012605F01403142B3346C4
S2140241E0E9D1A80608F0FD0248BF05F0FC05012A41
S2140241F000F0CC80B8F1020F08BF4FF004089A070F
S21402420084F8718000F1C5805B0740F1C480B8F184
S214024210030F14BF0321042107F0FD03012B84F8CA
S214024220801000F0BA80022F08BF0427B00784F877
S214024230727000F1B480720740F1B380032F14BF8E
S214024240032304230020009A84F89030E8F700FA4B
S214024250EF060646A4F85C0008D402F0DEF8009AE0
S21402426094F89010E8F7F4F9A4F85C00139B314632
S214024270188004F17800FFF7B4FB47F6FF7104F1EB
S2140242808800FFF7AEFBE06C94F89010FFF7CCFBCB
S214024290FF22236A84F862209DF8602023F09F03A1
S2140242A043EA021305F01802182A08BF43F08003F7
S2140242B023F06003680723620CD4029AD10744BF36
S2140242C043F020032362029B9A0742BF236A43F00D
S2140242D0400323622946204600F0D9FB236AA4F84D
S2140242E0585023F00703236204F16902BBF1000F62
S2140242F059D0DBF80010C4F86910BBF8041091809E
S2140243009DF83C20012A02D143F004032362019B5C
S21402431003F0FD03012B02BF236A43F0010323626D
S214024320019B023B012B9EBF236A43F002032362DA
S214024330FFF7AEFA94F874309DF85C2084F87300A8
S21402434023F00F03C0F30320034362F3071384F83A
S21402435074309DF84430204684F86030EB0648BF3F
S214024360236AA4F854A048BF43F40023A4F8569046
S21402437048BF236200F0A8FC002005B0BDE8F08F1D
S21402438001264FF0060A3346D1462AE74FF00308C5
S21402439035E7022140E701213EE7032746E70223ED
S2140243A050E701234EE7C4F869B0A2F804B0AEE7BE
S2140243B041F20C00E1E7F8B51646026A044622EA24
S2140243C006020262DA070D46069F0ED50846FEF77B
S2140243D04CFDA3694BB9B4F85830DB0605D4B6F5E4
S2140243E0007F204608D100F036FB1FB1394628462A
S2140243F0FEF7D5FD0020F8BD00F03BFBF5E770B5F3
S2140244000446C06A0D46FEF7BFFD0646206BFEF761
S214024410BBFDB1B282B22046E9F7FAFBA36933B11B
S21402442040F27122B4F854305343984201D8002027
S21402443070BDB4F85630834205D22846FEF715FD05
S21402444041F24500F4E700F51C70B0FBF2F0A4F868
S2140244505400ECE7930701D5FFF753BE7047F0B55B
S21402446085B016460446039330B903A8FEF7FDFC52
S21402447041F2420005B0F0BD01291BD0022906D048
S21402448059B103A8FEF7F1FC41F21200F2E703A8C5
S214024490FEF7EBFC41F20C00ECE74FF4007700F17C
S2140244A02C05B4F858305B0709D503A8FEF7DDFCE7
S2140244B00020DFE74FF4806700F13005F1E7039B49
S2140244C03A462946009320463346FFF774FF28688B
S2140244D0FEF75AFD1F2801DC032E01D02846D1E73D
S2140244E029462046FFF78BFF20B939462046FFF7BC
S2140244F008FEDDE741F24500BCE783693BB1B0F850
S2140245005830DB070FD490F86130FE2B0BD0036ACD
S21402451043F4005303620B68C0F863308B88A0F83C
S21402452067300020704741F20C00704738B5B0F88B
S21402453058300446DB070AD4204600F075FB0546D1
S21402454018B10021204600F054FB284638BD836C83
S214024550002BF1D1EAF7D8F8A0640028ECD141F29A
S2140245600905F2E7A0B1CB0742BF036A43F48053C2
S21402457003628A0742BF036A43F4804303624B071F
S21402458001D400207047036A43F400430362F8E74D
S21402459041F242007047A0B1CB0742BF036A23F440
S2140245A0805303628A0742BF036A23F4804303628E
S2140245B04B0701D400207047036A23F400430362CA
S2140245C0F8E741F2420070471FB5436B0C4623B929
S2140245D0836B13B9002004B010BD9A790021981895
S2140245E00E306A4601F012FE9DF80730002BF1D01D
S2140245F0009A0120D35A2380EDE738B50546FF21FD
S21402460090F8900001F0BBFD2B6A04469B0209D588
S2140246102846E8F71DFDFFF771F9837903F01F03BB
S21402462004EBC304204638BD10B5044609B1012088
S21402463010BDC06C48B9206D60B9B4F858309B07FD
S214024640F5D1206AC0F38050F2E7FFF7EBF90028B5
S214024650F1D0ECE7FFF720FA0028EED0E7E710B536
S2140246600446FFF7E1FF002814BF18200020B4F824
S21402467058309A06C3F3800103F0400358BF40F057
S214024680010043EA4103184310BD38B50C46002129
S2140246900546FFF7C9FFD0B9E30615D504F01800A2
S2140246A095F88030012B11D12B6AB5F858201C04DE
S2140246B044BF02F040010843910607D4920704BFA4
S2140246C0C3F38033184301E004F05B0038BD1820C2
S2140246D0E6E72DE9F04F8BB01E46149B0F46D3F843
S2140246E000A09DF854809DF8585003908DF81F2026
S2140246F0BAF1000F45D15046FEF72CFD044618B914
S21402470019200BB0BDE8F08F149B186063793A4607
S21402471023F00103637103980023CDE900640DF1D1
S2140247201F01E8F7CBFE0246B8F1000F06D00720BD
S214024730A3792344197B60F3030119731AB3D7B123
S214024740002339462046FEF7AEFD06462046FEF713
S21402475082FE8146002D14BF4FF00C0B4FF0080B63
S2140247604BF01002CBF38003049205933846FEF713
S2140247700BFCB0420CD86379002043F0010363714E
S214024780BFE75446C2E7002FF5D0A1461646E1E73A
S2140247903846FEF7F9FB0021A0EB06085846EBF771
S2140247A0FBFD059B03B10730C0F1FF0323EAE37369
S2140247B09845D1BF5A46C0F1FC03049A23EAE37334
S2140247C098454FF000000692A8BF9846FEF7C2FC36
S2140247D0069A054638B9BAF1000F2FD02368206032
S2140247E0099309A82BE0437909A943F00103437111
S2140247F00023C9F800008DF8242001903A46009361
S21402480003983346E8F75AFE1FFA88F2904206D01B
S214024810EB79A879023B434429181B1A4B735AB109
S2140248203346394628461FFA88F2FEF73CFD064410
S2140248302846FEF710FE0546A94697E71498FEF7A7
S21402484014FB5DE7B0F85830D90608D45A07C3F30C
S214024850800005D513F0030018BF01207047002022
S214024860704710B50446C06C18B9206D68B90020B0
S2140248700AE0FFF7D7F80028F7D0B4F8580000F09F
S2140248800300B0FA80F0400910BDFFF708F90028CF
S214024890F3D1ECE72DE9F84F054690461F46FFF7A1
S2140248A0DEFE014606462846FFF7EFFE834628460A
S2140248B0FFF7D7FFB5F858A081461AF0030F06F0A7
S2140248C0EF0407D11AF0200F02D11BF0010F01D01E
S2140248D006F0EE042B6A44EA4914E4B2C3F38056A7
S2140248E028465B0254BF44F0080444F00C04FFF769
S2140248F0A9FF48B144F002040A9B88F800403E70C3
S21402490083F80090BDE8F88F1AF0040F08BF04F091
S214024910FD04F1E72DE9F043B0F858300446C3F33E
S2140249200016DB0687B05CD400F138052846FEF791
S2140249309CFAB4F858300DF1170813F0020FC3F3BF
S214024940400929D0314620460DF116030DF1150215
S214024950CDF80080FFF79EFF9DF8167001233146C2
S2140249602046CDE901679DF815200095FFF7B1FEB8
S21402497048B9236A57B143F400139DF8172042B191
S21402498043F48013236207B0BDE8F08323F40013D8
S214024990F3E723F48013F5E7E76A3846FEF7F4FAFE
S2140249A00DF1160381B20DF115022046CDF80080F6
S2140249B0FFF770FF9DF81660012339462046CDE9C1
S2140249C001969DF815200095FFF783FE88B9236AA5
S2140249D04EB143F400139DF817203AB143F4801306
S2140249E023620020CFE723F40013F4E723F48013B6
S2140249F0F6E71920C7E770B5B0F858300446DA066D
S214024A0086B002D5002006B070BD9B07FAD500F12D
S214024A1040063046FEF729FA256B002DF2D0B4F890
S214024A207330204605A9ADF81030FFF7CDFD18B15A
S214024A30BDF81430A4F87330002307222946CDE9C6
S214024A400123204609220096FFF743FEBDF81030E8
S214024A50A4F87330D7E710B504463430FEF705FAEB
S214024A6004F13800FEF701FA236A23F46013236286
S214024A7010BD10B504463C30FEF7F7F904F14000CD
S214024A80FEF7F3F9236A23F40023236210BDB0F87D
S214024A90583070B5DA060446C1F3001601D50EB1D9
S214024AA070BDBEB100252046FFF7D5FF2046FFF7B2
S214024AB0E0FF04F12C00FEF7D8F9E562258504F143
S214024AC03000FEF7D2F9236A2563658523F4C063B6
S214024AD02362E5E7C1F34005C3F34003AB42DFD0F0
S214024AE0FFF7B9FF2046FFF7C4FF4DB104F12C00D3
S214024AF0FEF7BBF9236AE662268523F40073E7E72E
S214024B0004F13000FEF7B1F9236A2563658523F4C4
S214024B108063DDE72DE9F8438846114605461746C9
S214024B209946FFF79CFD014606462846FFF7ADFD6F
S214024B300021EBF731FCC11C95F88000042804D153
S214024B4095F87130032B18BF032000F066FF4FF470
S214024B50FA7308F1FF345C43F30600FB0844A5F839
S214024B605A0015D595F89080B8F1040F05D195F83E
S214024B707230032B18BF4FF00308B5F8580000F048
S214024B800300012807D0022819D004F5487478B12A
S214024B902046BDE8F8832421404600F03EFF10215F
S214024BA00546404600F039FF04F58A642C44044466
S214024BB03A464146304601F0B8FA0444E8E70E2188
S214024BC0404600F02AFF05464A464146304604F56E
S214024BD08A6401F0AAFA2C44EFE710B50446E8F717
S214024BE059F9844204D1BDE810402220EAF73EBDBE
S214024BF010BD38B504460D460830EBF7AFFD20462B
S214024C00FFF7EBFF85F0010100252046FFF74CFA7F
S214024C10A06CA56110B1E9F7C3FDA56404F14400D8
S214024C20BDE83840FEF721B970B590F86130044609
S214024C30FE2B09D1633000F055FF00F04CFF18B18F
S214024C40236A43F40053236242F20103256A2B408F
S214024C50012B36D0A9072BD5C5F3800504F16906CA
S214024C60002231462846FEF707FF002184F862003C
S214024C70FEF711FF002231462846FEF702FF18B162
S214024C8094F96200002815DA236A23F002032362ED
S214024C90B4F85830DA070BD59B0709D401223146FF
S214024CA02846FEF7EEFE18B1236A43F00803236295
S214024CB0002070BDB4F8581001F00101FEF7EBFEBB
S214024CC0E6E741F21200F4E738B5044609F04EF979
S214024CD0628D0546218D2046E8F79AFFB4F85410F7
S214024CE0B4F85620E060521A40F2712101FB02032A
S214024CF003F59C53083328462361BDE8384009F083
S214024D0030B938B50446B4F85820B0F95C0012F051
S214024D10100F94F88030C2F3001104F1780514D015
S214024D20024619460020E7F793FC01462846FEF79E
S214024D3058FE47F6FF7104F18800FEF752FEB4F9FA
S214024D408400BDE83840E7F7A5BC94F8812001F05E
S214024D505FFB01462846F0E710B590F85E20044651
S214024D60AAB1A1B190F85F300133DBB29A4280F863
S214024D705F300CD80121FFF73CFF236A43F48033EF
S214024D8023624FF08050BDE8104000F0D0BE226A89
S214024D90D1050CD5636A61685B1A002B07DA01211C
S214024DA02046FFF726FF236A43F48023E8E713062C
S214024DB024D4FEF76DFD1123B0FBF3F394F97020B3
S214024DC003EB0313C01A83B212FA80F0102888BFCE
S214024DD0C3F110035BB2083A1A4484F8702040F21A
S214024DE07121B4F8542020461A44636801FB02334A
S214024DF001216360BDE81040FFF767B90023EEE7C4
S214024E0073B50446FEF744FDC0F30F23542B34D982
S214024E10A92B8CBF02230123C0B27E288CBF02229C
S214024E20012203218DF804301344B3FBF1F000EBAA
S214024E3040001B1A8DF805301344B3FBF1F202EB67
S214024E4042029B1A8DF80630002319461A4601AD17
S214024E5015F8010B44FA00F6F60705D55600B040E1
S214024E6003430132DBB2D2B20131C9B20329EFD118
S214024E7043EA8210C0B202B070BD0023CCE7C94339
S214024E8050E8003F0B4040E80032002AF8D1704755
S214024E9038B505460C4601F0C2FA20B149F6404341
S214024EA09C4228BF1C46EA68A2420BD240F27121FD
S214024EB0B5F87E304B43934238BF1346A34228BF11
S214024EC023461A462A6138BD826A034612F4007FD8
S214024ED000F1480005D0D3F82821B3F84010EBF7CC
S214024EE015BB93F87310EBF707BB002070477047AB
S214024EF000207047002070477047704700207047B8
S214024F000020704770477047704770470020704710
S214024F100020704770470020704701207047C82065
S214024F2070470020704770470120704770477047EF
S214024F3090F8892010B5531C03F00F03072B28BFE7
S214024F400023044663F30302034480F8892083F8AF
S214024F50821090F889306F2B4FEA13129EBF0132EF
S214024F6062F3071380F88930FFF7E1FF204694F8D2
S214024F70301101F0C6FC10BD70477047704710B183
S214024F8001F1B000704701F1D4007047F830704765
S214024F90806A7047836A0B4383627047C06A7047B1
S214024FA0C36A0B43C3627047C36A23EA0103C36240
S214024FB0704700F59C70704790F8891008B50F2965
S214024FC004D90909823002F0A4FF08BD7F20FCE75D
S214024FD070B540F2712606FB01F345685643826AB5
S214024FE01D44D207044645600ED500F14405294605
S214024FF090F84220EBF786FD334629462046BDE868
S2140250007040012202F000BA05EB5605456070BDFD
S214025010D0F8A40000B9704743799B0701D4006812
S214025020F8E70120704780F87B10704738B50446D1
S2140250300D46E9F70BF980B2FFF75CFF80B14288B4
S214025040022DB4F8400011D0032D0BD0012D06D14D
S214025050A38FA26B1B01B3FBF2F3184480B238BDD8
S2140250600122EDE74FF47A43A26BF4E7E38F5B008D
S214025070073313FB0200F1E738B5044602F0B9FB2A
S21402508004F1A400FDF7F1FE04F1A800FDF7EDFE21
S21402509004F1AC00FDF7E9FE2046E9F7D7F8C4B202
S2140250A02046FEF727FC05462046FEF725FC01466D
S2140250B02846FEF71EFC38BDB0F8343110B5A0F80D
S2140250C032310446E9F7C2F8C0B2FFF728FF94F877
S2140250D0303194F8312104F1480101F099F9014682
S2140250E004F59470FEF77DFCB4F93221B4F934313C
S2140250F09A4209D0A36ADB0406D52046BDE81040D2
S2140251004FF40041E9F7B8B810BD806B7047836A68
S2140251100A4600F14801C3F34020EBF7A9B970B57F
S21402512004460E4615463AB9A36A23F440534EB9CE
S214025130A36255B9002004E0EBF79EFA0028F3D1EB
S214025140112070BD43F48053F2E743F40053A36288
S214025150F0E72DE9FF41836A0446DB0428D5B0F95F
S2140251603481B0F932710020E7F786FA8045CCBF69
S2140251700025012501F051F9C82294F83011E7F70D
S21402518067FA06462046E9F761F8B045B4BF00263E
S2140251900126002345EA4605CDE90085A8EB070768
S2140251A03FB202971A4694F8301180B2FEF724FDF9
S2140251B004B0BDE8F0818A307047F8B504460E4662
S2140251C000295BD040F27123876B30465F43A7F21B
S2140251D08A277F08394600F029FC94F89230851F0A
S2140251E0ADB29D4239463046A8BF1D4600F01EFCB1
S2140251F094F89320831F9BB29342A6F10300A8BFA4
S21402520013460128B4F88A10B4F88C202BD8B1F5CE
S214025210296F44F29020B8BF4FF429618142A8BF9B
S2140252200146B2F5296FB8BF4FF429628242A8BF81
S21402523002461B2DB8BF1B251B2BB8BF1B233046AF
S21402524084F8953084F89450A4F88E10A4F8902030
S21402525000F0ECFB831F9BB2AB42A8BF2B46DBB22F
S21402526084F89630F8BDB1F5A47FB8BF4FF4A471A8
S214025270B2F5A47FB8BF4FF4A472DAE71B23EFE7B8
S2140252802DE9F341876B490089B28F4204461646E0
S2140252901D463FD040F271224368816302FB07330A
S2140252A002FB11334360E8F7D1FF4FF0000887B2E4
S2140252B033464246012138460195CDF80080FFF775
S2140252C021FE3846FFF726FE41463846FFF71BFE0C
S2140252D00123E28FB242A28F1CBF0123E687AA42B5
S2140252E0A26A1CBF0123A587D20700D5A3B1A38F4C
S2140252F0A26B1B01B3FBF2F3204694F83011A4F81C
S214025300A030FFF75AFF0421204602B0BDE8F04164
S214025310E8F7B2BF0023DCE702B0BDE8F081F0B5E3
S21402532085B004460E466A4600F18A0300F19207EB
S214025330154618685968083303C5BB422A46F7D192
S2140253401868314628609B882046AB80FFF735FFF9
S2140253509DF80B2094F895309A4211D1BDF806209C
S214025360B4F890309A420BD19DF80A2094F8943003
S2140253709A4205D1BDF80420B4F88E309A4207D07E
S2140253804FF48141204605B0BDE8F040E8F774BF0F
S21402539005B0F0BD37B5044694F89250BDF8180033
S2140253A08D420BD1B4F88A50954207D194F89350A7
S2140253B09D4203D1B4F88C5085421BD08DF806105E
S2140253C0ADF80420019D84F8921084F89330A4F876
S2140253D08C0094F830112046C4F84051A4F88A2074
S2140253E0FFF79DFFB4F88E30A4F88A30B4F89030F8
S2140253F0A4F88C3003B030BD70B5044616460D4690
S21402540071B190F830318B420AD00126012201F0A8
S21402541046FB00222946204601F001FB84F8305163
S214025420204694F83011FFF77AFF36B12046BDE8E1
S21402543070404FF48441E8F71FBF70BD30B4C56AB0
S21402544015F0040F0DD145F00405C56280F89E10D4
S214025450A0F89A204FF4006130BCA0F89C30E8F720
S2140254600BBF30BC704710B511B190F89E400C705F
S21402547012B1B0F89A10118013B1B0F89C201A80BD
S21402548090F82C00C0F3800010BD836A43F480635A
S2140254908362704700F5A270704790F8300170473B
S2140254A0F8B5044608F062FD65680646E6F7A8FD0C
S2140254B02B1AB3F5FA7304D53046BDE8F84008F067
S2140254C050BD40F27122A16B94F874505143B3FB65
S2140254D0F1F3B4F8402098B2121AA4F8402094F8D7
S2140254E0732000FB1522252592FBF5F705FB1722F4
S2140254F0002AB8BF521984F87320B4F8A020121AF2
S214025500A4F8A020626800FB1122002120466260F7
S214025510FEF7DBFDD0E7F0B5036B04469D0790F877
S2140255207B6087B001D5FFF7A7FD236BD90700F193
S2140255304D81236B9A0411D52046E8F787FEA16AAF
S214025540C0B2C1F34021FEF732FB002800F06381AF
S2140255504FF4005104F13000FFF791FC236BD8049E
S21402556009D500212046E9F781FB4FF4805104F16A
S2140255703000FFF784FC236B590513D52046E8F765
S21402558065FE002394F89F50C2B21946284601F0E1
S2140255904BFC002800F03F814FF4806104F130009C
S2140255A0FFF76DFC236B5A0712D52046E8F74EFE2E
S2140255B0A16BA38FE28FC1F34F0180B201F048FDC9
S2140255C0002800F02881042104F13000FFF757FC80
S2140255D0236B1B070AD5204602F0EDFA002800F0DE
S2140255E01A81082104F13000FFF749FC236BDF061D
S2140255F017D52046E8F72AFEE16A80B211F48051F8
S21402560000F01C81002101F0B8FD002800F00381A3
S214025610E36A102123F48053E36204F13000FFF7BB
S2140256202EFC236B5D0613D52046E8F70FFE94F892
S2140256307B3080B20093D4E9082301F081FD002874
S21402564000F0E980402104F13000FFF718FC002644
S214025650236B180516D52046E8F7F8FD00230093BD
S214025660B4F89C30B4F89A2094F89E1080B2FEF7F4
S21402567065FA002800F0CF804FF4006104F1300094
S214025680FFF7FDFB236B13F480452FD1990513D545
S2140256902046E8F7DBFD2B462A4694F8301180B206
S2140256A0E7F784F9002800F0B6804FF4007104F1A1
S2140256B03000FFF7E4FB2E46236B1A0616D520466B
S2140256C0E8F7C4FDB4F8903080B2009394F89530B1
S2140256D0B4F88E2094F8941001F081FD002800F0B2
S2140256E09A80802104F13000FFF7C9FB236B9B06EA
S2140256F010D52046E8F7AAFD94F87B1080B201F098
S21402570053FD002800F08780202104F13000FFF7C7
S214025710B6FB0026236BDF0508D504F130004FF4F4
S2140257208071FFF7ACFB204602F07DF8236B1D0468
S21402573008D504F130004FF40041FFF7A0FB2046E5
S21402574001F02AF8236B580308D504F130004FF411
S2140257508021FFF794FB204601F07BFA236BD903E6
S21402576008D504F130004FF48031FFF788FB20465D
S21402577001F013F9236B9A0308D504F130004FF4B5
S2140257800031FFF77CFB2046FFF7D0FB236B9B071D
S21402579018D5002220461146FFF7C6FB2046FFF723
S2140257A0C5FB2046E8F752FD94F87B1080B201F064
S2140257B0BBFD80B304F130000221FFF760FB2046F8
S2140257C0E8F7EEFF012084F87B6025E0A76AFB0776
S2140257D0C7F3803522D5002D0CBF012503252046B0
S2140257E0E8F734FD94F89F30294605930023049386
S2140257F094F84230C7F340020393A38F80B2029319
S214025800E38F0193A36BC3F34F03009304F1750375
S21402581001F03EFC20B9002007B0F0BD6D00DEE7C7
S214025820012104F13000FFF72AFB50E8003F43F461
S214025830005340E80032002AF7D17AE601F0B4FCC1
S214025840E3E608B50220FDF785FC28B9BDE8084066
S2140258504FF08060EAF726B8BDE8084001F040BD88
S214025860826A002122F0C0028262E9F7FFB90123B0
S21402587010B5A1F12002C1F1200423FA04F403FAC0
S21402588002F222438B40D0E9084123400A401343E8
S21402589014BF0120002010BDC36A10B5044613F0E1
S2140258A0080012D00123A1F12002C1F1200023FA40
S2140258B000F003FA02F202438B40D4E908010340E7
S2140258C00A40134314BF0120002010BD10B50C4639
S2140258D0C9B2FFF7E1FF70B1EAF77AF8C4F1200225
S2140258E0A4F12003E04001FA02F2104321FA03F386
S2140258F0184300F0010010BD70B504460E46EBF7E3
S214025900A3FA08F033FB05460221204684F87B60A2
S214025910E8F7B2FC20460121FEF7C6FB2846BDE8A2
S214025920704008F01EBB70B50D46044608F01EFB1C
S21402593006462046E8F724FC304608F012FB2946C5
S2140259402046BDE87040FFF7D7BF0B68C0F840316D
S214025950704738B540F64805D0F840310C460B6023
S2140259609BB2AB4204D90B21FFF7B0FF08B92580E2
S21402597038BD44F290232380FAE708B5E8F7CEFD57
S21402598001F076FA00F06DFD01F074FDEBF7C6FE4D
S214025990BDE80840EBF72ABF38B50546FDF7AAFF73
S2140259A004462846FDF7A8FF214602460220FDF7D8
S2140259B0AEFF38BD00230384704790F8203090F87D
S2140259C02120981AC0B2704710B590F8203090F88F
S2140259D021205C1C9A1A80F8204003F0070340F846
S2140259E02310D0B210BD90F82130194401F00701FF
S2140259F050F82100704790F82130013380F82130AA
S214025A007047022808D0042803D0012818BF0620B1
S214025A10704701F00101C81C704710B50C46E9F743
S214025A202DFD0279408804FB020010BD10B50C461D
S214025A30E9F724FD4388A3429BBFE41A03790020BA
S214025A40B4FBF3F010BD37B50446E6F793F92046EB
S214025A50E6F77EFE002301A80193E6F733FA054631
S214025A6040B9A368322043F00403A360019B23627B
S214025A70E9F7FCFD284603B030BDEAF78DB838B525
S214025A800546EAF7B7F8044608F070FA2B68A360F2
S214025A90AB88A381A37943F00103A37108F061FAEE
S214025AA0012038BD38B50C460546EAF7A3F801468C
S214025AB005B1083106222046FCF737FFB0FA80F01F
S214025AC0400938BD10B50446EAF794F80368236027
S214025AD08388A38010BD08B5EAF78CF8807900F0B9
S214025AE0010008BD10B50446EAF784F8836823600F
S214025AF08389A38010BD70B50E461546E8F734FDBF
S214025B00044648B93046E7F701FC044620B9284661
S214025B10EAF7F0FB044640B10020E8F725FD002036
S214025B20E7F7F4FB0020EAF7E5FB204670BDF1F745
S214025B302BBB4FF40010F1F727BBE9F707BE11287D
S214025B4008B502D0122805D008BD1320BDE80840CB
S214025B50E9F78CBDE9F7B2FFEAF744F8E9F722FE67
S214025B601420F3E7E9F72EBD08B5EAF733F8E9F7AC
S214025B7059FFE9F7EFFCBDE808401120E9F776BDCA
S214025B80132808B502D0142809D008BDEAF732F85F
S214025B90FFF773FFBDE808401220E9F767BD002053
S214025BA0E9F7FEFCBDE80840F9F71BB970478379B0
S214025BB00C33184470477047002337B50446012556
S214025BC00193204601A9FDF738FC08B903B030BDA1
S214025BD001982A468379C1790025C91A0C33C9B2BD
S214025BE01844E6F72BFBECE70378024603F00F03B4
S214025BF0072B10B50FD1837813F03F000AD0D37865
S214025C0013F0100006D0012103F00F00941CEAF7EF
S214025C10D9F9204410BD0020FCE7512810B50C46E7
S214025C2007D1E6F767F92046BDE810400021FDF7E8
S214025C3061BCBDE81040FDF761BC51280B4609D196
S214025C408A8A18461305C2F3C02101D5E9F7DEBFDA
S214025C50FDF750BCFDF752BC10B50C780378C4F3C0
S214025C608014B4EBD31F1BD162B9023103F00F03C9
S214025C70032B13D106220830FCF757FE003818BF54
S214025C80012010BD8A7894060AD0CC78E40707D59E
S214025C9002F03F02062A03D90431E7E7052BE9D0D2
S214025CA00120EEE72DE9F0410D46848A114628468A
S214025CB0C4F340021E46FFF7CFFF10B10120BDE835
S214025CC0F08115F8027BFDF7DEFE04F4C07880F062
S214025CD00103B8F10002C7F38017294618BF012254
S214025CE03846DBB200F086F8014630B14FF4C07099
S214025CF03040B0FA80F04009E1E7FDF7CAFE00281E
S214025D00DCD1B8F1000FF1D0E04300F4C070EFE749
S214025D1021B140780C3818BF012070470120704727
S214025D2070B586B004469DF828600B9D11B9012017
S214025D3006B070BD62B9012204A90DF10F00FDF78D
S214025D40A6FED0B9204610F8021BC1F3801117E058
S214025D50002BF0D129463046FDF78CFE0028EAD10A
S214025D602378C3F38013B342E1D106222946A01C4E
S214025D70FCF7DBFD0028DAD1DDE79DF80F1004A85A
S214025D80E8F730FD0028D2D10123218B0093084684
S214025D90638BA28B01F042FB0028C8D0627D531EA3
S214025DA0072BC4D8238B9342C1D9E28A9A42BED823
S214025DB0A37F5BB9E37F4BB994F8203033B994F8EC
S214025DC021301BB994F822300F2BB0D994F8230057
S214025DD01B3000F01F000B2894BF00200120A7E70D
S214025DE010B50C4608B9E6F73BFA2146BDE8104066
S214025DF0FFF713BEF0B587B00E4617468DF80700BC
S214025E0002B9B3B331469DF80700FDF73EFE0446DD
S214025E1080B931469DF80700FDF73BFE38B90125EB
S214025E2087B9FDF723FE80F001000543ECB2204659
S214025E3007B0F0BD012204A90DF10700FDF727FE09
S214025E400546EDE79DF80710003918BF01210CB191
S214025E5005B104AE30460DF10F02EAF709FA28B989
S214025E609DF80F40013418BF0124E0E74FF0FF34DD
S214025E70F8E70124DBE783790C33C218937813F032
S214025E803F0004D0D3781940081E18BF012070477F
S214025E902DE9F7434FF00009044686798DF807107E
S214025EA00C360321A0F80690904687191D46FCF78B
S214025EB0B3FF072224F80690A35D18F0020F62F3E0
S214025EC00303A355BA7808F0010318BF43F0020390
S214025ED063F387129DF80730BA7003B935B1012211
S214025EE020460DF10701FCF7A3FF0125BB7865F3F9
S214025EF00503BB7003B0BDE8F08310B5012104466C
S214025F00FFF7B9FF28B12046BDE810400621FCF78E
S214025F1083BF10BD70B50D4602210446FFF7ABFFE6
S214025F2000B3A07900F10C02A35CA11823F0800351
S214025F30A354E379D5F869601B1AD8B20E5051FA09
S214025F4083F3B5F86D10204699802B6A062113F06C
S214025F500C0F1EBFA35C43F08003A354BDE8704041
S214025F60FCF75ABF70BD38B50D4604210446FFF74C
S214025F7082FF30B12046A91D0122BDE83840FCF759
S214025F8057BF38BDF7B504460F4616461D460DF1F7
S214025F900701013301228DF80730FDF7E3F90DF111
S214025FA00701012220468DF80770FDF7DBF92A4625
S214025FB03146204603B0BDE8F040FDF7D3B9F0B550
S214025FC0054614889C420AD2281947782E5D8F42CD
S214025FD004F1010416FA84F403D19C4203DD002086
S214025FE002E0A4B2EEE71480F0BD37B50D460421F8
S214025FF00446FFF740FF78B140F2FF23ADF80030C9
S21402600000238DF80230AB886A46ADF80330FF21D4
S21402601005232046FFF7B6FF03B030BD38B50D4660
S21402602008210446FFF727FF30B129462046BDE87F
S21402603038400222FCF7FCBE38BD2021FFF71BBF0A
S21402604037B50C4640210546FFF715FF50B10A2327
S21402605094FBF3F4012228460DF107018DF8074060
S214026060FCF7E6FE03B030BD10B58479C37904F1BF
S2140260700C021B1B02390244D8B251FA83F3537046
S2140260809378033860F30503937010BD837873B575
S2140260909A0604460D4620D0C07843071DD5012136
S2140260A0EAF77AF90138ADF80600E61CA378FF2174
S2140260B0304603F03F030DF10602FFF780FF60B1A2
S2140260C00378062BF2D140F2FF2342889A42EDD1A2
S2140260D00379002BEAD1A0F8055002B070BD38B59E
S2140260E0837804469A060D460CD0C078C30609D5B6
S2140260F0012100F00F00EAF74FF90444A37865F394
S2140261000503A37038BD38B5837804469A060D4653
S2140261100AD0C078030707D5012100F00700EAF786
S2140261203BF92B880444638038BD70B505460E469D
S21402613000F06B0000211446EAF72EF954FA80F4B8
S214026140FF2C05D821463046BDE87040FFF748BE12
S214026150FF213046FFF744FE05F04005FC3D00F502
S214026160487061190446FF2904EB000304D8304640
S214026170FFF736FE204470BD1C462944F3E708B5F7
S2140261800231C0B2FFF72CFE00F5FA7008BD37B533
S2140261900246136A084603F0020403F48055DB073E
S2140261A005D47CB9FFF78EFC204603B030BD4CB94F
S2140261B0B5FA85F4D2F8631064090160B2F8672074
S2140261C08280F1E7019092F96230B5FA85F4009385
S2140261D000231A4619461846FDF751FC6409E3E700
S2140261E010B50446A378084613F03F030CD0E378B4
S2140261F013F0010308D0211DFFF7C9FF237860F3CF
S21402620086130120237010BD1846FCE770B51446AD
S214026210054610220E4620460021FCF7AFFB2B78DF
S2140262209A064FD06B1C23606A78D30743BFF343AA
S21402623003F001032371012348BF0723900707D504
S21402624016F0020F0CBF1946002106336171DBB24D
S214026250500707D516F0040F0CBF1946002101336C
S214026260A171DBB2100707D516F0080F0CBF19464E
S21402627000210233E171DBB2D00607D516F0100F0B
S2140262800CBF1946002103332172DBB2900607D5F4
S21402629016F0200F0CBF1946002112336172DBB2D2
S2140262A0510607D516F0400F0CBF1A4600220133DE
S2140262B0A272DBB22A7802F03F029A4282BFD21A58
S2140262C0E372227370BD1FB50C466A460021023087
S2140262D0FFF79CFF9DF8063013B1A179009AD154BE
S2140262E004B010BD30B585B004460D4602306A468D
S2140262F00021FFF78BFF9DF8050088B12378009AEE
S21402630023F080032370D5F8693011181350B5F8BE
S2140263106D308B802B6A1A0704D45B0702D40120E7
S21402632005B030BD237843F080032370F7E72DE9EC
S214026330F74F06468A46144699469DF830B09DF8B1
S2140263403450FCF7FDFE0322B7790E990C3706EBA4
S214026350070888F8032008F10400BBF1000F16D1E5
S214026360E5B9FFF7AFFB9DF83C3008F10A0B83F066
S21402637001031D40BAF1000F15D1ACB9D9F80030AF
S214026380C8F80A30B9F80430ABF8043017E02DB973
S21402639031B10B68C8F804308B8883800125E2E7A8
S2140263A0FFF7A0FBFAE724B3FDF75DFB012300210C
S2140263B0CDE9000B1A460846FDF761FB01240D21C4
S2140263C04B1C88F80130F35DAA0103F00F0342EA82
S2140263D0C4121A43F255304688F802100331FCF70D
S2140263E01BFD0822F35D62F30303F35503B0BDE819
S2140263F0F08F0124C2E7CB08C05C012301F007013D
S2140264008B401840003818BF01207047704770470D
S214026410024619460020E6F71BB900207047002006
S214026420704707B500214FF0FF336A4608460093CF
S2140264308DF80430EAF71CF803B05DF804FB38B5B3
S2140264400546006806F0E0F90446287900F01F00C9
S21402645006F0DAF92044C0B2012894BF00200120D9
S21402646038BD704770B515460E461C46FEF78EFDC3
S2140264702B684EB103606B6843602368C0F8253012
S2140264802368C0F8153070BD83606B68C3602368EC
S214026490C0F829302368C0F81930F4E770B505460D
S2140264A0FEF774FD044607F061FD064640212846C5
S2140264B0FEF770FD4FF400612846FEF771FD304688
S2140264C007F04FFD0023284623612375236284F8D4
S2140264D02430FEF75DFD802310F0010F14BF2375F4
S2140264E084F8243070BD10B50446FFF7B9F920468B
S2140264F0BDE810401021E7F7BFBE10B504464FF4C2
S2140265006061FEF751FD2046BDE81040FFF7A8B9CE
S2140265107FB506460C46FEF739FD4FF4C0610546C8
S2140265203046FEF73DFD4FF400613046FEF73CFD77
S2140265304FF48060E9F7C6F9224670B969462846E4
S214026540E9F752FE6B4605F1100213F8011B02F83A
S214026550011DAA42F9D104B070BD6C4602F11006C4
S214026560234610685168083203C3B2421C46F7D16C
S214026570E8E737B50D46ADF80420FEF707FD0446FA
S21402658000F12003024601992846E9F759FD236ADD
S2140265900133236223B994F82430013384F824307B
S2140265A003B030BD37B50D46ADF80420FEF7EEFC5D
S2140265B001990446024600F110032846E9F7A8FDB1
S2140265C030B123690133236113B9237D0133237567
S2140265D003B030BD013903291FD8DFE801F00209F4
S2140265E0101712B190F90000704790F90100704739
S2140265F012B190F90200704790F90300704712B189
S21402660090F90400704790F90500704712B190F9AE
S2140266100600704790F9070070477F2070470028F1
S214026620ACBF05236FF0040318440A2390FBF3F073
S2140266305843A3F5FF7300B29842B8BF1846C8285D
S214026640A8BFC820704708B5C822E6F701F8BDE81B
S2140266500840FFF7E4BF10B504464FF40050E9F7D0
S21402666031F918B12046E9F79BFF08B9002010BDA2
S2140266700720FCE72DE9F74F81464FF400500E46FF
S2140266801746E9F71FF9002849D04846E9F7A6FF5A
S214026690F31E012B81BF012506F1FF33DBB29D40BD
S2140266A0044698BF0C2580464FF000034FF00602C2
S2140266B040F2EC4B88BFEDB202FB03FA14F80A1064
S2140266C045FA03F000F0010021F00C01013341EA23
S2140266D0800104F80A100020D9B20193FFF7B3FF35
S2140266E0A8F802B0A8F8040014F80A10019B21F0DA
S2140266F0030104F80A10FF21042B88F801104FF05A
S214026700060208F10608D7D100200437314627765C
S2140267106083A083FFF797FFE083A9F8320103B0F6
S214026720BDE8F08FF8B504464FF40050E9F7CAF812
S21402673070B32046E9F752FF0622054694F8303138
S21402674004F14801581EC0B202FB005094F83121F1
S214026750B0F90400FFF75CFEFFF761FF064607F09C
S21402676005FC31460746EE8304F59470FDF739F9C9
S214026770B4F93221B5F91E309A4204D04FF40041E2
S2140267802046E7F779FD3846BDE8F84007F0E9BB52
S2140267902046FEF791FCF8BD2DE9FF4704464FF46C
S2140267A00050E9F78FF8002865D007F0DFFB814636
S2140267B02046E9F713FFB0F91E600546B4F83271B9
S2140267C00020A4F8326194F830A1E5F755FF94F85A
S2140267D03031864294F831214FF0C80004F1480166
S2140267E0B5F91E80A6EB0707CCBF00260126FFF7E9
S2140267F00FFEFFF714FF6B8B8045B4BF4FF0000807
S2140268004FF001083FB2D3B901210AF1FF3AB5F9B8
S2140268101E305FFA8AFA01FA0AF148EA4602009343
S214026820C9B23B46204601F0CBFA2046FEF76DFC85
S214026830830803F548724308B2FBF3F36B832046E2
S214026840FEF7A6FBC30410D5204646EA4806E7F73D
S214026850FDFC02970196B5F91E3080B20093002324
S21402686094F830111A46FDF7C7F9484604B0BDE859
S214026870F04707F076BB2046FEF76BFC04B0BDE897
S214026880F08710B50C46E9F7A9FE447610BD10B5A0
S2140268904C1EE4B2032C07D8E9F7A0FE06235C439D
S2140268A0005DC0F3800010BD0020FCE7F0B585B0A7
S2140268B00646E9F793FE447E054604B30623013CEA
S2140268C0E4B25C43035D1B0710D53046E7F7BEFC17
S2140268D00027697E02232222CDE90177009780B243
S2140268E0FDF78AF92B5D67F3C3032B554FF480211E
S2140268F03046E7F7C1FC2B7E23F002032B7605B069
S214026900F0BD70B505464FF400500E46E8F7DAFFC4
S214026910002841D021212846FEF7BEFF00283BD0A2
S2140269202846E9F75BFE0622731EDBB25343C35CBE
S21402693004465A0730D500212846FEF777FB238CFB
S214026940984212D9C31A9BB2208483B1A28B934277
S2140269508EBF0022D21A92B2A283628B93428DBF5E
S2140269600023D21A6283638301E012D32084A38BAE
S21402697093B92846FEF712FB43040DD428464FF47B
S2140269808031E7F779FC31462846BDE87040FFF7CC
S21402699078BFC31A013BD6E770BD2DE9F843074618
S2140269A0E9F71CFE037E04465B0733D40623467EC5
S2140269B006F1FF395FFA89F903FB09F900EB0908CA
S2140269C031463846B8F90220E9F718FE051E21D0EE
S2140269D014F8093020DA13F0010F1BD13846FEF7FF
S2140269E094FB830803F548734008B3FBF0F305EB0A
S2140269F08505A3836A0031463846B8F9043012B2D8
S214026A00EAF75EFF30B9F11E01299EBF237E43F0EE
S214026A1002032376BDE8F88313F0020FDDE7F8B52C
S214026A2007464FF400500D461646E8F74BFF10B9DE
S214026A3011263046F8BD21213846FEF718FF0028F9
S214026A40F6D03846E9F7CAFD6B1E0446DBB20EB92D
S214026A50828B12BB062202FB0343294600223846DB
S214026A60B3F90430EAF72CFF06460028E1D138468F
S214026A70FEF74BFB830803F548734008B3FBF0F3BD
S214026A80033D012DA3839EBF237E43F0020323769C
S214026A90237E23F004032376CBE72326C9E72DE9DA
S214026AA0F34705464FF400500E461746E8F70AFF2E
S214026AB0A8B13146284677B1FFF7E9FE78B92846ED
S214026AC0E9F78CFD06F1FF38032E04465FFA88F8D4
S214026AD008D1B1460CE0FFF7DAFE0028EFD102B08B
S214026AE0BDE8F087042E0CBF4FF002094FF0FF09F5
S214026AF0062303FB08F3E25C04EB030A67F3820255
S214026B00E2543FB1207E314600F00100FFF79BFDC4
S214026B10AAF80400B9F1FF0F11D0062303FB09F30C
S214026B20E25CE61867F38202E25447B1207E09F17E
S214026B300101C9B200F00100FFF785FDB0802221F5
S214026B402846FEF794FE0028C9D02846FEF726FA05
S214026B500304C4D50123B9F1FF0F03FA08F10CBFF1
S214026B60002303FA09F349B218BF5BB21943C9B24C
S214026B70AFB1062303FB0848B8F90430012200939C
S214026B802846002301F01CF92846FEF7BEFA8308C1
S214026B9003F548734008B3FBF0F363839FE740F2C4
S214026BA0EC43EBE72DE9F04F884685B00746E9F758
S214026BB015FD062308F1FF34E4B25C4340F2EC43D1
S214026BC000EB040BBBF902A005469A4525D13846D0
S214026BD0FEF7E4F910F4103617D101224146384682
S214026BE0FFF71DFF814680B13846E7F72FFB0223E9
S214026BF04A464146CDE90166CDF800A080B2FCF7D0
S214026C00FBFF2B5D66F3C3032B554FF480213846FA
S214026C1005B0BDE8F04FE7F72FBB4FF00009035D64
S214026C203846C3F34002C3F3000646EA4206E7F7D5
S214026C300DFBF6B2CDE90169BBF902304A46009374
S214026C404146022380B2FCF7D7FF2B5D69F3C303EC
S214026C50DAE710B50446E9F7C1FC0021062303FB78
S214026C6001F2825C013112F0080F05D02046BDE821
S214026C701040C9B2FFF796BF0429F0D110BD38B54F
S214026C800C460546E9F7AAFC0622631EDBB253430E
S214026C90C25C110709D442F00802C2544FF48021A4
S214026CA02846BDE83840E7F7E7BA38BD0020704707
S214026CB041F0004141F4E02101607047036861F34E
S214026CC0DB43036070477047704710B5E5F7A6FDD3
S214026CD0837900210C33C418E078E6F7ABFA68B182
S214026CE0211DFDF70AFC0446E5F79EFDE2B20023ED
S214026CF0BDE8104042F23501FCF7E0BE41F2420424
S214026D00F2E72DE9F041E5F789FD837900260C3399
S214026D10C418E778E5F782FD0568E5F77FFDA7F179
S214026D20FE025142066051413846E6F783FA22795E
S214026D30044690B1B0F85830DB060ED52B463146E5
S214026D40FDF78DFB0446E5F76FFDE2B20023BDE8D2
S214026D50F04142F23701FCF7B1BE2B460021204635
S214026D6001F042FAEEE770B5E5F758FD83790C3389
S214026D70C418E678E5F752FD0568E5F74FFD0023EF
S214026D80A6F1FE025142036051413046E6F752FA3E
S214026D902279044690B1B0F85830DB060ED52B4661
S214026DA00121FDF75CFB0446E5F73EFDE2B2002357
S214026DB0BDE8704042F23801FCF780BE2B46012146
S214026DC0204601F011FAEEE710B5E5F727FD8379C4
S214026DD000210C33C418E078E6F72CFA6168FDF758
S214026DE0C1FB0446E5F720FDE2B20023BDE81040F1
S214026DF04FF61941FCF762BE10B5E5F70FFD837931
S214026E0000210C33C418E078E6F714FA6168FDF73F
S214026E10C2FB0446E5F708FDE2B20023BDE81040D7
S214026E204FF61A41FCF74ABEFE282DE9F8430646FD
S214026E30894690461F4616D00220FCF78BF9044678
S214026E4090B106221221FCF754FE1223A5792046A1
S214026E500C352544AB7085F803902E71A5F8058095
S214026E60EF71E5F7A1FC0120BDE8F883002070472A
S214026E70704710B5FCF7EDFD0446FCF718FE2043FC
S214026E80C0B210BD70B5E5F7C9FC83791844B0F8F6
S214026E900F60B0B2E7F7C2F980B1002100F030FE11
S214026EA00546E5F7C1FC044602232A4642F21B01C8
S214026EB0FCF704FEA3791C44668270BD0225F0E747
S214026EC070B5E5F7ABFC83790C33C418B4F80350FD
S214026ED02846E7F7A3F9A0B1611D00F011FE0646A9
S214026EE0E5F7A2FC04460223324642F21A01FCF7F8
S214026EF0E5FDE37923449D72E3792D0A1C44E5728D
S214026F0070BD0226ECE710B5E5F788FC83790C33F2
S214026F1018444479B0F80300E7F780F960B12146D7
S214026F20EAF76AFA0446E5F77FFC2246BDE8104017
S214026F3040F20641FCF7E7BD0224F4E770B5E5F738
S214026F406DFC83791844B0F80F5007F00FF804462A
S214026F502846E7F763F980B11621FEF7E4FC002520
S214026F60204606F0FEFFE5F75FFC2A46BDE87040C5
S214026F7000234FF60441FCF7A1BD0225F0E7F8B561
S214026F80E5F74CFC847905460C340444B4F8030057
S214026F90E7F744F9064640B9E5F746FC0222BDE8A3
S214026FA0F84042F21301FCF7AEBDAA79EB79002154
S214026FB09B1A0C320220DBB22A44FCF70EFA014678
S214026FC018B9E5F731FC0722E9E7837903338371C1
S214026FD03046B4F80D50B4F80F70EAF7B3F9044629
S214026FE03A4629463046E7F727FCE5F71DFC2246D7
S214026FF0D5E738B506F0BAFF0446FFF73AFF002891
S2140270000CBF0C250025E5F70FFC2A4642F20E01BE
S214027010FCF78AFDFCF722FD2046BDE8384006F064
S214027020A0BF10B5E5F7FAFB83790C330344B3F837
S2140270300300B3F80510C0B2E7F714FCE5F7F4FB5B
S214027040BDE81040002342F224011A46FCF736BD82
S2140270502DE9F84381460220884617461E46FCF76D
S21402706079F8044690B10A220321FCF742FD002378
S214027070A57920460C352544EB70A5F80490A5F8B2
S21402708006802F816E81E5F78FFB0120BDE8F8832D
S2140270902DE9F043814685B002200E461F469DF834
S2140270A044808DF80F20FCF755F80546002844D09A
S2140270B022222921FCF71DFD0022AC7930460C3431
S2140270C02C4404F10E0304F11401C4F80E209A8035
S2140270D06261228300913A460DF10F01FCF7C9FC6A
S2140270E09DF84030A4F80490E37006F00103A37103
S2140270F09DF80F3016F0FD0FE3713B68A360BB8866
S214027100A3814FF6FF7304D0032E08BF43464FF009
S214027110FF08BDF8302028466283BDF8342084F884
S2140271202180A283BDF838206384E2839DF83C2048
S21402713084F82020E5F738FB012005B0BDE8F0838F
S214027140F8B50746022016461D46FCF703F8044625
S21402715090B10C220421FCF7CCFCA1799DF81830E2
S2140271600C31214420468F80C1F80660C1F80A50CF
S214027170CB70E5F719FB0120F8BD70B50646022074
S2140271800D46FBF7E7FF044668B103223021FCF701
S214027190C9FCA37920460C332344A3F803609D70F0
S2140271A0E5F702FB012070BD70B5064602200D46CB
S2140271B0FBF7D0FF044688B104220821FCF7B2FC94
S2140271C0B5FA85F2A37952090C3323442046A3F874
S2140271D003605A719D70E5F7E7FA012070BD2DE94C
S2140271E0F84381460220884617461E46FBF7B2FF42
S2140271F00446B0B10B220721FCF77BFCA579BDF84B
S21402720020300C3525442046A5F80390A5F80580C5
S214027210A5F80770A5F80960A5F80B30E5F7C4FADB
S2140272200120BDE8F883F8B5074602200E4615464B
S214027230FBF790FF0446A0B10D220521FCF759FC8E
S214027240A37920460C332344A3F80370A3F80D60F9
S2140272502A68C3F805206A68C3F80920E5F7A4FA85
S2140272600120F8BD2DE9FF41164680460F466A46C4
S2140272706D460A9C03F1100E944618685968083346
S214027280ACE8030073456246F6D124B90220FBF748
S21402729061FF044608B31D22ED212046FCF71FFCC1
S2140272A0A3790C332344A3F80380A3F80D702EB100
S2140272B03268C3F805207268C3F809200F332A46DD
S2140272C003CA596004A98A421860154603F10803E6
S2140272D0F5D12046E5F768FA012004B0BDE8F08152
S2140272E037B51321827901900C3281548518002219
S2140272F00321C280FBF790FD0198E7F7F9FD0446EB
S2140273000198FFF7B3FD204410F0FF0004D101A856
S214027310FBF7ABFD03B030BDA8708000013068708B
S2140273200198E5F741FAF5E770B5064602200D46E4
S214027330FBF710FF044678B104220521FCF7F2FBA6
S2140273400022A37920460C332344A3F803605D7120
S2140273509A70E5F729FA012070BD13B5837901907A
S2140273600C33C418C05CE6F759FF20B901A8FBF736
S2140273707CFD02B010BD019962788B7912F0300F55
S21402738003F104038B714B790CBF43F0010303F046
S214027390FE034B71E7F76AFCEBE72DE9F041E5F7F0
S2140273A03DFA83790C33C418B4F803801FFA88F0C8
S2140273B0E6F734FF0746E8B1A2796179FDF7AFFE3A
S2140273C00646E5F731FA05460223324642F27A01CC
S2140273D0FCF774FBAB791D44A5F8128066B9A37955
S2140273E053B13846FEF759F801463846BDE8F04133
S2140273F0FFF745BC0226E4E7BDE8F0814368143B8C
S2140274004360A0230B6070471AB94268A2EB53028E
S21402741042600A6802EB83020A60704730B588420F
S214027420BDF80C4019D8052817D9B1F5486F14D8FD
S214027430B3F5FA7F11D240F67645A2F10A0080B281
S214027440A8420AD803FB04444C4312B26400B4EBCD
S214027450C20F94BF0120002030BD0020FCE7C943C4
S21402746050E8003F0B4040E80032002AF8D170474F
S2140274700020704708B5E9F7A3FBBDE80840E9F726
S214027480F7BD2DE9F04104460F46002601252146A8
S21402749086F00100FDF773FD4FF48051FFF7DFFF22
S2140274A0836880463BB1028ABA420CD1002201218F
S2140274B0204698470540731C022B4FF00106E6D182
S2140274C02846BDE8F0810268D10502D500221146A1
S2140274D0EEE79307EFD52046FDF79AFD0246002811
S2140274E0E9D10521D8F80830E2E708B5FDF761FDD5
S2140274F000230380436008BD38B504460D46FCF7FA
S214027500A7FB29462046BDE83840E7F7AFBB10B5D3
S214027510837904460344187BE9F742FB014620467A
S214027520FBF77AFCA0790C30204410BD07B540F278
S2140275300332C28042798DF8071042F0030242718C
S2140275400DF107010122FBF773FC03B05DF804FBA3
S21402755070B50C460546072120461646FFF7E6FF9D
S2140275602046FFF7D4FF214646702846BDE8704005
S214027570FFF7C2BF38B50C4600210546FDF756FD9B
S21402758047F6FE73241AA4B29C4205D9284628213F
S214027590FEF7B2F9002038BD0120FCE738B50446F4
S2140275A00D4601460020FDF7EAFC03689B0505D45C
S2140275B029462046BDE83840FFF7DCBF002038BD2C
S2140275C02DE9F04115461F469DF81880FDF7D7FCB9
S2140275D0044606F0CBFCB8F1010F064623D154E868
S2140275E0003F43F4807344E80032002AF7D105B323
S2140275F054E8002F42F4007244E80023002BF7D12F
S214027600FF212046FFF72BFF54E8002F48EA02022C
S21402761044E80023002BF7D13046A5602782BDE858
S214027620F04106F09EBC4FF480712046FFF717FF2C
S214027630DDE74FF400712046FFF711FFE0E773B570
S214027640064601200C46FDF79AFC002305461A461C
S214027650009321463046FFF7B3FF6B6863B14FF4E1
S21402766080712046E6F708FE55E8003F43F40073B3
S21402767045E80032002AF7D106F078FC0546204697
S214027680FDF797FC28B103881BB14FF40070FEF794
S2140276904EFA284602B0BDE8704006F062BC38B525
S2140276A005460C46FDF76BFC83684BB1022120466B
S2140276B00022984721462846BDE83840FFF7BFBF5C
S2140276C038BD012938B505460C4608D0CC1E012C1B
S2140276D003D801460120FFF7E2FF012038BD222130
S2140276E0FDF7A1FC20462946FFF7D9FF0020F5E763
S2140276F008B5FDF744FC006800F0F00008BD10B5C0
S214027700014604460120FFF7F3FF20B92146BDE8F3
S2140277101040FFF7EDBF10BD70B506460D46014698
S2140277200120FDF72CFC314604460020FDF727FC1D
S2140277302268036842EA0301C90523D4920549BFB9
S214027740248A4FF6FF74641BA4B29B0554BF4FF6FF
S214027750FF73038A304644BF5B1B9BB29C42A8BFA2
S2140277601C46FCF7D1F8002804DB411B89B28C4288
S214027770A8BF0C464FF6FF739C4208BF4FF0FF347B
S214027780204670BD0124FBE72DE9F3410446019132
S214027790014601201546FDF7F2FB2146064600206B
S2140277A0FDF7EDFB80462046FDF7F2FB010706D506
S2140277B001A8FBF75AFB0C2002B0BDE8F08106F0E8
S2140277C0D5FB336807469A0503D4D8F800309B05E4
S2140277D009D50199301D8D60FBF7E1FB384606F0AE
S2140277E0C0FB0020E8E706F0BCFB20460199A8474C
S2140277F0E2E738B5014604460120FDF7C0FB054620
S2140278000C30FBF732FB281DFBF72FFB214600202E
S214027810FDF7B5FB04460C30FBF727FB201DBDE841
S2140278203840FBF722BB70B5014605460120FDF73E
S214027830A6FB06460430FBF79FFB044670B14FF4E6
S21402784000713046FFF70BFE21462846A36898478C
S21402785020B12046BDE87040E3F770BC70BD00233F
S2140278608260C0E900310373704708B50B460146D3
S2140278701846FDF784FB4078C0F3400008BDFFF7CA
S21402788020BFCB1E012B70B504460D46164606D801
S2140278901A21FDF7C8FB40212046E6F7EDFC3246EA
S2140278A029462046BDE87040FFF70BBF38B50446B0
S2140278B00D46FDF7ADFB28B1012D04D1222120464D
S2140278C0FDF7B1FB002038BDF8B50C468B790746AC
S2140278D00B44D3F80D60D3F811303246E7F71EF9A1
S2140278E009212046FFF722FE2046FFF710FEA57963
S2140278F0E8F76EF80C3566F0FF0625440640C5F834
S2140279000160E8F765F83846C5F805102146FFF726
S214027910F3FD02213846E9F77FF9F8BD70B50E4649
S214027920054601460020FDF72AFB012E044603D039
S214027930022E11D0012070BDC16828468B791944E9
S2140279400D31FDF7E4FBE068E3F7F8FB002029467B
S214027950E060FFF774FEEDE7C068E3F7EFFB002395
S214027960E360E7E738B50D46044601460120FDF719
S21402797006FB012D08D100F112012046FDF7C7FBD8
S21402798021462846FFF75BFE012038BD08B5FDF705
S21402799005FB00F0010008BD38B50C46022105467D
S2140279A0FDF7FEFA0C212046FFF7C0FD2046FFF742
S2140279B0AEFD4FF0FF3383700223C3700F23437074
S2140279C0602303710623214643712846BDE83840EA
S2140279D0FFF792BDF8B50C460546FDF7D9FA00F05A
S2140279E0010787F0010729463846FDF7C8FA012C39
S2140279F00646C06803D0022C21D00120F8BD837948
S214027A000C33C41823892846E288A188FDF738FC7F
S214027A106188627849005200284689B2FDF7D8FA92
S214027A20F068E3F78BFB002328464FF48031F360BF
S214027A30FDF7BAFA29463846FFF701FEDDE7E3F717
S214027A407DFB00234FF480312846F360FDF7ACFA45
S214027A50D3E7042910B5044601D0002010BDFDF777
S214027A6097FA00F00100C0F10200E7F72BFF0028AA
S214027A70F3D1FBF76FFB014608B90220EEE720467A
S214027A80E9F784FC0028F8D10120E7E72DE9F04168
S214027A900F4604469046FDF77BFA00F0010585F096
S214027AA0010521462846FDF76AFA012F064603D04D
S214027AB0032F0FD001200BE02046FEF71EFD2221E9
S214027AC02046FDF7B0FA28462146FFF7E8FD0020DB
S214027AD0BDE8F081C068E3F731FB00232046F3607F
S214027AE0FEF70BFD204698F80410FDF79CFA204698
S214027AF02021E6F7C1FB21462846FFF7D0FDD9E74D
S214027B0037B504460D46FDF749FA00054FD5022063
S214027B10FBF720FB019000284BD0204655B3FDF71B
S214027B2037FAC1070AD505210198FFF7FFFC01982D
S214027B30FFF7EDFC20460199FFF7DEFC29462046BA
S214027B40FEF7E6FC2046FDF723FAC2070FD44FF4F1
S214027B5000612046FDF728FA06210198FFF7E6FCA9
S214027B600198FFF7D4FC20460199FFF7C5FC0020D8
S214027B7003B030BDFDF70CFAC3070DD501990323F8
S214027B8006222046E9F7DCF82046FEF7B6FC214638
S214027B902846FFF784FDEAE701A8FBF766F92046C8
S214027BA03D21FDF7A9FE2046FEF7A7FCDFE70C20E5
S214027BB0DEE70720DCE7F7B5014604460020FDF7BE
S214027BC0DEF9054600F112074FF48060E7F77AFE09
S214027BD050B92046E6F73AFB3A46698B80B203B0C4
S214027BE0BDE8F040FFF71FBB2046E6F72FFB064630
S214027BF020466D8BFDF7CAF90022034600922946FD
S214027C003A46B0B2FFF72EFB03B0F0BD83781A2BCC
S214027C1009D81B2383700288B2F5A47F07D24FF4DB
S214027C20A473038007E0FB2BF5D9FB23F2E744F2AB
S214027C3090239A42F5D870472DE9F04304468A8885
S214027C404E888B790D88C97987B043EA012303A849
S214027C50ADF80C308DF80E20EDB2FFF7D7FF04A872
S214027C60BDF80C909DF80E80ADF810608DF812509D
S214027C7005A9FFF7CBFF2046BDF810709DF81260ED
S214027C80FDF767FE0B212046FDF720FE40F648056D
S214027C9044F29023002818BF1D464346BDF8142020
S214027CA09DF816104D45D4BF0095CDF80090FB2BDD
S214027CB0A8BFFB23BA42A8BF3A46B142A8BF314684
S214027CC02046FDF767FB07B0BDE8F08337B51446DC
S214027CD005461046FFF72AFC2046FFF718FC01A9C6
S214027CE004462846FDF735FE0B212846FDF7EEFD35
S214027CF06FF004036370002344F29022A37040F6F0
S214027D004803002818BF1346A4F803309DF806302F
S214027D10A4F80530BDF80430A4F8073003B030BD2F
S214027D20FFF7CFBC022973B505460C4603D00024E4
S214027D30204602B070BD0521FDF799FD0028F6D059
S214027D40E6F796FD1B28F2D94FF40040E7F7BAFD96
S214027D500028ECD1FBF7FEF906460028E8D02846B4
S214027D6001A9FDF7F6FD314628469DF80630BDF816
S214027D700420E9F755FD0028D9D10124D8E70129C6
S214027D8010B504460FD0033901290AD8FEF78EFD36
S214027D904FF480412046FDF707F921460120FFF700
S214027DA07EFC012010BD2221FDF73DF94FF48041F3
S214027DB02046FDF7F9F82046FEF778FD0020F1E7A9
S214027DC02DE9F0478A462221804615461F46BDF910
S214027DD02090FDF74CFD60B30220FBF7BBF9064688
S214027DE048B32521FFF7A2FB3046FFF790FB6B0056
S214027DF003F00203C5F340051D4385700A2540F2D1
S214027E00EC4397FBF5F79945044680F801A0C77046
S214027E100DD04846E4F770FC90FBF5F35BB24046A3
S214027E2031462371FFF768FB0020BDE8F0877E230A
S214027E30F5E71120F9E70720F7E77FB54A1E042A7F
S214027E4003460E464FF0000451D8012902D100889D
S214027E5004B070BD022905D100885B88984238BFFD
S214027E601846F5E74A00014601A8ADF80440ADF809
S214027E700640ADF80840ADF80A40ADF80C40FAF7F7
S214027E80A4FD032EBDF80400BDF80650BDF8081088
S214027E9030D0042EBDF80A3035D0A84298BF2C4602
S214027EA0BDF80C209CBF05462046934202D81446D5
S214027EB01A462346AA4238BF2A46834228BF0346AA
S214027EC098B2814222BF0B460146184692B29042B1
S214027ED028BF104680B2884238BF0846B8E7234615
S214027EE04FF6FF72E3E71A464FF6FF73E2E74FF6E6
S214027EF0FF70ADE7A842F2D82B4622460546184642
S214027F004FF6FF73D6E7A842EDD82A460546104636
S214027F10E6E7F7B54A1E062A05460C464FF000036A
S214027F2000F28680012903D190F9000003B0F0BD6B
S214027F30022907D190F9000095F901309842B8BF9E
S214027F401846F3E70A46033C014668468DF80030B9
S214027F508DF801308DF802308DF803308DF804303C
S214027F608DF805308DF80630FAF72FFD9DF90030B2
S214027F709DF901509DF902609DF90500032C41D838
S214027F80DFE804F0594743027F2298429DF90440F5
S214027F9044DB9DF903108B42DEBF0F4619463B4673
S214027FA0AA4202DA2F4615463A46A642DEBF2746C0
S214027FB034463E468D42B8BF0D469842A2BF0146A1
S214027FC018460B469442DEBF114622460C468242B3
S214027FD0B8BF024652B2A242A8BF2246B342A8BFC8
S214027FE033466DB258B28542DCBF0346284652B2CB
S214027FF0D8BF1D469042B8BF104640B2A842A8BF9E
S214028000284693E79DF90620BFE77F226FF07F00A0
S214028010BBE77F226FF07F041046BAE71946034695
S2140280200846B6E77F206FF07F0102460C46BCE7A3
S2140280306FF07F007AE713F1800FF3D17F221C46A0
S21402804019461046B1E72DE9F041446B05460E4647
S21402805004B9846B2B6AC3F340209B052ED50CB95A
S214028060EB6A4BB32846FCF7FCFB2B6AC3F30052C1
S214028070904211BF01205F0D87EA935707F0010077
S21402808007469CB194F80680284608F10C08A044DE
S214028090FCF7D8FB98F8023013F03F031CBF98F8A1
S2140280A00330C3F340032FB95840C0B206B1346060
S2140280B0BDE8F0810120F9E72046F9E7002CD1D18E
S2140280C0F6E7F7B5026A054692050B460CD5C26A74
S2140280D052B1FCF71FFC0446F0B92846E4F7E0FE6E
S2140280E00024204603B0F0BD0026184601A90196DA
S2140280F0E5F77CFC044678B905F12C073846FAF712
S214028100B4FE019B2846EB62FCF704FC044648B129
S2140281103846FAF7AAFEEE6241F20703192C08BFA8
S2140281201C46DEE72B6A43F400232B62D5E7B0F841
S2140281305830024613F0020013D0C3F30010DB06D9
S2140281400ED4D36B0BB9136C5BB19A790C32134411
S214028150987810F03F0004D0D878C0F340007047FB
S214028160002070472DE9F3410546C06B10B9286C14
S214028170002837D04FF0000801A9CDF80480E5F7B3
S21402818035FC044600BB05F13C073846FAF76DFE9F
S21402819005F13006EC6305F14000FAF766FE30465C
S2140281A02C64FAF762FE019B28462B63FCF723FC3D
S2140281B0044668B13046FAF758FE41F20703192C16
S2140281C008BF1C46C5F83080204602B0BDE8F081E4
S2140281D03846FAF74AFE2B6C3046C5E90F34FAF7F2
S2140281E044FE2C630024EFE72DE9F04385B0894670
S2140281F017460546039340B903A8FAF736FE41F23E
S2140282004204204605B0BDE8F083022910D1C06CB6
S21402821028B903A8FAF729FE41F20C04F1E7194639
S214028220FBF703FC002800F0868040F48054E8E761
S21402823039B101292DD003A8FAF717FE41F212042C
S214028240DFE74FF4007800F12C06B5F858309807AF
S21402825004D5B9F1000FEED0990702D4B9F1010F97
S214028260E9D0039B4246009331463B462846FCF73C
S214028270A2F804460028C4D13068FAF785FE40F218
S214028280726398420AD93046FAF7EFFD41F20704C4
S214028290B7E74FF4806800F13006D6E7B9F1000F71
S2140282A00BD1BF2809D9B5F858309A0705D0304601
S2140282B0FAF7DBFD41F24504A3E731462846FCF710
S2140282C09EF8044600289CD1BB072FD595F874303B
S2140282D095F8739003F00F02B8F5007F49EA022979
S2140282E015D02846FCF787FB0446F8B195F874309B
S2140282F0304623F00F0343EA192385F8739085F876
S2140283007430FAF7B2FD192C7FF47BAFBEE709F1A1
S214028310010285F8732023F00F03C2F303221343EE
S214028320284685F87430FCF7F5FADDE73A4641460A
S2140283302846FCF78FF8002463E770B5044605F07C
S21402834015FE002106462046E4F774FF054628B9C6
S2140283500024304605F005FE204670BDC06C30B9DC
S214028360286D0028F4D0FBF797FB0446F1E7FBF7ED
S21402837059FB04460028ECD1F2E7FCF7CBBB0022FF
S21402838008B511461046FBF7C2FA08BD002238B5FA
S2140283900D46044611461046FBF7B9FA3DB1A07FDA
S2140283A0FBF7ACFA002102460420FBF7B0FA38BD10
S2140283B010B504460620DCF7FFFD012201462346DF
S2140283C01046DFF7A3FB08B10023236010BD07B5F4
S2140283D00421019001AA40F20740EEF72BFA03B0FF
S2140283E05DF804FB70B506460D461C461BB98A426C
S2140283F00BD06FF083042946304600F027F920465A
S214028400FFF7E5FF40F2074070BD00F005F9204691
S214028410FAE72DE9F34700240746684688461646DB
S21402842099460094FFF7C4FF054620B134602846FB
S21402843002B0BDE8F0873268DDF800A0002A3AD024
S214028440DAF80430CAF81420DAB22AB923F0FF03A5
S21402845043F00103CAF804300124F8F75CFB0A9BD8
S21402846044EA00240098CAF8044014F0FF0408BF47
S214028470CAF81440C360BDF82C30C0F808900380D8
S2140284800C9B438000230193BFB14246394601ABA1
S214028490F6F744FF0446009F3846F7F7E0F93846F9
S2140284A005F0C0FF6CB1002320463360FFF78FFF54
S2140284B040F20745BBE70446CFE701A9D8F72EFFEF
S2140284C0E8E7019B3360B2E708B5D8F75BFF18B15F
S2140284D0FFF77DFF40F2074008BD08B5F6F7C8FD76
S2140284E010F1880F05D018B1FFF771FF40F2074070
S2140284F008BD0020FCE7002373B5054601A80193DA
S214028500FFF756FF0446A0B928460199F6F7D5FDAF
S2140285100546019E3046F7F7A2F9304605F082FF7F
S2140285203DB115F1880F07D02846FFF750FF40F2FD
S2140285300744204602B070BD2D24FAE7F8B50D4672
S21402854017461E46F6F7FFFD044658B10023394685
S2140285502846336000F07AF82046FFF738FF40F2EC
S2140285600740F8BD2846316800F056F82046F8E77E
S21402857008B5F6F7C1FF18B1FFF729FF40F207402A
S21402858008BD2DE9F3414FF00008076801AB102241
S214028590044638460D46CDF80480F6F7C8FF064670
S2140285A03846F6F739FF384605F03CFF33461021C9
S2140285B02846019AC4F80080FFF714FF02B0BDE80F
S2140285C0F08138B5056804462846F6F725FF2846A2
S2140285D005F028FF0023236038BD002313B501AA47
S2140285E00193E9F7ADFC044610B90198FFF775FF51
S2140285F0204602B010BD70B505460E46F7F73EF8A7
S214028600044640B13146284600F020F82046FFF7DF
S214028610DEFE40F2074070BD0B4630B5421E0844EF
S214028620CC1AA34200D830BD12F8014F10F8015DF3
S214028630013B15700470F3E70A4401388A4200D100
S214028640704712F8013D00F8013FF7E700230144A6
S214028650884200D1704700F8013BF9E741EA002062
S21402866040F49020FFF739BF034607B541EA0323DB
S21402867043F4902301938B1F10465A425A4101A994
S214028680E9F726FB03B05DF804FB0120704770B5DE
S2140286900C46064611461D46E9F7B0FC40B144EAD0
S2140286A006202A46BDE8704040F40040EEF7E0BDE2
S2140286B040F2064070BD10B50446E9F79FFC38B19B
S2140286C041EA042040F40040BDE81040EEF708BE40
S2140286D040F2064010BD837901461A0703D50622EA
S2140286E00020E9F7B1BC9B0602D506220120F8E776
S2140286F0FF20704770B5064614461D46E9F77EFC15
S21402870010B90024204670BD41EA06202A462146BA
S21402871040F40040EEF7C8FD0028F3D0F1E72DE95B
S214028720F0410D46DDE9064816461F4600F0D1FE2A
S214028730012C0AD860B144EA08043B463246294670
S2140287400694BDE8F04101F094BF2120BDE8F08117
S2140287502520FBE70020704710B583790C46532B83
S21402876003D1BDE81040EAF715BAFFF7B4FF207050
S214028770FF280CBF2D20002010BDA0F86E107047F9
S21402878001238B4090F87110194380F871107047DE
S21402879008B50120E2F7EEFEC0B208BD83790C33BD
S2140287A01844704710B50446A1F11400FAF7ECFB22
S2140287B0201A20EAE07080B210BD70B51C460D4645
S2140287C01646FFF7EFFFA04207D322463146A5F131
S2140287D01400FAF7C7FD012070BD0020FCE773B550
S2140287E006460C46104601929AB90A460821FAF73E
S2140287F021FD019028B9224608212920FAF71AFD00
S2140288000190019818B183790C331844067002B0AF
S21402881070BD01A8FAF7B0FB054601A8FAF725FBDA
S2140288202246082128460195FAF7F0FDE9E72DE9E8
S214028830F0411646069A074688461D46FFF7CFFFC2
S2140288400446F8B114382A4631460690FAF78AFDED
S214028850854218D9069B06A81C7904F02004FAF76C
S21402886004FB7CB9424608212920FAF7E3FC06906D
S21402887040B12A463146FAF775FD854206D906A862
S214028880FAF7F3FA00242046BDE8F081069A9379B7
S2140288900C33D418D754F6E711B11439EAF718BBDB
S2140288A01A20704738B5002204460D4602200321DE
S2140288B0FFF795FF014608B1A0F801502046BDE833
S2140288C03840FFF7E9BFF8B504460F4616460521BD
S2140288D00120069A1D46FFF782FF014638B147700F
S2140288E0468005712046BDE8F840FFF7D5BFF8BDC3
S2140288F038B50D46032104460846FFF770FFA0F878
S214028900015001462046BDE83840FFF7C5BF73B5A3
S2140289100546084611466C891A46641ABDF8183090
S214028920A4B29C4228BF1C46079B089E009323467F
S214028930FFF77DFF014630B12846348002B0BDE81D
S2140289407040FFF7A9BF1A2002B070BD012110B512
S214028950002204461320FFF742FF014620B12046BC
S214028960BDE81040FFF798BF10BDF7B5448905462D
S21402897018460F4616460193FAF706FB053CA4B2C4
S214028980844203DA011B01A8FAF749FB0521019884
S214028990FAF7E4FB014628B901A8FAF766FA1A20A4
S2140289A003B0F0BD83790C33C2181720C85428468A
S2140289B0A2F80170A2F80360EAF78AFAF0E701214A
S2140289C010B5002204461920FFF709FF014620B120
S2140289D02046BDE81040FFF75FBF10BD73B50E46D8
S2140289E0002144890546033CA4B2A342009128BF55
S2140289F0234603211B20FFF71AFF014678B110F821
S214028A000F3CA0F8016003F00F0343F0100300F8D8
S214028A100F3C284602B0BDE87040FFF73DBF1A2063
S214028A2002B070BD73B50E46002144890546033C6C
S214028A30A4B2A342009128BF234603211D20FFF7BC
S214028A40F6FE014638B1A0F80160284602B0BDE83D
S214028A507040FFF721BF1A2002B070BD4B88042B6E
S214028A6007D1836C08885B8998428CBF002001205E
S214028A707047002070477047704770470020704765
S214028A8010B50446806920B10021EAF775F9002383
S214028A90A36110BD07B501228DF807100DF107017D
S214028AA0FAF760FC03B05DF804FB73B505464FF4B5
S214028AB028500C4601F069F8064600F013FE90B303
S214028AC0022C02D8002002B070BD002031460DF103
S214028AD005030DF10602ADF8060000F029FFBDF809
S214028AE00630621E9A42064619DC072CEAD9023C78
S214028AF0A3B20824ADF806300133D9B22846FFF7F0
S214028B00C9FF21462846FFF7C5FF31462846BDF86D
S214028B100620FAF727FCBDF806000230D3E7002B42
S214028B20D0D00924E8E74FF0FF30CCE702292DE940
S214028B30F34104460D461746184603D8002002B0F5
S214028B40BDE8F08101F021F8064600F0CBFD0028D2
S214028B50F4D04FF0000831460DF105030DF1060280
S214028B604046ADF8068000F0E3FEBDF80630BDF8DC
S214028B7020200646934228BF1346AB4228BF2B4608
S214028B809DF80500ADF80630C0B9002BD7D00133EA
S214028B909AB2AA42D3D2D9B22046FFF77BFF394611
S214028BA02046FFF777FF31462046BDF80620FAF743
S214028BB0D9FBBDF806000230C0B2C0E74046BEE7A9
S214028BC007B501A9EAF760FA38B9019B93F82500C0
S214028BD0C0F3800003B05DF804FB0020FAE7002033
S214028BE008B5EAF7D7FA08B9FF2006E0C37B012BDF
S214028BF0F7D1436ADB06F4D5007808BD37B50D46D3
S214028C0001A91446EAF740FAA0B9019A536A13F08A
S214028C1010000DD0C3F3C0232B70D27B0120531E4D
S214028C20042B8CBF00230123032A08BF00232370D2
S214028C3003B030BD0020FBE738B5436A0446580748
S214028C4005D5002320781A461946ECF79FF8636A82
S214028C50990706D52046EAF72BFA636A23F0020341
S214028C6063621A0719D5E5799B04C5F3C0022DD4B1
S214028C70532D2DD0A5F1140CDCF1000545EB0C05A7
S214028C80214611F8010BECF723F8F0B9636A0DB32D
S214028C9043F4802323F008036362D80614D513F442
S214028CA000651AD02046FFF7E9FE70B9636A5907D5
S214028CB036D45B0308D5214611F8010BEDF7A2FC6A
S214028CC0636A23F480236362002038BD0025D7E759
S214028CD00125D5E723F48023DCE71A060FD5E37BCC
S214028CE003F0FB03012BE1D021692078ECF716F89C
S214028CF0636A256123F0800363620028E5D1E27B84
S214028D00023A012AD2D8D805D0D561692078ECF784
S214028D1021F800236361636A23F480736362C4E705
S214028D20E17BA28D012903D192B1802A28BF80223D
S214028D3059064CBF012394F8303001212078ECF715
S214028D4025F80028C1D1636A23F004036362B0E702
S214028D504022EDE713B501A9EAF796F990B9019C0E
S214028D60636ADA060ED59B040CD42046EAF7F6F8B8
S214028D702046636A43F00603636202B0BDE8104011
S214028D80FFF75ABF0A2002B010BD002008B5EAF766
S214028D9001FA00B908BD436ADB06F8D50120F9E7F7
S214028DA02DE9F04F054600F1100987B0484605F157
S214028DB014080C461646FAF758F84046FAF755F8DD
S214028DC00020FAF7C7F90390002800F0EB80012E86
S214028DD040F2726618BF1F26012C6BD0022C0CBF05
S214028DE0062404240221FFF755FE01210398FFF70B
S214028DF051FE21460398FFF74DFE0398FAF7C4F892
S214028E00012384B2311B0A22009389B242F6072359
S214028E100398FFF78BFE04230444A4B2311B00938D
S214028E20122242F60423039889B2FFF77FFE00EB74
S214028E30040A1FFA8AFA039BA6EB0A07012F049379
S214028E403ADC0024E9F740FD002840F0A580391BF3
S214028E50039889B2FFF729FE04464846039FFAF7AD
S214028E6004F86B6A2F6143F0800203F40063234325
S214028E706A6215D1E9F728FD90B9FAF76BF9039003
S214028E8070B13146FFF711FE002840F38780404656
S214028E90039CF9F7EAFF6B6A6C6143F480736B62BA
S214028EA0686A10F0100002D02846FFF7C5FE07B029
S214028EB0BDE8F08F052495E70020FAF74BF90590F8
S214028EC00028BED00221EAF7B7FFB41EA4EB0A04BC
S214028ED0A4B28442824654D224F001011FFA81FBD6
S214028EE0411A05A8DA46FAF79AF84FF0020BBAF1D9
S214028EF0000F14D00AF101010498C9B2FFF7CAFDA7
S214028F0059460498FFF7C6FD059904A8FAF700F932
S214028F100020FAF71FF9A4EB0A040590A4B20598FC
S214028F20002834D0022C38BF0224023CA4B20F2CF4
S214028F302DD91021EAF780FF8442834624D224F0FA
S214028F400F018CB2411A05A8A346FAF768F8062460
S214028F500BF101010498C9B2FFF79CFD2146049863
S214028F60FFF798FD059904A8FAF7D2F80AF102036A
S214028F705B449BB2BAF1000F01D002339BB21C468F
S214028F8060E74FF0030BB2E708B10724E0E705A855
S214028F90F9F76BFF5346EDE700245EE703A8F9F7FF
S214028FA064FF7DE71A2082E713B50C4601A9EAF7AB
S214028FB06BF8024640B9022C06D82146019802B048
S214028FC0BDE81040FFF7ECBE212002B010BDF7B599
S214028FD00E4601A915461F46EAF756F8F8B94FF6A7
S214028FE0DF73A6F120029A4219D8A5F120029A420E
S214028FF015D8AE4213D8019CE369B34202D1236A64
S214029000AB4205D0636AC4E9076543F002036362B4
S2140290109DF82030A78584F8303003B0F0BD2120BB
S214029020FBE737B590F8393004465B070D462BD47C
S214029030E9F794FF6B1E042B14D8032D12D0E379A4
S214029040142B23D0A3696BB9684600F095F9EAF7AA
S2140290501DFB6946E9F706FE18B91A25284603B02D
S21402906030BDA061636AE57343F01603204663626F
S214029070FFF7E2FD054618B12046FFF701FDEDE7D2
S2140290802078E9F72BFDE9E70225E7E72125E5E762
S21402909007B501A9E9F7F8FF30B90198C17B03B01B
S2140290A05DF804EBFFF7BDBF03B05DF804FB37B510
S2140290B00C4601A9E9F7E8FFE0B9052C1AD8019D8C
S2140290C02869F9F761FF1F2814D86869F9F75CFF69
S2140290D01F280FD8012C0DD0231F012B0AD9214699
S2140290E028466B6A23F404636B6203B0BDE8304023
S2140290F0FFF797BF212003B030BD37B5FFF76FFDEE
S214029100FF28044616D001A9E9F7BEFF90B9019DD3
S21402911020466B6A23F010036B62E9F70FFD2846C0
S214029120FFF7AEFC204605F1340103B0BDE830403F
S214029130EDF748BA03B030BD0020704708B5FFF718
S214029140FBFF08BD73B504464A7968460D460631EC
S214029150EAF7DEFADDE90001A4F85010090C11F076
S214029160800FE06484F8521004F1530312D00122F7
S214029170184605F11201EAF7CBFA0C35284602F03A
S2140291803EFB28B10122294604F15A00EAF7C0FA4A
S21402919002B070BDB4F8501094F85220C4F85300D0
S2140291A099809A71E9E7002337B580F8723040F665
S2140291B0FF73A0F86E3083680446DA040D46C16079
S2140291C010D443F480636A46A36040F2032120462B
S2140291D0CDE9004503F0B7FB00212046E9F7CCFDB8
S2140291E003B030BD90F87600FFF752FFA36823F471
S2140291F08053E8E71FB590F87420044602F0010396
S21402920001908DF808300BB102F002038DF8093098
S21402921094F8753020468DF80A30039101F07EFBF3
S2140292204FF4017101AA204603F08DFB2046E9F7B0
S2140292301BFE04B010BDE9F777BD0A460021EBF726
S21402924071BB427A38B5C2F380120446B0F86E009B
S2140292500D46EBF7DDFB20B9A3681DB143F40053BE
S214029260A36038BD23F40053FAE710B50446B0F8FD
S2140292700300E9F735FD38B1617909B141F480514F
S214029280BDE81040FFF78FBF10BD10B50446B0F81A
S2140292900300E9F725FD38B1A17809B141F4805100
S2140292A0BDE81040FFF7A6BF10BD10B50446B0F8E3
S2140292B00300E9F715FD90B1627990F874305AB15F
S2140292C043F0010380F87430A17809B141F480516B
S2140292D0BDE81040FFF78EBF03F0FE03F2E710BDB5
S2140292E010B504468088E9F7FBFCB8B1E278AAB963
S2140292F0E179A27942EA0122A0F86220E17AA27A12
S21402930042EA0122A0F86420227A617ABDE810407F
S21402931042EA0122A0F86620E9F7A6BD10BD10B504
S21402932004468088E9F7DCFC20B1A179BDE810404C
S214029330E9F7BCBD10BD532838B505460C4604D126
S214029340BDE838400846E9F793BB06212046FFF7FA
S21402935052F960B96379142D03F03F02627104D0AA
S214029360722D07D163F03F036371A57138BD40F2D9
S2140293700740FBE72120F9E700230360838083711F
S214029380704710B5044660B1806C50B1EAF72AFA0D
S214029390A06C0028FAD12046BDE810400321E9F768
S2140293A0EBBC10BD438907B58B420CD050F80C2B92
S2140293B040F2014192F87020ADF806308DF8042094
S2140293C001AA03F0C0FA03B05DF804FB436943F058
S2140293D0040343617047436923F004034361704703
S2140293E0007DC0F38000704747F2305300220068C9
S2140293F0F5F790BB006803F039BA38B543690446FE
S2140294009B070D4603D540F20941FFF7F3FFE9F744
S21402941077FD08B1A3691D702046BDE8384040F2CA
S2140294200941FFF7E1BF07B5027C012A09D00122F4
S214029430027440F20942914206D040F20A42914238
S2140294400ED003B05DF804FB4FF4816150F80C3B7C
S21402945001AA93F870308DF8043003F074FAF0E73E
S21402946050F80C3B01AA93F870308DF80430F4E7FC
S21402947038B522F000430D46114640F203229342CD
S21402948004461AD0B3F5017F09D240F20122934274
S21402949013D040F20222934209D0002038BD6FF466
S2140294A081621344012BF8D8FFF7BDFFF5E700F001
S2140294B03AF9204601F000F9EFE763699B0704D505
S2140294C040F209412046FFF795FF2846FFF759FF6D
S2140294D0E3E708B5E9F712FC00B1806C08BD08B5F1
S2140294E000B10068E9F718FC08B9034602E0836C8D
S2140294F0002BF7D0184608BD10B5044642F62A30AF
S21402950000F043FB031B5842584110BD022806D107
S21402951042F62A330888C31A584258417047002038
S214029520704710B5044642F6293000F02EFB031BA6
S2140295305842584110BD90F8200000F001007047D4
S2140295401FB504466846EAF771FA1022694604F126
S2140295502100F9F7EAF9B0FA80F0400904B010BD2C
S21402956008B5FFF7EDFF80F0010008BD70B50446B0
S21402957000F1210591B92846EAF758FA236893F8CC
S2140295807500E8F73BFD78B120682B46BDE87040D1
S21402959010220D2190F87500FFF779B810220021ED
S2140295A02846F9F7EBF9E9E770BD38B5044600231B
S2140295B090F8202041FA03F0C50703D442FA03F0DC
S2140295C0C0071ED40133082BF4D101F0010523682D
S2140295D02A4384F8202093F87500E8F70FFD40B17F
S2140295E0234653F8200B01220C2190F87500FFF752
S2140295F04EF80DB9002038BD00212046FFF7B6FF11
S214029600F8E71320F7E778B14B1C0CD03F290ADCA9
S21402961000EBA10090F8310001F003014900084177
S21402962000F0030070470020704710B50368044638
S21402963093F87500E8F7E2FC50B12346BDE8104007
S21402964053F8310B10220B2190F87500FFF71FB864
S21402965010BD10B590F87430DB0706D490F875305C
S214029660FF2B14BF0F20052010BD847CEBF7D8FC1F
S214029670844234BF0C200020F6E7F8B5044642F6D2
S214029680021642F603070134A4B22046EAF7AEFBFE
S214029690054670B1EAF77AFB58B1284600F0B4FBEB
S2140296A0B04204D1287AC31F58425841F8BDB84286
S2140296B0E9D10020FAE71FB504466846EAF7B6F98C
S2140296C02046EAF793FB6A46C3680633144603CC81
S2140296D0596004A98C421860224603F10803F5D1AA
S2140296E004B010BD08B5EAF781FB08B1EAF74EFBF5
S2140296F0C0B208BD013810B580B2EAF777FB04465F
S21402970008B9002010BD408800F06FFB0028F8D092
S214029710207BF7E708B5EAF769FB18B1007AC31FA2
S2140297205842584108BD70B5054655F8213B0446D7
S21402973093F87500E8F762FC20B92846BDE8704049
S214029740EAF774B9234653F8310B10220B2190F82E
S2140297507500FEF7CFFF234653F8200B01220C219B
S21402976090F87500FEF7C6FF20682B46BDE87040ED
S21402977010220D2190F87500FEF7BCBF01302DE9CE
S214029780F04185B228460E46EAF730FB42F602174B
S214029790044642F603089CB12046EAF7F7FA78B187
S2140297A0204600F031FBB84205D10EB12388338043
S2140297B0607BBDE8F081204600F026FB404502D1E2
S2140297C04FF0FF30F5E70135ADB22846EAF70EFB5B
S2140297D00446E0E7F8B5064608460D461746FFF784
S2140297E04CFF044658B939462846FFF7C7FF431CC4
S2140297F0014606D03046BDE8F840FFF704BF032016
S214029800F8BD2046FCE770B5054608461446EAF75A
S214029810EDFA064608B9012070BDEAF7B7FA002845
S214029820F9D0E3071FD4A0073DD4630740D5B38819
S21402983058073BD5B38813F4E06002D02868FFF7D8
S21402984008FFB388990540D50028E5D12A6892F822
S214029850742092071AD55B052DD52B6893F87530C0
S214029860FF2B28D11DE0B388D90731D513F070003D
S21402987002D02868FFF7EDFEB3889A0608D50028BE
S214029880CAD12A6892F87420900703D40520C3E749
S2140298900028C1D15906C6D52B6893F87530FF2B20
S2140298A0C1D10820B8E7B3889A07BED40320B3E72D
S2140298B014F0060FBED114F40060ADD0B38813F4D2
S2140298C0006F0CBF06200020A6E70028A4D1C2E73E
S2140298D00220A1E738B504460846EAF787FA0546A5
S2140298E008B9012038BDEAF751FA0028F9D0AB884A
S2140298F013F4E04002D02068FFF7ABFEAB88990471
S21402990008D50028EED1226892F87420920703D474
S2140299100520E7E70028E5D113F48040E2D023686B
S21402992093F87500A0F1FF0358425841C000D9E7EA
S2140299302DE9F0474FF00009044683F800900846E8
S214029940A2F80090884616461D46EAF74FFA0746E2
S21402995020B9012300202B70BDE8F08774B1EAF726
S21402996015FA0028F5D04046FFF7DBFD30B101239B
S21402997085F8009004F120003380EDE72B4632464E
S21402998039462046BDE8F047E9F7DCBF70B5164613
S2140299901C460D4609B9012070BDF0B9297A07297F
S2140299A007D8DFE801F0042225282A040420032031
S2140299B0F2E70022BDF910309342B8BF1346B34215
S2140299C01DDB022908BFEB6804EB060008BF5B88B4
S2140299D09842CCBF0D200020DEE70846EAF7D6F90B
S2140299E00028DBD1D7E78020D6E7EB685A88E1E784
S2140299F0EB689A88DEE70222DCE70620CCE707203F
S214029A00CAE72DE9F043064685B0084689469046E1
S214029A100393EAF7EBF9044638B903A8F9F725FAEF
S214029A200127384605B0BDE8F083EAF7AFF900280B
S214029A30F3D0039888B1F9F7A7FA85B24FF0FF334F
S214029A404246009321462B463046FFF79FFF0746C5
S214029A5028B103A8F9F709FAE3E70546EEE7207A04
S214029A60022827D003282AD0012841D1E0680630F0
S214029A703B462A4603994044F9F7EDF9002EE8D012
S214029A80237A032B36D103A8F9F7EFF900212046F3
S214029A90EAF764F9002836D00588617B3046FFF77E
S214029AA0B2FD0122034629463046CDF8009000F06A
S214029AB079FCB6E7E06805EB08038380D7E7039BEB
S214029AC09A79D979891AC9B24D1E012D1FD8134425
S214029AD002291A7B04BF5B7B42EA0322237B32EA1B
S214029AE0030315D101233046617BE9F701FFC5E781
S214029AF0002EAED0039B4946009330464346327F43
S214029B0000F036FC8DE709F1FF35ADB2C5E70D2052
S214029B1007469EE7884270B504460D46164611D89B
S214029B20012838BF01242046EAF760F910B14388BD
S214029B30B34208D00134A4B22046EAF737F908B196
S214029B40A542F0D20024204670BD70B50C461646DB
S214029B501D460146B8B1B3B1022C01D0102C12D169
S214029B60E0B2EAF777F84FF6FF718842024602D172
S214029B7041F20A1070BD3046FFF7CCFF0028F7D03E
S214029B8028800020F6E72120F4E7002307B501220B
S214029B90ADF80400ADF8063002210DF1060301A867
S214029BA0FFF7D3FFBDF8060003B05DF804FBF8B577
S214029BB00F461646441CA4B22046EAF717F910B917
S214029BC0013CA0B2F8BD00F01FF90546304600F091
S214029BD0F7F820B1284600F0F3F80028F0D1304616
S214029BE000F0E7F820B1284600F0E3F80028E7D1B5
S214029BF00134A4B22046EAF7D9F808B1BC42DBD950
S214029C004FF6FF70DEE72DE9F04F9A4687B08B8855
S214029C100D460C88814604A90220ADF81030904605
S214029C20EAF718F8AB680090A888AF89059300F0A9
S214029C30C0F838B1102F05D105A8E9F7F1FF0228C0
S214029C4008BF02279DF840B00BF0010B38E0204613
S214029C50009AFFF75FFF0646A8B3AA886988FFF74F
S214029C60A6FF04463046FFF73DFD40EA0B00C0B2B1
S214029C7000B30DF10F03314648460DF11202FFF70D
S214029C8057FE9DF80F302BB1A8F80060184607B0B3
S214029C90BDE8F08FBDF81220BA420BD13A460599BC
S214029CA00193F8F742FE019B20B9A8F80060AAF8D3
S214029CB00040EBE74FF6FF739C4201D00134A4B29A
S214029CC06988A142C3D20A23E0E708B5EAF78EF80C
S214029CD0BDE8084000F098B838B505460846EAF7E9
S214029CE085F8044610B94FF6FF7038BD0DB9608886
S214029CF0FBE7EAF74BF80028F9D1F4E770B504461B
S214029D0042F60520FFF741FFB0B10021FFF736FD0E
S214029D10054601462046FFF776FC0646102200213D
S214029D2004F13100F8F72AFE324629462046BDE8FD
S214029D3070400023E9F7DCBD70BD7FB504460D46D2
S214029D40102200216846F8F719FE0026AA57531C6F
S214029D5019D031462046FFF756FC11460346002A24
S214029D60B8BFD11C04A800EBA101504200F00300CA
S214029D7002F0030258BF42425200934011F8102CE0
S214029D80134301F8103C0136402EDFD16B4604F136
S214029D9031051A4603CA696004A98A422860134636
S214029DA005F10805F5D1204604B0BDE87040FFF77E
S214029DB03CBCA0F5205001288CBF00200120704733
S214029DC042F60303C31A58425841704708B50304C3
S214029DD009D4E9F70BFFA0F5205080B201288CBF0A
S214029DE00020012008BD0020FCE7020408B507D4C5
S214029DF0E9F7FCFE42F60303C31A5842584108BD6F
S214029E000020FCE7C00B70470346B3F902304088D7
S214029E10002B01DBE9F7EABE0020704708B5FFF722
S214029E20F3FF42F60303C31A5842584108BD08B569
S214029E30FFF7EAFFA0F5205080B201288CBF002071
S214029E40012008BD1FB550F80C4BADF80A3094F847
S214029E507040069BADF806108DF8082040F20351BC
S214029E6001AA8DF80440039302F06DFD10B906A80E
S214029E70F8F7FBFF04B010BD2DE9F047089C0E462C
S214029E8017469846054610B1037C012B61D028463A
S214029E90FFF79CFA14F0800930460CBF4FF0100A08
S214029EA04FF0200AFFF726FC1AEA000F4DD0304684
S214029EB0FFF70BFF42F6052398420FD114F001027A
S214029EC019D031462846FFF705FD08B300F5885439
S214029ED02846FFF780FA2046BDE8F0872846FFF7B7
S214029EE02AFB0028EAD02846FFF73AFB0028E5D0EE
S214029EF041F21214ECE7B9F1000F314628460CBFC6
S214029F0001240224FFF766FC2042DAD10224DFE7AE
S214029F10B9F1000F11D0EB8BCBB943463A46314626
S214029F202846FEF77FFD04460028D1D140F20A41BA
S214029F302846EE83FFF758FACAE743463A463146C2
S214029F402846FEF74BFD0446C2E72124C0E7052457
S214029F50BEE70724BFE72DE9F047002586B09DF847
S214029F60389090F81CA004460F4690460F9E057740
S214029F70B9F1000F09D00A464B4651460096FEF745
S214029F80A2FC284606B0BDE8F087BAF1080FADF885
S214029F90169026D145893246043DADB29D424FF019
S214029FA002014FF00900A8BF1D46FEF718FC022268
S214029FB0814605A93046ADF81470F9F7D3F92A465A
S214029FC041463046F9F7CEF90546831C314620460F
S214029FD089F80130E8F77CFFADF81650BDF8160098
S214029FE0D0E7BAF10A0F0DF1160214BF0D210B21AC
S214029FF0CDE90162009301224346FEF788FC1A2847
S21402A000ECD111233A4651462046CDF80090ADF8E1
S21402A0101690FEF758FCE1E7F0B5002589B0174622
S21402A0200122039304460E46ADF81650FFF7EBFBEB
S21402A03003468DF81500002844D13046FFF75CFA37
S21402A04010B13046FFF737FB3046FFF763FBB8B177
S21402A05003A8F8F70AFF204650F80C2B237F92F845
S21402A060702040F202518DF8182006AAADF81A6048
S21402A0708DF81C30ADF81E7002F065FC09B0F0BD1C
S21402A0800DF115030DF1160231462046FFF750FC7E
S21402A0909DF8153002465BB9BDF816108F428BBF8D
S21402A0A00723C91B8DF81530D21998BFADF81610C4
S21402A0B003992046CDE900313146BDF81630FFF748
S21402A0C04AFFDBE72A46F3E72DE9F04F89B0029014
S21402A0D0184605930C461546FEF760FB8046059823
S21402A0E0F8F752FF0023B0F1010A8DF81D3000F098
S21402A0F08B801AF0010740F087805046B5F80A9028
S21402A100E1F776FA0646002800F08480524608F107
S21402A1100101F8F75AFC01212046059AFEF75FFB7B
S21402A120B8460AEBDA7A09F1FF3B03904FEA6A0A6D
S21402A130BA4544DD36F81740012221462846FFF785
S21402A14062FB8DF81D0068B92046FFF7D5F910B1FD
S21402A1502046FFF7B0FA2046FFF7DCFA78B18023F4
S21402A1608DF81D303046F9F78AF9059B2246009392
S21402A17028469DF81D300299FEF7A5FB26E00DF154
S21402A1801D03214628460DF11E02FFF7D1FB9DF85E
S21402A1901D300490002BE5D1029B202B1BD1ABEB8C
S21402A1A00803012B0BDD0DF11E0102220598F9F7BB
S21402A1B0D9F8012801460CD805A8F8F730FF304632
S21402A1C0F9F75DF928460399FEF766FB09B0BDE884
S21402A1D0F08F08F10208BDF81E20ABEB08039A4286
S21402A1E0C2BF09F1FF32A2EB080292B2DDE9041007
S21402A1F0C8BFADF81E20F9F7B5F8BDF81E30984274
S21402A200DDD39844013793E7042300248DF81D30EC
S21402A2102646A7E71123F8E700232DE9F04F89B079
S21402A22004460F46164605932AB943691A0726D5E9
S21402A23023F00803436105A8F8F717FE04F144006B
S21402A240F8F713FE00232377002E7AD000933A46BF
S21402A250334618212046FEF736FB06F5885620467A
S21402A26050F80C3B40F2055193F8703006AA8DF870
S21402A2701830079602F067FB09B0BDE8F08F406C15
S21402A2800590D8B9054604F144084046F8F70CFE96
S21402A290034605900028CED09979204601F10C029B
S21402A2A01A44B2F801700531B2F8032099713946A2
S21402A2B0FFF7A7FB05950028E7D022E083794FF049
S21402A2C0FF3B0C331844B0F80170B0F803A03846D0
S21402A2D0E9F78CFD03900598F8F702FE656CA0F18D
S21402A2E005081FFA88F8059B9D420CD14346524644
S21402A2F020460399CDF800B0FFF748FBE8B10023EB
S21402A3000593064697E7AB790C3305EB0309B9F8D4
S21402A3100120BA420CD12846F8F7E2FDB9F803202C
S21402A320431F12FA83F35B45B8BF5B460FFA83FB03
S21402A3302846F8F7CEFD0546D5E70598F8F7C9FD95
S21402A3409EE72046FEF73BFB89E770B504460D46BE
S21402A3501646FFF7D1F840B933462A462146FFF79C
S21402A36050FB08B100F5885070BD41F20310FBE7C0
S21402A3701FB550F80C4BADF80A3094F87040069BA7
S21402A380ADF806108DF8082040F2015101AA8DF8AA
S21402A3900440039302F0D7FA10B906A8F8F765FD51
S21402A3A004B010BD1FB550F80C4BADF80A3094F847
S21402A3B07040BDF81830ADF806108DF8082040F24F
S21402A3C0045101AA8DF80440ADF80C3002F0BBFA35
S21402A3D004B010BDF0B5122785B0039207770222AB
S21402A3E005460E46FFF70FFA044668B103A8F8F7CB
S21402A3F03CFD00232B77002332460093122123468E
S21402A4002846FEF760FA0FE0039A30469379033344
S21402A4109371FFF77FF948B1039B3A4600933146A2
S21402A42023462846FFF70EFD05B0F0BD42F629305A
S21402A430FFF7ABFBB042039B1BD15BB90D2403A80D
S21402A440F8F713FD00232B77002CD4D12846FEF70D
S21402A4507DFAE9E71846F8F797FD80B20128EDD1B4
S21402A460039B28469A791344197BFFF79EF8044605
S21402A470E5E7224631462846FFF7C3FA0446E1E7F7
S21402A4802DE9FF410392042204460D46FFF7BBF96D
S21402A490074628B103A8F8F7E8FC04B0BDE8F08147
S21402A4A04FF05208039A284693790333937184F83F
S21402A4B01C80FFF72FF9064640B1039B42460093E5
S21402A4C029463B462046FFF7BDFCE6E742F6293022
S21402A4D0FFF75BFBA842039B0BD19A7920461344F5
S21402A4E0197BFFF762F803A8F8F7BFFC002323776F
S21402A4F0D3E7324629462046FFF783FAF6E72DE9E8
S21402A500FF418B7904460C330B44B3F801700D46B9
S21402A5103846B3F80380FFF7E5F800285BD002223E
S21402A52039462046FFF76FF90646E8B93846FFF780
S21402A530F1F8064668B116222277AB79394605331A
S21402A540AB71204643460095FFF77CFC04B0BDE89D
S21402A550F081E0F7F9FF2A463346591C0ABBDBB204
S21402A5600633984220DC092604F14400F8F77DFC05
S21402A57033463A46162120460095FEF7A4F9092EE0
S21402A580E4D1204650F80C3B40F2055193F8703067
S21402A59002AA8DF8083041F20913039302F0D3F9A8
S21402A5A0D4E70B461268D8E701212846F8F74AFE98
S21402A5B001460028D7D004F14400F8F7F0FCAB7946
S21402A5C042460533AB7139462B46204604B0BDE8F9
S21402A5D0F041FEF7CAB90126C6E713B5044641B9EB
S21402A5E04430F8F742FC204602B0BDE81040FEF7C1
S21402A5F0E6B918224369027713F0080306D000234F
S21402A60019460093FFF71EFC02B010BD1A46194603
S21402A61002B0BDE81040FFF7FFBD7FB5C58B04460C
S21402A6202DB342F60520FFF7B0FAA84207D1002163
S21402A6302046FEF79BFF636923F001036361002651
S21402A64040F20A412046FEF7D5FE29460DF10E02DB
S21402A6502046ADF80E60FFF7BDF8BDF80E200346A3
S21402A6600092294602222046FFF79CFEE68304B0AB
S21402A67070BD2DE9F047DDF820900E4690461F4645
S21402A680044618B941F20110BDE8F0870846FFF704
S21402A69029F80028F6D06589033DADB2AF4209D845
S21402A6A03B46424631462046CDF82090BDE8F0476C
S21402A6B0FFF7E2BB4920E7E7F0B5054689B042F668
S21402A6C00520FFF762FA064604A8E9F7AFF910225A
S21402A6D005F121010DEB0200F8F727F950B101212F
S21402A6E02846FEF743FF2846FFF708FB6B6923F070
S21402A6F001036B6142F60303022003A9ADF80C3096
S21402A700E9F7A8FA0124074620463A464FF6FF71B3
S21402A710FFF700FA044608B909B0F0BDFEF7E2FFFB
S21402A7200134A4B20028EFD0A64203D1314628460F
S21402A730E9F7B8FB2046FEF7A0FF0028E4D1ADF803
S21402A7400E00214628460DF10E02FFF743F8034697
S21402A7500028D9D0BDF80E202146009228460122B4
S21402A760FFF720FED0E708B5E9F74EF90020E9F733
S21402A770CBFF002008BD08B500F037F8407940F45A
S21402A780805008BD08B500F030F8407940F480509B
S21402A79008BDF7B506460C46154601F0AEF88279B6
S21402A7A001900C328652214687182646F8F734FB6B
S21402A7B09DB12B465A7922F0010242F002025A71EA
S21402A7C01B68002BF6D12846F8F7DEFB294626182A
S21402A7D001A8F8F7E4FBFF2E00D8F4B23846BC70A6
S21402A7E003B0F0BD0022FFF7D4BF08B5E2F71CF8AD
S21402A7F083790C33184408BD08B5FFF7F6FF407995
S21402A80040F4805008BD4B88052B05D108880E28D9
S21402A8108CBF00200120704700207047F8B505461F
S21402A8200F46164604210A220020F8F703FD0246C8
S21402A830B8B1847905210C3403194FF0060C0020B8
S21402A8409970D87002F804C013241C7102245F7138
S21402A8505870D8719C7128461E81BDE8F840EAF708
S21402A8601DB9F8BD73B50546104601920C46F8F7B9
S21402A8708BFB042186B20198F8F770FC024628B9D1
S21402A88001A8F8F7F2FA1A2002B070BD8379019097
S21402A8900C33C1184C80C65221462846EAF7FEF809
S21402A8A00020F1E72DE9F0410646884617460421C6
S21402A8B00A220020F8F7BEFC0246B8B185790024C9
S21402A8C00C354319052106209970DC70505501207D
S21402A8D0187102205C70987183F805803046DC712E
S21402A8E01F81EAF7DBF82046BDE8F0811A20FBE775
S21402A8F0002070470020704707B501A80192F8F7BC
S21402A900B4FA03B05DF804FB7047002070470F20CE
S21402A91070477047EAF766BDEAF77EBD38B545F27E
S21402A9201B020C460B460021054600F058F930B9CA
S21402A9302CB121462846BDE83840EAF7EBBB38BDC5
S21402A94000F002BF00F00BBFFF2313B504460DF163
S21402A95007014C308DF80730FDF7FEFE9DF80730F4
S21402A960204684F8753000F0CAFE02B010BD10B55D
S21402A9700446FDF78AFE01280DD094F8733094F948
S21402A9807000012B14BF0521032184F83210BDE8A4
S21402A9901040FEF770B8A36843F40073A36010BDBE
S21402A9A000F05FB910B50446B0F80300E8F798F96E
S21402A9B030B1B4F80D10621DBDE8104000F074B955
S21402A9C010BD10B50446B0F80300E8F789F940B1A7
S21402A9D0B4F80D1004F10F03621DBDE8104000F03C
S21402A9E005BA10BD10B50446006C30B94FF4B0700D
S21402A9F0F8F743FD206420B910BD4FF4B071FDF79F
S21402AA0025FEFF22236C83F85E21A268120603D578
S21402AA10C02201201A70EFE794F87320012A14BFAF
S21402AA2080224022F5E708B5D0B2E8F767F928B1E8
S21402AA3090F8773003F07F0380F87730012008BD66
S21402AA4010B5044645F21A0101F010FF2046BDE893
S21402AA50104047F23053002245F21A01F4F75AB872
S21402AA6010B50A46044608210020F8F7E3FB10B1A9
S21402AA70837903441C7310BD38B505460C460D2079
S21402AA801121FFF7EDFF024688B121468379034480
S21402AA900D3304F1100051F8044B814243F8044B85
S21402AAA0F9D12846BDE838400621FFF7DBBE38BD9F
S21402AAB038B505460C4604201121FFF7D1FF0246A1
S21402AAC088B12146837903440D3304F1100051F80E
S21402AAD0044B814243F8044BF9D12846BDE838407E
S21402AAE00621FFF7BFBE38BD38B505460C46032023
S21402AAF01121FFF7B5FF024688B121468379034448
S21402AB000D3304F1100051F8044B814243F8044B14
S21402AB10F9D12846BDE838400621FFF7A3BE38BD66
S21402AB2037B50022054608211046F8F783FB04468F
S21402AB30C0B10C2301220DF107018DF80730F8F79A
S21402AB4011FC296C202251312046F8F70BFC296CA7
S21402AB50202271312046F8F705FC224606212846B7
S21402AB60FFF780FE03B030BD036C4BB983681B064B
S21402AB7008D490F87330012B14BF80204020704711
S21402AB8018787047C020704770B50446FFF7ECFF90
S21402AB90EAF7C4FB0D460346002245F201012046B1
S21402ABA09847236C03B11D702846EAF7B7FB4FF4AB
S21402ABB0A041034600222046BDE87040184770B503
S21402ABC01546044648B1FFF7CFFFEAF7A7FB2A4629
S21402ABD003462046BDE870401847022070BD114665
S21402ABE008B51A4621F00041FFF7E9FFB0FA80F0F7
S21402ABF0400908BD10B50446006838B11A21FDF7B1
S21402AC0025FD2068F8F73BFC0023236010BD0022D8
S21402AC1030B587B00546084601A90192E7F758F80D
S21402AC20044670B9696B019802AA0A3101F0CBFE9C
S21402AC3004460198FDF751FC34B1102102A8FDF735
S21402AC4005FD204607B030BD284602A9E9F730FECA
S21402AC5002A81021FDF7FAFC05F13400FFF7CAFF3F
S21402AC60EFE710B50446EAF701FB04F13400FFF7FC
S21402AC70C1FFA3685A0606D523F0400300212046EA
S21402AC80A360E9F715FE236C6BB1D3F89400FDF7C9
S21402AC9024FC4FF4B071206CFDF7D8FC206CF8F75A
S21402ACA0EEFB0023236410BD0021E9F701BE7FB549
S21402ACB0836804465D0673D523F040038360FFF77E
S21402ACC053FF802801D040287BD194F87550FF2D81
S21402ACD01CD1FDF7DAFC012864D1636B04201A88C4
S21402ACE08DF800201A4632F8021B090A8DF8011068
S21402ACF0D3F802306946CDF8023053680A22CDF8FE
S21402AD000630E7F7A1F9FF2805464BD0A368D90518
S21402AD1048D42046FFF728FF80284FEA052523D08F
S21402AD2045F4902646F003063046FDF7E4FB02465D
S21402AD3052B9616B6A4630460A3101F044FE18B3D6
S21402AD4010216846FDF782FC204641F20601EAF72A
S21402AD50E1F920460021E9F7ABFD04F1340004B026
S21402AD60BDE87040FFF746BF45F4902646F005065C
S21402AD703046FDF7C0FB2D280246D1D02046FFF70D
S21402AD80F3FE4028D4D1CBE769462046E9F790FD8A
S21402AD9068461021FDF75AFC04F13400FFF72AFF3B
S21402ADA004B070BD94F87430DA0702D4A368DB05E9
S21402ADB0CAD504F118012046FFF729FF0028C3D19F
S21402ADC0EEE7636B1A88002ABED1882801D04B288A
S21402ADD0BAD10022013313F8011F0029B4D101327F
S21402ADE0082AF8D1216C01F59871E4E7F8B51D46FA
S21402ADF0836804465B060F4616462DD41A20F8F7DB
S21402AE003CFB0146606320B92046BDE8F840E9F7FE
S21402AE104FBD034623F8027B326805F11001C0F8E5
S21402AE20022072685A602A46636B0A3352F8040B91
S21402AE308A4243F8040BF9D110212846FDF706FC96
S21402AE40A36843F0400213F4407FA26004D0204679
S21402AE50BDE8F840FFF72BBFF8BD38B504460D46EF
S21402AE6005200221FFF7FCFD0246B8B183790621D0
S21402AE7003445D732046FFF7F5FC45F490512046E7
S21402AE80EAF748F994F873302046012B18BF802160
S21402AE90BDE8384008BF4021FFF776BE38BD08211E
S21402AEA0FFF7DBBF37B50446084611461A46B4B16B
S21402AEB0236C93F85D31013B022B10D89DF8185095
S21402AEC045F08003079D009501F0FDFD054640B163
S21402AED014B12046FFF7E3FF284603B030BD002337
S21402AEE0F0E70CB90020F8E7024645F211012046C9
S21402AEF0FFF765FEF6E710B50446002140F21B4058
S21402AF00EAF726F92046BDE81040FFF7C8BF2DE94C
S21402AF10F04790F873900446B9F1010F066C04D11D
S21402AF2096F85031002B40F0428196F85C3196F844
S21402AF3051A1032B00F2DC80DFE803F0027D9ABF0A
S21402AF401AF0010F72D011210620FFF789FD05467F
S21402AF50002800F02C8190F80680102108F10C08D9
S21402AF60804408F101073846FDF745FB014688B9DB
S21402AF70A07CC0F110023844F7F700FDFDF785FB10
S21402AF800346012B96F85E010CD13A460521FDF7E1
S21402AF906BFB00B32846E0F7D1F82046BDE8F04741
S21402AFA0FFF77DBF3B4610220521FDF770FB002808
S21402AFB040F0F580B9F1010F0DD004F1180308F145
S21402AFC0110857F8042B474543F8042BF9D1A36818
S21402AFD043F48073A3602A4606212046FFF742FC0C
S21402AFE00B210720FFF73CFD0546002800F0DF8016
S21402AFF0877996F85E310C37074443F43F430821BD
S21402B000A7F80130F81CFDF7F6FA0028C2D10A228A
S21402B010042196F85E017B1CFDF739FB002840F000
S21402B020BE802A4606212046FFF71CFC96F85C31B5
S21402B030013386F85C311AF0020F14D01121082071
S21402B040FFF70EFD0546002800F0B180807910213A
S21402B05028440D30E7F7B6FC00289BD12A46062185
S21402B0602046FFF7FFFB96F85C31013386F85C3129
S21402B0701AF0020F1CD008210920FFF7F1FC074640
S21402B080002800F0948085790C350544E8F7FAFA32
S21402B09083793A46C3F3C00383F001036B700368F7
S21402B0A00621C5F8023083882046EB80FFF7DAFBDC
S21402B0B096F85C31013386F85C311AF0040F12D030
S21402B0C011210A20FFF7CCFC054600286FD08079B4
S21402B0D010222844AB210D30F7F750FC2A460621F1
S21402B0E02046FFF7BFFB96F85C31013386F85C31E9
S21402B0F0B9F1010F08D0236C93F85031002B56D1CA
S21402B10096F85C31042B52D1A36C10220B2196F8D0
S21402B1105E013133FDF7BBFA70B140F21B412046A7
S21402B120E9F7F8FFB9F1010F2046BDE8F04714BF72
S21402B13080214021FFF728BDA36C01220C2196F83E
S21402B1405E012033FDF7A3FA0028E6D1A36C102295
S21402B1500D2196F85E012133FDF799FA0028DCD11D
S21402B160082296F85E01114604F11003FDF78FFAE5
S21402B1700028D2D1236C93F85E2184F87520FF2232
S21402B18083F85E21FDF781FA012818BFA3682046DE
S21402B1901CBF43F48073A360E9F796FFC2E7284614
S21402B1A0DFF7CCFF2046BDE8F047FFF7A4BEBDE8B8
S21402B1B0F08710B50446FDF768FA0246236C012AAA
S21402B1C093F85E0103F598730CD11A460321FDF736
S21402B1D04BFA08B9002010BD2046FFF760FE40F289
S21402B1E01B40F8E710220321FDF751FA18B120465A
S21402B1F0FFF781FEF3E7206C102200F59873052115
S21402B20090F85E01FDF743FA0028F0D1236C04F1B2
S21402B210180103F5987203F5A07352F8040B9A42CC
S21402B22041F8040BF9D1A36843F48073A360D1E715
S21402B230016C10B501F59873044601F1C802184670
S21402B240B83101F017FC20B12046FFF728FE40F285
S21402B250074010BDF0B587B0129F9DF8385005978D
S21402B260119F9DF83C6004970446109F08461146BD
S21402B2701A469DF83430CDE90267CDE900350C9BBD
S21402B28001F042FC024628B1204607B0BDE8F04075
S21402B290FFF705BE45F21301204607B0BDE8F040B1
S21402B2A0FFF78DBC7FB50446084611461A46DDE90F
S21402B2B00A63CDE90163099B0093089BF3F71EFD21
S21402B2C0054628B1204604B0BDE87040FFF7E7BD4A
S21402B2D0A07C2946C0F110023044F7F74FFB2A46FD
S21402B2E045F21201204604B0BDE87040FFF767BC85
S21402B2F038B5054608461021FDF77DF9044610B11B
S21402B3002846FFF7CCFD204638BD2DE9F04786B02B
S21402B31099460E9B04460F46164690F873A073BBDA
S21402B320236C02AD10220021284603F10108F7F72C
S21402B33025FBBAF1020F04F15A020DF10E0304F1D5
S21402B340530124D19288D4F85A000290AA80D4F8E5
S21402B3505320CDF80E208A889A8031462B464246E4
S21402B3603846CDF8009001F03EFB064610212846EE
S21402B370FDF76CF9B6B12046FFF791FD04E01146E1
S21402B380FFF7B6FF0028CBD006B0BDE8F087898865
S21402B390D4F8530092880290A980D4F85A10CDF8B7
S21402B3A00E10D9E7324645F210012046FFF707FC99
S21402B3B0EAE7B1F5A04F70B504460D4616460AD028
S21402B3C045F20603994218D0324629462046BDE881
S21402B3D07040EAF7A1B8836843F08003836090F870
S21402B3E07330012B14BF80204020E9F797FF00221C
S21402B3F003462046BDE87040184793791344597CAB
S21402B40041F49051E9F786FEDEE7EAF7E3B8B1F5D4
S21402B410A04F70B50446154676D045F21B06B142DB
S21402B42040F0958090F87430DA0765D5056CB5F86B
S21402B430503123B18921FFF7A7FB002070BDD5F854
S21402B44058315B0747D5AB79DE0744D56B7BD80707
S21402B45041D5A36C10220B2195F85E013133FDF71E
S21402B46016F938B140F21B412046E9F753FE40F286
S21402B4701B40E3E7A36C206C01220C2190F85E01CE
S21402B4802033FDF704F90028ECD1A36C206C1022BF
S21402B4900D2190F85E012133FDF7F9F80028E1D17D
S21402B4A00822206C114690F85E0104F11003FDF7A5
S21402B4B0EEF80028D6D1236C93F85E2184F8752026
S21402B4C0FF2283F85E2120468021FFF75DFB20469F
S21402B4D0E9F7FAFDB1E705F5987304F1180205F5E8
S21402B4E0A07553F8041BAB4242F8041BF9D1A368BB
S21402B4F043F48073A360E6E78021FFF745FB294605
S21402B5002046E9F707FE98E7036CD3F8582151075F
S21402B5100AD59A79D20790D55B7BDB078DD5FFF7E4
S21402B52048FE002889D0A2E7FFF782FE014690B9BE
S21402B530236CA07C03F59873C0F110021844F7F749
S21402B5401DFA216C2046B831FFF7B2FA75E7BDE85E
S21402B5507040E9F7E1BF40F207406FE773B545F286
S21402B5600406B142044615461DD045F21006B14205
S21402B57007D0B1F5A04F0FD002B0BDE87040E9F792
S21402B580CBBF016CA831FFF7AFFA85212046FFF743
S21402B590FBFA002002B070BDFFF752FA236CD3F814
S21402B5A05831D907F5D5236CD3F85821D2070BD4D6
S21402B5B0AA7998330C3215446A1D153552F8041BC5
S21402B5C0AA4243F8041BF9D1216CD1F8583113F082
S21402B5D0040301D08321D9E781F85C31012301F10C
S21402B5E0B8020093204601F1A80301F59871FFF70F
S21402B5F08CFECEE7B1F5A04F73B5044608D045F2EF
S21402B6001105A94229D002B0BDE87040E9F784BF0F
S21402B610016CB831FFF76CFE40BB256C95F85D31C6
S21402B62005F1A806013B022B01969CBFD5F82C011A
S21402B63095F85C6105F1B8039EBFF04000F001008A
S21402B64040F08000009005F11102204605F15101FC
S21402B650FFF728FC002002B070BD016CA831FFF78E
S21402B66043FA85212046FFF78FFAF3E740F20740B8
S21402B670F1E770B545F20406B1420446134625D0FA
S21402B68045F21806B14206D0B1F5A04F33D1FFF706
S21402B690D7F9002070BD11684D1C03D10121FFF7B8
S21402B6A0DCFBF6E7026CD2F85801400743BF0021E4
S21402B6B082F85C111B68C2F8301120464FF08401F4
S21402B6C048BFC2F82C31FFF75FFAE2E79979026CBD
S21402B6D00C310B44591D9832153351F8040B99421C
S21402B6E042F8040BF9D1226CD2F8583143F0010328
S21402B6F0C2F85831CDE7BDE87040E9F70DBF002328
S21402B70010B50446036490F87500FF2813D0E6F7D8
S21402B7100BFF082204F11003114694F87500FCF79B
S21402B720E9FF94F91330012B07D194F8743043F0F3
S21402B730020384F87430002010BD022BFBD194F86B
S21402B740743043F00A03F4E74B88062B05D10888C9
S21402B75041288CBF0020012070470020704707B5A3
S21402B7608B790A460B440191197C4B1E0D2B04D88B
S21402B77001F5A0410131FFF722FA01A8F7F775FBA0
S21402B78003B05DF804FB08B5E9F72AF8E9F71EFBF3
S21402B790BDE80840E8F720B808B5E9F711FA28B975
S21402B7A0BDE8084000200021F3F7FAB90020002186
S21402B7B0F3F7F6F9E9F722F8EFE737B5044642F66B
S21402B7C00720FEF7E2F90546B8B10A23002CCBBFE4
S21402B7D00534053CB4FBF3F394FBF3F38DF8073022
S21402B7E00123002118460DF10702F7F7F6FD0022A5
S21402B7F0034629461046FEF704F903B030BD10B5DD
S21402B800411D441E002014F8013F5A0802F055025A
S21402B8109B1A03F03302C3F3850303F03303134486
S21402B82003EB131303F00F03A1421844EBD110BD30
S21402B8300078E7F7D5BB13B50C460DF107020DF1FC
S21402B8400601FDF7DBF930B19DF80600031B5842EE
S21402B850584102B010BD0120FBE7FFF75BB8E9F7DD
S21402B86015BCEBF7FDB9FFF757B8704770470020D5
S21402B8707047704770477047EBF716BC70477047C3
S21402B88013B50C4601A902F08BF910B9019BC4E965
S21402B890003002B010BD08B5EBF7A6FA80F0010042
S21402B8A0C0B208BD08B5FFF7F6FF00280CBF04209B
S21402B8B0012008BD08B5FAF740F9002008BDEBF7ED
S21402B8C0ABBCEBF7B9BC002280B21146EAF7B2BFB6
S21402B8D000234FF0FF3203604FF0FF334160C0E9B0
S21402B8E00223704707B502F03BF96A4602F096F962
S21402B8F0DDE9000103B05DF804FB13B5E0F78EFF47
S21402B900019001A8F7F738FB044601A8F7F7ADFA4D
S21402B9102046032209210194F7F778FD019843791E
S21402B92043F00303437102B010BD022070470220A9
S21402B9307047002070470120704700207047084675
S21402B9401146012200F044B800F084BA00F08CBA26
S21402B95000F09DB8431E042818BF012B94BF012097
S21402B96000207047EEF752BC4FF4D4720021F7F76E
S21402B97005B810B50446EDF7ADF8E8B9A169D9B136
S21402B980238ACBB1204604F1100200F045FBB8B979
S21402B990E169A9B1638A9BB1204604F1120200F064
S21402B9A010FB88B9216A79B1A28A6AB12046E38A75
S21402B9B0BDE8104000F0C4BA00232382A361E6E784
S21402B9C000236382E361ECE700236361236210BD18
S21402B9D0EDF72CBA0A7838B505461046FFF7BAFFD7
S21402B9E060B14C782046FFF7B5FF38B122435307C3
S21402B9F004D42846BDE83840ECF744BD212038BDC3
S21402BA00FFF7E8BF10B504460878FFF7A3FF58B162
S21402BA104A781046FFF79EFF30B1042A04D020462B
S21402BA20BDE81040ECF74CBD212010BDFFF7EABF81
S21402BA3000F082B9084600F00EBC7047F8B506461C
S21402BA400D46EBF777FFD8B94FF6FF734FF0240C8D
S21402BA50EF68C1B28F4208D81C4621463046ECF742
S21402BA60EFF8EEF753FC2046F8BDAA680CFB01225D
S21402BA70D4899C4202D2002CEFD023460130E8E75C
S21402BA804FF6FF74EFE7808D704700F092B970B5FD
S21402BA9004460D46164600F049F858B12946204697
S21402BAA0ECF7CEF838B9324629462046BDE8704053
S21402BAB0F0F7B2BF0E2070BD08B5EBF7B1FE18B1B5
S21402BAC0BDE80840F0F70ABD08BD38B50446488808
S21402BAD00D46EEF7D3FBD4F8FC302BB929462046A8
S21402BAE0BDE8384000F01EBB022038BDEEF7D8BBDA
S21402BAF000F035BCD0F8FC00003818BF01207047B3
S21402BB0000F0E2BAECF720BFEEF7B8BAECF710BED8
S21402BB1000F0C5B938B50446154609B100F049FB30
S21402BB2015B12046EDF77AFC002038BD0346408A60
S21402BB3018B1188A003818BF0120704700F094BA6E
S21402BB400846EEF763BE10B5044600F07DF820B94D
S21402BB502046BDE81040ECF7A1B910BD00F003BCCA
S21402BB6000F001BCEFF792B82DE9FF419846044673
S21402BB700E46174602F0FAF905462046FFF7E3FF9F
S21402BB800A9B3A4602930023314601932046CDF89B
S21402BB900080ECF7D1F90446284602F0E2F9204686
S21402BBA004B0BDE8F08138B5044602F0DFF9054678
S21402BBB02046FFF7C8FF2046ECF79CF904462846C5
S21402BBC002F0CFF9204638BD38B5044602F0CEF969
S21402BBD005462046FFF7B7FF204600F044F8044625
S21402BBE0284602F0BEF9204638BD38B5044602F0B3
S21402BBF0BDF905462046FFF7A6FF204600F039F8B5
S21402BC000446284602F0ADF9204638BD70B5044613
S21402BC100E4602F0ABF905462046FFF794FF314682
S21402BC202046ECF7D5F90446284602F09AF9204653
S21402BC3070BD084611461A4600F058BB01207047F0
S21402BC40EDF792BE00F0F0BAECF764B810B502F069
S21402BC508DF9044600F015F8ECF784F82046BDE8A6
S21402BC60104002F07EB9024608B5ECF753F8507D54
S21402BC7008BD024608B5ECF74DF8507D80F001008D
S21402BC8008BD00F070BBECF75DBB00F09EB838B59F
S21402BC9003210546ECF7C8FA04462846EDF7C6FD2A
S21402BCA0204638BD38B590F825400D46FF2C17D0F3
S21402BCB0023C012C8CBF0024012449682246EDF781
S21402BCC0F1FD286890FAA0F0000AEFF797FBA97A30
S21402BCD02889224681F00101EDF714FE002038BDC6
S21402BCE00220FCE730B505460FC985B08DE80F0087
S21402BCF069462846FFF7D6FF05B030BD00207047DC
S21402BD00002070477047D0F89C3003F06003402B49
S21402BD100DD0602B03D0203B58425841704749B1A2
S21402BD200B68012B06D9486940F00100704740F2C3
S21402BD300110704700207047F7B504461046D4E954
S21402BD4052C7DDE908268CEA020587EA06010540A5
S21402BD50194085EA0C057940C4E95251002523F4BE
S21402BD60004106EA010320F0010043F4007302409A
S21402BD7043F0020301950095F1F750FD94F8243044
S21402BD809A0713D5D4F84C319B050FD54FF488117A
S21402BD90204600F04FFC94F82430024665F3410337
S21402BDA084F8243020460B46ECF72CFA002003B029
S21402BDB0F0BD30B4D0F89C300A4023EA01031343A6
S21402BDC0C0F89C3030BCEDF7E9B80220EEF754BF5D
S21402BDD008B5D0F8F0304BB11A68022A06D993F8A3
S21402BDE025204AB1186AB0FBF2F008BD40F68C3244
S21402BDF04C210020EBF778FF0020F6E7D0F8F02081
S21402BE0008B57AB11368022B0CD9536A13F47F4F24
S21402BE10C3F3072106D0126ADBB253438B42B3FB4D
S21402BE20F1F006D2002040F6AB324C21EBF75CFF75
S21402BE30002008BD0346B3F8322108468A4203D0E2
S21402BE40A3F83211EEF76ABA002070474FF48071F9
S21402BE50F2F782B810B50023ECF768FB044608B97F
S21402BE60F0F7C4FD204610BD38B51D460023044633
S21402BE70ECF75CFB28B929462046BDE83840F0F7C7
S21402BE809FBE38BDD0F8F00040B10368122B04D92B
S21402BE90006D202828BF202070470020704770B50C
S21402BEA004460D46ECF7D4FA94F825400646042CD0
S21402BEB002D16B7C012B0CD9023C012C8CBF0024D6
S21402BEC0012431462046F0F797FC431C03D102209A
S21402BED070BD0124F5E7AB88BBB92B68AA689B1A2C
S21402BEE02B600323AB71002EF1D0B0F5803FEED865
S21402BEF04FF22442730902FB00333609B3FBF6F312
S21402BF002A680020D21A2A60E2E700EBC30004EB9C
S21402BF1044042044E5E738B54FF03A430546DC6A68
S21402BF20808AC4F30C04A04234BF0020012041F2F0
S21402BF30D0420821EBF7D8FEA88A001B80B238BD93
S21402BF402DE9F041884618F00307064615461946BD
S21402BF5033D1B2F5805F30D89A422ED33F2A2AD9FF
S21402BF60B2FA82F40122C4F11F03DBB29A4092B203
S21402BF70AA422CBFC4F11904C4F11A04E2B2012089
S21402BF80931DDBB2984080B2A84214BF0120002065
S21402BF9002D096F8013193B996F8243060F3C713AD
S21402BFA086F824304046EDF71BFEC6F82080B582A0
S21402BFB03846BDE8F0813A46E1E72127F8E70E2742
S21402BFC0F6E7F8B511F0030607460D46144621D1EA
S21402BFD002B313883F2B1DD9B3FA83F3C3F11901B9
S21402BFE0C9B2062901D8192B12D0062928BF062164
S21402BFF001238A1DD2B293402846238000F063F9BB
S21402C00023883846FD617B82EDF7FAFE3046F8BD9E
S21402C0103146EDE72126F9E738B5148811F0030515
S21402C0204FEAC4041ED13F2C1CD9B4FA84F4C4F1DE
S21402C0301903DBB2052B01D8192C11D0052B28BF0A
S21402C040052301240633DBB204FA03F3C3F3CF0459
S21402C0501480816104820387EDF7D2FE284638BD3C
S21402C0602B46EEE72125F9E770B50E461021054668
S21402C070F1F772FF0446102128463201F1F758FF05
S21402C080F1F774FF204670BDF8B504460E46174613
S21402C09001F063FF3A46054631462046EFF78AFB33
S21402C0A00446284601F054FF2046F8BD0220704799
S21402C0B003207047EEF7D8BD40F236607047002086
S21402C0C070470022EDF73CB808B50B46062200F58D
S21402C0D098711846F6F779FC002008BD0429F8B5D1
S21402C0E005460C460AD10026F7B23846EEF75AF94C
S21402C0F008B13C4602E00136042EF5D12046EEF7A2
S21402C10051F958B195F83031A34209D085F830413B
S21402C11005F59870BDE8F840EEF706B92120F8BD9F
S21402C1200020FCE7F8B5FF230F78044680F8293094
S21402C13090F8306138460D4600F009F984F8280078
S21402C1406988B4F832318B420BD194F830212B78BF
S21402C1509A4206D1AB88D4F8B0209A4201D1002088
S21402C160F8BD2046FFF766FE39462046FFF7B6FFC3
S21402C17018B10D2384F83031F2E72046A988ECF78F
S21402C180B9F90028ECD104F59870EEF701F9002809
S21402C190E6D1D4F8EC30002BE1D094F83011B1425D
S21402C1A0DDD02046B3F91220DCF7BCFA84F8390158
S21402C1B0D5E7EDF717B910B5144608460121EFF793
S21402C1C033F82046BDE810400121EFF72DB8802154
S21402C1D0F1F7C2BE10B50446ECF71CFE0146204637
S21402C1E0BDE81040ECF71CBE70B504460D46164678
S21402C1F0ECF708FE032813D1A5B1B31E022B94BF99
S21402C2004FF4BC7328232946C4F80831204684F824
S21402C2102560FFF713FC2046EDF7E2FA002070BD1A
S21402C2200220FCE72120FAE7EDF79EBB38B505466B
S21402C23010460C46EDF70AFC5DB1D5F8EC3043B17A
S21402C2405A6932B12368591C04BF6FF00103236098
S21402C2501360002038BDEFF7DFBD002070472DE9E0
S21402C260F74F01251C469DF83030064601930368B9
S21402C270174603F0070306339D4005F1FF380B46C9
S21402C280A1B1416804EA080BA5EB0B0A41F000597C
S21402C290524509EB0B0114D952461846F6F795FBA0
S21402C2A049467A1B5A445044F6F78FFB019B2BB142
S21402C2B03C4448EA050804EA0804F46003B0BDE812
S21402C2C0F08F1846F0E74FF03A4301225A6740F6DD
S21402C2D0FF72D96418651A67704737B50025144689
S21402C2E00095FFF7BCFF204603B030BD70B50E4682
S21402C2F01546044608B9002070BD0378042B18D0F2
S21402C3002078EEF74FF8B0B923780D2BF3D10EB1A3
S21402C310FF233370CDB1FF232B7016E0581CC0B23A
S21402C32003282070ECD8EEF73DF823780028F5D0E5
S21402C330E6E70020F4E71EB12078EEF769F83070E1
S21402C3401DB1207800F003F828700120D4E700F031
S21402C350FD00003818BF01204042C0B27047704747
S21402C36000200021704708B5EEF7D0FCBDE8084073
S21402C370EEF7F4BC38B50446FFF7F5FF0546FFF7BF
S21402C380F2FF431BA342FAD338BD38B50D46044626
S21402C390EEF7BCFC35B1844200D90139204601F0E3
S21402C3A0030138BD844238BF0131F7E708B5EEF71E
S21402C3B0C5FCBDE80840EEF7D1BC08B50121FFF781
S21402C3C0E4FFBDE80840EEF7C9BC08B521B192000B
S21402C3D0F6F7FBFA002008BD2120FCE70B0C23F43D
S21402C3E08053B3F5284FF7B50D468FB2064699B27D
S21402C3F017D04AF60103994215D04AF6020399422B
S21402C40013D0B1F5204F14BF04240324D6F8EC3021
S21402C4100BB1196859B9D6F8E83093B9286803B051
S21402C420F0BD0024F2E70124F0E70224EEE72346FB
S21402C4303A466846EEF70CFD019B002BEBD10098BE
S21402C440EDE719680029E9D023463A466846EEF732
S21402C450FFFC019B002BE1D1F1E702044FEA9013A7
S21402C46009D4C3F30903A3F1C8006FF4FF7398421B
S21402C470B8BF184607E06FEA83536FEA935313F583
S21402C480007F18B2EFD170474FF0384359699A6966
S21402C49003F500530A405A61704700EB8023C0EB55
S21402C4A0831353FA81F303EB8322C3EB8213C1F3A4
S21402C4B00722134403EB8322C3EB8213C1F3074222
S21402C4C0134403EB8322C3EB821303EB1160704722
S21402C4D038B50D46144604B938BD55F8041BFFF7A7
S21402C4E0DCFF013CF7E72DE9F0470C4669B1CB1CAF
S21402C4F0B3F5002F09D24FF0000844F6FC7654F844
S21402C50028104FEA88094B1C01D1BDE8F087FFF7D7
S21402C510C4FF01F0E063B3F1407F844608F10107EF
S21402C520C1F3074514D18BB2F31AB5EB930F4FEA5A
S21402C530930A0DD909F1040152462144FFF7C8FFB8
S21402C540844608F10208013D0AEB0807A5EB0A0536
S21402C5502A46604604EB8701FFF7BAFF07EB050899
S21402C560CDE7F8B50446002850D000F11703B3F51E
S21402C570002F05464AD2EFF797FC217D00EB802379
S21402C580C0EB83130B44A28A03EB8321C3EB811314
S21402C59003EB122304F1100618462968FFF77DFF05
S21402C5A02A7803469AB9696861B1CA1CB2F5002FA7
S21402C5B008D26A7852000132FFF78AFF034608352E
S21402C5C0B542E9D12069C31A58425841F8BD012A3A
S21402C5D0F8D168680028F5D0421CB2F5002FF1D2D7
S21402C5E0E978AA78891A01310029E8D030F8027B66
S21402C5F003EB8322C3EB821353FA87F303EB832204
S21402C600C3EB821303EB17230139EDE70020DDE7C6
S21402C6100E2070477047F0F7C3BBF0F7C1BBF0F7C8
S21402C620BFBBF0F7BDBB08B50846F0F7E1FF08BD93
S21402C630F0F7B6BB38B505460C4601F08EFCD5F8C9
S21402C64098301C40D5F894302343C5F8943001F056
S21402C6507FFC211E18BF01210020490238BD0020A0
S21402C660704770477047704710B5044600F03800B0
S21402C670F2F736F878B1D0E901234178C4F30744DB
S21402C68011F0010F18BF1346043B53F8040F10B104
S21402C6900278A242F9D110BD052B07D920F47F40BB
S21402C6A020F0C70040F40070106091807047036865
S21402C6B0186800F0A8B838B50546F1F7C7FF044673
S21402C6C02846FFF7F4FF204638BDF1F70BBF10B53A
S21402C6D000F1080454F8083C0BB9184605E054F873
S21402C6E0040C984708340028F4D010BDF8B5044668
S21402C6F0C0B100F10C073846DEF778FD0023666805
S21402C70056F823207AB906EB8305B5420DD1236984
S21402C71093B93846F6F7A9FB00236380637823F0C3
S21402C72007036370F8BD0133EAE755F8043DDB689A
S21402C730002BEAD09847E8E7DD68002DE9D0043DF3
S21402C74055F8043F002BE4D09847F9E738B505467C
S21402C75060B1046944B1206850B1FFF7B8FF0446DF
S21402C76010B12846FFF7C2FF204638BD2224FBE759
S21402C7700446F9E770B5054628B3437823F0060366
S21402C78043F001034370036953B1586840B1FFF7A1
S21402C7909EFF044620B12846FFF7A8FF204670BD3C
S21402C7A06E68043E56F8044F2CB9202005F10C01A1
S21402C7B0DEF70AFDF2E7A368002BF3D0984704469B
S21402C7C00028EFD0E7E72224E8E710B1407800F02F
S21402C7D00100704730B1407800F00700B0FA80F0F0
S21402C7E0400970470120704707B501A9FFF76DFFA2
S21402C7F003B05DF804FB08B500F018FA002814BF71
S21402C8001420002008BD7047430803F05533C01AB1
S21402C81000F03333800800F0333018444FF0013311
S21402C82000EB101000F00F305843000E704710B5A2
S21402C830044688B1836A016A7BB180689847002300
S21402C84094F8240023620C28636005D82146DEF79C
S21402C85083FE0D2384F8243010BD0029EFD08368B0
S21402C860002BECDB0846F6F70AFEE8E7002307B5DE
S21402C8701A46019101A9F2F7E1F803B05DF804FB4C
S21402C880002330B587B004939DF83430DDE90A45BD
S21402C89003930C9BCDE900450293F2F745F807B0E7
S21402C8A030BD052330B585B003930A9BDDE9084504
S21402C8B00293CDE90045FFF7E3FF05B030BD30B582
S21402C8C000230024002585B0CDE900450293FFF73A
S21402C8D0E8FF05B030BD03680B60016070472DE9C4
S21402C8E0F0410E46174600240546006808B9BDE822
S21402C8F0F081D0E90083B3420BD18368BB4208D1F2
S21402C90054B9C5F80080C368DB0701D5F6F7B7FD52
S21402C910204604464046E9E7C4F80080F3E70023D1
S21402C92070B51A46194605460468F2F787F80CB938
S21402C9302C6070BDE3682668DB0702D52046F6F752
S21402C9409EFD3446F3E72DE9F8430E4617460546A4
S21402C95010B90020BDE8F8830468002CF9D0D4E9A9
S21402C96000893B4632462946A068C8470028F1D1CE
S21402C9704446F2E73020704710B4044693790846DE
S21402C980C3F3C00383F00103237011465DF8044B22
S21402C9900622FBF751BEF7B51F4600230D4601A936
S21402C9A016460193E5F7CCF9044648B93B463246AB
S21402C9B029460198E5F70EFA04460198FBF78DFD25
S21402C9C0204603B0F0BD38B50B461546024629464A
S21402C9D01846E5F7D9F9044618B110212846FBF7A0
S21402C9E035FE204638BD2DE9F0419046002286B03D
S21402C9F00E4601A91D460C9F0192E5F769F9044609
S21402CA0048BB08F1FF320DF108084046731E0F3688
S21402CA1013F8011F12F8014FB34281EA040100F82D
S21402CA20011BF5D102A90846019AE5F7ADF90446BD
S21402CA3088B96B1E0F3598F8002013F8011F4A407C
S21402CA40AB4208F8012BF6D13946019A02A8E5F75F
S21402CA509BF9044618B110213846FBF7F7FD0198FA
S21402CA60FBF73BFD02A81021FBF7F0FD204606B0BF
S21402CA70BDE8F08170B50C46064651681068002283
S21402CA8086B01D4602AB03C320686168019203C3E9
S21402CA90304601A9E5F71CF9044640B92946019A31
S21402CAA002A8E5F771F904460198FBF716FD102176
S21402CAB002A8FBF7CBFD1CB110212846FBF7C6FDEA
S21402CAC0204606B070BDF0B50E4614461D4693B01D
S21402CAD001462022189F01A8FBF7AEFD2022314610
S21402CAE009A8FBF7A9FD20463B46412201A98DF87D
S21402CAF04450FFF750FF044618B110213846FBF7A2
S21402CB00A5FD204613B0F0BDF0B516461D460446F8
S21402CB1093B0102201A81D9FFBF78EFD102231460E
S21402CB2005A8FBF789FD1022294609A8FBF784FD14
S21402CB309DF860301B9A8DF834309DF864300EA94B
S21402CB408DF835309DF868300DF137008DF83630A7
S21402CB50FFF712FF1C9A0DF13F010DF13E00FFF7A1
S21402CB600BFF204601A93B464122FFF714FF04466D
S21402CB70412101A8FBF76AFD1CB110213846FBF7DC
S21402CB8065FD204613B0F0BDF0B50E461D461446B0
S21402CB9099B00146202204A81E9FFBF74DFD2022D5
S21402CBA031460CA8FBF748FD1022294614A8FBF7CD
S21402CBB043FD6B465022204604A9FFF7ECFE18B14F
S21402CBC000233B6019B0F0BD009B3B60FAE72DE9FD
S21402CBD0F0410D46804688B0002114460DF1030050
S21402CBE00D22F5F7CBFE2A88AB7804AE6946ADF87F
S21402CBF00020404632468DF80230FFF7E4FE054636
S21402CC0010216846FBF722FD35B100232380A3706E
S21402CC10284608B0BDE8F081BDF81020B378102190
S21402CC2030462280A370FBF711FDF1E7034B5868EC
S21402CC30C0F30800003818BF0120704700ED00E07E
S21402CC40014B1868704700BF682E00200A4B1B6F06
S21402CC5003F00703013B032B03D8DFE803F00A03C4
S21402CC600608FEE7054B18687047054BFBE70548C4
S21402CC7070470548704700BF00800050682E0020AD
S21402CC80702E002080D54302002D310108B5FFF733
S21402CC90DDFF054B1B6FC3F303330133B0FBF3F029
S21402CCA0024B186008BD00BF00800050642E0020B2
S21402CCB00048704700B4C40400487047002D310194
S21402CCC0014B1868704700BF702E0020004870475E
S21402CCD080D54302014B1868704700BF6C2E0020B7
S21402CCE030B5154B87B00293144B0390049346F667
S21402CCF011030D46059300F06FF91428044616D169
S21402CD00684601F00EFA4FF0A843032202A95A63BE
S21402CD1019601D619A63DA6B9207FCD1142C02D15A
S21402CD20684601F00CFA00F08BF9044601E0002890
S21402CD30E9D0204607B030BDF016002004000020DF
S21402CD402DE9F04FB1B005468C46E9466F4F3B9E43
S21402CD50DDF8F8E0409C07F1100AC84638687968A2
S21402CD600837A8E803005745C146F6D10EEB02087D
S21402CD70C8F1000909F00F09002E00F0AD807742D5
S21402CD8007F00F070121DDF8FCB0C4F1100ACDF858
S21402CD9010B0059144F0005106914FEA0A2101F4C1
S21402CDA0F85141F02101079106B96B460893002D10
S21402CDB040F09480002C00F0918004AB0993002E82
S21402CDC000F08E8046F000530A93002D40F08B80D0
S21402CDD0002C0CBF2123012343EA07230B9308A848
S21402CDE042F00053CDF830C03D990D900E934FEAB5
S21402CDF0092343F041030F931091002A75D00CA922
S21402CE0011910021002A18BF412341EA0E01129116
S21402CE1013933C9B3E4A149310AB15933D4B002153
S21402CE20169340F6110317933B4B002D18BF13467B
S21402CE30189314AB1993394B10221A9311231B9390
S21402CE401CAB1846F5F79AFD01221D924AF0804265
S21402CE501E9200220346239205B9EB46102C08BF09
S21402CE6001230DF1900A102200215046CDF880B021
S21402CE7021932294F5F782FD002C3AD020AB0021B4
S21402CE8025938F4218BF534647F0804226923A9A1D
S21402CE902CA828922993B2FA82F35B0946EA837396
S21402CEA010222B912A93F5F769FD26B328ABC844C6
S21402CEB02D932CA948F0804318A82E93FFF710FF55
S21402CEC038B935B903460246A34216D1002A18BF1E
S21402CED02C2031B0BDE8F08F102753E701236DE711
S21402CEE047F0005370E7212376E74FF00051119088
S21402CEF088E70123C3E75346D9E703F1C001694433
S21402CF0011F8C01C01330A43DEE700BF07E902003E
S21402CF1010EF0200100000200CEF020004000020B8
S21402CF20F0B5C0299FB0249E4FD0B1F5807F04D0C3
S21402CF30802941D029201FB0F0BD40F2144440F2AF
S21402CF403445002E18BF2C462127102501940124B3
S21402CF500296039404950597259F069706B102ACA0
S21402CF6007940124089509940A9221220B940C95A1
S21402CF700D92174A0AAC0E92164A0F94109242F677
S21402CF8011021192129313941495159201AA1692F5
S21402CF90CBB112AB1793042318931123199316AB34
S21402CFA01A901B9340F61103C9081C911AA806A9E9
S21402CFB01D93FFF795FEBEE7002E0CBF4FF482646A
S21402CFC04FF48664C0E70EABE4E70F20B3E700BF7A
S21402CFD008EF02001000001038B5164B5A6E42F0E9
S21402CFE004025A66D3F8802242F00102C3F8802275
S21402CFF0114B5B68C3F3080343B14FF0A842D36BEF
S21402D00013F0430FFBD11424204638BD4FF0A8433B
S21402D010DC6B14F04304FBD1084D2B681BB90421CA
S21402D0202846F2F72BFB2B68013343F000432B60B4
S21402D030EAE700BF0080005000ED00E0F016002096
S21402D040014B00205B68704700ED00E0C0B102684B
S21402D05012F4E07FC2F382130DD0012B10D1094BDC
S21402D06059B103F58053012102F03F0201FA02F2A0
S21402D07000201A607047044BF2E703F50053F2E70C
S21402D0800E207047688000506480005070B50646D7
S21402D0900D4600F06BFF04460E4B1B68183B13F15F
S21402D0A0180F04D12046BDE8704000F05ABF1A6837
S21402D0B01268B24201D09B69F0E7074A13601B6907
S21402D0C0064A53F82530157003B198470022024BE2
S21402D0D01A60E7E72C17002024170020FE2A0020FB
S21402D0E0014B53F8200070473017002070B50446F5
S21402D0F001F0B0F800B1FEE7074A2101555802EBED
S21402D100041345B19968204601315A6899602B4646
S21402D110BDE87040184770BD5818002008B50B4B84
S21402D12001461B785BB107280BD8094B03EB0013AB
S21402D1301B7B43B1074800F033FF002008BD1120D7
S21402D140FCE72120FAE72520F8E700BF002B0020A5
S21402D15058180020000004500C4B10B51B780C46E3
S21402D16073B107280ED869B1094B03EB00131B7B7A
S21402D17053B10146074800F023FF2070002010BD7F
S21402D1801120FCE72120FAE72520F8E7002B0020F3
S21402D19058180020000004500C4B10B51B780C46A3
S21402D1A073B107280ED869B1094B03EB00131B7B3A
S21402D1B053B10146074800F012FF2060002010BD60
S21402D1C01120FCE72120FAE72520F8E7002B0020B3
S21402D1D058180020000004500346064802689A4287
S21402D1E003D841680A44934202D3406A0028F5D124
S21402D1F0704700BFE41800200229F8B596BF104B0E
S21402D20000245C5C012805460E4608D0022809D098
S21402D21008B944F002040B4B1F6837B9F8BD44F056
S21402D2200804F8E744F02004F5E77B681A6814421D
S21402D23003D0314628465B6898473F68EDE700BF53
S21402D240E4F002001819002038B5104D2B78ABB167
S21402D2500F4C23781BB100F08DFA002323700020B8
S21402D26001F0EBF80B4C50B100F0D6FA0023012186
S21402D27020782B70FFF7C0FF0123237038BD0122F0
S21402D280054B1A702278054B1A70F7E7082B002018
S21402D290062B00200E2B0020092B00200A2B002034
S21402D2A00E490B78FF2B01D198B170470BB990B994
S21402D2B07047002814BF0122FF2213440B7060B18E
S21402D2C0074B1B78012B08D9064B1B782BB9FFF7A7
S21402D2D0BBBF1A46F1E70122EFE770470D2B00208D
S21402D2E00E2B0020092B002010B500F036FE064B50
S21402D2F004461B781BB1BDE8104000F029BEFFF7BC
S21402D300A3FF2046F7E700BF052B002002282DE9E1
S21402D310F04147D029480378FF2B41D1002941D15B
S21402D3201A461344DBB2037000293BD0244E3278EF
S21402D330012A37D9002B3ED000F00FFE214F0446BB
S21402D3403B780BB3204D2B781BB901222A701F4A5B
S21402D3501370DFF87C8098F8003023B100F00AFAE8
S21402D360002388F80030204600F0F2FD012001F08C
S21402D37064F800F0F2FD2B7804461BB100F04CFA7C
S21402D38000232B7000233B70204600F0E1FD0124B1
S21402D3903078A04206D02146FFF72EFF347001E017
S21402D3A013B931B9BDE8F081002914BF0122FF226A
S21402D3B0B7E70122B5E70224EAE700BF0D2B0020FB
S21402D3C00E2B0020082B0020052B0020092B002006
S21402D3D0062B00202DE9FF47EFF3108572B6AFF358
S21402D3E0008001F0DFF8002800F0A4806B4E6C4F3E
S21402D3F0337823B10020FFF753FF002333703878C9
S21402D40078B903A900F07CFB044650B9654B039A31
S21402D4101B689A4200F296800120FFF741FF012323
S21402D42033703B78002B40F0AB805F4B1B78002BB1
S21402D43000F0A3804FF002085C4CDFF89091207851
S21402D440DFF88CA140450AD0002389F800309AF80C
S21402D450003013B94146FFF7CFFE84F8008099F8F2
S21402D46000303BB12378022B04D1002389F8003028
S21402D47001F0DCF8B8F1020F0FD1DFF82C8198F832
S21402D480003053B94A4B1B7823B900F06DF90122DC
S21402D490484B1A70012388F80030207800F018F9FB
S21402D4A09AF8003013B1444B1B782370AFF3008018
S21402D4B0284600F0BDFFEFF3108572B63F4B1A7890
S21402D4C052B100221A703C4B20781B78984203D146
S21402D4D001212170FFF790FE394800F0D1FA01F0E1
S21402D4E070F88046002883D12F4F89F800003B78D9
S21402D4F09BB1DFF8C0908AF8000099F800301BB1A3
S21402D50000F038F989F80080002000F096FF002825
S21402D51039D000F081F900233B70337823B1002024
S21402D520FFF7BEFE0023337000212078FFF764FE6B
S21402D53000232370AFF30080284604B0BDE8F0470E
S21402D54000F076BF1F4BD3F8008000F0AFF8039BC5
S21402D55080449845BFF460AF00F092F982000399C8
S21402D56042F0020292B2CDE900422346164AA1EBED
S21402D5700801134800F063FF53E700F0DFF859E7AD
S21402D5804FF0010858E7012000F0A2F8284600F004
S21402D5904FFFEFF3108572B6B6E700BF072B0020E9
S21402D5A00D2B002020190020082B00200E2B002017
S21402D5B00C2B0020062B00200A2B0020032B002019
S21402D5C0241900201C190020E9D202000B2B00208F
S21402D5D0092B002010B500F0C0FC0022054B1C7879
S21402D5E01A7000F0B5FC00F04DFBE4B22043C0B266
S21402D5F010BD00BF042B002038B500F0AEFC094B6E
S21402D60005461B78012B04D800F0A2FC0024204615
S21402D61038BD054B1C6800F049F80444284600F063
S21402D62097FCF4E70E2B00201C190020194B1A4910
S21402D6301A6F10B502F007020A60196F174801F454
S21402D640744101601649174C8969032A01F00200E9
S21402D650C1F3400121701AD0D3F8202102F0030250
S21402D660022A14D0D3F8243103F007039C1E634227
S21402D67063410D4A137048B143B9064BD3F80031E3
S21402D68003F00303591E4B424B41137010BD012396
S21402D690EFE700BF008000508419002080190020A8
S21402D6A000C00150132B0020142B0020054B1878C5
S21402D6B018B1054B186800EBD000044B1B681844E1
S21402D6C0704700BF142B0020481900207C19002048
S21402D6D0012808B502D002281ED008BD134A1378C6
S21402D6E023B113490B6F43F474430B6711490B695B
S21402D6F023F004030B61BFF34F8FBFF36F8F30BF6E
S21402D7001378002BE9D00A4A0B49136F096823F4F1
S21402D71074430B431367E0E70020D6F785FF054AFC
S21402D720136923F004031361D7E700BF072B002019
S21402D7300080005000ED00E080190020074A0849EA
S21402D740D2F8203103F003030B60D2F82431054AE5
S21402D75003F007031360F3F7F2B800BF008000502F
S21402D760901900208C1900200122014B1A70704774
S21402D770122B0020F8B51F4B1B78002B39D01E4CFD
S21402D7802378B3B91D4B9A6DD10302D5DA6D920791
S21402D7902FD49B6DDB072CD400F0DDFE184B194A04
S21402D7A01860136F23F0070343F003031367FFF7B2
S21402D7B06DFA00F0D0FE124B134D1B68134EC01AC2
S21402D7C02B78134F56F8232046F82300111A3A688E
S21402D7D01048521A0A213A600932B2FBF1F20133BA
S21402D7E0DBB20260B3FBF1F201FB12332B700023B3
S21402D7F02370F8BD142B0020112B002000C000500F
S21402D8007819002000800050102B002050190020AC
S21402D8104C1900204819002008B5F3F793F8124B6C
S21402D82012491A6F096822F007020A431A6710495A
S21402D830D3F82021096822F003020A43C3F8202104
S21402D8400C49D3F82421096822F007020A43C3F8D8
S21402D8502421094B1B7813B10122084B9A62BDE8BA
S21402D8600840FFF713BA00BF00800050841900205A
S21402D870901900208C190020142B002000E0005084
S21402D880014B1878704700BF142B002008B5104BC8
S21402D8901A78C2B100221A700E4B1A6F22F00702D3
S21402D8A042F001021A67D3F8202142F00302C3F8BD
S21402D8B02021D3F8242122F0070242F00302C3F803
S21402D8C02421FFF7E3F90122034B5A6708BD00BF84
S21402D8D0122B00200080005000E000500D490B681B
S21402D8E0A0B10022A3B1834203D1836822B90B60A0
S21402D8F003E01A469B68F5E7936083680BB900203D
S21402D90070475A6941690A445A61F8E7222070470B
S21402D910022070479C19002010B500F038FE0A4C11
S21402D9200A4B19682368C31A09B9206010BD002B78
S21402D930FBD04A699A423ABF9B1A0022D21A4A611F
S21402D94028BF00238968EFE7981900209C19002059
S21402D95038B5154D2B682BB35B69A3B1134A022069
S21402D96014681C4400F0CAFA204600F089FA002324
S21402D9700F492A680B7022B1D08880070AD5012386
S21402D9800B70002038BD022000F0B8FA022000F02A
S21402D990D7FAECE79268002AF3D050690344012BC9
S21402D9A0EAD9EEE72220EDE79C190020981900201C
S21402D9B0162B0020C38870B504460D463BB9FFF708
S21402D9C01BFE8542064602D2F4F77EF935460E4A1B
S21402D9D06561136883B91460A3600CE02D1A986819
S21402D9E019466561034618B15869A842F6D929B1A5
S21402D9F08C60A36023B970BD0021F5E71460A360B4
S21402DA005A69521B5A61F6E79C19002070B50D46FA
S21402DA109DF81410164601710499BDF8182001608D
S21402DA2000210446C0E903368160C28006BB00F0CE
S21402DA30AEFD2844A0613DB9E368656113B1204696
S21402DA4021689847C6B1354600F087FA0646FFF7C2
S21402DA5063FF29462046FFF7ADFF084B1B689C4232
S21402DA6001D1FFF775FF3046BDE8704000F070BA8E
S21402DA7000F08DFD3044DDE770BD00BF9C1900202C
S21402DA80F8B50546D0B100F068FA0646FFF744FF3F
S21402DA900B4B28461F68FFF721FF044620B130468D
S21402DAA000F056FA2046F8BDAF42F8D1FFF750FF15
S21402DAB02228F4D1022000F02DFAF0E72224F1E722
S21402DAC09C19002038B50C460546A8B1A1B1002322
S21402DAD00B7000F04BFA0121084B1B6833B900F0BB
S21402DAE040FA002038BDAB4204D121702278002AC9
S21402DAF0F9D0F4E79B68F1E72220F3E79C190020AF
S21402DB00F8B506460F4600F031FA00250446124BD9
S21402DB101B6823B9204600F024FA1B2011E05A693C
S21402DB201544DA88B2420DD100F031FD0B4E33684F
S21402DB30C01AA8420AD3002320463B6000F011FA1E
S21402DB400020F8BDFF2EEFD09B68E2E700F01FFD35
S21402DB5033682B441B1AEFE79C1900209819002003
S21402DB6070B500F003FA064600F011FD084B0446B5
S21402DB7001201D6800F0FBFC18B100F008FD044609
S21402DB800135304600F0EDF92046294670BD00BF4B
S21402DB90A4190020014B1868704700BFA019002086
S21402DBA00B4B70B51B68044683420D460ED340F2FB
S21402DBB0E7300021074B4FF47A721E680023E4FB1D
S21402DBC00601DCF749FC2860002070BD2120FCE736
S21402DBD094190020A01900200F4B10B51A689AB1AC
S21402DBE04FF47A71531E1342A0FB01010ED1B2FA12
S21402DBF082F2C2F11F04531CD243E04001FA03F33F
S21402DC00184321FA02F20243104610BD0023DCF745
S21402DC1023FC0246F8E700BFA019002038B5164BD1
S21402DC2014468342154B8B4123D3154B1A6802B315
S21402DC304FF47A75A0FB050305FB0131531E134210
S21402DC4011D1B2FA82F3C3F11F055A1CDB4301FA63
S21402DC5002F2E84021FA03F310431843E940C4E90C
S21402DC600001002038BD0023DCF7F6FBC4E9000102
S21402DC70F7E72120F6E700BFEFA7C64B378941003A
S21402DC80A019002010B500F071F9034B1C7800F0C3
S21402DC9068F9E4B2204610BD152B00202DE9F041AC
S21402DCA09846002386B00E46174605468DF8133072
S21402DCB078B30DF11301FFF705FF9DF8133053BB40
S21402DCC0304605A9FFF76CFF044630BB144B4FF4F1
S21402DCD07A7218680023A0FB0601DCF7BDFBC2F5CA
S21402DCE07A7189B2B1F57A7F08BF0021BDF8343067
S21402DCF0A983EC83059A02939DF830301146CDE94C
S21402DD00008328463B46FFF781FE204606B0BDE864
S21402DD10F0812224F9E70224F7E72124F5E700BF81
S21402DD20A019002008B5084B1B7803F0FF004BB182
S21402DD3000F011FC054B1B689B69C01A02288CBFB9
S21402DD400020012008BD00BF162B00209C190020D1
S21402DD50C2072DE9F843044607D5464A136801333D
S21402DD601360FFF7D9FDFFF7F3FDA3077FD500F099
S21402DD70FDF84FF0000805464646FFF7CDFD3E4F3C
S21402DD803C680CB16369A3B100223C4B012E1A70A9
S21402DD9003D118F0020F18BF1E70FFF7D9FD222814
S21402DDA002D1022000F0B6F82846BDE8F84300F09B
S21402DDB0D8B823465A693AB91A792179914288BF66
S21402DDC01C469B68002BF5D1284600F0CAF8256948
S21402DDD0002D38D000F0DBFBA269A0EB02084FEA68
S21402DDE0E873A84573F100032EDB23691344A3618D
S21402DDF001232269CAB1C3B9A38BB5EB080533B1B7
S21402DE00E28B13449BB2B3F57A7F28D2E38300F009
S21402DE10ADF8804629462046FFF7CCFDA369226965
S21402DE2040461344A36100F09CF8E36813B1204611
S21402DE3021689847B4F8068000F098F8013605463F
S21402DE40FFF76AFD9CE7A84600F090F88146204658
S21402DE50FFF744FD484600F084F80023C9E7A3F51F
S21402DE607A73E383A369013D013BA361CFE7BDE873
S21402DE70F88300BFA41900209C190020152B00204F
S21402DE8010B5044600F069F84FF0B042936A1907DD
S21402DE90FCD4136A116C5269520604D4CA1A032AB5
S21402DEA001D899420ED1E21A022A98BFDC1CB4F1BC
S21402DEB0FF3F38BF013C4FF0B04340221C6403F5DD
S21402DEC080539A6100F044F8054A13783BB14FF04C
S21402DED0B041CB6B43F00203CB630023137010BD3B
S21402DEE00231002007B5044B01A9187900F053F956
S21402DEF0019803B05DF804FB54F0020000F0010341
S21402DF008207034A48BF43F040039361704700BF4D
S21402DF1000100058820700F001030AD50121064AC4
S21402DF2043F0400311704FF0B041CA6B22F0030277
S21402DF30CA63024A936170470231002000200058EB
S21402DF40830742BF4022014B5A61704700100058B7
S21402DF5010B962B6BFF36F8F7047EFF3108072B6D8
S21402DF60704780F31188BFF36F8F7047EFF311800D
S21402DF70302383F3118870474FF4004070474FF404
S21402DF807A7070470122417803788A4030214B43E9
S21402DF9041F2100103F1A04303F570335A50704763
S21402DFA038B5044601258D40FFF7E0FF04F500531F
S21402DFB004F580545D65A562BDE83840FFF7D1BF21
S21402DFC038B505460C46FFF7D1FF6D6BFFF7C9FF64
S21402DFD00120A0402840003818BF012038BD70B587
S21402DFE00D460446FFF7C2FF3023666B03FB05446B
S21402DFF0646EFFF7B6FFEE40F30756BFC4F30A108F
S21402E0000020013070BDF0B5154649228FB0149C31
S21402E0108DF8242004F10C060DF1250254F8047B39
S21402E020B44242F8047BF9D1247814704FF4807419
S21402E030ADF834409DF8544000228DF83640042452
S21402E0400694169CCDE9001505941324049409AC95
S21402E050CDE902340B4611468DF832208DF8335046
S21402E060FEF76EFE0FB0F0BD30B5C02A93B02FD0CB
S21402E070B2F5807F29D0802A2CD14FF4807480F0AC
S21402E08001002043019016980125029010242120B9
S21402E090039504940590069301AB0795089409909E
S21402E0A00A9306AB0B9304230C9311230D930AAB2E
S21402E0B00E910F9340F61103D20802A90EA81092F1
S21402E0C01193FEF70DFE13B030BD4FF48274D6E7FF
S21402E0D00F20F8E72920F6E708B5FEF77DFFBDE832
S21402E0E00840FEF7ADBF1FB5079C02949DF8184086
S21402E0F0CDE9003413460A4601460020FFF783FFA7
S21402E10004B010BD1FB5079C02949DF81840CDE9D7
S21402E110003413460A4601460120FFF774FF04B096
S21402E12010BD10B50446FFF718FF4FF0A8431A6853
S21402E13022601B696360FFF70BFF002010BD10B55D
S21402E1400446FFF70AFF4FF0A84322681A60626887
S21402E1501A61FFF7FDFE002010BD10B40446084603
S21402E16011469DF804200192A2685DF8044BFFF761
S21402E170BABF10B40446084611469DF80420019220
S21402E180A2685DF8044BFFF7BDBF8068FEF7C8BE05
S21402E1908968FFF769BF09B100F008B82220704706
S21402E1A00121FEF753BF0021FEF750BF70B50646A9
S21402E1B00D46FFF7DBFE04461D2E48D8DFE806F0C4
S21402E1C00F18471D20234726292C47472F3247354D
S21402E1D038473B473E474744474747474741FEF78E
S21402E1E035FD002628602046FFF7BBFE304670BD90
S21402E1F04FF4C070D5F730FDF3E74FF42070F9E71F
S21402E2004FF44070F6E74FF46070F3E74FF4007097
S21402E210F0E74FF48060EDE74FF49060EAE74FF4E2
S21402E220C060E7E74FF4F060E4E74FF4B060E1E780
S21402E2304FF4D060DEE74FF4E060DBE74FF4A06017
S21402E240D8E74FF48070D5E74FF40860D2E7002095
S21402E2502126C7E7FEF744BF0720FEF747BF062082
S21402E260FEF744BF0520FEF741BF0420FEF73EBF7F
S21402E2700320FEF73BBF0220FEF738BF0120FEF761
S21402E28035BF0020FEF732BF10B5FFF766FE01214C
S21402E29004460846FFF73AF82046BDE81040FFF766
S21402E2A057BE2DE9F74F0D46002900F0B980084603
S21402E2B0FEF792FF0446D0E90578FFF757FE15F8F9
S21402E2C008EC35F8061C1EF0010F019000D031B99B
S21402E2D00198FFF746FE012003B0BDE8F08FA6685E
S21402E2E0D4F810A035F8049CA6EBC1060AF1010387
S21402E2F0A5F1080C4A1CA6602361B9F1000F00F0D4
S21402E30085804FEAC9031846ACEBC90393F800B000
S21402E3100EF0020E1BF0010F69D1BEF1000F69D19B
S21402E320B3F80290B3F806E0AEEB090EBEF1010FA9
S21402E3306CD18A1C083E4A44C4F810A0A66035F880
S21402E34002ECBEF1000F65D0D4E900600CEBCE0AF9
S21402E35006EB0009CA455DD21CF83EC056461CF0C4
S21402E360010C15D1AEEB0101012911D1BAF8021048
S21402E370AAF802C001310A44BAF80610002947D0AA
S21402E3800AEBC106216901392161A1680839A16039
S21402E39015F8081C013A21F0010105F8081C0021B5
S21402E3A025F8061C5A801A7861F300021A709EB38A
S21402E3B0C3F107023244C2F3CF02DA80B2806FB3EF
S21402E3C0BB422BD37A88002A08BF1F46B8F1000F3B
S21402E3D006D0434504D8B8F80220002A18BF4346A0
S21402E3E00198C4E90573FFF7BCFD002074E7BEF18F
S21402E3F0000F0BD0361AA66015F8086C4A4426F0B1
S21402E400020605F8086C00269E8098E7634696E7A3
S21402E4100E46B7E70026BBE7DE80D0E71F46D5E705
S21402E420222059E701460020FFF73BBFFFF7FABF5D
S21402E43010B962B6BFF36F8F7047012070472DE99F
S21402E440FF410E46174698460546A0B10024C46111
S21402E450FFF716FBBDF82C30284602939DF82830AD
S21402E4602246CDE9008331463B46FFF7CFFA2046E7
S21402E47004B0BDE8F0812220FAE72DE9FF410E46FE
S21402E480174698460546A0B10024C461FFF7F8FA7D
S21402E490BDF82C30284602939DF828303246CDE946
S21402E4A0008331463B46FFF7B1FA204604B0BDE88A
S21402E4B0F0812220FAE72DE9F0419846002386B043
S21402E4C00E46174605468DF81730C0B1C3610DF1EA
S21402E4D01701FFF7F7FA9DF8174094B9BDF83430E4
S21402E4E0284602939DF830302246CDE90083314615
S21402E4F03B46FFF78BFA204606B0BDE8F0812220A5
S21402E500FAE70320F8E72DE9F0419846002386B0A3
S21402E5100E46174605468DF81730C0B1C3610DF199
S21402E5201701FFF7CFFA9DF8174094B9BDF83430BB
S21402E530284602939DF830303246CDE900833146B4
S21402E5403B46FFF763FA204606B0BDE8F08122207C
S21402E550FAE70220F8E738B5FFF708FD054600F0AF
S21402E56016F804462846FFF7FCFC204638BD4FF056
S21402E570B04301285B6904D0022805D1C3F380109A
S21402E580704703F0010070470020704770474FF055
S21402E590B0439A6A1207FCD4186A70470120704783
S21402E5A00120704710B5D3F7CDF90446FDF773F98D
S21402E5B00440DBF7DFF8E4B20440FFF7EFFF204049
S21402E5C010BD38B5FFF706F80446D3F7B1F90428AC
S21402E5D024D0022808BF44F001040025E4B2FDF767
S21402E5E061F904281CD0022808BF44F00104E4B2F2
S21402E5F0DBF76EF9042815D0022808BF44F00104A0
S21402E600E4B2FFF7CDFF04280ED0022808BF44F07C
S21402E610010485F0010504EA050038BD0125DEE7A0
S21402E6200125E5E70125ECE70020F6E702210120B7
S21402E630EFF790BD000000000000000000000000A0
S21402E640F8B500BFF8BC08BC9E467047F8B500BFD8
S21402E650F8BC08BC9E4670475FF800F0E92D002023
S21402E6605FF800F0812C00205FF800F0412D0020BA
S21402E6704E0C0000DCE60200ACE6020000000000E1
S21402E680000000008CE602000000000010FA020003
S21402E690B8F9020000FA0200C8F90200E0F9020026
S21402E6A030FA020054F8020000000000A96E0100D1
S21402E6B02CE70200C984020000000000312301009A
S21402E6C0000000005FB8020000000000996A010026
S21402E6D056E702000000000000000000196E01006C
S21402E6E02CE70200E16701002CE70200692801001E
S21402E6F0000000005BB802000000000031B8020013
S21402E70054E702007D28010054E70200696A01000E
S21402E71056E7020067B802000000000055870200B4
S21402E72000000000000000000000000000000000E2
S21402E7304E0C000000000000FCF202000000000088
S21402E740000000000400000000000000E2FF50008D
S21402E7500001000001000400FB000D006B920200A5
S21402E760AB9202008B920200E19202000136010097
S21402E770A5A90200A53501001F9302002D32010053
S21402E780F565010039360100F1340100C3A9020023
S21402E79000000000000500080030033E043E053E6F
S21402E7A0073E0C3E123E133E213E293EEDFFFFFF82
S21402E7B000000000350B00005B435D20002F557300
S21402E7C06572732F6D61682F53696D706C6963692A
S21402E7D0747953747564696F2F76365F776F726BD0
S21402E7E073706163652F62745F736F635F746865CD
S21402E7F0726D6F6D657465725F6D6F636B2F736993
S21402E8006D706C69636974795F73646B5F32303202
S21402E810362E362E302F626C7565746F6F74685F95
S21402E8206C655F6D6964646C65776172652F636F92
S21402E8306D6D6F6E2F6865616C74685F7468657263
S21402E8406D6F6D657465722F736C5F6865616C744D
S21402E850685F746865726D6F6D657465722E6300AD
S21402E86025733A2564203A25733A200073630053D1
S21402E87074617475733A202573203D2030782530F4
S21402E88034782000417373657274696F6E20666116
S21402E890696C65640066616C7365004173736572CA
S21402E8A074696F6E2027257327206661696C65641C
S21402E8B03A20005B453A203078253034785D205582
S21402E8C06E657870656374656420737461747573BD
S21402E8D020666C616720696E206576745F67617476
S21402E8E0745F7365727665725F6368617261637482
S21402E8F0657269737469635F7374617475730A0011
S21402E9003F002800292000FFFFFFFFFFFFFFFFFF59
S21402E910FFFFFFFFFFFFFF003E2000556E6B6E6F8E
S21402E920776E206572726F7200496E70757420621F
S21402E93075666665722069732046554C4C004D61BB
S21402E94078696D756D206E756D626572206F6620D2
S21402E950617267756D656E7473206578636565644C
S21402E96065640054686520617267756D656E742013
S21402E9706973206E6F7420666F726D61747465645D
S21402E98020636F72726563746C7900496E636F728E
S21402E9907265637420617267756D656E7420747932
S21402E9A0706500496E636F7272656374206E756D72
S21402E9B0626572206F6620617267756D656E74732C
S21402E9C0004E6F20636F6D6D616E6420666F756EAC
S21402E9D0640075696E7438002A00756E6B6E6F7708
S21402E9E06E0067726F75700077696C64636172643B
S21402E9F0006865786F707400737472696E676F7002
S21402EA00740075696E7433326F70740075696E7453
S21402EA1031366F70740075696E74386F7074006882
S21402EA20657800737472696E670075696E74313644
S21402EA300075696E743332005B002E2E2E2000683D
S21402EA40656C70000A25730A2573257300257320EA
S21402EA50080025732000666E692B00666E69006EDC
S21402EA60616E00666E692D005B495D200052656C22
S21402EA7061746976652048756D6964697479206188
S21402EA806E642054656D706572617475726520736C
S21402EA90656E736F72206973206E6F7420696E697B
S21402EAA07469616C697A65640A005B575D20004987
S21402EAB06E76616C6964205248542072656164699E
S21402EAC06E673A20256C7520256C640A0054656DC5
S21402EAD070657261747572653A2025352E3266202D
S21402EAE0430A004661696C656420746F2073656E24
S21402EAF0642074656D7065726174757265206D65EB
S21402EB0061737572656D656E7420696E64696361A2
S21402EB1074696F6E205B30782530346C785D0A003D
S21402EB2052656C61746976652048756D69646974AE
S21402EB307920616E642054656D70657261747572B9
S21402EB40652073656E736F7220696E697469616C95
S21402EB50697A6174696F6E206661696C6564205BB0
S21402EB6030782530346C785D0A004865616C7468CC
S21402EB7020746865726D6F6D6574657220696E6962
S21402EB807469616C697A65640A0073746174696396
S21402EB902072616E646F6D007075626C69632064CA
S21402EBA0657669636500426C7565746F6F7468207C
S21402EBB0737461636B20626F6F7465643A207625A6
S21402EBC0642E25642E25642B2530386C780A002F97
S21402EBD055736572732F6D61682F53696D706C691A
S21402EBE06369747953747564696F2F76365F776FCD
S21402EBF0726B73706163652F62745F736F635F74A9
S21402EC006865726D6F6D657465725F6D6F636B2F8D
S21402EC106170702E6300426C7565746F6F74682045
S21402EC20257320616464726573733A202530325806
S21402EC303A253032583A253032583A253032583A48
S21402EC40253032583A253032580A005374617274AD
S21402EC506564206164766572746973696E670A001A
S21402EC60436F6E6E656374696F6E206F70656E6556
S21402EC70640A00436F6E6E656374696F6E20636C20
S21402EC806F7365640A0068656C6C6F00434C4920BC
S21402EC90696E7374616E6365206578616D706C650C
S21402ECA00076636F6D002F55736572732F6D616802
S21402ECB02F53696D706C69636974795374756469EE
S21402ECC06F2F76365F776F726B73706163652F6234
S21402ECD0745F736F635F746865726D6F6D6574657C
S21402ECE0725F6D6F636B2F736C5F676174745F73B3
S21402ECF06572766963655F6465766963655F696E8A
S21402ED00666F726D6174696F6E5F6F766572726937
S21402ED1064652E63002F7661722F6C69622F6A65B6
S21402ED206E6B696E732F6769746875622F626761AE
S21402ED3070695F70726F746F636F6C2F70726F742E
S21402ED406F636F6C2F6576656E742F7372632F73A5
S21402ED506C695F62676170695F6576656E742E6363
S21402ED600062676275665F696E0062676275665FFB
S21402ED706F75740062676275665F6E6F666C6F773A
S21402ED800062676275660061636C006C6C5F636F3D
S21402ED906E6E656374696F6E006C6C5F6164765F3D
S21402EDA0736574006C6C5F76616C696461746F7213
S21402EDB00062675F6D65737361676500736F667483
S21402EDC05F74696D65725F6D657373616765006C0C
S21402EDD06C5F6164765F73796E63006C6C5F7363FD
S21402EDE0616E5F73796E63006761705F70657269EA
S21402EDF06F6469635F616476006761705F706572F5
S21402EE00696F6469635F73796E63006C3263617005
S21402EE105F636F635F6368616E6E656C006D6265EB
S21402EE2064746C735F636F6E7465787400060601B3
S21402EE300203120100E69D350E480103CCDBFDF409
S21402EE40AC1191F4EFB9A5F9E9A7832C5E2CBE9715
S21402EE50F2D203B020008BD28915D08E1C742430D7
S21402EE60ED8FC24563765C15525ABF9A32636DEBDC
S21402EE702A65499C80DC005241494C006865616CF9
S21402EE8074685F746865726D6F6D657465725F69CC
S21402EE906E697400736C5F62745F68745F6F6E5F36
S21402EEA06576656E740000007D2902001014140059
S21402EEB0101C2030401C2000001C203040000000A7
S21402EEC000000000505341004B4559003106020035
S21402EED02D0602000B060200D90502006906020092
S21402EEE03B060200DB0502002C00000002020203C1
S21402EEF0000000000000000064800050688000509F
S21402EF006C5C4C54801018000000000001200000C9
S21402EF100020000000000000770B02000040025CA8
S21402EF20000000000000001034EE02001BE90200A0
S21402EF301BE902001BE902001BE902001BE90200B2
S21402EF401BE902001BE902001BE902001BE90200A2
S21402EF501BE902001BE902001BE902001BE9020092
S21402EF601BE902001BE902001BE902001BE9020082
S21402EF701BE902001BE902001BE902001BE9020072
S21402EF801BE902001BE902001BE902001BE9020062
S21402EF901BE902001BE9020029E902001BE9020044
S21402EFA03EE902001BE902001BE9020063E90200D7
S21402EFB01BE902001BE902001BE902001BE9020032
S21402EFC08BE902001BE902001BE902001BE90200B2
S21402EFD01BE90200A3E902001BE90200C1E90200E4
S21402EFE002260000040000000000000000010000ED
S21402EFF0000000000B0000000B00000002000000F2
S21402F0000000202000000000030000008C8C3C0062
S21402F01000000000000000000000000001030401E0
S21402F020010109031E000000150000000100000097
S21402F030000000001A000000180000000000045043
S21402F0400100000030F00200000000000000000096
S21402F05008080000000000581200000024F0020019
S21402F0600000035A1400000038F0020078F0020094
S21402F07074F00200010010000000100083E202009B
S21402F0807DE2020077E2020071E202006BE2020019
S21402F09065E202005FE2020059E202000000002080
S21402F0A000100030050000000000000000C2010051
S21402F0B00002000000100000000000000000000037
S21402F0C0000000000500000000000000802500008F
S21402F0D08002000000100000000000400000000057
S21402F0E000000000010410010000000500020000FC
S21402F0F00300000000000000000000000000F03FD7
S21402F10000000000000024400000000000005940FB
S21402F1100000000000408F40000000000088C3404E
S21402F12000000000006AF8400000000080842E41C3
S21402F13000000000D01263410000000084D797410F
S21402F1400000000065CDCD41000201000000000075
S21402F1500000000000000040000000000100000067
S21402F16074F10200C0000000000000000000100061
S21402F17020000000FFFFFFFF00000001000000006B
S21402F1800000000000000000FFFFFFFFFFFFFFFF80
S21402F190FFFFFFFFFFFFFFFF00000000FFFFFFFF74
S21402F1A0FFFFFFFFBCE6FAADA7179E84F3B9CAC2FB
S21402F1B0FC6325516B17D1F2E12C4247F8BCE6E519
S21402F1C063A440F277037D812DEB33A0F4A1394589
S21402F1D0D898C2964FE342E2FE1A7F9B8EE7EB4A2E
S21402F1E07C0F9E162BCE33576B315ECECBB6406865
S21402F1F037BF51F5FFFFFFFF0000000100000000CF
S21402F2000000000000000000FFFFFFFFFFFFFFFFFF
S21402F210FFFFFFFC5AC635D8AA3A93E7B3EBBD55B3
S21402F220769886BC651D06B0CC53B0F63BCE3C3E07
S21402F23027D2604B6BC0BCE12A459991E134741A1F
S21402F2407F9E1925AE2D8A571E03AC9C9EB76FACC7
S21402F25045AF8E5130C81C46A35CE411E5FBC119CC
S21402F2601A0A52EFF69F2445DF4F9B17AD2B417BC0
S21402F270E66C37103FF1CAA1681FAC09120ECA30FD
S21402F2807586E1A72B7E151628AED2A6ABF7158893
S21402F29009CF4F3C68656C6C6F00736C5F62745F7D
S21402F2A068745F74656D70657261747572655F6DA2
S21402F2B06561737572656D656E745F696E646963A8
S21402F2C06174696F6E5F6368616E6765645F6362CF
S21402F2D000736C5F62745F636F6E6E656374696FF2
S21402F2E06E5F636C6F7365645F636200736C5F620C
S21402F2F0745F6F6E5F6576656E7400001CF30200C5
S21402F3002500250090F50200130013008EF502007A
S21402F310000000000400FFFFFFFF000001000000E5
S21402F3200108FFFF000000006CF502000200020068
S21402F3300108FFFF05000000200010000300100077
S21402F3400008FFFF010000001A30002004000B0036
S21402F3500308FFFF03000000020000000500020091
S21402F3600108FFFF05000000020011000600110060
S21402F3700108FFFF01000000243000200700020001
S21402F3800108FFFF050000000A0012000800120034
S21402F3900308FFFF010000003A30002009000000C9
S21402F3A00108FFFF0000000070F502000A000200DC
S21402F3B00108FFFF050000000A0003000B0003001F
S21402F3C00308FFFF01000000423000200C0002008C
S21402F3D00108FFFF05000000020004000D00040003
S21402F3E00108FFFF0000000074F502000E00000096
S21402F3F00108FFFF0000000078F502000F0002007F
S21402F4000108FFFF050000000200050010000500CD
S21402F4100108FFFF000000007CF502001100020058
S21402F4200108FFFF050000000200060012000600A9
S21402F4300108FFFF020000005C30002013000200FB
S21402F4400108FFFF05000000020007001400070085
S21402F4500108FFFF020000006C30002015000200C9
S21402F4600108FFFF05000000020008001600080061
S21402F4700108FFFF0200000078300020170002009B
S21402F4800108FFFF0500000002000900180009003D
S21402F4900108FFFF0100000086300020190000006E
S21402F4A00188FFFF000000008AF502001A00020031
S21402F4B00108FFFF0500000020000A001B000A00EA
S21402F4C00008FFFF01000000943000201C000B0023
S21402F4D00308FFFF03000000020100001D000200F7
S21402F4E00108FFFF0500000002000C001E000C00D1
S21402F4F00108FFFF01000000AC3000201F000200E0
S21402F5000108FFFF0500000010000D0020000D009E
S21402F5100008FFFF01000000B430002021000B00AD
S21402F5200308FFFF030000000102000022000200A1
S21402F5300108FFFF0500000002000E0023000E0077
S21402F5400108FFFF01000000CC30002024000B0061
S21402F5500308FFFF030000000103000025000F0060
S21402F5600108FFFF01000000D4300020020001184D
S21402F570020000180200000002000A180C0053697C
S21402F5806C69636F6E204C6162730200091800009A
S21402F590002801280328002A012A292A242A272AA1
S21402F5A0262A232A1C2A02291D2A1E2A212A06293D
S21402F5B0052A2A2B292B000086EC0200D0F5020031
S21402F5C00000000000000000000000000000000034
S21402F5D0F995000086EC020034EE0200FF000000FF
S21402F5E060F002000000000000C2010000020300FA
S21402F5F038F002000005000600080007DE30002092
S21402F600FD1A0000FFFC010057FD010069FD010024
S21402F610F9FC0100736C5F676174745F73657276E0
S21402F6206963655F6465766963655F696E666F7256
S21402F6306D6174696F6E5F6F766572726964655F1D
S21402F6406F6E5F6576656E740041303200425244DA
S21402F65034333134410031312E312E300000202037
S21402F660202020202020202828282828202020206B
S21402F670202020202020202020202020202088102B
S21402F680101010101010101010101010101004048B
S21402F6900404040404040404101010101010104192
S21402F6A04141414141010101010101010101010103
S21402F6B00101010101010101011010101010104298
S21402F6C042424242420202020202020202020202D3
S21402F6D002020202020202020210101010200000B1
S21402F6E00000000000000000000000000000000013
S21402F6F00000000000000000000000000000000003
S21402F70000000000000000000000000000000000F2
S21402F71000000000000000000000000000000000E2
S21402F72000000000000000000000000000000000D2
S21402F73000000000000000000000000000000000C2
S21402F74000000000000000000000000000000000B2
S21402F75000000000000000000000000000000000A2
S21402F76081ED020087ED02008BED020099ED0200AA
S21402F770A4ED0200B1ED0200BCED0200CFED0200E6
S21402F780DBED0200E8ED0200F9ED02000BEE0200EE
S21402F7901DEE020062675F6D616C6C6F6300FFFFB7
S21402F7A0010000003C000000940000003C00000045
S21402F7B096000000FFFFFFFFFFFFFFFF960000001E
S21402F7C00102070B00010102010202030403010108
S21402F7D002040400F4010000FA0000009600000093
S21402F7E0640000004B000000320000001E00000013
S21402F7F01400000000000000500040000800500006
S21402F800240004009001500240009001AE01100056
S21402F81000000102020B0701160C00000108080096
S21402F82000050108FFFF02FFFF0808020204FF01AD
S21402F8300022FFFF23080F030304040A0A030A2A0E
S21402F840FFFF1419191B011C15120400480C14049E
S21402F850030506000A000000000000000000000089
S21402F86000000000A0010A05A0030A04A0080A037B
S21402F870A0880A08A0060A01A003090020050A1AA1
S21402F880AD25010020060A177D25010001000200B1
S21402F890000000000000030000000D00030002004C
S21402F8A0010005000049725314497207FF00010265
S21402F8B0030405FF145300724907CDF6000000FB4F
S21402F8C0349B5F80000080001000000000000000F3
S21402F8D007A802005D8A020041A90200F1A8020000
S21402F8E000000100010005010005020203000200FB
S21402F8F000000000020501000500000100010000F2
S21402F90001000102020300020000000000020201E0
S21402F91000020000F95D01005D5C010073B60200A2
S21402F920F5B502005DB50200415A01007D5901009D
S21402F930D55701000FB402000BB40200BF01FB9DB5
S21402F9404EF3BC36D874F5394138684C8BD28915DB
S21402F950D08E1C742430ED8FC24563765C15525AE5
S21402F960BF9A32636DEB2A65499C80DCE69D350EB4
S21402F970480103CCDBFDF4AC1191F4EFB9A5F9E92B
S21402F980A7832C5E2CBE97F2D203B020BD1A3CCDC4
S21402F990A6B8995899B740EB7B60FF4A503F10D201
S21402F9A0E3B3C974385FC5A3D4F6493F01020C001D
S21402F9B00000040000000800020000000000000032
S21402F9C0000000000000000004000000000000002C
S21402F9D00000000000000000A0080403A0010401CB
S21402F9E056000000000000000000000000000000BA
S21402F9F0A0880A07A0040903A0050902A0060901B7
S21402FA000F000000000000000000000000000000E0
S21402FA1001000000000000000000000000000000DE
S21402FA20A0010107A0000104A003010602040800C9
S21402FA3006000000000000000000000000000000B9
S21402FA40A0030601A0090609A0020608A0050607EB
S21402FA50A0050606A0070605A0020604A0010610D9
S21402FA60A0080602A00D0600000004020503060117
S21402FA7007010108090A0000A0015C04A0005C035B
S21402FA80A0015C02A0035C01A0025C00A0020F09B8
S21402FA90A0030F04A0030F03A0050F02A0010F018D
S21402FAA0A0050F00A0040108A0030106200C040311
S21402FAB071650100200004019D65010020025602C6
S21402FAC05D66010020025601316601002000020533
S21402FAD045650100A01201000009007F10FB02002C
S21402FAE00100000FF0FA02006FC27324080700003C
S21402FAF0E1FE56FF8DFFACFFC1FFCFFFDAFFE3FF4B
S21402FB00EAFFF0FFF4FFF8FFFBFFFEFF0000030032
S21402FB105200F2FEFF0064001E0000007F00F80D97
S21402FB207F24FDFF3300A80323D6FFFF1B004101FD
S21402FB300A3700001100B900653B00000B00720096
S21402FB4010350000070049002F2C00000500370082
S21402FB50312600000300140057150000417701000B
S21402FB608977010035770100957701007D770100DE
S21402FB7069BB0200A7BB0200C9BB0200EBBB0200C6
S21402FB800DBC020089830100398301004583010010
S21402FB9039840100CBBD02002BB902002FB9020046
S21402FBA033B9020037B902003BB902000000000078
S21402FBB0A8010000800B0020000210003027002061
S21402FBC0280D0020E1FE000002000080FF7F0000FA
S21402FBD00080FF7F0D020000618101004581010067
S21402FBE039B601003DB9010069B8010020C001B86C
S21402FBF00000000100000101000101011F150F15A0
S21402FC00150F151F010100033F000000FFFFFFFF55
S21402FC10FFFFFFFFFFFFFFFFFFFFFFFFFFFFFFFFED
S21402FC20FFFFFFFFFFFFFFFFFFFFFFFF00A801A888
S21402FC3002A8000000B801B802B800B00304040825
S21402FC4008050000000000000000000000000000A0
S21402FC500000000020000000DDE1010010000000AE
S21402FC6055E101005C340000D40300003038000087
S21402FC7014000000343E000008000000602F000060
S21402FC80FC0400004438000004000000303E00007F
S21402FC900300000000000000602F0000483800004B
S21402FCA0010000003C3E0000390000000100000098
S21402FCB0303E0000212A0000392A0000392A0000BE
S21402FCC0392A0000392A0000392A00000000000004
S21402FCD0000000000000000000000000392A0000BA
S21402FCE0392A0000392A0000752E0000392A000041
S21402FCF08523000095230000212400007B240000B9
S21402FD000325000079260000232500002127000095
S21402FD106F250000BD250000392600008D28000052
S21402FD205D29000057230000C32B00007D20000041
S21402FD30E12B0000552C0000392A0000352D00006A
S21402FD40FD2C0000392A0000392A0000812D00000F
S21402FD50392A0000392A0000392A00008D100000D6
S21402FD60831000009D100000A7100000B1100000D4
S21402FD708B488068000200D4704780B580208002DD
S21402FD80A7490860CF2000F043FA01BDF8B58548C0
S21402FD900068854A80239B031360844C216809050A
S21402FDA01DD5190BA025054001D0116017E00340B0
S21402FDB03CD17F4F80253D607E4A1560084035D095
S21402FDC0774E307A400705D501207B49086000024D
S21402FDD07A4908603078002801D0062801DB002026
S21402FDE0F2BD00F04CFB616889684C6831780529E1
S21402FDF005D17460A468CC218901704A116000F0B4
S21402FE0047FB012C00DA0224BC20800585490860E5
S21402FE1094208005844908600020C043386460420C
S21402FE2078648248056040203860D8E7AE480160B2
S21402FE30FFF79EFF0120F2BD5A480168890504D5E6
S21402FE40C06E0004000F022801D000207047012077
S21402FE50704738B580245648046000F010FB050051
S21402FE607348006800F060F9280000F011FBFFF705
S21402FE707FFF4B48007A000705D5A0004A49086074
S21402FE8000F001FC31BD600397490860AD4804608C
S21402FE9031BDFEB50600CC2080019449486001249D
S21402FEA093480460FFF7C8FF002877D03C4D2878B7
S21402FEB0002873D021020196052802D032460A4055
S21402FEC06CD1CC27BF01894A17609F4A1268530734
S21402FED05B0F022805D1022B5ED308013749086062
S21402FEE0F7BD4E01032804D1022B55D933480660CC
S21402FEF0F7BD042802D111404ED0F7BD05284BD1DC
S21402FF000198002848D0C005C10F68464170019884
S21402FF10C004C10F6846017000F0B1FA02906A6828
S21402FF2068464078002803D014688020214908607B
S21402FF303504A8496846007800280CD0D0680B68BB
S21402FF40C01AA54B1B682B4001D0146800E0546809
S21402FF50844200DD0400684640786A46127802430E
S21402FF6008D008684242A01E824202DA60428860D6
S21402FF7000E00024029800F08BFA0198800501D573
S21402FF80964805600198064001D095480560002C09
S21402FF9002D00A480760F7BDFFF75BFFF7BD000017
S21402FFA03C3E0000400002A8402002A8C43E0000DA
S21402FFB00CC001A890E001A894D000A8505201A855
S21402FFC038B5802487480460012049490860864D78
S21402FFD02878052802D0600084490860FFF72CFFC5
S21402FFE0002812D012480068000A80214140A86802
S21402FFF0000EC9B2814208D2534800684007400F3B
S214030000022802D2FFF725FF31BD79480168C022D6
S2140300100A4002D1C06F204001D00448046031BDBD
S2140300201C1002A808E001A808D001A894D001A8D3
S21403003018C000A8F1B582B00F008026B600A02035
S214030040384002D06B4806604CE000F018FA009087
S21403005069480468F80202D5A0680069029000F0B7
S21403006061FBB102606800F069F921782000002284
S214030070491C43788B4200D2002118234B43C518F2
S2140300800C352B78082BF3DA0C0001708560564884
S214030090297801703E4007D0574909688968CA68BD
S2140300A0F90201D403218A438260012610463040B8
S2140300B003D100F0F8FB00F0CFFFF104686900F00D
S2140300C03DF93C2000F0A4F8E0B200F0A1F8009857
S2140300D000F0DEF9300547490860484806603002FC
S2140300E0024908600298FEBD401002A84C6201A8AF
S2140300F094E000A810B542480068800501D4FE20AD
S21403010010BDC02080033F49086000F0B8F93A49A3
S21403011009688A78D20702D589688C7800E00C785B
S21403012000F0B6F9200010BD334909688A688B7859
S214030130DB0704D5927818235A438A180C3290604A
S21403014070470000100002A8084001A8F1B582B06D
S2140301502D4F3C680026200F000702D1E0010290D5
S2140301602AE000F079FF00F08AF901908021090364
S214030170606800F0E3F825786D1C6078A84200D22A
S2140301800025E80020180C300090006802908021BB
S21403019009030098406800F0D1F83D2000F038F8D5
S2140301A0E8B200F035F825700098A060019800F0DA
S2140301B06FF902A800F0B4FF14480068800407D55E
S2140301C0786901F06AFC02990818029000D5029635
S2140301D00298FEBD48C001A8480002A8481002A81D
S2140301E0482002A894E001A83C3E0000506201A803
S2140301F014C001A8402002A8C83E000090E000A852
S214030200400002A8401002A8CC3E0000FC0302A84F
S21403021041490968002901D5404908607047F3B58C
S21403022081B03F4FB9683F4C4A004CD501250901C0
S21403023000D5212501003C4A1068566822689206BC
S214030240920E94463A689300802213406246134304
S214030250802252001A4300920A0023D0890601D551
S214030260012008E0F021014007D16946097A0C22F3
S2140302700A4002D0022000F03FF82C49096809041E
S2140302800AD53968090701D5022605E03968490306
S21403029001D5002600E0032648350099244A126853
S2140302A0930003E00099224AD269130940221340BF
S2140302B00B439100002E02D00E43266608352366B4
S2140302C0014321662566E06D4407640F00F0C1F81C
S2140302D0A0070BD0052C09D0B868000406D400F09C
S2140302E0CEF80221134A116000F0D2F800F0BAF8F3
S2140302F0002000F001F8F7BD0B490A68F0239A4383
S214030300000110430860C0B270478020C0020A494B
S21403031008607047000000004C0002A8884000A850
S214030320440002A8284000A8643F0000384101A802
S214030330084001A87CD40350485000A880B5644AFE
S214030340116001F0D5FBFFF7E0FF01BDFEB500F03D
S21403035096F8019010205F49086000225E4802600C
S21403036002205E4908605E48C0684005C30DD52B71
S21403037001D2D52304E0D1204000834200D90300F4
S21403038018000100574C0094843C246864011BD574
S214030390554C2478022C03D2544E06277C43335301
S2140303A00024009D2D7CE540ED070AD5504D06261A
S2140303B06643AD19AD888D4200D22900A84200D20B
S2140303C02800641C022CECD346310904494C0C402B
S2140303D04638C005C00D204341490860C0200006CA
S2140303E0454908603F49087D00280CD04348D52B73
S2140303F002D98024E4050460D1246400A34202D217
S21403040080242406046010203D4C20603D48026092
S2140304104888002800D10B80019800F039F8F7BD12
S21403042080B53948394908603948C1680902090A5C
S21403043019225143416005210160FFF787FF01BD83
S21403044033480068C00300D4704780B5FFF77EFFCB
S21403045001BD8020C0021E4908602E480068400780
S214030460FBD470478020C0022B490860704701E028
S2140304702A4908602A4909680140F9D17047294882
S21403048000682021284A11601021284A116070470D
S2140304903021014002D110202349086070472148CB
S2140304A0006830210140102901D101207047002047
S2140304B070471F4800780621014007D01D48006892
S2140304C0022803D0032801D001207047002070477C
S2140304D0401002A8F41302A8048002A8409002A8C1
S2140304E07C400050703F00005C3E0000643E00000D
S2140304F0603E00000000FF01A0600050A4500050C2
S214030500F42302A818E000E07F1A0601500002A8B0
S21403051010E000E0400002A8402002A8282002A81D
S214030520280002A85C0002A85C2002A85C1002A8AF
S214030530B83E0000683F0000FEB5554880214902DA
S21403054081610221534A51600021534A1160534A84
S214030550118003214F4A1160022101602020504977
S214030560086080204F490860CC2080014E4908600F
S21403057001204E4908604848806F01900F26000B03
S214030580304000904A480068C505ED0D103DC02078
S2140305902843C0B2FFF73CFE3F48006980030BD5F3
S2140305A00098092808D0FFF784FF002802D04148A6
S2140305B00068804701F0F2F83F480468032D43D0F3
S2140305C0019806400196032E04D0022E07D1009808
S2140305D0032839D000F000FA0198032804D00098C5
S2140305E0062831D1062D2FD0344800680127C00BCA
S2140305F0384001D001F09AFB31480068000108D565
S214030600052D06D101252F4807606805FFF72FFF44
S21403061000E000252100009800F0E0F904002A4ECF
S214030620002D05D000F0A4FB3760022027490860A0
S21403063078057065800926490860FFF73AFF0028A9
S21403064002D0244800688047124880214902C161CD
S2140306500099002908D10221416000200E49086153
S214030660C020C0001C4908602000FEBD80B5FFF70F
S214030670F0FE1A480078800602D402201849086063
S214030680FFF7F0FE01BD0220164908607047000020
S2140306902C1002A8282002A8340002A8703E0000EE
S2140306A094E001A80CC001A8506201A894E000A839
S2140306B004ED00E040380000B44000A800E200E08B
S2140306C0EC3E0000645000A8646000A82C4000A81C
S2140306D080E200E03C3800002C6001A8C43E000025
S2140306E0081002A8082002A87B480068800700D4E8
S2140306F0704730B581480421904A0123E024E40082
S2140307008568254002D01360D160D360006804403A
S21403071002D013605160536030BD89480121816067
S21403072001607047012076498A680240FCD10422A2
S214030730844BDA600B680340FCD182494A60086048
S2140307407047814908680122104200D1704710B5EE
S214030750E023DB000340FF24A41CA34204D37B4B0B
S2140307601B689B0600D54868024001D000F0B6F827
S21403077010BDFEB50700C8207549086006207549F8
S2140307800860802040037449086074480168744A0E
S2140307900A408021090111430160724CC020C00049
S2140307A020600225A56168036F4908606F4E704894
S2140307B0F0664C206F49C86638686F49896881427D
S2140307C001D2009100E000900099401A38600121A0
S2140307D0380000F070FB01903868009940183860C4
S2140307E0FFF782FF6348006863490860634801684F
S2140307F0490601D5624900E062493167019900293B
S21403080008D10321E16100683068054002D08020EA
S214030810800220610198FEBDF1B55B4C8020C001CB
S21403082020605A4D0126AE62594F3E601D20286057
S21403083056206866072001F021FB02202860062167
S214030840296654490968002902D40821296669667D
S21403085051492965C021C900504A1268F823DB01B3
S214030860134001D1A96700E07961E16B314008D0FC
S214030870216BC90705D44A490968084001D101F02C
S21403088005FB484848490860206B064001D1FFF73E
S2140308902BFF009801F0E0FA206B8001FCD4206A5D
S2140308A042490860F1BD30B53748414C0121026B1F
S2140308B00A4001D16161E1603E4A3F4B5366364BC5
S2140308C01365032323600024D14D2C6013609162CB
S2140308D0C903016030BD00004C0002A8F0210901E5
S2140308E0364A1160014036480160202035490860C9
S2140308F0354909680840CB49086070476C0102A86F
S214030900700102A880B531480821314A13680B40AC
S21403091001D0016141611178C90602D5862109011A
S2140309200160FFF70EFF14202A490860BE480168DD
S214030930490701D0FF21416101BD0000681102A8EB
S2140309406C2102A8682102A8743F0000400002A898
S214030950548001A80C9001A8942002A8680102A85C
S214030960FFF1FFFF441102A8A01002A8E40002A8AA
S214030970294E0600300002A8A03F0000FC0302A890
S214030980CC3F0000C43F0000100002A8E01002A8FD
S214030990442102A828C000A80C1E0000A88001A8B5
S2140309A0443E0000FFFF7F7FB46000A89C3F00002A
S2140309B0602102A8E02002A85E0600002C6001A8C1
S2140309C02C5001A8442002A8084001A8301102A810
S2140309D0F84F00006C3F000070470000F0B587B08A
S2140309E005000C009148866AFFF749FD0690B0059E
S2140309F003D58F480068FFF797FB0020019001217D
S214030A007006C00F03908B4A976800209060B8204A
S214030A104000894B18606308B82018401278F0230A
S214030A201340402B02D10200402010430D2D02D16B
S214030A303A00042717437A0704D50200142010430C
S214030A40102294437D4A12686B46197005007C4E4B
S214030A50D00506D5802040007A4908602800012585
S214030A6005430398002811D10C20284008280DD0F0
S214030A7028006E49496BCA0601D4102290438906A2
S214030A8001D420218843B12101406ED06846007806
S214030A9000286CD0B06BB16D012201234007400FD4
S214030AA0801D8340C804C00C181A80B2082809D2D7
S214030AB0802506205D4908601004A34908600020CD
S214030AC0694608708120284054D0082003990029DD
S214030AD000D13062390008270F43102084430420D6
S214030AE004900005A64908604008A0490860A54888
S214030AF0026068460078002839D0049806283FD359
S214030B00A148806BC0063BD59F49486D80B2C2B2F0
S214030B103261000A30619D480068000E0190086843
S214030B2080B202909948006A000604D00298802199
S214030B30490101430291FFF7BCFC00280AD0FB20C1
S214030B4080010078C00605D002988021C9010143C0
S214030B5089B20291029830610298001230613748D8
S214030B600268D00500D573E70AE0082030620094D7
S214030B70059731E099A06906C90E405C0490B8E772
S214030B80009405970498294BD96A804A12683468FA
S214030B906F463C810C00282727400743880CC0017A
S214030BA03843090E2140102421400143900040227F
S214030BB01040084302A98870186B000AC870FFF734
S214030BC099FA02A908710198487171480068C880AB
S214030BD00298F0660398F0660698FFF759FC082417
S214030BE00098400601D566488460FFF762FC00283B
S214030BF005D068480078002801D067480460059847
S214030C00C1B22800FFF70BFB009807B0F0BD000049
S214030C10400102A8081A03D2604909684018401C1C
S214030C2070470000441002A80C4000A8180002A851
S214030C301CC000A8643F0000B46000A81C0100AA02
S214030C40540000AA1C2100AAF8B5554F0F2401250D
S214030C50544910265448406B30401BD0012008707E
S214030C60524800687969FFF7D5FF5149096840186B
S214030C7001285DDB01F0B6F94E490968090B0C4003
S214030C80022C53D169054C4A11604C49CE63464940
S214030C900D604BE02E024448C06BC0001ED548488A
S214030CA00068E0218905014042D0424D28682103AF
S214030CB00140700181423BD1FFF7E1FB414A4249C3
S214030CC00968314002D04149096811602968090B57
S214030CD021400229F3D0FFF7DBFBF1BD3C48006857
S214030CE0002825D00D7001F0B7F8002820D101F0B8
S214030CF079F930490968090B2140022916D12F4A90
S214030D0011606902396028490E602A4A1168090B86
S214030D1021400229FAD01168090B0C40032C02D09B
S214030D202904254A11600021294A116001F05EF961
S214030D30F1BD802080042749086070478020400466
S214030D402449086070470000141100AA8020C004DC
S214030D50204908607047802000051E4908607047D8
S214030D60802040051B49086070470000205001A8FA
S214030D7019480168490701D0FF2141617047000007
S214030D80401002A8006101A81C4000A8084001A862
S214030D90448001A848380000845000A838C001A841
S214030DA00CC001A8733E0000100002A81CC101A8D5
S214030DB0DC3E0000AC0002A81C1002A8082002A813
S214030DC0204001A8800000AA084000A8904000A880
S214030DD0483E0000382002A80C4000A8030107067E
S214030DE003010706050106060501060603020706B4
S214030DF0030207060502060605020606FF2808D0B4
S214030E00022806D2FE2189010978C140C807C00F0F
S214030E107047002070470000F0B5802000020821CC
S214030E20A34A11600A210122A24C01238B400343EB
S214030E30B5A56D5C1D43A560F0259F4E35609C4DA2
S214030E40B4A6765C022737432F6004262E609B4D9C
S214030E502D68154006D1D5026D1E03D0A66C360349
S214030E60FAD401E00220F0BDA56CE66C6D036D0BB1
S214030E70AE4200D21800491ED7D508218E4B196002
S214030E80A0608F490968490113D58E494B785D1CCC
S214030E9001262E404E701D00062675434D19246804
S214030EA0AC80E8800B70FE20800101789A400A43EC
S214030EB002700020F0BDF1B582B0FFF72EFC0024CF
S214030EC07F480068400101D401251CE07E48806B02
S214030ED000217C4ACBB206256B43D3189B8885B288
S214030EE0AB4204D0491CCBB2022BF3D3FF211170C3
S214030EF0012573490968490105D51078FFF77EFF78
S214030F00002800D000257148006871498861714E39
S214030F1002980068316D4718012F15DB00F071FD4C
S214030F203060C001381A01280EDBFFF7FBFB00F028
S214030F3093F802980068316D401800F08DFF0600A4
S214030F4002D00298046085E0634F802080003860FA
S214030F505F4A106807282ED005210840052805D0CB
S214030F6011600C2000F08AFF060073D15B4E5C48CC
S214030F703062FFF7D7FB02203060E020C0025949F9
S214030F800860000258494860802080047860022088
S214030F903860012000F072FF80204000306202209B
S214030FA000F06CFF902040013062022000F066FFE4
S214030FB08020C00030624D4FE0204000386004209F
S214030FC000F05CFF06003DD102204749086080021E
S214030FD0B862C001B86210203B4908600120F8657A
S214030FE040274348006838401BD135480068400115
S214030FF013D5344800786946087068460078FFF7CA
S214031000FDFE002809D02F48694609780622514379
S2140310104018C0882C49086403E0FFF7FDFE06006D
S21403102018D1294801210160C467022000F026FF79
S214031030304C2760B8002060022000F01FFF81209C
S214031040C002A062002D05D029480068800101D4A3
S214031050FFF7F6F93000FEBD70B5FFF75EFBFFF74E
S21403106061FB022618480660234DF0022862C40876
S2140310702C62012000F002FF600828622E601F48E1
S2140310802862E02040001B490860174D2E60FFF7DA
S214031090E0F91B4E3078002800D005200C49086084
S2140310A0FFF7E0F92C6017480068B06370BD0000D6
S2140310B0889001A8448001A888A001A8140002A86B
S2140310C0EC3E00005C3E00000C8001A8F80302A87A
S2140310D03C0102A88C3F0000941002A83C1102A811
S2140310E0BD080000142102A8942002A82C9001A891
S2140310F04C0002A82CA001A83C2102A8FD68000011
S2140311005C3F0000300002A8000000010102040852
S21403111010202000505050404040403020202000F7
S214031120F8B50400FFF7FEFA2948C021C900294A8A
S2140311301268F823DB01134002D1274A116000E04E
S214031140016000942549AC2252008A640A220A6090
S2140311502349802252030A60224C626A224B1340C0
S2140311608022D2001A4362628022226002224260F8
S2140311705003C8601D48E0601D4E4C20F0661D4DB0
S21403118068699621C901471800980068874200D30A
S2140311900700C01B0099086000210098FFF78BFE2C
S2140311A000990968C919009A1160316829601249C3
S2140311B00968490601D5114900E011492161F2BDCC
S2140311C0802000010F49086000010F49086070473E
S2140311D0582102A8AC8001A8581102A80C8001A8C7
S2140311E0941002A8440102A8FFF1FFFF286E060030
S2140311F0300002A8903F0000FC0302A8CC3F00008A
S214031200C43F0000401002A8685000A8F1B584B09F
S214031210B44800680390B448406B9621C90140184F
S2140312200499884205D2081A00F016FE002800D05A
S21403123013E2AE4C6068C00700D50EE20420AC494A
S21403124088628003AB494862AB480568606B8607D3
S214031250B60F032E03D01020A549886224E0802011
S21403126080024862A06B800601D5012063E0280651
S21403127010D5A06B022210400CD1A04805230360B2
S214031280A36B10273B401A43026000220260626B86
S214031290120A026004208862A06B002804D580200E
S2140312A08002934948620026606B400705D5606B51
S2140312B0C00080214900084003E08B488068C107CE
S2140312C001D5FFF70BFB0122154008D0B748B10143
S2140312D04018006AC004C00C401EB54908600020D0
S2140312E00021B44BDB6E1B0417D5B34B1B68002BD6
S2140312F013D40121AE4B5B69002B0ED0AF4B1A7093
S214031300AF4A10601022AF4B1A60CA06AE4B9A67FC
S2140313100723AD4D2B60AB4B5A65AC4AC0239B00ED
S21403132013603502002901D0190000E02900CC4ED5
S214031330316053607560E16B942292050A40160093
S21403134000D0012680252D02304300062CD06A48A3
S2140313502821405CC0210140402902D1FFF786F9CD
S21403136001E0FFF790F920202060360600D174E1F3
S214031370944E606B400708D568085E4948620220B1
S214031380706000F059FA002806D004205849886295
S214031390400258494862756057480078000600D4F2
S2140313A05BE128015249FEE00126606830405AD1CD
S2140313B0AC480068C005400F022803D0032801D0BC
S2140313C0062802D169464E7005E00020694648703B
S2140313D0A548A6494860A80046498862FFF739F839
S2140313E07348406EE16B0D4008D1C00606D5FFF783
S2140313F046F802219E4A1160FFF74AF8FFF732F8D3
S214031400300320609B4DC020000668603004974977
S2140314100860606B4007C10F68460170302003996F
S21403142049072CD54021A24A1162904F49013966DB
S214031430032191640021116028607E658020686026
S214031440062000F01BFD00280DD13002F8660220AE
S21403145000F014FD3002974988661820686008205B
S21403146000F00CFD002800D0F7E024206860E020A0
S214031470C0029049C865A020C00238666FE0E16BE1
S214031480C90246D5BE4949680902090E01914909B0
S214031490022901DB884901E0B3218900019A302A39
S2140314A037D3114A1388E72B33D395277F00BB42E4
S2140314B005D8FB1A1B095943890A4F4204E07F4F9C
S2140314C0DB191B0959438F0A7FB20199C919536B5C
S2140314D09C46136C5F436346DB1953639F290FD304
S2140314E09F2110E0FC0302A8703F0000100002A832
S2140314F01C2002A81C1002A8C43E0000E40000AA98
S214031500202900D821210A020A4309041143294A43
S21403151011606749B2020A629A4A8A6414220A6010
S2140315202860524F7E65E020C0026249C865B0035A
S214031530B86640026860062000F0A0FC002833D19D
S2140315403606FE66022000F099FC5A488666700945
S2140315506860082000F092FC002825D16E60032006
S21403156000F08CFC88481849886700F04AFA874ED2
S214031570401DC001716B401801908548406F802163
S214031580C9010840029008468249086001980499F8
S21403159088421FD20846716B401A00F05DFC002893
S2140315A016D002987C49086057E000BF0C0000AADA
S2140315B0204000A8CC4001A8784201A8723E000053
S2140315C06C3E0000645000A83C6000A8046100A8BC
S2140315D004980190206A306304270398384001D0AA
S2140315E0402002E0F8056860C0086860012000F04B
S2140315F045FCB8011D490860019800F02DFC8A4D92
S21403160068460078002805D161480068E861380517
S21403161086490860029860490860854885490860DD
S21403162024487902416669464978002900D1076053
S214031630206AB06268460078002808D0012000F0CF
S2140316401DFC2878000602D5780492490860E06BF2
S214031650C00202D54A480068706305B0F0BD00BFFB
S214031660045100A8204001A8040000FFB41002A8FB
S2140316707CE40350441102A810B5FEF700FF864928
S21403168000240C600A22CA61FEF702FF8348C021C9
S2140316908902016082494160824810210160C905C0
S2140316A041654020804908608048047010BD0000F2
S2140316B0400102A8B82002A833070000D6FEFFFFA9
S2140316C07B48406B800300D47047F8B579480468BC
S2140316D00027002000257849E20706D5C0208002AF
S2140316E08025ED03EA0A0A6003E0A20701D403207B
S2140316F040252843C862012000F0C0FB802040003C
S2140317006E49086708206E4908606E490968090231
S21403171003D46D4909680140FBD0012000F0AEFBFD
S2140317206A4EE00702D580208004306435640420C6
S21403173000F0A4FB600702D5E020C002F060644816
S2140317403064012000F09AFB62483064C320000630
S21403175030645A498020400208671020B063800234
S21403176070615D480760012232603022F26387624F
S214031770802080014E4A106000010860F1BD000021
S214031780F83F0000F3070000FFFF7F7F703F000075
S21403179020C001A894E001A894D001A8F8B54F484A
S2140317A000680D2707400424002F00D104274C4867
S2140317B01025660308214B4A4B4B1B6823401268CF
S2140317C014D04260394004D00220FEF795FD474806
S2140317D006603C4007D04648006805434448056019
S2140317E0B008424908600220424915E002603940C9
S2140317F005D00220FEF780FDA0023C4908603C406D
S21403180006D03B4801680D430560700937490860F8
S21403181038480660300329490860FFF751FF002166
S2140318200020FEF7FCFCF1BDC43E00001C1002A81D
S21403183003000300482102A810B580202E490A6839
S21403184002400AD02D4A136806241C4005D1546E64
S2140318502B4B2340126D940101D5002010BD09685F
S21403186008400DD02748834203D1100501D5012037
S21403187010BD25480068C107C90F481E8041C00F28
S21403188010BD22480321C163A82181631021016092
S214031890704700001C2002A8D80000AA402002A817
S2140318A004000080646000A82C4000A8723E00007C
S2140318B0100002A8FC0302A81C1102A8442002A8D8
S2140318C04C6201A8C44001A84C4201A8082102A802
S2140318D02400000198008800600102A8B44000A814
S2140318E0E43E00001CC101A8440002A8401002A860
S2140318F0643F0000685000A8400002A814C001A876
S2140319001F1F0000010C000030C101A8082002A818
S2140319106C4800680121084209D16B4A12686B4B78
S214031920000C1840F03291400B40984201D0022040
S214031930704700207047F8B507000F386A461080D6
S214031940604CA0680A0004D16B461B8882B29A4298
S2140319503AD200226B461A80012502263A0013D09B
S2140319602268324007D000292ED059480088401CF0
S2140319705749088000203900E16056490E6080B25E
S214031980B84201D369460D805348456000E030BF36
S2140319902068304003D1FFF7BBFF0028F7D04D483F
S2140319A04560390010D02168314005D048490A887F
S2140319B06B461B88D2180A8006600020E060A06889
S2140319C0B84201D244480660FFF7A2FFF2BD38B51D
S2140319D0040000F007FB0500012199204443A009F9
S2140319E03E4A12688018123880B2FFF7A4FF04003C
S2140319F08020C0013A490860280000F0F7FA20006A
S214031A0032BD334803883549096802889342F9D1C1
S214031A10100408187047FEB51238070C694608808C
S214031A2000F0E0FA0190274C294D2888B8421ADACC
S214031A3001202C490860274E30BF02202168014050
S214031A4006D030604003264908602888401C28805A
S214031A50FFF75EFF002802D12988B942ECDB01219B
S214031A60716000280DD12888B8420AD1A06869465B
S214031A700988884205D2002168460088FFF75BFF85
S214031A8001E0FFF745FF04008020C0011449086009
S214031A90019800F0ABFA2000FEBD10B512490A68A3
S214031AA00E4B1B680C689442FAD0DB014033141AC1
S214031AB002D288692418641C0C4800684443181B27
S214031AC010BD0000280002A804ED00E0FF3F000060
S214031AD0703E0000282002A8281002A8300002A8A2
S214031AE080E200E02C1002A820C001A8B43F00004A
S214031AF0F0B502E00A601C602E607EC84F1C07D05B
S214031B005F1C04D06F1CF5D10A601C60F0BD0A6030
S214031B10F0BD000080B5FEF7EFFB01207F490860AB
S214031B2001BD80B5EB2000F001F801BD30B57C495E
S214031B300A68104010231A4210D07A4A7A4C246856
S214031B40234008D0A74B1C682402FF252D022540FE
S214031B50D56200241C6080235B031360086030BDDD
S214031B60F0B50024A04D00270BE0BC46075D6F438D
S214031B70A60096597E400F5D6F433740664637434F
S214031B80641C9C42F1D33809384381080143480852
S214031B9008430540E90929430F208A0B0A430240FC
S214031BA05040F0BDF1B584B00E008E4F0020386073
S214031BB08E4DE87A0090A87A02900F200099014093
S214031BC00191009901420DD0019B894A89490498E5
S214031BD0FFF7C6FF029901403960874841438748AB
S214031BE0084001D1012400E044010098001116D0FA
S214031BF03200009803061B0F29000498019E6D7A95
S214031C0075194019FFF7ACFF0299091101403868AE
S214031C100A0102433A60002901D048004443784849
S214031C200068204001D1042000E0002005B0F0BD8C
S214031C3080B50A0000211180724952888018FFF788
S214031C40B1FF02BD70B50F226F4B5C7905780F208C
S214031C502040C5402009284001259C79C4402C40DB
S214031C6001D1032070BD304C2468254005D09D6803
S214031C704600AD5B6D1E654E3560DD78DE79C64089
S214031C80F00711D5E0060FD5002D0DD0604848604B
S214031C900888488008881C7800192A4080185A78D3
S214031CA080182A09801800E000200880002070BDF4
S214031CB080B558480168584A0820014201D050614F
S214031CC01061C90602D58621090111605349544A99
S214031CD0126812040CD5534A1268530401D5C00384
S214031CE005E0C0239B0113404202934200D00860E4
S214031CF00D480078C022024002D1802040050860CB
S214031D004948006820221040086048480068C0011F
S214031D1001D4FFF706FF01BD000000002C4000A819
S214031D206C3F00001C1002A8C43E0000F8B5404FEC
S214031D3038687E6806403F4830403F490860802444
S214031D40A4033E4DF00226D53D48016801200A064D
S214031D5005D53C490968A9602870022014E00142B1
S214031D6002D03949A9600FE00020C9060CD52849DE
S214031D70A96036498A7813071B0F09785918120980
S214031D808918A980E880A888A880002801D026435F
S214031D9001E0FFF7C6FE264023D0274E746034606A
S214031DA0A88800280BD0F969814208D3291D284842
S214031DB0AA6890470100F3D0FFF7ACFEF1BD01001F
S214031DC00CD0FC218902B161224902038A61346086
S214031DD04C60FA69824204D30C60F1BDEB20FFF736
S214031DE0A5FEF1BD4C3E0000010101013C3F000091
S214031DF0F43E0000343F000011110000218400006F
S214031E00F03E0000143F0000443F0000204000A8BE
S214031E10811F0000F84F0000302102A8441002A8DA
S214031E20384101A8204201A8084001A8CC4000A8D8
S214031E30B44000A8FFFFDFFFB46000A8503E0000D8
S214031E40C43E000044380000951F0000453F0000D4
S214031E50D44000A8B45000A810B5C409FFF7D1FDBC
S214031E60201A312806DAC000183801D4C01EFDD562
S214031E70002010BD2000FFF7CEFD10BDC321484350
S214031E806F3801D41E38FDD500207047FEB5C0203C
S214031E90C0043649086036483649C86510243648B3
S214031EA004601020FFF7EAFF00285ED1FF2000053C
S214031EB03249086032483349086033482D49086080
S214031EC025042E480560314807680820FFF7D6FF2B
S214031ED000284AD108262E4806600120FFF7CEFFC9
S214031EE02A48806802902B4806602B4821490860E0
S214031EF0224805600820FFF7C1FF002835D1244893
S214031F0006600120FFF7BAFF204DA868019021481C
S214031F100660184E214830600299019800F046F892
S214031F200104FC208003084000900298C10B01982E
S214031F30C00B00F03BF80006FC2189050140009821
S214031F40014317480A0C4240FF239B1CD21810403B
S214031F50084330602F60E00308490860286828605B
S214031F6010480460104981640020FEBD20E000A8EC
S214031F70F71700002C0102A8401102A8B02002A8FF
S214031F800000380EB01002A810103030E04001A850
S214031F90E05001A8E06001A8303010102020202077
S214031FA03F3F0000402102A8F7FFF00010B54904A8
S214031FB0CA104004C310991A00209A18D30F9A180F
S214031FC0521052188B115B0E5B18DB11D2182023AC
S214031FD0541A01D422001843CC0F611849105B0829
S214031FE0F6D110BDEFF3108072B67047002800D10B
S214031FF062B6704780B5FEF75CFA002802D0B74891
S2140320000068804701BD80B5FEF796FAC0480068B1
S21403201000030AD4FEF7E0FCFFF752FBFEF743FC8F
S2140320200120FFF729FBFFF717F880208005FEF74E
S2140320301EFA01BD80B5FEF77FFA80204002FEF748
S21403204016FA01BDF8B5FEF704FA052083490860C1
S214032050FEF708FA824806680124264201D1FEF7F5
S2140320605CFBFEF769FA7F48016800917E4A406888
S2140320701060B105C80F002126420FD00091984B7F
S2140320805D6815601A68974B1F68BD1ABA4202D37B
S2140320909F69ED196D1C9F4FBD42F5D39E4D296078
S2140320A0002804D031000098FDF7C4FF009028688C
S2140320B0204004D16846FEF75CFB002802D1009856
S2140320C0FEF7AAFBB44804606004FEF7D0F9F1BD3E
S2140320D038B5924C0020A063E06BC00506D580207F
S2140320E00006206000BF00BF40082060FEF70AFC21
S2140320F08B480068C021090181438A480160FEF7C6
S2140321001BFAFDF743FE0500A448A5490860FFF740
S21403211071FF8020C002FEF7AAF9002D01D08020AF
S214032120206001209F49087031BDF8B59E480068BD
S2140321309E49096801409E480160FEF7FDF9FB27AA
S214032140BF012C20385C0521014002D0FEF78EFA31
S21403215001E0FEF798FA714C0225F86A284001D090
S214032160012020601020C043924908600026924850
S2140321700660FEF79EF9002803D090480068804763
S21403218000E03E60FEF765F98D480068E16B0904E0
S21403219007D4000705D5FEF772F98A490D60FEF7E6
S2140321A077F9FEF75FF9FFF783FDA804FEF75FF9FB
S2140321B0F1BD80B5FEF7C0F955480068000303D4A7
S2140321C0FEF771FBFEF748FF80204003FEF74FF94A
S2140321D001BD38B5FEF7B0F9504C2025FFF72CFBB0
S2140321E0002806D0206B000704D5FFF74AFBFEF74E
S2140321F0E7FF2560FEF757FBFEF72EFF72480078D1
S2140322000C210140042902D1FEF730FA01E0FEF763
S2140322103AFA6804FEF72BF94020206031BD1CB55E
S214032220FEF717F905200D490860FEF71BF9FEF7C0
S21403223083F9FFF726FBBC48006800906846FEF764
S2140322406FFF0400FFF7D6FE002C02D10098FEF7BE
S214032250DDFF80204004FEF70AF913BD3C1102A8F7
S214032260400002A8B83F0000483E0000F8B5FEF75D
S21403227063F9564C256A5020284002D0FEF7F6F93B
S21403228001E0FEF700FA254FFFF7D6FA00281BD128
S214032290786B40071DD4386BE0214901014018D103
S2140322A0A80611D4FEF7D5F8256AA04E354207D006
S2140322B0FF20C0432D182562802000059C49086036
S2140322C0FEF7D0F82E4002D00120386001E000204F
S2140322D0206080208004FEF7CAF8F1BD3438000081
S2140322E0D03E000020C001A880B5FEF725F991482E
S2140322F00068400601D5FEF7D6FA0120FFF7BCF9C1
S214032300FEF7AAFE8020C004FEF7B1F801BD000068
S2140323100C0002A801FF0000443E0000100002A8C3
S2140323200C4201A8086201A810B527480468FEF706
S21403233003F981490968090328D40321C00601D596
S214032340214001E0A0080140012902D1FEF78EF9E1
S2140323500BE0200107D50E20FFF7DCFBA74804217E
S214032360016008210160FEF78EF9A54C2069A54996
S2140323700860FFF73FFE2068002807D040001228B9
S21403238002D2FFF77BFD01E0FFF721FB80208003ED
S214032390FEF76DF810BD0000402002A87001200073
S2140323A0B46000A8733E0000084201A8883F0000FE
S2140323B00C5201A8442002A84C3E00003838000006
S2140323C0844000A87CE40350EC3E0000CC3E0000B2
S2140323D0F8B584B001246846047000270297FEF718
S2140323E0ABF80390544D2868000300D596E003200D
S2140323F0A649C86384480068A54E0F210F220240F1
S214032400032A03D0000B014006294DD1A1480068DA
S214032410A149CC6DE96B890701D59F490C6EFFF77F
S2140324203CFB0419FEF745F800280ED03079C006A9
S2140324300BD03168000D4843800B2418964800687B
S214032440002802D10802400C2418002C01D501975D
S21403245000E00194686B0107C80F0323316B194032
S21403246002291BD10399C90618D5B168CA0513D525
S214032470AC6B8A4A1440944203D11021834AD16339
S2140324800CE089050AD4E96B28220A4006D16A467D
S214032490177027490B6001E06A461770029068467A
S2140324A00478002C03D10FE07B48806D0190FFF782
S2140324B0C3F9002808D0FFF7E4F90298002802D0F1
S2140324C0FEF77EFE00E00024022070490860002C20
S2140324D010D03020305C0C210140042902D0A86BB8
S2140324E0C00602D5FEF7C2F801E0FEF7CCF82020BE
S2140324F0686013E0FEF7D7F9802000060C490860F1
S21403250067486849086001A8FEF70AFE0400FFF75B
S21403251071FD002C02D10198FEF778FE802000049E
S214032520FDF7A5FF05B0F0BDCC3F000000FFFF00A0
S214032530441002A8440102A80C0002A8FEB5002419
S2140325400194FDF7F9FFFFF755FD574EF06E574D13
S2140325500007000F072807D17068002804D400205E
S214032560FFF78AF8286841E001200321504A736880
S2140325705B070BD44F4B1B68034007D01368DF057C
S2140325800BD55B0502D43368DB0503D40190906A50
S214032590800904E01020484B1860906A0009014047
S2140325A000910020FFF768F80098002805D17068AE
S2140325B0C00602D4FEF767F801E0FEF757F80020DE
S2140325C00199002903D13D480068FFF766FA696957
S2140325D0401801D5009400E000906846FEF7C9F85D
S2140325E0002805D10098FEF717F9A8690549086081
S2140325F080200005FDF73BFFF7BD000080E200E00A
S214032600AC3F0000483E0000AC0002A8F8B5FDF75A
S21403261093FF002400252A48066B80277F05300693
S21403262006D5300709D5FFF72CF9FEF7C9FD29E0D3
S214032630012520480068284019D00020FFF71CF821
S2140326400220064002D01F490C60C8611E48046879
S214032650002D03D02000FDF779FD0400FFF711F9E4
S2140326602000FEF7D3FD3800FDF701FFF1BD174844
S2140326700078C0210140402902D1FDF7F7FF01E0B1
S214032680FEF701F820200E490860ECE7082002A8B0
S214032690BC3E00000CC101A8683F000010000010FB
S2140326A0FFFF7F7FB46000A8400002A8BC3F000085
S2140326B0C43E0000B44000A8441002A81CC101A8F0
S2140326C0100002A8180000AAD83F0000EC3E000045
S2140326D000F03CF802480349486000F052F800BF97
S2140326E0D32A00000000000080B5EFF305800B2816
S2140326F001D23A2100E0292192225200002000F064
S21403270041FAFEE710B5C30018221A40FF2494408E
S214032710E3438907090E9140020004D470489208E7
S2140327209200801806E0AD4A0007000F08388008BC
S21403273080001018026813401943016010BD80B56D
S21403274074225421002000F01DFA01BD10B5FFF7D6
S21403275049FC0121634A1160634B644A1360644A6F
S21403276013600323634C2360634C2360634B19603D
S214032770634B19608023A44C2360D160FFF736FCBB
S21403278010BDFFF72FFC04000025012168B2FFF7F8
S214032790B9FF6D1C0E2DF8D301210F20FFF7B2FFF2
S2140327A001211120FFF7AEFF01211320FFF7AAFF37
S2140327B001211720FFF7A6FF03210120C043FFF7DF
S2140327C0A1FF01211B20FFF79DFF73487349086093
S2140327D07348C16AC16201680160022071490860DA
S2140327E001208A49086047046F4D28693840FCD0A9
S2140327F02868800101D4FDF713FE2000FFF7F6FBDF
S214032800774E0AE000281BD0FDF739FE18E028694A
S2140328103840FCD02000FFF7E9FB286E0004000FC9
S214032820022801D1FEF710FAFFF7DCFB0400FDF7E0
S21403283036FE0028B078E5D0002801D1FDF728FE43
S21403284001207178002909D13178002905D1704912
S2140328500968890601D45349086030BF00217170A6
S21403286031780029D6D102214E4A116067490860A3
S214032870CDE76848016840680840674901401B483F
S2140328800160880703D5A4480188491C0180704766
S21403289070B56248016840680840000E000660494B
S2140328A080221205104218D05E4B1C68641C1C6004
S2140328B05D4C5E4D2D682D0407D5A568002D04D00C
S2140328C007250D600125AC4E3560402525601B6845
S2140328D0012B02D910238B62CA67886770BD00007C
S2140328E000E400E0040002A80000FF3F282002A83E
S2140328F02C1002A840E002A844C002A804C001A805
S214032900044001A8F8B5854C206B616B014000912B
S214032910834D0846286000989849014007D0FDF784
S214032920C8FD002803D00098954909688847802089
S214032930009901401CD0F821C90122680A4017D02B
S214032940C0231B019A4213D880263606EE622268FD
S2140329500A40954F3F683F043F0F022F01D0032FD5
S21403296003D1002A01D09A42F1D390490E60286021
S2140329708F48007806280DDA0098CC21890101409B
S21403298008D0FFF72FFB04000098FDF782FA20001B
S214032990FFF72CFBF1BD0000FFFF9B0800E100E002
S2140329A0E04001A85C2002A84C0002A810B58149AB
S2140329B008684C6804408048046080210C4205D0B7
S2140329C041607E4801600020FDF763FA600403D58A
S2140329D0802040057A49086010BD00001CED00E029
S2140329E0723E000038B5774908684C680440E00733
S2140329F007D5FFF7F7FA0500FDF7E2FA2800FFF719
S214032A00F5FA7148046031BD505201A85C1002A863
S214032A10F40302A8280002A8FFFF00C0B44000A8E1
S214032A203C6000A86C3E00002C4000A8384101A87A
S214032A30FEB5664C206C666C064001273E4216D0F7
S214032A403D0663480560206862490F60002802D08F
S214032A500021FDF773FC60480068A021C901884285
S214032A608041C043C00F5D4988705D480560FDF72F
S214032A7006FD02900220064049D06168CAB2019260
S214032A80090A009108214C4A4303564C0025019E2F
S214032A90012E27D0022E38D1009E012E24D1E678AF
S214032AA00096514E27780C256F430025F55125785F
S214032AB06D0590277F04ED1903272F434B4D2F6099
S214032AC013604B4A1360321D23780C256B43494D24
S214032AD02D68009FED19D55022780C235A43B05029
S214032AE0454A11E00090DCE7002E0ED1434E3760D6
S214032AF03D4E361D24780C277C43355153601360B6
S214032B00C2043F4B1A603F4A11603249086002987C
S214032B10FDF7BEFCF7BD0000703E00001C4201A896
S214032B204C6201A870B5FDF7AAFC0400FFF75AFA39
S214032B302E490A68D20718D52B4A121DFA239B0181
S214032B405D7A0C26754355592A4E36681D60CD6846
S214032B505D604968D9818021C9041D4D2960197BB0
S214032B6071185B7A0C256B43D150FFF73FFA2000B0
S214032B70FDF78EFC70BD00003C5000A80200060066
S214032B8030380000002800D0704710B50C00FDF761
S214032B9076FC1D490C6001221C4B1A600B6C13401B
S214032BA0FCD1FDF775FC10BDAC0002A8785201A855
S214032BB03C3E000090C001A890E001A80CC001A80C
S214032BC004ED00E090C000A890E000A800C002A8B2
S214032BD0401002A840E002A8404000A8723E000051
S214032BE0402002A8893E0000300000A860C101A86A
S214032BF094D001A8200000A8F42302A860E101A84D
S214032C0080E200E0F41302A8008002A8409002A825
S214032C1062675F6D65737361676520726563656977
S214032C207665727300BE83605ADB0B376038A5F592
S214032C30AA9183886C0000004C2C03007C2C0300B4
S214032C40642C0300942C0300AC2C030050340300C4
S214032C5000000000C42C03000100000063621C9502
S214032C6000F049025034030000000000E82C030083
S214032C70010000004762758800F0490250340300E3
S214032C80000000000C2D030001000000BA5666C0C9
S214032C9000F049025034030000000000302D03000A
S214032CA001000000EB0D9A2500F0490250340300A2
S214032CB000000000542D030001000000247EEA0BF0
S214032CC000F04902782D0300809C2B8F80841E0021
S214032CD0000000002700520008300020000000001B
S214032CE01838030000000000D82E0300809C2B8FAA
S214032CF080841E00000000002700520008300020D9
S214032D00000000001C3803000000000038300300F9
S214032D10809C2B8F80841E0000000000270052003A
S214032D2008300020000000002038030000000000E8
S214032D3098310300809C2B8F80841E0000000000C7
S214032D40270052000830002000000000243803004B
S214032D5000000000F4320300809C2B8F80841E004A
S214032D60000000002700520008300020000000008A
S214032D702838030000000000FC4F010374360300EC
S214032D8010400100004100003C400100000000002C
S214032D9048400100200700005040010000000000EA
S214032DA05C4001000D0F000004410100FF4C0000D1
S214032DB020400301000000861FC001000020000021
S214032DC038400101000000005840040118000500C7
S214032DD040080000090000009200040080400F0134
S214032DE08C002C02000000001200120000808C19D8
S214032DF0000000000002050E1C2F43536269686141
S214032E005543320416100E0E0D0C0A080706050469
S214032E10030302020201010101010100EC4001016A
S214032E2080B0B18CFC4003019C200B00055B6080E6
S214032E304737414A0C410301B85512002A1949295C
S214032E400908404028410101FFDD00003841070121
S214032E504CD4E83B04196F10080E141A20262C32A3
S214032E60383E10325476980A1D0000007041010166
S214032E70C0030000344201010008000E484201016D
S214032E8058AA1EC078420101000000803880010164
S214032E90114910009C800301EB40020070380300C8
S214032EA0D0000000A8800111F0010000A8800131C5
S214032EB0055AFD01AC800111F0010000AC80013120
S214032EC0053EFD00E40001026C2C51115401010281
S214032ED0C43F0000FFFFFFFFFC4F0103C83603009B
S214032EE010400100004100003C40010010000000BB
S214032EF04840010020070000504001000004000085
S214032F005C4001000D0F00000441010003C00100F6
S214032F1020400301300000461FC8010000200010B7
S214032F203840010100000000584004011800050065
S214032F30400800000900000092000A0080400F01CC
S214032F408C002C0200000000120012005B808C1B19
S214032F50000000000002050E1C2F435362696861DF
S214032F605543320416100E0E0D0C0A080706050408
S214032F70030302020201010101010100EC40010109
S214032F8080B0B18CFC4003019C200A0001612080C4
S214032F90B75635120C410301B8551200A01B04297D
S214032FA0088840402841010100000000384107011D
S214032FB04CD4E83B04196F30080E141A20262C3222
S214032FC0383E10325476980A1D5F000070410101A6
S214032FD000000000344201010008000E48420101CF
S214032FE0F4811F00784201010000000038800101CF
S214032FF0114910009C800301EB4002007038030067
S214033000D0000000A8800111F0010000A880013163
S214033010055AFD01AC800111F0010000AC800131BE
S214033020053EFD00E40001026C2C5111540101021F
S214033030C43F0000FFFFFFFFFC4F01031C370300E4
S21403304010400100004100003C4001001000000059
S2140330504840010020170000504001000104000012
S2140330605C4001000D0F00000441010003C0010095
S21403307020400301300000461FC801000020001056
S2140330803840010100000000584004011800050004
S214033090400800000900000092000A0080400F016B
S2140330A08C002C0200000000120012005B808C1BB8
S2140330B0000000000002050E1C2F4353626968617E
S2140330C05543320416100E0E0D0C0A0807060504A7
S2140330D0030302020201010101010100EC400101A8
S2140330E080B0B18CFC4003019C200A000161208063
S2140330F0B75635120C410301B8551200A01B04291C
S21403310008884040284101010000000038410701BB
S2140331104CD4E83B04196F300A10161C22282E34B0
S2140331203A4010325476980A1D5F80A4704101011C
S21403313000000000344201010008000E484201016D
S214033140F4811F007842010100000000388001016D
S214033150114910009C800301EB4002007038030005
S214033160D0000000A8800111F0010000A880013102
S214033170055AFD01AC800111F0010000AC8001315D
S214033180053EFD00E40001026C2C511154010102BE
S214033190C43F0000FFFFFFFFFC4F0103703703002F
S2140331A010400100014100003C4001000000000007
S2140331B048400100A0070000504001000000000046
S2140331C05C4001000000000004410100FF4C0000C9
S2140331D020400301000000861FC0010000600000BD
S2140331E03840010100000040584004016402FF001B
S2140331F040080000010000009200080080400F0114
S2140332008C000C0200000000D70322000000000020
S214033210000000000002050D1A2D3F506068696328
S21403322057463525150D0908070605050404040346
S214033230030303020202020201010101EC40010141
S21403324090382C8CFC4003019C200A00055B5880B8
S2140332504737414A0C410301B85552002A194929F8
S214033260893B404028410101FFDD0000384107014A
S214033270E853FA0000000000000000000000000011
S2140332800000000000000000000000007041010183
S214033290C1030000344201010000000E4842010150
S2140332A058AA1EC0784201010000000038800101C0
S2140332B011491000A080020170780300FFC00200CD
S2140332C0A8800111F0010000A88001310542CB015E
S2140332D0AC800111F0010000AC800131050A0D003D
S2140332E0E40001026C2C511154010102C43F00009A
S2140332F0FFFFFFFFFC4F0103C4370300104001002C
S214033300014100003C40010000000000484001006D
S214033310A007000050400100000000005C400100D0
S2140333200000000004410100FF4C000020400301A0
S214033330000000861FC00100006000003840010145
S2140333400000004058400401C804FF004008000085
S214033350010000009200040080400F018C000C0264
S21403336000000000B603220000000000000000007A
S2140333700002050E1C2F43536269686155433204ED
S21403338016100E0E0D0C0A080706050403030202A8
S2140333900201010101010100EC40010190E82B8CC0
S2140333A0FC40030190200A00055B58804737414ADA
S2140333B00C410301F56252002A194929893B404012
S2140333C028410101FFDD000038410701E853FA00F8
S2140333D000000000000000000000000000000000E5
S2140333E0000000000000000070410101C10300005E
S2140333F0344201010000000E4842010158AA1EC0D3
S21403340078420101000000003880010155251000B4
S214033410A080020170780300D0000000A88001118C
S214033420F0010000A88001310542CB01AC800111F8
S214033430F0010000AC800131053EFD00E40001020E
S2140334406E2C511354010102C43F0200FFFFFFFF1D
S2140334500C40010001810100204002000000000032
S21403346001000000304003000000000000000000E0
S2140334700000000040400200000000000040000082
S2140334806040010001010000A840010007000000A1
S214033490BC40040000000000000000000000000024
S2140334A00000000008410300FF4C0000FF4D000031
S2140334B0FF4D000020C0011000F8070020C00130B7
S2140334C0F502080024C00110FF00000024C00130EC
S2140334D00013000028C00700EC80B38343754051F7
S2140334E0A00F00483040000000000000000000006D
S2140334F02E02000050C00400511130040E2D09E6C0
S21403350054060708D1B6020064C00A000430001C43
S214033510403018090D647920EBFCFB017FF6E803C5
S214033520BD4B721511A3180510325476980A000085
S2140335300000000008000101080700001800010150
S214033540AAAAAA00200001010060DA001C400101BB
S214033550100000002C400301008000000000000360
S2140335600000000068400201294176710000000057
S214033570BC4002010000000000000000E040020121
S2140335803300000000000000F440020164048307D7
S2140335908813C83A244101010000000034410101A8
S2140335A00C010000544101010101000068410201C1
S2140335B06404830788138200304201010000000080
S2140335C038420201000000000000000044420101EE
S2140335D000000000544209010000000000003C0007
S2140335E00000000000000000555555551700000068
S2140335F00000000000000000AAAA06007C420201A8
S214033600000000000000000010800101030000001D
S2140336103C80010101000000B080020100030002AB
S2140336203700000198000202000C00044C00000062
S214033630A400010200040000D0000202050040AA14
S21403364088010000F4000202000000003D2108117A
S214033650FC0001123F000000FC000132005404008D
S21403366030010102600051026801010200040000FB
S214033670FFFFFFFF140000000000800000000000B2
S214033680D438030084380300000000008025960029
S2140336900048E80140420F000108F50011495002B6
S2140336A0000000002C3803000000000000000000AB
S2140336B0000000003E420F00000000000000000073
S2140336C0000000000000000014000000000080005E
S2140336D000000000D4380300943803000000000004
S2140336E0802596000048E80140420F000108F500D7
S2140336F011495002000000002C38030000000000AF
S21403370000000000000000003E420F000000000022
S214033710000000000000000000000000140000008D
S2140337200000800000000000D4380300A438030023
S21403373000000000802596000048E80140420F0084
S2140337400102F50011495002000000002C38030066
S2140337500000000000000000000000003E420F00D2
S2140337600000000000000000000000000000000051
S214033770140000000000800000000000D43803009E
S214033780B438030000000000004786000048E80144
S21403379080841E000101F50011495002000000005C
S2140337A02C380300000000000000000000000000AA
S2140337B055841E000000000000000000000000000A
S2140337C0000000001400000000008000000000005D
S2140337D0D4380300C43803000000000084174300F5
S2140337E00024F40040420F000101F5005525500364
S2140337F0000000002C38030000000000000000005A
S2140338000000000038420F00000000000000000027
S2140338100000000000000000030500000303000092
S214033820030400000302000003010000020000007E
S21403383000F049020614000000E093040538000077
S214033840A00800000000580901040706100A010436
S2140338500707C80A00040807800B00040808380C8A
S2140338600004090861080000000068080000000062
S214033870C709010404032C0B01040404920C01047D
S2140338800504000050C30000E62D0000D00700002A
S214033890D0070000F5DA0200102700002C01000014
S2140338A02C010000E5BF000010270000C201000045
S2140338B0C201000050C3000050140000FA000000CC
S2140338C0FA00000050C30000FC210000B301000012
S2140338D0B3010000193F01060410010000010106B0
S2140338E000102700000C000000000000000000008D
S20C0338F01CD1FC7F010000005F
S2100338F804390300602E0020AE00000020
S214033904E0B1FFFFC0EA2101C0EA21010080000004
S21403391400F04902782E00200040070000A00000B3
S214033924980F0020C8000000FE00000000000000FE
S214033934CCEE0200C00A002030000000A171000093
S2140339440000000000000000B8F50200F81900208B
S214033954B42E0020901D0020A1EC020002000000FB
S214033964DD970000000000000000000000000000D7
S214033974000000003E3F0000901D002003000000EE
S214033984859800000000000003000000C01D00200E
S214033994F42E002000000000C01D0020281E002076
S2140339A4901E00200000000000000000000000003D
S2140339B400000000000000000000000000000000FB
S2140339C400000000000000000000000000000000EB
S2140339D400000000000000000000000000000000DB
S2140339E400000000010000000000000010000000BA
S2140339F4100000000000000000FFFFFFFF000000AF
S214033A040BA902000FA9020013A90200000000007C
S214033A1463B8020000000000C16701000000000054
S214033A2400000000000000006D67010000000000B5
S214033A3400000000000000005968010000000000B8
S214033A440000000000000000E96A01000000000016
S214033A540000000000000000A9710100000000003F
S214033A6400000000FFFFFFFF00000000000000004E
S214033A74FFFF0000ACFB02003BBA0200FFFFFFFFA0
S214033A84C4FB020001BD0200FDBC0200FFFFFFFFF2
S214033A9405BD0200FFFFFFFF61C30200CBC30200A4
S214033AA48F2A000055E40100FFFFFFFF000000001B
S214033AB4FFFFFFFF040008070200200004000000C5
S214033AC400000000020010000000000000000000D8
S214033AD4000000000000000000000A0001000000CF
S214033AE400000A0013000000546865726D6F6D656C
S214033AF4746572204578616D706C650002000A0077
S214033B04080030303030303030300000020005001A
S214033B140300303030000000020008000500302E99
S214033B24302E3000000002000800000000000000F1
S214033B340000000020001100000000000000000048
S214033B440000000000000000000000000200010066
S214033B540000000010001100000000000000000038
S214033B640000000000000000000000000200020045
S214033B740000000002000400000000000000000033
S214033B840000020702001700FFFF0D0000000000FC
S214033B94BF8FAF7F8700370F10100004040F051480
S214033BA40A0101FF010FFF0DFF0F7F030100000051
S20C033BB4E9090000C109000045
S80401FC9569
